Business_Name,Neighborhood,Address,Latitude,Longitude,Geocode_Status
3DESSERT,Flushing,"136-20 Roosevelt Ave #010, Flushing, NY 11354, United States",40.7593046,-73.8291343,Success
Snack curator,Flushing,"19808 33rd Ave, Bayside, NY 11358, United States",40.7674089,-73.7899522,Success
Fish With You,Flushing,"135-25a 40th Rd, Flushing, NY 11354, United States",40.7588327,-73.8307877,Success
Niuddo,Flushing,"41-42 Main St, Flushing, NY 11355, United States",40.7569879,-73.8291138,Success
Fat Bro BBQ,Flushing,"142-41 Roosevelt Ave, Flushing, NY 11354, United States",40.7610236,-73.8248896,Success
HWARAK KOREAN CHICKEN (Flushing),Flushing,"136-95 Roosevelt Ave, Flushing, NY 11354, United States",40.7605248,-73.826797,Success
Wan Hao,Flushing,"41-42 College Point Blvd #1B, Flushing, NY 11355, United States",40.7551426,-73.8334803,Success
Tian Fu Spicy Pot Flushing,Flushing,"136-20 Roosevelt Ave #2m, Flushing, NY 11354, United States",40.7592,-73.8294,Success
Yi Fang,Flushing,"135-37 40th Rd, Flushing, NY 11354, United States",40.7589355,-73.8302973,Success
K-POP Chicken,Flushing,"149-06 Northern Blvd, Flushing, NY 11354, United States",40.7651402,-73.8168639,Success
Fu Yuan,Flushing,"135-43 Roosevelt Ave, Flushing, NY 11354, United States",40.7595514,-73.8306215,Success
Henan Huimian,Flushing,"136-31 41st Ave, Flushing, NY 11355, United States",40.759021,-73.8284962,Success
Pho Hoang,Flushing,"41-01 Kissena Blvd, Flushing, NY 11355, United States",40.7583937,-73.8290597,Success
Meng Jing,Flushing,"136-17 37th Ave, Flushing, NY 11354, United States",40.758966,-73.8336825,Success
Mango Mango,Flushing,"136-28 39th Ave, Flushing, NY 11354, United States",40.7603449,-73.8292432,Success
Corner 28,Flushing,"135-24 40th Rd, Flushing, NY 11354, United States",40.7585755,-73.8306822,Success
Apollo Bakery,Flushing,"135-36 39th Ave, Flushing, NY 11354, United States",40.7600036,-73.8310966,Success
Taipei Hong,Flushing,"136-55 Roosevelt Ave, Flushing, NY 11354, United States",40.7602681,-73.8282233,Success
Xian Food,Flushing,"41-10 Main St, Flushing, NY 11355, United States",40.7578699,-73.8296542,Success
Royal Queen,Flushing,"136-20 Roosevelt Ave 3rd floor, Queens, NY 11354, United States",40.7594017,-73.8291601,Success
Qingdao restaurant,Flushing,"40-46 Main St, Flushing, NY 11354, United States",40.7583559,-73.8297651,Success
Mala Dry Pot,Flushing,"135-5 Roosevelt Ave, Flushing, NY 11354, United States",40.7591696,-73.8316554,Success
Jiaozhen,Flushing,"37-12 Main St, Flushing, NY 11354, United States",40.7611072,-73.8310692,Success
Bobo Yeah,Flushing,"149-44 41st Ave, Flushing, NY 11355, United States",40.7623832,-73.8142647,Success
Roosevelt BBQ,Flushing,"136-88 Roosevelt Ave, Flushing, NY 11354, United States",40.760168,-73.8269517,Success
Maxi's Noodle,Flushing,"135-11 38th Ave, Flushing, NY 11354, United States",40.7604397,-73.8322148,Success
Che Li,Flushing,"133-42 39th Ave STE 102, Queens, NY 11354, United States",40.7595081,-73.83262,Success
Wong Nutrition,Flushing,"133-51 Roosevelt Ave suite, Flushing, NY 11354, United States",40.7588958,-73.8326111,Success
Tantou Wang's,Flushing,"4118 Main St, Flushing, NY 11354, United States",40.7576601,-73.8294209,Success
GAN-HOO BBQ,Flushing,"3702 Main St 2nd FLOOR, Flushing, NY 11354, United States",40.7612869,-73.8316475,Success
Sheng Dian,Flushing,"41-40 Main St, Flushing, NY 11355, United States",40.7570681,-73.8291611,Success
zhengxinfood,Flushing,"40-33 Main St 1 FL, Flushing, NY 11354, United States",40.7587575,-73.8291003,Success
Hanhan Noodle House,Flushing,"135-45 Roosevelt Ave, Flushing, NY 11354, United States",40.7595848,-73.8305339,Success
Yukun meat pie,Flushing,"136-21 Roosevelt Ave # A1, Flushing, NY 11354, United States",40.7599986,-73.8293434,Success
Bearin Wheel Pie,Flushing,"136-21 Roosevelt Ave, Flushing, NY 11354, United States",40.7599986,-73.8293434,Success
Zhengzhou Nutritions Noodles,Flushing,"136-17 41st Ave, Flushing, NY 11355, United States",40.7588005,-73.8289625,Success
Shanghai You Garden,Flushing,"135-33 40th Rd, Flushing, NY 11354, United States",40.7588918,-73.8304711,Success
BILIN,Flushing,"3017 Stratton St, Flushing, NY 11354, United States",40.7696141,-73.8342737,Success
QUICITOP,Flushing,"135-24 40th Rd, Flushing, NY 11354, United States",40.758496,-73.830645,Success
King Crab House,Flushing,"135-11 40th Rd, Flushing, NY 11354, United States",40.7586733,-73.8312527,Success
Wonjo Tofu House,Flushing,"136-17 39th Ave, Flushing, NY 11354, United States",40.7608999,-73.8294657,Success
Xiaowei Duck Neck,Flushing,"136-55 Roosevelt Ave, Flushing, NY 11354, United States",40.760181,-73.8281813,Success
Mochiido,Flushing,"135-15 40th Rd, Flushing, NY 11354, United States",40.7588497,-73.8310691,Success
Moge Tea,Flushing,"38-03 Main St, Flushing, NY 11354, United States",40.7607802,-73.8305589,Success
Jiyou Braised Food,Flushing,"133-36 37th Ave G17, Flushing, NY 11354, United States",40.7602825,-73.8337137,Success
Fuzhou delicious food,Flushing,"40-09 Prince St, Flushing, NY 11354, United States",40.7584802,-73.8314568,Success
Nut Orchard Inc,Flushing,"41-22 Main St, Flushing, NY 11355, United States",40.7575812,-73.8294175,Success
Northern dumpling House,Flushing,"41-22 Main St, Flushing, NY 11355, United States",40.7575715,-73.8294138,Success
Tai Pan Bakery,Flushing,"37-25 Main St, Flushing, NY 11354, United States",40.7610794,-73.8307122,Success
Susuru,Flushing,"33-19 36th Ave, Long Island City, NY 11106, United States",40.7556939,-73.9273636,Success
Spot Dessert Bar,Flushing,"39-16 Prince St, Flushing, NY 11354, United States",40.7591025,-73.8322459,Success
DongLaiShun,Flushing,"133-36 37th Ave, Flushing, NY 11354, United States",40.7602944,-73.8335025,Success
Iki Japanese Cuisine,Flushing,"133-42 39th Ave h04, Flushing, NY 11354, United States",40.7594822,-73.8327012,Success
weizhjia,Flushing,"133-36 37th Ave G17, Flushing, NY 11354, United States",40.7602825,-73.8337137,Success
TEAPULSE,Flushing,"37-17 Prince St, Flushing, NY 11354, United States",40.7604211,-73.8325991,Success
Laochengdu,Flushing,"37-17 Prince St, Flushing, NY 11354, United States",40.7603491,-73.8325185,Success
KimGaNae,Flushing,"39-12 Union St, Flushing, NY 11354, United States",40.760719,-73.826941,Success
Kungfu Tea,Flushing,"Store #7, 136-20 38th Ave, Flushing, NY 11354, United States",40.7607457,-73.8294896,Success
Y Space BBQ,Flushing,"138-25 39th Ave, Flushing, NY 11354, United States",40.7609319,-73.8280482,Success
Tong Xuan You Pin,Flushing,"4112A Main St, Flushing, NY 11355, United States",40.7577816,-73.8296227,Success
Mountain House,Flushing,"3916 Prince St g03, Flushing, NY 11354, United States",40.7593424,-73.8322754,Success
Chongqing Zaier,Flushing,"136-20 Roosevelt Ave, Flushing, NY 11354, United States",40.759346,-73.829133,Success
PanBao66,Flushing,"136-20 Roosevelt Ave #29, Flushing, NY 11354, United States",40.759321,-73.829053,Success
Kunfu Tea,Flushing,"Store #7, 136-20 38th Ave, Flushing, NY 11354, United States",40.7607457,-73.8294896,Success
Meng's Kitchen,Flushing,"136-20 Roosevelt Ave #27, Flushing, NY 11354, United States",40.7593046,-73.8291343,Success
Mr Fat,Flushing,"Foot Court #6, 133-35, Roosevelt Ave, Flushing, NY 11354, United States",40.7587137,-73.8330591,Success
Fat Donglai,Flushing,"41-82 Main St, Flushing, NY 11355, United States",40.7556609,-73.8285697,Success
Nai Brother,Flushing,"135-03A Roosevelt Ave, Flushing, NY 11354, United States",40.7591916,-73.8317323,Success
Shi Yue,Flushing,"136-14 38th Ave, Flushing, NY 11354, United States",40.7609211,-73.8301546,Success
Champion Pizza,Flushing,"136-31 Roosevelt Ave, Flushing, NY 11354, United States",40.7600046,-73.8289862,Success
Friend House,Flushing,"137-16 Northern Blvd, Flushing, NY 11354, United States",40.763065,-73.8303549,Success
Old Captain' s Dumpling,Flushing,"135-23 40th Rd, Flushing, NY 11354, United States",40.7587703,-73.8307351,Success
Malay Restaurant,Flushing,"135-17 40th Rd, Flushing, NY 11354, United States",40.7586937,-73.8308939,Success
Fresh Sushi,Flushing,"135-24 40th Rd, Flushing, NY 11354, United States",40.758496,-73.830645,Success
Ming Wei,Flushing,"40-52 Main St, Queens, NY 11354, United States",40.7581905,-73.8297312,Success
Alley 41,Flushing,"136-45 41st Ave, Flushing, NY 11355, United States",40.7590105,-73.8279815,Success
OH K-DOG,Flushing,"136-17 39th Ave, Flushing, NY 11354, United States",40.760574,-73.8298122,Success
Cuigu Cup,Flushing,"13617 39th Ave, Flushing, NY 11354, United States",40.7609026,-73.8294676,Success
Sundaes best,Flushing,"136-17 39th Ave, Flushing, NY 11354, United States",40.7607759,-73.8296874,Success
A bite of Fuzhou,Flushing,"41-30 41st Rd, Flushing, NY 11355, United States",40.757288,-73.8294139,Success
Dreamates,Flushing,"133-35, 11354 Roosevelt Ave, Flushing, NY 11354, United States",40.7588367,-73.8331334,Success
CoocoocachooÂ·Tangram,Flushing,"133-33 39th Ave, Flushing, NY 11354, United States",40.7600622,-73.8337541,Success
Mr. Dong,Flushing,"136-70 Roosevelt Ave, Flushing, NY 11354, United States",40.7600431,-73.8274772,Success
Shakaraka Bakery,Flushing,"136-76 Roosevelt Ave, Flushing, NY 11354, United States",40.760089,-73.8273423,Success
Shakalaka Bakery,Flushing,"136-76 Roosevelt Ave, Flushing, NY 11354, United States",40.760089,-73.8273423,Success
River Sushi,Flushing,"37-18 Main St, Flushing, NY 11354, United States",40.7609474,-73.8311552,Success
Beijing Hotpot,Flushing,"39-16 Prince St G02, Flushing, NY 11354, United States",40.7591841,-73.8326151,Success
Mr. Bear,Flushing,"39-16 Prince St, Flushing, NY 11354, United States",40.7593433,-73.8322758,Success
Liuyishou Hotpot,Flushing,"136-76 39th Ave, Flushing, NY 11354, United States",40.7607682,-73.8276729,Success
Haidilao Hotpot,Flushing,"138-23 39th Ave, Flushing, NY 11354, United States",40.7613242,-73.8280583,Success
Jiang Nan,Flushing,"133-42 39th Ave STE 101, Flushing, NY 11354, United States",40.7594412,-73.8327061,Success
Shuangxi Dumpling,Flushing,"39-16 Prince St #104, Flushing, NY 11354, United States",40.7595745,-73.8324111,Success
Spicy MaMa,Flushing,"41-28 Main St, Flushing, NY 11355, United States",40.75729,-73.8294097,Success
Ginza Don,Flushing,"41-28 Main St T2, Flushing, NY 11355, United States",40.7572628,-73.829469,Success
Good Coconut,Flushing,"41-28 Main St T6, Flushing, NY 11354, United States",40.7572028,-73.8294161,Success
Yuan Yang,Flushing,"38-14 Prince St, Flushing, NY 11354, United States",40.7598214,-73.8326264,Success
Yin Ji Chang Fen,Flushing,"38-12 Prince St, Flushing, NY 11354, United States",40.7598593,-73.8326465,Success
Tianjin Sugar Fried Chestnuts,Flushing,"135-02-6, Roosevelt Ave, Flushing, NY 11354, United States",40.7587421,-73.8316234,Success
Tsaocha,Flushing,"38-04 Prince St, Flushing, NY 11354, United States",40.7599915,-73.8327755,Success
Little store,Flushing,"127th St, Flushing, NY 11354, United States",40.7755585,-73.8415663,Success
Zhenmeiwei Dumpling,Flushing,"41-42A Main St, Flushing, NY 11355, United States",40.7569879,-73.8291138,Success
Chung moo,Flushing,"39-04 Union St, Flushing, NY 11354, United States",40.7607975,-73.8269949,Success
Morning Bakery,Flushing,"40-30 Union St, Flushing, NY 11354, United States",40.7595487,-73.8263229,Success
Mamie's YogurtÂ·Tangram,Flushing,"133-36 37th Ave unit f 15, Flushing, NY 11354, United States",40.7602944,-73.8335025,Success
Na Tart,Flushing,"133-36 37th Ave, Flushing, NY 11354, United States",40.7600539,-73.833996,Success
Soft SwerveÂ·Tangram,Flushing,"Tangram Food Court, 37-12 Prince St, Flushing, NY 11354, United States",40.7604178,-73.8331616,Success
Congee Village,Flushing,"36-36 Prince St, Flushing, NY 11354, United States",40.7610111,-73.8330579,Success
698 Cafe,Flushing,"39-07 Prince St, Flushing, NY 11354, United States",40.7594624,-73.8320321,Success
Haagen-Dazs,Flushing,"The Shop at SkyView Center, 4024 College Point Blvd, Flushing, NY 11354, United States",40.7577043,-73.8345952,Success
Cousin Snail Noodle,Flushing,"136-21 Roosevelt Ave #3b, Flushing, NY 11354, United States",40.7599986,-73.8293434,Success
piaoxiangyuan,Flushing,"133-35 Roosevelt Ave #19, Flushing, NY 11354, United States",40.7588367,-73.8331334,Success
Longmen,Flushing,"135-19 40th Rd, Flushing, NY 11354, United States",40.758714,-73.8308412,Success
Thaihee,Flushing,"133-33 39th Ave G19, Flushing, NY 11354, United States",40.7598855,-73.8337928,Success
Kyuramen,Flushing,"133-42 37th Ave, Queens, NY 11354, United States",40.7605748,-73.8334235,Success
RELAGUNTANG,Flushing,"133-30 39th Ave, Flushing, NY 11354, United States",40.7591397,-73.8333631,Success
Red House Restaurant,Flushing,"36-36 Prince St, Flushing, NY 11354, United States",40.7611101,-73.8330431,Success
TaierÂ·Tangram,Flushing,"133-33 39th Ave, Flushing, NY 11354, United States",40.7600622,-73.8337541,Success
I'Milky 沐白,Flushing,"Tangram Food Court (FH3, 133-36 37th Ave, Flushing, NY 11354, United States",40.7602944,-73.8335025,Success
JuqiÂ·Tangram,Flushing,"133-33 39th Ave, Flushing, NY 11354, United States",40.7600622,-73.8337541,Success
Yuan Wei Bun,Flushing,"134-16 36th Rd unit s1, Flushing, NY 11354, United States",40.761422,-73.8331971,Success
Yasubee Authentic Ramen,Flushing,"136-17 39th Ave, Queens, NY 11354, United States",40.7607759,-73.8296874,Success
TKK Fried Chicken,Flushing,"136-20 38th Ave Store #7, Flushing, NY 11354, United States",40.7607272,-73.8294257,Success
Dong Yue Restaurant,Flushing,"136-14 38th Ave, Flushing, NY 11354, United States",40.7609211,-73.8301546,Success
Yu Lao Tou,Flushing,"133-35 Roosevelt Ave, Flushing, NY 11354, United States",40.7587137,-73.8330591,Success
Dot Tea,Flushing,"38-04 Prince St, Flushing, NY 11354, United States",40.7599915,-73.8327755,Success
Sweet Cats,Flushing,"35-21 Farrington St, Flushing, NY 11354, United States",40.7638695,-73.8312474,Success
Shaji bbq,Flushing,"4173a Bowne St, Flushing, NY 11355, United States",40.7576763,-73.8225268,Success
Szechwan Restaurant,Flushing,"133-47 Roosevelt Ave, Flushing, NY 11354, United States",40.7588619,-73.8326858,Success
Chan Bai Mei,Flushing,"136-21 Roosevelt Ave, Queens, NY 11354, United States",40.7599986,-73.8293434,Success
Ou Shang Teriyaki,Flushing,"136-20 Roosevelt Ave STE 31, Queens, NY 11354, United States",40.7593046,-73.8291343,Success
Sichuan & Chongqing House,Flushing,"133-47 Roosevelt Ave, Flushing, NY 11354, United States",40.7588619,-73.8326858,Success
Yu Lin Diner,Flushing,"4235 Main St STE 1M, Flushing, NY 11355, United States",40.7546496,-73.8276652,Success
Lanzhou Handmade Noodle,Flushing,"Food Court, 133-35 Roosevelt Ave #22, Flushing, NY 11354, United States",40.7586841,-73.8331736,Success
Chuan Meng er,Flushing,"3822 147th St #1, Flushing, NY 11354, United States",40.7630768,-73.8189606,Success
Old Street Dimsum,Flushing,"135-45 Roosevelt Ave, Flushing, NY 11354, United States",40.7596062,-73.8304555,Success
Cousin Snail Noodles,Flushing,"136-21 Roosevelt Ave #3b, Flushing, NY 11354, United States",40.7599986,-73.8293434,Success
Mimisa Korean Kitchen,Flushing,"136-21 Roosevelt Ave, Queens, NY 11354, United States",40.7599986,-73.8293434,Success
Beef B BBQ,Flushing,"138-25 39th Ave, Flushing, NY 11354, United States",40.7609319,-73.8280482,Success
Mr. Tu Bakery,Flushing,"136-29 Roosevelt Ave, Flushing, NY 11354, United States",40.7601042,-73.8290913,Success
Zhu's Shaxian Delicacies,Flushing,"36-24 Union St, Flushing, NY 11354, United States",40.763041,-73.828016,Success
Xing Fu Tang,Flushing,"40-52 Main St, Flushing, NY 11354, United States",40.7582153,-73.8296787,Success
Chu kee Dumpling,Flushing,"40-52 Main St, Flushing, NY 11354, United States",40.7581137,-73.8299305,Success
RongWang Cantonese Restaurant,Flushing,"136-51 Roosevelt Ave, Flushing, NY 11354, United States",40.7601449,-73.8283236,Success
Chun Yang Tea,Flushing,"133-41 41st Ave, Flushing, NY 11355, United States",40.7577616,-73.8307472,Success
Chan Bai Mei 2,Flushing,"136-21 Roosevelt Ave, Queens, NY 11354, United States",40.7599986,-73.8293434,Success
Sizzing Squid New World Food Court,Flushing,"133-35 Roosevelt Ave, Flushing, NY 11354, United States",40.7586803,-73.8331476,Success
The Korean Restaurant New World Mall,Flushing,"136-20 Roosevelt Ave, Flushing, NY 11354, United States",40.7593415,-73.8291722,Success
Laoma Malatang New World Food Court,Flushing,"136-20 Roosevelt Ave, Flushing, NY 11354, United States",40.7593211,-73.8290528,Success
Shiyue Food (Flushing),Flushing,"136-20 Roosevelt Ave Store #20, 136-20 Roosevelt Ave #20, Flushing, NY 11354, United States",40.7595344,-73.8291763,Success
Lao Ke Le Shanghai Cuisine,Flushing,"136-20 Roosevelt Ave unit 219, Flushing, NY 11354, United States",40.7593046,-73.8291343,Success
Zheng Gong FuÂ·New World Mall,Flushing,"136-20 Roosevelt Ave, Flushing, NY 11354, United States",40.7593415,-73.8291722,Success
Boon Chu Thai Street Food,Flushing,"136-20 Roosevelt Ave, Flushing, NY 11354, United States",40.7593046,-73.8291343,Success
A Zhong Noodles New world Mall,Flushing,"136-20 Roosevelt Ave #006, Flushing, NY 11354, United States",40.7593046,-73.8291343,Success
Tarim Uyghur Cuisine New World Mall,Flushing,"136-20 Roosevelt Ave, Flushing, NY 11354, United States",40.7593211,-73.8290528,Success
Ke Lai Qin  New World Mall,Flushing,"136-20 Roosevelt Ave, Flushing, NY 11354, United States",40.7593415,-73.8291722,Success
Chong Qing Xiao Mian New World Food Court,Flushing,"136-20 Roosevelt Ave, Flushing, NY 11354, United States",40.759346,-73.829133,Success
Tianjin Stir-Fried Chestnuts in Sugar (Flushing),Flushing,"41-41 Kissena Blvd, Flushing, NY 11355, United States",40.7579426,-73.8281022,Success
NY Go Go Fast Food,Flushing,"135-46 Roosevelt Ave, Flushing, NY 11354, United States",40.7593428,-73.8304404,Success
TBaar Main st number 7 Subway Station,Flushing,"135-50 Roosevelt Ave, Flushing, NY 11354, United States",40.7593716,-73.830353,Success
Joe's steamed rice rolls,Flushing,"136-21 Roosevelt Ave # A1, Flushing, NY 11354, United States",40.7599817,-73.8292901,Success
Special Price Lunch Spring Fish Village,Flushing,"136-21 41st Ave, Flushing, NY 11355, United States",40.758858,-73.8287471,Success
Shi Miao Dao Yunnan Rice Noodle,Flushing,"59-14 Kissena Blvd, Flushing, NY 11355, United States",40.7403973,-73.8153244,Success
Yomie's Rice X Yogurt,Flushing,"135-28 Roosevelt Ave Unit B, Flushing, NY 11354, United States",40.7590809,-73.8309482,Success
Old Luo Yang 39Ave,Flushing,"135-42 39th Ave, Flushing, NY 11354, United States",40.7600487,-73.8309534,Success
Zhang Liang Spicy Hotpot,Flushing,"13649 Roosevelt Ave, Flushing, NY 11354, United States",40.7602635,-73.8284243,Success
Special Dim Sum Garden,Flushing,"135-33 40th Rd, Flushing, NY 11354, United States",40.7588918,-73.8304711,Success
Gui Zhou Miao Jia,Flushing,"136-55 Roosevelt Ave, Flushing, NY 11354, United States",40.7603448,-73.8282242,Success
Nuan Xin Rice Roll,Flushing,"136 - 55 Roosevelt Ave, Flushing, NY 11354, United States",40.7602851,-73.8281716,Success
Ru Yi  Handmade Noodle NY Food Court4,Flushing,"41-10 Main St, Flushing, NY 11355, United States",40.7578865,-73.8295233,Success
My Girl,Flushing,"41-46 Main St #1A, Flushing, NY 11355, United States",40.756787,-73.82913,Success
Buer Pub,Flushing,"136-11 41st Ave, Flushing, NY 11355, United States",40.7587689,-73.8290764,Success
A+ overrice,Flushing,"41-65 Bowne St, Flushing, NY 11355, United States",40.7577811,-73.8225619,Success
Make Mier,Flushing,"133-35 Roosevelt Ave #1, Flushing, NY 11354, United States",40.758718,-73.8330463,Success
Miss Li,Flushing,"133-35 Roosevelt Ave, Flushing, NY 11354, United States",40.7588091,-73.8332222,Success
Nanchang Flavor,Flushing,"133-35 Roosevelt Ave, Flushing, NY 11354, United States",40.7587137,-73.8330591,Success
Genki Sushi,Flushing,"133-35 Roosevelt Ave #17, Flushing, NY 11354, United States",40.7588367,-73.8331334,Success
Crab Treasure,Flushing,"133-35 Roosevelt Ave, Flushing, NY 11354, United States",40.7588367,-73.8331334,Success
Home Made Soup,Flushing,"3907 Prince St #1A, Flushing, NY 11354, United States",40.7597048,-73.8319877,Success
Gao Xiao Pa,Flushing,"41-39 Kissena Blvd, Flushing, NY 11355, United States",40.7579147,-73.8282137,Success
Han Bin Yuan,Flushing,"37-14 Main St, Flushing, NY 11354, United States",40.7610405,-73.8310382,Success
Zha Zha Beef,Flushing,"top floor, 39-16 Prince St #209, Flushing, NY 11354, United States",40.7590931,-73.8322441,Success
Teazzi Tea Shop,Flushing,"135-17 38th Ave, Flushing, NY 11354, United States",40.7604876,-73.8320743,Success
Original CakeÂ·Golden Mall,Flushing,"41-28 Main St, Flushing, NY 11354, United States",40.7573287,-73.8292496,Success
Fish Through Door,Flushing,"41-42 College Point Blvd #1B, Flushing, NY 11355, United States",40.7551426,-73.8334803,Success
Sheng Jin Food,Flushing,"41-40 Main St, Flushing, NY 11355, United States",40.7570681,-73.8291611,Success
Jin Xing Bakery,Flushing,"133-33 39th Ave unit g2, Flushing, NY 11354, United States",40.7593412,-73.8339633,Success
Sun Hao Market,Flushing,"39-02 Union St unit2, Flushing, NY 11354, United States",40.7608424,-73.8270946,Success
Moon & Flower House,Flushing,"40-26 Union St, Flushing, NY 11354, United States",40.7596521,-73.8262619,Success
Shunjia,Flushing,"133-36 37th Ave G17, Flushing, NY 11354, United States",40.7602825,-73.8337137,Success
First Hand Food,Flushing,"142-54 Roosevelt Ave, Flushing, NY 11354, United States",40.7608588,-73.8246422,Success
Chef Wong Bistro,Flushing,"13553 Northern Blvd, Queens, NY 11354, United States",40.7633954,-73.8316327,Success
ERHOU ROAST CHICKEN,Flushing,"35-38 Union St, Flushing, NY 11354, United States",40.7644351,-73.8281866,Success
Xiao Xian Dun,Flushing,"39-16 Prince St #104, Flushing, NY 11354, United States",40.7595745,-73.8324111,Success
CAMP CAMP,Flushing,"142-26 Roosevelt Ave, Flushing, NY 11354, United States",40.7605455,-73.825327,Success
Mr Zhou's BBQ,Flushing,"42-83 Main St, Flushing, NY 11355, United States",40.7531314,-73.827042,Success
Kulu Desserts,Flushing,"37-06 Prince St FL 1, Flushing, NY 11354, United States",40.760606,-73.8329945,Success
Yun Nan,Flushing,"36-50 Main St, Flushing, NY 11354, United States",40.7617942,-73.831558,Success
CUPPA TEA,Flushing,"37-12 Prince St, Flushing, NY 11354, United States",40.7604178,-73.8331616,Success
Chong Qing Lao Zao,Flushing,"37-04 Prince St, Flushing, NY 11354, United States",40.7606738,-73.8330235,Success
Happy Lanb Hot Pot,Flushing,"136-59 37th Ave, Flushing, NY 11354, United States",40.762194,-73.828995,Success
Zaab Zaab,Flushing,"133-33 39th Ave, Flushing, NY 11354, United States",40.7596804,-73.8335486,Success
Da WeiÂ·Tangram,Flushing,"133-33 39th Ave, Flushing, NY 11354, United States",40.7600622,-73.8337541,Success
Lee & Bai,Flushing,"38-09 Union St, Flushing, NY 11354, United States",40.7614114,-73.8267764,Success
Meet Fresh,Flushing,"133-36 37th Ave Unit F11, Flushing, NY 11354, United States",40.7601241,-73.8339306,Success
Nan Hotpot,Flushing,"36-36 Prince St #106, Flushing, NY 11354, United States",40.7611754,-73.8329962,Success
Little Skewer,Flushing,"103&105, 36-36 Prince St, Flushing, NY 11354, United States",40.7610248,-73.8331191,Success
Nonla Express,Flushing,"133-33 39th Ave, Fh17, Flushing, NY 11354, United States",40.7596804,-73.8335486,Success
Money CakeÂ·Tangram,Flushing,"FH22, 133-33 39th Ave, Flushing, NY 11354, United States",40.7596804,-73.8335486,Success
Strong Fire Fried Rice,Flushing,"3619 Prince St, Queens, NY 11354, United States",40.7618164,-73.8327435,Success
Red House RestaurantÂ·Lunch Special,Flushing,"36-36 Prince St, Flushing, NY 11354, United States",40.7611101,-73.8330431,Success
Izakaya Nana,Flushing,"141-28 Northern Blvd, Flushing, NY 11354, United States",40.7642443,-73.8248229,Success
HUA TE NY INC,Flushing,"37-20 Prince St #4C, Flushing, NY 11354, United States",40.7602126,-73.8330397,Success
Xin Dong Yi Feng,Flushing,"37-14 Main St, Flushing, NY 11354, United States",40.7610405,-73.8310382,Success
Chuan Yue Huo Xian on Crabs,Flushing,"133-45 Roosevelt Ave, Flushing, NY 11354, United States",40.7588362,-73.8327618,Success
Ya Zhai Fu Ren Zhong Mei Supermarket,Flushing,"41-41 Kissena Blvd #102, Flushing, NY 11355, United States",40.7579426,-73.8281022,Success
Nan Xiang Soup Dumplings,Flushing,"39-16 Prince St #104, Flushing, NY 11354, United States",40.7595745,-73.8324111,Success
SuanQ Guizhou Hot Pot,Flushing,"39-16 Prince St G04, Flushing, NY 11354, United States",40.7593378,-73.8323337,Success
Mr Bear drink shop,Flushing,"39-16 Prince St, Flushing, NY 11354, United States",40.7593433,-73.8322758,Success
Liu Yi Shou Mei Shi Kitchen,Flushing,"136-76 39th Ave, Flushing, NY 11354, United States",40.7607682,-73.8276729,Success
Da Mu Zhi LLC,Flushing,"133-36 37th Ave G17, Flushing, NY 11354, United States",40.7602825,-73.8337137,Success
WAI PO REN JIA,Flushing,"136-77 41st Ave, Flushing, NY 11355, United States",40.7593114,-73.8267389,Success
Gui Zhou Mio Jia Beef Noodles,Flushing,"136-55 Roosevelt Ave, Flushing, NY 11354, United States",40.7603448,-73.8282242,Success
Lao Luo Yang Barbecue,Flushing,"135-42 39th Ave, Flushing, NY 11354, United States",40.7600487,-73.8309534,Success
Four Four South Country Taipei Beef Noodles,Flushing,"38-06 Prince St, Flushing, NY 11354, United States",40.7599854,-73.832663,Success
Guizhou Hua Xi Wang You Yi Plaza,Flushing,"44-35 Kissena Blvd, Flushing, NY 11355, United States",40.753257,-73.8217192,Success
Hot Kitchen Sichuan Style,Flushing,"133-43 Roosevelt Ave, Flushing, NY 11354, United States",40.7588869,-73.8328696,Success
Liang Pi Wang,Flushing,"133-35 Roosevelt Ave, Flushing, NY 11354, United States",40.7587245,-73.8330099,Success
Taste Of Shanghai,Flushing,"39-07 Prince St #1A, Flushing, NY 11354, United States",40.7597049,-73.8319995,Success
Huang Jin Jiao,Flushing,"133-35 Roosevelt Ave, Flushing, NY 11354, United States",40.7587137,-73.8330591,Success
Fat Cat Flatbread,Flushing,"Foot Court #6, 133-35, Roosevelt Ave, Flushing, NY 11354, United States",40.7587137,-73.8330591,Success
Tian Fu King,Flushing,"133-35 Roosevelt Ave #9, Flushing, NY 11354, United States",40.7589155,-73.8330971,Success
Miaomiaoya Hunan Noodle,Flushing,"Prince St, Flushing, NY 11354, United States",40.7610347,-73.8330971,Success
Flower and Dessert,Flushing,"133-40 37th Ave, Flushing, NY 11354, United States",40.7605877,-73.8334903,Success
Yuan Qi Soup,Flushing,"37-14 Main St, Flushing, NY 11354, United States",40.7610405,-73.8310382,Success
Pa er duo,Flushing,"133-16 39th Ave, Flushing, NY 11354, United States",40.7590431,-73.8338205,Success
Sing Choi Kee,Flushing,"133-36 37th Ave #FH16, Flushing, NY 11354, United States",40.7602944,-73.8335025,Success
Qing Shu Tangram,Flushing,"133-30 37th Ave, Flushing, NY 11354, United States",40.7604062,-73.8337597,Success
Chan Bai Mei 3  Tangram,Flushing,"133-33 39th Ave, Flushing, NY 11354, United States",40.7600622,-73.8337541,Success
BUNSIK Korean street food,Flushing,"13687 37th Ave 1st floor, Flushing, NY 11354, United States",40.7625596,-73.8280053,Success
Union Sushi,Flushing,"36-30 Union St, Flushing, NY 11354, United States",40.7628544,-73.8279815,Success
shimenxiaochi,Flushing,"59-14 Kissena Blvd, Flushing, NY 11355, United States",40.7403973,-73.8153244,Success
Jiu hao BBQ,Flushing,"34-40 Union St, Flushing, NY 11354, United States",40.7658535,-73.827959,Success
Mindu Shengyan,Flushing,"3607 Prince St, Flushing, NY 11354, United States",40.762165,-73.832863,Success
Ke Tea,Flushing,"36-12 Main St #1FL, Flushing, NY 11354, United States",40.7626144,-73.8321563,Success
Hunan Cafe,Flushing,"137-40 Northern Blvd, Flushing, NY 11354, United States",40.7632665,-73.8296845,Success
Beard Papa's,Flushing,"40-24 College Point Blvd Unit B - 1, Flushing, NY 11354, United States",40.7574594,-73.8355429,Success
Xueyuan Foods,Flushing,"133-45 Roosevelt Ave, Flushing, NY 11354, United States",40.7588362,-73.8327618,Success
Hey Kitchen,Flushing,"41-08 College Point Blvd, Flushing, NY 11355, United States",40.755912,-73.833814,Success
Happy beef,Flushing,"136-59 37th Ave, Flushing, NY 11354, United States",40.762194,-73.828995,Success
Xin La Gong Fu,Flushing,"35-48 Union St, Flushing, NY 11354, United States",40.7642186,-73.8282132,Success
Hundred Taste,Flushing,"42-35 Main St Ste 1J, Flushing, NY 11355, United States",40.7548474,-73.8275782,Success
TW Tea,Flushing,"36-41 Prince St, Flushing, NY 11354, United States",40.7612517,-73.8327347,Success
Hunan Kitchen,Flushing,"42-47 Main St, Flushing, NY 11355, United States",40.7539621,-73.827487,Success
El Gustazo Empanadas Restaurant,Flushing,"4219 College Point Blvd, Flushing, NY 11355, United States",40.7541391,-73.8327515,Success
Los Marinillos,Flushing,"141-08 Northern Blvd, Flushing, NY 11357, United States",40.7642561,-73.8254727,Success
8090 Taiwanese Food,Flushing,"133-35 Roosevelt Ave, Flushing, NY 11354, United States",40.7587007,-73.8331044,Success
5J Cinco Jotas,Flushing,"133-35 Roosevelt Ave, Flushing, NY 11354, United States",40.7587248,-73.8329934,Success
Dunhuang Lanzhou Beef Noodle,Flushing,"136-21 37th Ave, Flushing, NY 11354, United States",40.7619076,-73.8303752,Success
Lamb Nourishing Stewed Noodles,Flushing,"136-17 41st Ave, Flushing, NY 11355, United States",40.7588005,-73.8289625,Success
Miss Li Spicy Sour Noodle,Flushing,"133-35 Roosevelt Ave, Flushing, NY 11354, United States",40.7588091,-73.8332222,Success
Classic Black Hunan Stincky Tofu,Flushing,"39-16 Prince St #104, Flushing, NY 11354, United States",40.7595745,-73.8324111,Success
Happy Lemon NY Food Court,Flushing,"133-35 Roosevelt Ave, Flushing, NY 11354, United States",40.7588037,-73.8331816,Success
Tai Pei Hong NY Food Court,Flushing,"133-35 Roosevelt Ave, Flushing, NY 11354, United States",40.7586803,-73.8331476,Success
Ke Lai Qin  NY Food Court (Flushing),Flushing,"133-35 Roosevelt Ave, Flushing, NY 11354, United States",40.7588367,-73.8331334,Success
New York Noodle King New York Food Court,Flushing,"133-35 Roosevelt Ave, Flushing, NY 11354, United States",40.7586803,-73.8331476,Success
i Swii Cafe (Flushing),Flushing,"133-33 39th Ave, FH1 & FH2, 133-33 39th Ave FH1, Flushing, NY 11354, United States",40.7600622,-73.8337541,Success
I Swii by Angry Birds Retail Cafe,Flushing,"133-33 39th Ave, FH1 & FH2, 133-33 39th Ave FH1, Flushing, NY 11354, United States",40.7600622,-73.8337541,Success
Wei Ni Er Lai,Flushing,"42-14 Bowne St, Flushing, NY 11355, United States",40.7567085,-73.8219416,Success
The Duo,Flushing,"36-20 Main St, Flushing, NY 11354, United States",40.7625139,-73.8319663,Success
Red Mountain Noodle House (Flushing),Flushing,"44-13 Kissena Blvd, Flushing, NY 11355, United States",40.7537336,-73.8223343,Success
Li's Garden,Flushing,"42-87 Main St, Flushing, NY 11355, United States",40.7530733,-73.8269805,Success
Zouji BBQ,Flushing,"42-83 Main St, Flushing, NY 11355, United States",40.7531314,-73.827042,Success
Crown One,Flushing,"34-20 Linden Pl, Flushing, NY 11354, United States",40.7658211,-73.8315243,Success
J's Confections,Flushing,"34-08 Union St, Flushing, NY 11354, United States",40.7666259,-73.8276371,Success
ZABIHA Burger&Fries,Flushing,"44-03 Kissena Blvd, Queens, NY 11355, United States",40.7538032,-73.8224167,Success
Tianfu BBQ,Flushing,"4325 Main St, Flushing, NY 11355, United States",40.7519477,-73.8261731,Success
SWEET COLLISION,Flushing,"3224 137th St, Flushing, NY 11354, United States",40.7673449,-73.8308214,Success
Ling Long Xuan,Flushing,"141-41 Northern Blvd, Flushing, NY 11354, United States",40.7647152,-73.8242904,Success
Qing zhoufu INC,Flushing,"37-04 Prince St, Flushing, NY 11354, United States",40.7606738,-73.8330235,Success
taiwan good taste,Flushing,"157-2 45th Ave, Flushing, NY 11355, United States",40.7566445,-73.8090349,Success
Dong Bei Dumplings,Flushing,"44-14 Kissena Blvd, Flushing, NY 11355, United States",40.7535051,-73.8225889,Success
Chill Tavern BBQ,Flushing,"137-38 Northern Blvd, Flushing, NY 11354, United States",40.7631125,-73.8297077,Success
Shunjia Potato Noodle,Flushing,"36-34 Union St, Flushing, NY 11354, United States",40.7627967,-73.8279335,Success
Xiang Yve Bar,Flushing,"3626A Union St, Flushing, NY 11354, United States",40.7629575,-73.827978,Success
YANG JI CHON,Flushing,"14, 31-14 Farrington St, Flushing, NY 11354, United States",40.7686983,-73.8337167,Success
Kong Sihk Tong,Flushing,"42-35 Main St #1A, Flushing, NY 11355, United States",40.7549092,-73.8278786,Success
Gong Cha Skyview,Flushing,"40-24 College Point Blvd, Flushing, NY 11354, United States",40.7575111,-73.8356399,Success
Moon Tea chicken&Ramen,Flushing,"3542 Union St, Flushing, NY 11354, United States",40.764337,-73.828251,Success
Chicken Hot Pot,Flushing,"39-16 Prince St G02, Flushing, NY 11354, United States",40.7591841,-73.8326151,Success
Liao Xiang Fish Rice Noodles,Flushing,"36-34 Union St, Flushing, NY 11354, United States",40.7627967,-73.8279335,Success
"Oceania Seafood & Bar, First French cuisine nearby",Flushing,"35-22 Farrington St, Queens, NY 11354, United States",40.7638048,-73.8317519,Success
Pho Grand Main St,Flushing,"42-35 Main St #1k, Flushing, NY 11355, United States",40.754796,-73.8276612,Success
Lao Yu Yuan Dumpling House,Flushing,"4235 Main St STE 1M, Flushing, NY 11355, United States",40.7546496,-73.8276652,Success
Möge Tee Flushing,Flushing,"38-03 Main St, Flushing, NY 11354, United States",40.7607802,-73.8305589,Success
Busy Bee Coffee & Brunch,Flushing,"35-20 Leavitt St, Flushing, NY 11354, United States",40.7643877,-73.8290248,Success
Mahsil,Flushing,"4007 150th St, Flushing, NY 11354, United States",40.763423,-73.8141289,Success
HANYANG CHICKEN&SANDWICH,Flushing,"150-51 Northern Blvd, Flushing, NY 11354, United States",40.7653385,-73.8136671,Success
Bonjuk,Flushing,"153-02 Northern Blvd, Flushing, NY 11354, United States",40.7646132,-73.8119394,Success
YeShi BBQ No.3,Flushing,"138-25 39th Ave, Flushing, NY 11354, United States",40.7609319,-73.8280482,Success
Daori BBQ,Flushing,"40-03 149th Pl, Flushing, NY 11354, United States",40.7633505,-73.8150206,Success
369 BBQ,Flushing,"46-20 Kissena Blvd, Flushing, NY 11355, United States",40.7500238,-73.8187599,Success
Karat Confection,Flushing,"150-17 Northern Blvd, Flushing, NY 11354, United States",40.765431,-73.814415,Success
Yeh's Bakery,Flushing,"5725 Main St, Flushing, NY 11355, United States",40.745748,-73.8258285,Success
YUJU'S BOB SANG INC,Flushing,"152-26 Northern Blvd, Flushing, NY 11354, United States",40.7646775,-73.8120963,Success
Dou Dou Kitchen,Flushing,"42-26 College Point Blvd, Flushing, NY 11355, United States",40.7539028,-73.8331462,Success
Shun Jia Spicy,Flushing,"3626A Union St, Flushing, NY 11354, United States",40.7629575,-73.827978,Success
Tex's Chicken & Burgers,Flushing,"144-14 Northern Blvd, Queens, NY 11354, United States",40.7645035,-73.8227293,Success
MBL&Q Burger,Flushing,"4307 Main St, Queens, NY 11355, United States",40.7523586,-73.8264418,Success
Kitchen 999,Flushing,"134-38 33rd Ave, Flushing, NY 11354, United States",40.7665437,-73.8327717,Success
Mr Keke Ramen,Flushing,"3420 Linden Pl 1st FL, Flushing, NY 11354, United States",40.7658211,-73.8315243,Success
KeKe Braised Food,Flushing,"3420 Linden Pl 1st FL, Flushing, NY 11354, United States",40.7658211,-73.8315243,Success
Hahm Ji Bach,Flushing,"40-11 149th Pl, Flushing, NY 11354, United States",40.763103,-73.8149239,Success
GooGongTan,Flushing,"40-09 149th Pl #1, Flushing, NY 11354, United States",40.7631749,-73.8149891,Success
Kum Sung BBQ,Flushing,"40-07 149th Pl, Flushing, NY 11354, United States",40.7632021,-73.8150167,Success
Mukbang,Flushing,"40-17 150th St, Flushing, NY 11354, United States",40.7632001,-73.8140586,Success
Mukbabg,Flushing,"40-17 150th St, Flushing, NY 11354, United States",40.7632001,-73.8140586,Success
Bao Bu Tong,Flushing,"46-24 Kissena Blvd 1 FL, Flushing, NY 11355, United States",40.7498885,-73.8187866,Success
Umi Tea,Flushing,"4341 Main St, Flushing, NY 11355, United States",40.7516043,-73.8257728,Success
Fantuan Express,Flushing,"132-05 Roosevelt Ave, Flushing, NY 11354, United States",40.7583257,-73.8348625,Success
Wonderful Foodcourt,Flushing,"135-15 40th Rd, Flushing, NY 11354, United States",40.7586553,-73.8309794,Success
Chateraise & Donuts,Flushing,"31-25 Downing St, Flushing, NY 11354, United States",40.7685498,-73.8356801,Success
Pho Tan,Flushing,"147-34b Northern Blvd, Flushing, NY 11354, United States",40.7651049,-73.8178092,Success
Teriyaki One,Flushing,"30-23 Stratton St, Flushing, NY 11354, United States",40.7694828,-73.8342054,Success
suanxiaoqi,Flushing,"41-19 Kissena Blvd, Flushing, NY 11355, United States",40.7582615,-73.8286011,Success
Charleys Philly Steaks & Wings,Flushing,"30-11 Stratton St, Flushing, NY 11354, United States",40.7698816,-73.834325,Success
New Xi Top BBQ,Flushing,"40-30 149th Pl, Flushing, NY 11354, United States",40.7625386,-73.8150718,Success
Youjuer BBQ,Flushing,"45-68 Kissena Blvd, Flushing, NY 11355, United States",40.7507434,-73.81949,Success
Croffle House,Flushing,"40-17 149th Pl, Flushing, NY 11354, United States",40.7629747,-73.8148709,Success
Deli Store,Flushing,"44-47 Kissena Blvd, Flushing, NY 11355, United States",40.7530005,-73.8214119,Success
Coffee Monster,Flushing,"149-40 41st Ave, Flushing, NY 11355, United States",40.7623546,-73.8143655,Success
Ditan BBQ,Flushing,"14952 41st Ave, Flushing, NY 11355, United States",40.7624297,-73.8140673,Success
Fifty Bay,Flushing,"150-50 Northern Blvd, Flushing, NY 11354, United States",40.7649332,-73.813259,Success
Phil & Sons,Flushing,"5729 Main St, Flushing, NY 11355, United States",40.745598,-73.82568,Success
China Fun,Flushing,"36-35 College Point Blvd, Flushing, NY 11354, United States",40.7605283,-73.8347436,Success
Fuzhou Shaxian,Flushing,"36-24 Union St, Flushing, NY 11354, United States",40.763041,-73.828016,Success
Ying Sushi,Flushing,"133-22 39th Ave, Flushing, NY 11354, United States",40.7589929,-73.833645,Success
Wang Wang Queens,Flushing,"34-12 Union St, Flushing, NY 11354, United States",40.7665135,-73.8276889,Success
Singas Famous Pizza,Flushing,"43-69 Kissena Blvd, Flushing, NY 11355, United States",40.7542097,-73.8228236,Success
Golden Night Restaurant,Flushing,"14418 Northern Blvd, Flushing, NY 11354, United States",40.7644519,-73.8225906,Success
Golden Palace Gourmet,Flushing,"41-20 Delong St, Flushing, NY 11355, United States",40.7543557,-73.8360614,Success
Jiu Xiang Ju,Flushing,"133-36 37th Ave G17, Flushing, NY 11354, United States",40.7602825,-73.8337137,Success
Tasty House 18,Flushing,"4412 Kissena Blvd, Flushing, NY 11355, United States",40.7534333,-73.8226858,Success
3 little pigs cafe,Flushing,"42-18 Bowne St STE 1B, Flushing, NY 11355, United States",40.7566094,-73.8217011,Success
Hong Kong Style Restaurant,Flushing,"42-35 Main St #1A, Flushing, NY 11355, United States",40.7549092,-73.8278786,Success
Dong Bei Da Pai Dang,Flushing,"44-14 Kissena Blvd, Flushing, NY 11355, United States",40.7535051,-73.8225889,Success
Golden Wonton King,Flushing,"154-01 Northern Blvd 1 Fl, Flushing, NY 11354, United States",40.764891,-73.810726,Success
BO AND GA,Flushing,"35-02 154th St, Flushing, NY 11354, United States",40.7659367,-73.8110624,Success
Tianxia Asian Cuisine,Flushing,"59-08A, Main St, Flushing, NY 11355, United States",40.7436279,-73.8258342,Success
CHAKRA,Flushing,"5908 Main St, Flushing, NY 11355, United States",40.7436308,-73.8259335,Success
Xing Shun Da,Flushing,"44-18 Kissena Blvd, Flushing, NY 11355, United States",40.7534264,-73.8224752,Success
Nurlan Uyghur Restaurant,Flushing,"43-39 Main St, Flushing, NY 11355, United States",40.751593,-73.8258925,Success
Little TW Tea&Ramen,Flushing,"3542 Union St, Flushing, NY 11354, United States",40.764337,-73.828251,Success
NYC Tikka Masala,Flushing,"44-27 Kissena Blvd, Queens, NY 11355, United States",40.7534246,-73.8218382,Success
MUMU Bubble Tea,Flushing,"147-32 Northern Blvd, Flushing, NY 11354, United States",40.7651564,-73.8180017,Success
Sarku Japan Teriyaki & Sushi Express,Flushing,"133-38 Whitestone Expy, Flushing, NY 11354, United States",40.7688347,-73.8359114,Success
Marrizzang,Flushing,"42-37 162nd St, Flushing, NY 11358, United States",40.759139,-73.803855,Success
Yupdduk,Flushing,"157-22 Northern Blvd, Flushing, NY 11354, United States",40.7634218,-73.807586,Success
Flower Brook Mifen House Kissena Blvd,Flushing,"44-35 Kissena Blvd, Flushing, NY 11355, United States",40.7532591,-73.8217218,Success
Anda Sushi,Flushing,"60-02 Main St, Flushing, NY 11355, United States",40.743054,-73.825889,Success
Pelicana Chicken,Flushing,"41-23 162nd St, Flushing, NY 11358, United States",40.7607311,-73.8038218,Success
Dongwon Tuna,Flushing,"41-19 162nd St, Flushing, NY 11358, United States",40.7608008,-73.8036982,Success
Taste of Urumqi,Flushing,"147 Northern Blvd, Flushing, NY 11354, United States",40.7652024,-73.8174918,Success
Sonamu House,Flushing,"158-15 Northern Blvd, Flushing, NY 11358, United States",40.7634999,-73.8068618,Success
Double MaLaTang,Flushing,"158-25 Northern Blvd, Flushing, NY 11358, United States",40.7634139,-73.806531,Success
Ziggle Tofu & Grill Fantuan Exclusive,Flushing,"149-06 41st Ave, Flushing, NY 11355, United States",40.7619209,-73.8153935,Success
Joong Koog Jip,Flushing,"149-08 41st Ave, Flushing, NY 11355, United States",40.761938,-73.8153339,Success
Night Market BBQ,Flushing,"45-06 Parsons Blvd, Flushing, NY 11355, United States",40.7554069,-73.8155698,Success
Tart Tart Bakery,Flushing,"147-11 45th Ave, Flushing, NY 11355, United States",40.7556757,-73.8149454,Success
Chuan You Dao,Flushing,"147-10 45th Ave, Flushing, NY 11355, United States",40.755423,-73.814865,Success
Jiu Tou Niao,Flushing,"41-1 Kissena Blvd, Flushing, NY 11355, United States",40.758448,-73.8290491,Success
Satay Malaysian Cuisine,Flushing,"46-01 Kissena Blvd, Flushing, NY 11355, United States",40.7505749,-73.8187878,Success
Old Friend BBQ,Flushing,"140-8 Holly Ave, Flushing, NY 11355, United States",40.750711,-73.8187326,Success
Northern Wang Mandoo,Flushing,"152-22 Northern Blvd, Flushing, NY 11354, United States",40.7646874,-73.8121653,Success
LIANG PI WANGÂ·Kissena,Flushing,"133-35 Roosevelt Ave, Flushing, NY 11354, United States",40.7587245,-73.8330099,Success
Night Food Restaurant,Flushing,"39-16 Prince St #104, Flushing, NY 11354, United States",40.7595745,-73.8324111,Success
QK Restaurant 阿外楼,Flushing,"46-26 Kissena Blvd, Flushing, NY 11355, United States",40.7498582,-73.8187595,Success
Hey Yogurt,Flushing,"41-12 162nd St, Flushing, NY 11358, United States",40.7610343,-73.8040143,Success
Chef Papa,Flushing,"42-05 162nd St, Flushing, NY 11358, United States",40.7599803,-73.8038972,Success
Papa Chicken,Flushing,"147-09 45th Ave, Flushing, NY 11355, United States",40.7556809,-73.8150488,Success
Siam Thai,Flushing,"157-02 Northern Blvd, Flushing, NY 11354, United States",40.7635277,-73.8081269,Success
Master Huang,Flushing,"157-2 45th Ave, Flushing, NY 11355, United States",40.7566445,-73.8090349,Success
He Ji,Flushing,"133-35 Roosevelt Ave, Flushing, NY 11354, United States",40.7587137,-73.8330591,Success
Tang Huo Kung Fu,Flushing,"149-05 Northern Blvd, Flushing, NY 11354, United States",40.7656133,-73.8170707,Success
Zi Wei Xiao Chi,Flushing,"45-70 Kissena Blvd, Flushing, NY 11355, United States",40.750659,-73.819453,Success
Thumbs Up Kongfu Kitchen,Flushing,"894 70th St, Brooklyn, NY 11228, United States",40.6283602,-74.0132805,Success
Casserole old duck vermicelli soup,Flushing,"133-35 Roosevelt Ave #8, Flushing, NY 11354, United States",40.7587253,-73.8330255,Success
Zao Men Qian Hot Pot,Flushing,"46-09 Kissena Blvd, Flushing, NY 11355, United States",40.7505031,-73.8186957,Success
Delicias Pizza & Fried Chicken,Flushing,"141-20 Holly Ave, Flushing, NY 11355, United States",40.7515784,-73.817328,Success
Chuan Zhuren Hot Pot & BBQ,Flushing,"147-10 45th Ave, Flushing, NY 11355, United States",40.755423,-73.814865,Success
One For the Road,Flushing,"40-25 150th St, Flushing, NY 11354, United States",40.7629503,-73.8139043,Success
Deng Ji Yun Nan Rice Noodle Kissena,Flushing,"40-09 Prince St, Flushing, NY 11354, United States",40.7586691,-73.8315545,Success
Dry Pot Show,Flushing,"133-36 37th Ave, Flushing, NY 11354, United States",40.7602944,-73.8335025,Success
Grandpa's Beef Noodle,Flushing,"136-21 37th Ave, Flushing, NY 11354, United States",40.7619076,-73.8303752,Success
Maxi’s Noodle 2,Flushing,"59-20 Main St, Flushing, NY 11355, United States",40.7433313,-73.8257996,Success
An Da Tea,Flushing,"60-02 Main St, Flushing, NY 11355, United States",40.743054,-73.825889,Success
Yetnal Tong Dak,Flushing,"40-24 162nd St, Flushing, NY 11358, United States",40.7619443,-73.8039394,Success
The Whale Tea,Flushing,"25-25 Parsons Blvd, Flushing, NY 11354, United States",40.7759902,-73.8235726,Success
Java Day Cafe,Flushing,"160-9 Northern Blvd, Flushing, NY 11358, United States",40.7629533,-73.8051699,Success
Beans and Malt,Flushing,"41-02 162nd St, Queens, NY 11358, United States",40.7613164,-73.8040658,Success
Myung San,Flushing,"162-21 Depot Rd, Flushing, NY 11358, United States",40.7620923,-73.8031074,Success
Sogongdong Tofu & BBQ,Flushing,"156-16A Northern Blvd, Flushing, NY 11354, United States",40.7634919,-73.8089281,Success
Chi-Mac Zip,Flushing,"156-28 Northern Blvd, Flushing, NY 11354, United States",40.7632644,-73.8087592,Success
Arirang,Flushing,"41-04 163rd St, Flushing, NY 11358, United States",40.7613096,-73.8030722,Success
Fratelli's Pizzeria,Flushing,"40-36 162nd St, Flushing, NY 11358, United States",40.76158,-73.804017,Success
Pho Top,Flushing,"25-25 Parsons Blvd, Flushing, NY 11354, United States",40.776074,-73.8235243,Success
Sushi Wasabi,Flushing,"158-14 Northern Blvd Suit LL1, Flushing, NY 11358, United States",40.7629299,-73.8067402,Success
Bake Culture Northern Blvd,Flushing,"160-06 Northern Blvd, Flushing, NY 11358, United States",40.7627046,-73.8054636,Success
El Vicentino,Flushing,"43-37 162nd St, Flushing, NY 11358, United States",40.7576285,-73.804241,Success
Shinpuru baking,Flushing,"4229 162nd St, Flushing, NY 11358, United States",40.7593675,-73.8039409,Success
Guksu Jip,Flushing,"160-28 Northern Blvd, Flushing, NY 11358, United States",40.7623422,-73.804744,Success
Kimchayul Myungpoom Galbi,Flushing,"41-22 162nd St, Flushing, NY 11358, United States",40.7607751,-73.8041233,Success
18.5 Gram Coffee,Flushing,"16101 Northern Blvd, Flushing, NY 11358, United States",40.7627048,-73.8044834,Success
CHEO GOD. ZIP chicken pizza,Flushing,"160-24A Northern Blvd, Flushing, NY 11358, United States",40.7624433,-73.8047749,Success
Cocohodo Â· Walnut Pastry Cafe,Flushing,"158-7 Northern Blvd, Flushing, NY 11358, United States",40.7635404,-73.8069811,Success
Momo Ashi Cafe,Flushing,"147-05 45th Ave, Flushing, NY 11355, United States",40.7556055,-73.8151137,Success
Hwa Lung,Flushing,"36-7 164th St, Flushing, NY 11358, United States",40.7624453,-73.8016924,Success
Kissena Cafe,Flushing,"6004 Kissena Blvd, Flushing, NY 11355, United States",40.7398252,-73.8152941,Success
Say Hi,Flushing,"163-08 Northern Blvd, Flushing, NY 11358, United States",40.760999,-73.8025922,Success
E Noodle Kissena,Flushing,"59-08 Kissena Blvd, Flushing, NY 11355, United States",40.7404838,-73.8152347,Success
J & K Courmet,Flushing,"2302 College Point Blvd, College Point, NY 11356, United States",40.7785245,-73.846238,Success
Maine Ocean,Flushing,"36-09 164th St, Flushing, NY 11358, United States",40.7623596,-73.801615,Success
Fish Village,Flushing,"20-07 127th St FL 3, Queens, NY 11356, United States",40.781505,-73.8408955,Success
Bonchon,Flushing,"189-08 Northern Blvd, Flushing, NY 11358, United States",40.7575729,-73.7917011,Success
Hashi Ramen,Flushing,"192-12 Northern Blvd, Flushing, NY 11358, United States",40.7576328,-73.7889,Success
Basak Chicken,Flushing,"171-07 Northern Blvd, Flushing, NY 11358, United States",40.7582644,-73.7955549,Success
Liuji Szechuan Noodle House,Flushing,"20-13 College Point Blvd, College Point, NY 11356, United States",40.7812664,-73.8457791,Success
Pizza Garden,Flushing,"17101 Northern Blvd, Flushing, NY 11358, United States",40.7582653,-73.7956502,Success
Jang Dok Dae,Flushing,"172-14 46th Ave, Flushing, NY 11358, United States",40.7530336,-73.7928279,Success
Halal Doner Kabab,Flushing,"19220 Northern Blvd, Flushing, NY 11358, United States",40.7577295,-73.7886329,Success
Shanghai Soup Dumpling,Flushing,"39-16 Prince St #104, Flushing, NY 11354, United States",40.7595745,-73.8324111,Success
Ms. Yu TeaÂ·College Point,Flushing,"14-11 College Point Blvd, Flushing, NY 11356, United States",40.7850303,-73.8456649,Success
Golden Sushi,Flushing,"41-28 Main St, Flushing, NY 11355, United States",40.7571727,-73.8293161,Success
Peter's Deli,Flushing,"8-19 College Point Blvd, Flushing, NY 11356, United States",40.789541,-73.8454594,Success
Jun's Macaron Gelato,Flushing,"192-02 Northern Blvd, Flushing, NY 11358, United States",40.757602,-73.7892217,Success
Mr Dak,Flushing,"194-15 Northern Blvd, Flushing, NY 11358, United States",40.7580797,-73.7871248,Success
Lemon Tea,Flushing,"37-11 Prince St, Flushing, NY 11354, United States",40.7605639,-73.8326494,Success
Wave KTV,Flushing,"133-35 Roosevelt Ave, Flushing, NY 11354, United States",40.7588367,-73.8331334,Success
Haidilao Specials,Flushing,"138-23 39th Ave, Flushing, NY 11354, United States",40.7613242,-73.8280583,Success
iAesthetic Beauty & Skin Care,Flushing,"40-21 159th St B 201, Flushing, NY 11358, United States",40.762454,-73.80623,Success
SIHA Bento,Flushing,"13515 40th Rd 1st Fl, Flushing, NY 11354, United States",40.7587356,-73.8310286,Success
Midnight Cafeteria,Flushing,"718 Barton Ave, Flushing, NY 11354, United States",40.7631115,-73.8143816,Success
Bento House,Flushing,"136-75 Roosevelt Ave, Flushing, NY 11354, United States",40.7603481,-73.8275017,Success
Sichuan Hall,Flushing,"133-47 Roosevelt Ave, Flushing, NY 11354, United States",40.7588619,-73.8326858,Success
Mr. Tu BakeryÂ·Breakfast,Flushing,"136-29 Roosevelt Ave, Flushing, NY 11354, United States",40.7601042,-73.8290913,Success
New York Barbecue Gourmet,Flushing,"138-25 39th Ave, Flushing, NY 11354, United States",40.7609319,-73.8280482,Success
Beijing Style BBQ,Flushing,"41-83 Bowne St, Flushing, NY 11355, United States",40.7574499,-73.8222396,Success
39 Price Cafe,Flushing,"39-07 Prince St #1d, Flushing, NY 11354, United States",40.759468,-73.831952,Success
First Hand FoodÂ·Breakfast,Flushing,"142-54 Roosevelt Ave, Flushing, NY 11354, United States",40.7608588,-73.8246422,Success
Spicy Palac  The prince street shops,Flushing,"37-17 Prince St, Flushing, NY 11354, United States",40.7604013,-73.8324968,Success
Lee & Bai Chinese Buns Shop,Flushing,"38-09 Union St, Flushing, NY 11354, United States",40.7614114,-73.8267764,Success
Pho Vietnamese Cuisine,Flushing,"41-01 Kissena Blvd, Flushing, NY 11355, United States",40.7583937,-73.8290597,Success
Kaizen,Flushing,"33-70 Farrington St, Queens, NY 11354, United States",40.7650265,-73.8322898,Success
HA Bakery,Flushing,"134-32 Northern Blvd, Flushing, NY 11354, United States",40.7625016,-73.8335619,Success
HA BakeryÂ·Breakfast,Flushing,"134-32 Northern Blvd, Flushing, NY 11354, United States",40.7625016,-73.8335619,Success
Leaf Garden,Flushing,"42-35 Main St Suite 1P5, Flushing, NY 11355, United States",40.7545688,-73.8276784,Success
JAN CHI MA EUL,Flushing,"41-65 Bowne St, Flushing, NY 11355, United States",40.7577811,-73.8225619,Success
Teaus Sushi Burrito,Flushing,"42-35 Main St, Flushing, NY 11355, United States",40.7546369,-73.8276945,Success
Xiaoge BBQ,Flushing,"3702 Main St 2nd FLOOR, Flushing, NY 11354, United States",40.7612869,-73.8316475,Success
Kalok Kitchen & Bar,Flushing,"134-18 Northern Blvd, Flushing, NY 11354, United States",40.7625024,-73.8340433,Success
Gold Medal Handmade Dumplings,Flushing,"3546 Union St, Flushing, NY 11354, United States",40.7642581,-73.8282469,Success
Lina Grilled cold noodles,Flushing,"36-34 Union St, Flushing, NY 11354, United States",40.7627967,-73.8279335,Success
Cha Cha Tea House,Flushing,"38-04 Prince St, Flushing, NY 11354, United States",40.7599915,-73.8327755,Success
Happy Deli,Flushing,"33-09 College Point Blvd, Flushing, NY 11354, United States",40.7656277,-73.8372165,Success
Sunrise Cafe,Flushing,"45-04 Parsons Blvd, Flushing, NY 11355, United States",40.7554615,-73.8156417,Success
Yeshi Shousiji,Flushing,"133-36 37th Ave G17, Flushing, NY 11354, United States",40.7602825,-73.8337137,Success
Northeasten Barbecue,Flushing,"136-73 41st Ave, Flushing, NY 11355, United States",40.7593412,-73.8269367,Success
Pocha Pocha,Flushing,"152-24 Northern Blvd, Flushing, NY 11354, United States",40.7646874,-73.8121653,Success
JD Breakfast & Coffee,Flushing,"154-28 Northern Blvd, Flushing, NY 11354, United States",40.7642511,-73.8102149,Success
Adam's Chicken & Pocha,Flushing,"153-02A, Northern Blvd, Flushing, NY 11354, United States",40.7646861,-73.8118472,Success
Hongdae Korean restaurant,Flushing,"149-09 41st Ave, Flushing, NY 11355, United States",40.7623072,-73.8155103,Success
Zi Wei Xiao ChiÂ·Breakfast,Flushing,"45-70 Kissena Blvd, Flushing, NY 11355, United States",40.750659,-73.819453,Success
Jungme Gukbop,Flushing,"35-04 154th St, Flushing, NY 11354, United States",40.7658739,-73.8110731,Success
Qiu Sushi,Flushing,"60-05 Kissena Blvd, Flushing, NY 11355, United States",40.7396222,-73.814842,Success
Fei Cha Bu Ke,Flushing,"13617 39th Ave, Flushing, NY 11354, United States",40.7609026,-73.8294676,Success
Fresh sushi,Flushing,"135-24 40th Rd, Flushing, NY 11354, United States",40.758496,-73.830645,Success
Hundred TasteÂ·,Flushing,"42-35 Main St Ste 1J, Flushing, NY 11355, United States",40.7548474,-73.8275782,Success
JiXiangBBQ,Flushing,"Sanford Ave &, Kissena Blvd, Flushing, NY 11354, United States",40.7571865,-73.8273736,Success
Gao's Grab,Flushing,"136-72 Roosevelt Ave, Flushing, NY 11354, United States",40.760001,-73.8274707,Success
Han Song Ting,Flushing,"37-02 Main St, Flushing, NY 11354, United States",40.7612787,-73.8314455,Success
Bao Zang Xiao Chi,Flushing,"35-32 Union St #1FL, Flushing, NY 11354, United States",40.7645608,-73.8282827,Success
Mumu Sweets,Flushing,"147-32 Northern Blvd, Flushing, NY 11354, United States",40.7651564,-73.8180017,Success
Be Rich Â· Beef Tripe,Flushing,"3619 Prince St, Queens, NY 11354, United States",40.7618164,-73.8327435,Success
Cutea,Flushing,"136-76 Roosevelt Ave, Flushing, NY 11354, United States",40.760089,-73.8273423,Success
Happy breakfast,Flushing,"37-12 Main St, Flushing, NY 11354, United States",40.7611072,-73.8310692,Success
Kingdom of tanghulu,Flushing,"133-33 39th Ave, Flushing, NY 11354, United States",40.7596804,-73.8335486,Success
Yifan Beef Noodle,Flushing,"36-34 Union St, Flushing, NY 11354, United States",40.7627967,-73.8279335,Success
Mr Duck,Flushing,"133-35 Roosevelt Ave #8, Flushing, NY 11354, United States",40.7587253,-73.8330255,Success
Happy House,Flushing,"116-36 Springfield Blvd, Cambria Heights, NY 11411, United States",40.6967798,-73.7436145,Success
Nagi Ramen Sushi,Flushing,"33-70 Prince St C15, Flushing, NY 11354, United States",40.7646146,-73.8335799,Success
Xi Li BBQ,Flushing,"40-30 149th Pl, Flushing, NY 11354, United States",40.7625386,-73.8150718,Success
MXM Foods,Flushing,"135-11 38th Ave, Flushing, NY 11354, United States",40.7604397,-73.8322148,Success
XIU,Flushing,"36-36 Prince St 3 fl 308, Flushing, NY 11354, United States",40.7611754,-73.8329962,Success
DongLaiShunÂ·Fan Meal,Flushing,"39-16 Prince St #104, Flushing, NY 11354, United States",40.7595745,-73.8324111,Success
QUICITOPÂ·Fan Meal,Flushing,"135-24 40th Rd, Flushing, NY 11354, United States",40.758496,-73.830645,Success
River SushiÂ·Fan Meal,Flushing,"37-18 Main St, Flushing, NY 11354, United States",40.7609474,-73.8311552,Success
Ginza DonÂ·Fan Meal,Flushing,"41-28 Main St T2, Flushing, NY 11355, United States",40.7572628,-73.829469,Success
Molly Tea (Flushing),Flushing,"37-11 Prince St, Flushing, NY 11354, United States",40.7605639,-73.8326494,Success
Kuafu,Flushing,"13617 39th Ave, Flushing, NY 11354, United States",40.7609026,-73.8294676,Success
Chongqing ZaierÂ·Fan Meal,Flushing,"37-04 Prince St, Flushing, NY 11354, United States",40.7606738,-73.8330235,Success
Pho HoangÂ·Fan Meal,Flushing,"41-01 Kissena Blvd, Flushing, NY 11355, United States",40.7583937,-73.8290597,Success
fresh sushiÂ·Fan Meal,Flushing,"135-24 40th Rd, Flushing, NY 11354, United States",40.758496,-73.830645,Success
Paris Baguette,Flushing,"136-17 39th Ave, Queens, NY 11354, United States",40.7605837,-73.8295228,Success
RongWang Cantonese RestaurantÂ·Fan Meal,Flushing,"136-51 Roosevelt Ave, Flushing, NY 11354, United States",40.7601449,-73.8283236,Success
Tai Pan BakeryÂ·Fan Meal,Flushing,"37-25 Main St, Flushing, NY 11354, United States",40.7610794,-73.8307122,Success
Wong Nutrition Â·Fan Meal,Flushing,"133-51 Roosevelt Ave suite, Flushing, NY 11354, United States",40.7588958,-73.8326111,Success
Youzhashuizhu,Flushing,"45-68 Kissena Blvd, Flushing, NY 11355, United States",40.7507434,-73.81949,Success
MalashengyanÂ·Fan Meal,Flushing,"37-17 Prince St, Flushing, NY 11354, United States",40.7603513,-73.8325116,Success
Shunjia Â·Fan Meal,Flushing,"133-36 37th Ave G17, Flushing, NY 11354, United States",40.7602825,-73.8337137,Success
Hey KitcheÂ·Fan Meal,Flushing,"41-08 College Point Blvd, Flushing, NY 11355, United States",40.755912,-73.833814,Success
Happy beefÂ·Fan Meal,Flushing,"136-59 37th Ave, Flushing, NY 11354, United States",40.762194,-73.828995,Success
Hunan KitchenÂ·Fan Meal,Flushing,"42-47 Main St, Flushing, NY 11355, United States",40.7539621,-73.827487,Success
Crispy Burger,Flushing,"3617 Main St CU8, Flushing, NY 11354, United States",40.7626417,-73.8315736,Success
Boon chu Thai foodÂ·Fan Meal,Flushing,"136-20 Roosevelt Ave, Flushing, NY 11354, United States",40.7593046,-73.8291343,Success
Sheng Jin FoodÂ·Fan Meal,Flushing,"41-40 Main St, Flushing, NY 11355, United States",40.7570681,-73.8291611,Success
Zheng Gong FuÂ·New World Mall Â·Fan Meal,Flushing,"136-20 Roosevelt Ave, Flushing, NY 11354, United States",40.7593415,-73.8291722,Success
Nuan Xin Rice Roll Â·Fan Meal,Flushing,"136 - 55 Roosevelt Ave, Flushing, NY 11354, United States",40.7602851,-73.8281716,Success
Red House RestaurantRed House Restaurant,Flushing,"36-36 Prince St, Flushing, NY 11354, United States",40.7611101,-73.8330431,Success
Shunjia Potato NoodlÂ·Fan Meal,Flushing,"39-16 Prince St #104, Flushing, NY 11354, United States",40.7595745,-73.8324111,Success
Xiang Yve BarÂ·Fan Meal,Flushing,"39-16 Prince St #104, Flushing, NY 11354, United States",40.7595745,-73.8324111,Success
Shun Jia SpicyÂ·Fan Meal,Flushing,"39-16 Prince St #104, Flushing, NY 11354, United States",40.7595745,-73.8324111,Success
Dou Dou KitchenÂ·Fan Meal,Flushing,"42-26 College Point Blvd, Flushing, NY 11355, United States",40.7539028,-73.8331462,Success
ZabihaÂ·Fan Meal,Flushing,"44-03 Kissena Blvd, Queens, NY 11355, United States",40.7538032,-73.8224167,Success
Liao Xiang Fish Rice NoodleÂ·Fan Meal,Flushing,"36-34 Union St, Flushing, NY 11354, United States",40.7627967,-73.8279335,Success
Bao Zang Xiao Chi Â·Fan Meal,Flushing,"35-32 Union St #1FL, Flushing, NY 11354, United States",40.7645608,-73.8282827,Success
Pho TanÂ·Fan Meal,Flushing,"147-34b Northern Blvd, Flushing, NY 11354, United States",40.7651049,-73.8178092,Success
Ke Zhang,Flushing,"45-72 Kissena Blvd, Flushing, NY 11355, United States",40.7506122,-73.8193328,Success
Papa ChickenÂ·Fan Meal,Flushing,"147-09 45th Ave, Flushing, NY 11355, United States",40.7556809,-73.8150488,Success
QK RestauranÂ·Fan Meal,Flushing,"46-26 Kissena Blvd, Flushing, NY 11355, United States",40.7498582,-73.8187595,Success
Fifty BayÂ·Fan  Meal,Flushing,"150-50 Northern Blvd, Flushing, NY 11354, United States",40.7649332,-73.813259,Success
Xing Shun DaÂ·Fan Meal,Flushing,"44-18 Kissena Blvd, Flushing, NY 11355, United States",40.7534264,-73.8224752,Success
Northern Wang MandooÂ·Fan Meal,Flushing,"152-22 Northern Blvd, Flushing, NY 11354, United States",40.7646874,-73.8121653,Success
E Noodle KissenaÂ·Fan Meal,Flushing,"59-08 Kissena Blvd, Flushing, NY 11355, United States",40.7404838,-73.8152347,Success
Gift ShopÂ·1,Flushing,"3708 Main St, Flushing, NY 11354, United States",40.7612162,-73.8311265,Success
$0 beverages Special Dim Sum Garden,Flushing,"135-33 40th Rd, Flushing, NY 11354, United States",40.7588918,-73.8304711,Success
Fantuan Gift for you,Flushing,"142-41 Roosevelt Ave, Flushing, NY 11354, United States",40.7601677,-73.8324953,Success
$0 beverages Ke Tea,Flushing,"36-12 Main St #1FL, Flushing, NY 11354, United States",40.7626144,-73.8321563,Success
Eat Happy,Flushing,"136-93 37th Ave, Flushing, NY 11354, United States",40.7624984,-73.8278276,Success
Myles,Flushing,"132-4 11th Ave, College Point, NY 11356, United States",40.7876008,-73.8351089,Success
Fanfanok,Flushing,"59-49 56th Ave, Flushing, NY 11378, United States",40.7253762,-73.9070375,Success
Parksanbal,Flushing,"41-10 162nd St, Flushing, NY 11358, United States",40.7610938,-73.8040342,Success
NagiÂ·Fan Meal,Flushing,"41-40 Main St, Flushing, NY 11355, United States",40.7570698,-73.8291538,Success
Juicy Crawfish,Elmhurst,"19914 Hollis Ave, St. Albans, NY 11412, United States",40.7059692,-73.7580593,Success
Fevy's,Elmhurst,"74-02 Grand Ave Unit D, Elmhurst, NY 11373, United States",40.7300286,-73.8878786,Success
Uyghur Lagman House,Elmhurst,"6208 Woodhaven Blvd, Rego Park, NY 11374, United States",40.7265285,-73.870862,Success
Zaab Zaab,Elmhurst,"76-04 Woodside Ave, Queens, NY 11373, United States",40.7433234,-73.8886608,Success
Ocean Bay 避風塘,Elmhurst,"8302 Queens Blvd, Elmhurst, NY 11373, United States",40.7369598,-73.8801853,Success
Kulu Desserts,Elmhurst,"86-55 Broadway, Elmhurst, NY 11373, United States",40.7371506,-73.8772269,Success
Castle Chicken and platters,Elmhurst,"86-55 Broadway, Elmhurst, NY 11373, United States",40.7371575,-73.8771853,Success
Pulau Pinang,Elmhurst,"82-84 Broadway, Elmhurst, NY 11373, United States",40.7411556,-73.8812632,Success
Kung Fu Tea,Elmhurst,"86-12 Justice Ave, Elmhurst, NY 11373, United States",40.7375302,-73.87668,Success
Saranrom Thai,Elmhurst,"8110 Broadway, Elmhurst, NY 11373, United States",40.7431409,-73.8836335,Success
Luo Yang BBQ,Elmhurst,"135-42 39th Ave, Queens, NY 11354, United States",40.7600487,-73.8309534,Success
Good Bodies,Elmhurst,"91-22 59th Ave, Queens, NY 11373, United States",40.7338447,-73.8694614,Success
Happy Stony Noodle,Elmhurst,"83-47 Dongan Ave, Elmhurst, NY 11373, United States",40.7404886,-73.8796519,Success
Quickly,Elmhurst,"8306 Broadway, Elmhurst, NY 11373, United States",40.740801,-73.8799047,Success
Shi Miao Dao Yunnan Rice Noodle,Elmhurst,"83-34 Broadway, Flushing, NY 11373, United States",40.7402575,-73.8793003,Success
Boon Chu Thai Place,Elmhurst,"83-18 Broadway, Elmhurst, NY 11373, United States",40.7406353,-73.8796427,Success
Akino,Elmhurst,"82-80 Broadway, Elmhurst, NY 11373, United States",40.7412111,-73.8813214,Success
Hua Rong,Elmhurst,"8323 Broadway #1, Flushing, NY 11373, United States",40.740866,-73.879192,Success
Anda Boba Tea,Elmhurst,"8331 Broadway, Elmhurst, NY 11373, United States",40.7406737,-73.8790867,Success
50% Off | Zensen Sushi,Elmhurst,"8331 Broadway, Elmhurst, NY 11373, United States",40.7406737,-73.8790867,Success
Seichou Ramen,Elmhurst,"85-07 Whitney Ave, Elmhurst, NY 11373, United States",40.741582,-73.880002,Success
Na Rath,Elmhurst,"United States, New York, Elmhurst, Whitney Ave, US NY Elmhurst邮政编码: 11373",40.7417215,-73.8786457,Success
Papa John's Pizza,Elmhurst,"90-35 Corona Ave., Elmhurst, NY 11373, United States",40.7421519,-73.8744999,Success
Buddha Asian,Elmhurst,"37-09 83rd St, Jackson Heights, NY 11372, United States",40.7495226,-73.8832078,Success
Mr. Q BBQ,Elmhurst,"9058 Corona Ave., Elmhurst, NY 11373, United States",40.742274,-73.873515,Success
Mucho Burrito Fresh Mexican Grill,Elmhurst,"9509 57th Ave, Elmhurst, NY 11373, United States",40.7368827,-73.8654443,Success
Empire Halal,Elmhurst,"9925 Horace Harding Expy, Corona, NY 11368, United States",40.7365499,-73.8576696,Success
El Perro Fast Food,Elmhurst,"80-26 Northern Blvd, Jackson Heights, NY 11372, United States",40.7552976,-73.8865225,Success
Taste of Italy Restaurant Pizzeria N.Y.C,Elmhurst,"3772 90th St, Jackson Heights, NY 11372, United States",40.7485865,-73.8767536,Success
Sarku Japan,Elmhurst,"90-15 Queens Blvd Space #FC-10, Elmhurst, NY 11373, United States",40.7348655,-73.8688406,Success
Lupe's Jugos,Elmhurst,"98-17 37th Ave, Corona, NY 11368, United States",40.7524257,-73.8684349,Success
Li Wan,Elmhurst,"83-06 Grand Ave, Elmhurst, NY 11373, United States",40.7332002,-73.8838406,Success
Tanoshi Tei @ Siips,Elmhurst,"1374 York Ave, New York, NY 10021, United States",40.7677021,-73.9529124,Success
Fun Galaxy Cafe,Elmhurst,"84-56 Grand Ave, Flushing, NY 11373, United States",40.734643,-73.8822301,Success
Golden Owls Sushi and Noodles,Elmhurst,"8504 Grand Ave, Elmhurst, NY 11373, United States",40.7349033,-73.881839,Success
Eaterniti & Anda Boba,Elmhurst,"8930 Queens Blvd, Elmhurst, NY 11373, United States",40.7338691,-73.8735489,Success
Zhong Yue,Elmhurst,"86-10 Justice Ave, Elmhurst, NY 11373, United States",40.7375785,-73.8767836,Success
Gong Cha,Elmhurst,"8801 Queens Blvd A-3, Elmhurst, NY 11373, United States",40.7356521,-73.8746261,Success
Hi Fry,Elmhurst,"81-30 Broadway, Elmhurst, NY 11373, United States",40.7429146,-73.8831626,Success
Vivi Bubble Tea,Elmhurst,"83-28 Broadway, Elmhurst, NY 11373, United States",40.7404017,-73.8793125,Success
Broadway Food Mart,Elmhurst,"8320 Broadway, Queens, NY 11373, United States",40.7405454,-73.8795589,Success
NY Sweet Yummy House,Elmhurst,"83-13 Broadway, Queens, NY 11373, United States",40.7409552,-73.8794913,Success
San Wei,Elmhurst,"Food Court, 90-15 Queens Blvd FC-09, Elmhurst, NY 11373, United States",40.7342321,-73.8708844,Success
Mango Mango,Elmhurst,"90-15 Queens Blvd K302, Queens, NY 11373, United States",40.7342321,-73.8708844,Success
Yaya Tea,Elmhurst,"8612 Whitney Ave, Elmhurst, NY 11373, United States",40.7418237,-73.8785852,Success
Carvel Roosevelt Ave,Elmhurst,"81-07 Roosevelt Ave, Jackson Heights, NY 11372, United States",40.7477168,-73.8843902,Success
El Artesano Columbian Bake Goods,Elmhurst,"9016 Corona Ave., Queens, NY 11373, United States",40.741533,-73.8747643,Success
Pearl BBQ,Elmhurst,"86-02 Broadway, Elmhurst, NY 11373, United States",40.7384189,-73.8774968,Success
Pelicana Chicken,Elmhurst,"84-60 Grand Ave, Elmhurst, NY 11373, United States",40.7346535,-73.8820709,Success
Prontito Restaurant Colombiano,Elmhurst,"40-25 Forley St, Elmhurst, NY 11373, United States",40.7476805,-73.8804808,Success
Taiwanese Gourmet,Elmhurst,"8402 Broadway, Elmhurst, NY 11373, United States",40.7398374,-73.8787719,Success
0.01 Sale Kung Fu Tea,Chinatown,"234 Canal St #107, New York, NY 10013, United States",40.7177276,-74.0000268,Success
LongJiang Pork Feet Rice,Chinatown,"121 Mott St, New York, NY 10013, United States",40.718009,-73.9972219,Success
SIyi,Chinatown,"173 Hester St, New York, NY 10013, United States",40.7178774,-73.9969023,Success
3 DESSERT,Chinatown,"Inside Tiger Sugar, 197 Canal St Shop 2, New York, NY 10013, United States",40.7171789,-73.9982406,Success
137 Mott Pharmacy,Chinatown,"137 Mott St FRNT A, New York, NY 10013, United States",40.7185505,-73.9968207,Success
Green Garden Village,Chinatown,"216 Grand St, New York, NY 10013, United States",40.7190012,-73.9959776,Success
JOOY TEA CT,Chinatown,"208 Grand St, New York, NY 10013, United States",40.719188,-73.9962162,Success
Yiwanmen,Chinatown,"150 Mott St, New York, NY 10013, United States",40.7192998,-73.9962842,Success
$9 off | Sun Sai Gai,Chinatown,"220 Canal St, New York, NY 10013, United States",40.7172288,-73.9993918,Success
Tiger Sugar,Chinatown,"197 Canal St, New York, NY 10013, United States",40.7171709,-73.9981912,Success
0.01 Sale Lady Chow Kitchen,Chinatown,"171 Hester St, New York, NY 10013, United States",40.7178933,-73.9967649,Success
$20-$10 | Zhang Liang Ma La TangÂ·Spicy Dry Hot Pot,Chinatown,"66 Mott St, New York, NY 10013, United States",40.7160888,-73.997952,Success
Yan Wo Dou Bun,Chinatown,"98 Mott St, New York, NY 10013, United States",40.7171726,-73.9972861,Success
0.01 Sale LAANKEE,Chinatown,"79a Mott St, New York, NY 10013, United States",40.7165463,-73.9981808,Success
0.01 Sale Kyuramen - Chinatown,Chinatown,"132 Bowery, New York, NY 10013, United States",40.7189358,-73.9948757,Success
Sanmiwago Taiwan Dumpling House-Bowery,Chinatown,"90 Bowery, New York, NY 10013, United States",40.7174723,-73.9955378,Success
Maxi’s Noodle 3,Chinatown,"68 Mott St, New York, NY 10013, United States",40.7161595,-73.9979061,Success
Da Long Yi Hotpot,Chinatown,"159 Canal St 2nd floor, New York, NY 10013, United States",40.7166314,-73.9965889,Success
BOGO | 0.01 Sale Matcha Cafe Maiko,Chinatown,"132 Bowery, New York, NY 10013, United States",40.7190141,-73.9947862,Success
0.01 Sale Shaxian Snacks,Chinatown,"300 Grand St, New York, NY 10002, United States",40.7177315,-73.9916284,Success
$4.5 OFF | Bake Culture,Chinatown,"48 Bowery, New York, NY 10013, United States",40.7157743,-73.9967041,Success
$4.5 OFF | Mango Mango,Chinatown,"63 Bayard St, New York, NY 10013, United States",40.7153904,-73.9980222,Success
ChangLai Steamed Roll,Chinatown,"55 Bayard St Store B, New York, NY 10013, United States",40.7152447,-73.9976255,Success
Mei Lai Wah Wonton Noodle,Chinatown,"23 Pell St, New York, NY 10038, United States",40.7148255,-73.9982595,Success
Taiwan Pork Chop House,Chinatown,"3 Doyers St, New York, NY 10013, United States",40.7142517,-73.9980109,Success
Ming Wong,Chinatown,"61 Mott St, New York, NY 10013, United States",40.7160447,-73.9984563,Success
Tiger mountain,Chinatown,"1 Howard St, New York, NY 10013, United States",40.718902,-73.999442,Success
I'Milky 沐白,Chinatown,"242 Grand St, New York, NY 10002, United States",40.7184113,-73.9943093,Success
Gai Kitchen,Chinatown,"51 Mott St, New York, NY 10013, United States",40.7154597,-73.9987204,Success
The Chubby Crab,Chinatown,"77 Chrystie St, New York, NY 10002, United States",40.7172678,-73.9945561,Success
0.01 Sale Suga Box,Chinatown,"55a Bayard St, New York, NY 10013, United States",40.7152911,-73.9977305,Success
Strawberry Home,Chinatown,"34 Mott St, New York, NY 10013, United States",40.7148147,-73.9987462,Success
0.01 Sale Famous Sichuan,Chinatown,"10 Pell St, New York, NY 10013, United States",40.7148544,-73.9976092,Success
Curry House,Chinatown,"9 Pell St, New York, NY 10013, United States",40.7146266,-73.9977635,Success
0.01 Sale Ajisen Ramen,Chinatown,"14 Mott St, New York, NY 10013, United States",40.7141464,-73.9985853,Success
89 Eatery,Chinatown,"98 Mott St, New York, NY 10013, United States",40.7171726,-73.9972861,Success
Just Mala Pot,Chinatown,"66 Mott St, New York, NY 10013, United States",40.7160888,-73.997952,Success
Burger By Day,Chinatown,"242 Grand St, New York, NY 10002, United States",40.7184644,-73.9942808,Success
Vivi Bubble Tea,Chinatown,"49 Bayard St, New York, NY 10013, United States",40.7151957,-73.9974901,Success
Chun Yang Tea,Chinatown,"26B Elizabeth St, New York, NY 10013, United States",40.7161768,-73.9971065,Success
Cha Kee,Chinatown,"43 Mott St, New York, NY 10013, United States",40.7153054,-73.998962,Success
Cafe HongKong,Chinatown,"51 Bayard St, New York, NY 10013, United States",40.7152144,-73.9975421,Success
Miss Du's tea shop,Chinatown,"33 Pell St, New York, NY 10013, United States",40.7148981,-73.9986195,Success
Cool Noodles First,Chinatown,"55 Bayard St Store B, New York, NY 10013, United States",40.7152447,-73.9976255,Success
Gong Cha,Chinatown,"42 Mott St, New York, NY 10013, United States",40.7152459,-73.9985898,Success
Peking Duck House,Chinatown,"28 Mott St A, New York, NY 10013, United States",40.7146516,-73.998722,Success
Mabu Cafe NYC,Chinatown,"18 Doyers St, New York, NY 10013, United States",40.7147002,-73.9980305,Success
Fruit Vanity,Chinatown,"271 Grand St, New York, NY 10002, United States",40.7177117,-73.9930651,Success
Pho Grand,Chinatown,"277C Grand St, New York, NY 10002, United States",40.71773,-73.992779,Success
Pinklady Japanese Cheese Tart,Chinatown,"11 Mott St, New York, NY 10013, United States",40.7140628,-73.998918,Success
Nuan Xin Rice Roll,Chinatown,"67A Eldridge St, New York, NY 10002, United States",40.7166588,-73.992852,Success
Super Taste Noodle Restaurant,Chinatown,"26 Eldridge St, New York, NY 10002, United States",40.7150656,-73.9933335,Success
Lanzhou Ramen,Chinatown,"107 E Broadway, New York, NY 10002, United States",40.7136041,-73.9930138,Success
Congee Village,Chinatown,"100 Allen St, New York, NY 10002, United States",40.718659,-73.990354,Success
Kings Kitchen East Broway,Chinatown,"92 E Broadway, New York, NY 10002, United States",40.7139892,-73.9936923,Success
Sunkist Bakery,Chinatown,"160 E Broadway, New York, NY 10002, United States",40.71421,-73.9905029,Success
Cha Chan Tang-Breakfast,Chinatown,"43 Mott St, New York, NY 10013, United States",40.7153054,-73.998962,Success
Sunkist Snacks,Chinatown,"357 Grand St, New York, NY 10002, United States",40.7164632,-73.9890823,Success
0.01 Sale Tipsy Shanghai,Chinatown,"104 2nd Ave, New York, NY 10003, United States",40.7274166,-73.9882713,Success
$9 combo Â· New Shanghai Restaurant,Chinatown,"69 Mott St A, New York, NY 10013, United States",40.7162474,-73.998268,Success
Ji Bei Chuan Authentic Asian Noodle,Chinatown,"87 Chrystie St, New York, NY 10002, United States",40.7176023,-73.9944643,Success
Congee Village - Bowery Street,Chinatown,"100 Allen St, New York, NY 10002, United States",40.718659,-73.990354,Success
Yo Sushi,Chinatown,"84 E 2nd St Store, New York, NY 10003, United States",40.7242068,-73.9883428,Success
Tokyo Ramen,Chinatown,"132 Bowery, New York, NY 10013, United States",40.7189358,-73.9948757,Success
Kukai Ramen (Chinatown),Chinatown,"132 Bowery, New York, NY 10013, United States",40.7189358,-73.9948757,Success
0.01 Sale Niukee Shumai,Chinatown,"394 Broome St, New York, NY 10013, United States",40.7207852,-73.9970934,Success
0.01 Sale Poke Bowl Sushi,Chinatown,"386 Canal St, New York, NY 10013, United States",40.7214322,-74.0050113,Success
Funny BBQ 98,Chinatown,"98 Bowery, New York, NY 10013, United States",40.717726,-73.995532,Success
House of Joy,Chinatown,"28 Pell St, New York, NY 10013, United States",40.7149851,-73.9985119,Success
Blaze Hibachi,Chinatown,"109 Eldridge St Store North, New York, NY 10002, United States",40.7182147,-73.9922174,Success
JM BBQ,Chinatown,"98 Bowery, New York, NY 10013, United States",40.7177589,-73.9955657,Success
Song Bo Yuan,Chinatown,"36 Eldridge St, New York, NY 10002, United States",40.7156197,-73.993157,Success
Amorino Gelato,Chinatown,"721 8th Ave, New York, NY 10036, United States",40.7595326,-73.9883524,Success
LoveMi Yogurt,Chinatown,"172 Canal St, New York, NY 10013, United States",40.7164929,-73.9974722,Success
CN,Chinatown,"Chinatown, New York, NY, USA",40.7157509,-73.9970307,Success
Next Move Cafe,Sunset Park,"6 Bay 23rd St, Brooklyn, NY 11214, United States",40.6049155,-73.9993442,Success
Xing Shun 8 INC,Sunset Park,"5816 8th Ave, Brooklyn, NY 11220, United States",40.636367,-74.008872,Success
MBL&Q Burger,Sunset Park,"4310 8th Ave, Brooklyn, NY 11232, United States",40.6449337,-74.0000072,Success
LCZAW Restaurant,Sunset Park,"6016 7th Ave, Brooklyn, NY 11220, United States",40.636537,-74.0122879,Success
Orchid Tea,Sunset Park,"4618 8th Ave, Brooklyn, NY 11220, United States",40.6430233,-74.0019761,Success
Orchid Tea Dim Sum Cafe,Sunset Park,"4618 8th Ave, Brooklyn, NY 11220, United States",40.6430233,-74.0019761,Success
Chun Bai Wei Fujian,Sunset Park,"4503 8th Ave, Brooklyn, NY 11220, United States",40.6437141,-74.000822,Success
Taste Yummy,Sunset Park,"4122 4th Ave, Brooklyn, NY 11232, United States",40.6512202,-74.0079498,Success
HEYTEA,Sunset Park,"4505 8th Ave, Brooklyn, NY 11220, United States",40.6435854,-74.000759,Success
NY Family DIY,Sunset Park,"7th Avenue &, 43rd St, Brooklyn, NY 11232, United States",40.6479517,-74.0037443,Success
Bamboo Seafood Restaurant,Sunset Park,"5108 7th Ave, Brooklyn, NY 11220, United States",40.6417934,-74.00689,Success
Letian Breakfast,Sunset Park,"889 5th Ave, Brooklyn, NY 11232, United States",40.6512921,-74.0036999,Success
Letian Chinese Restaurant,Sunset Park,"5210 7th Ave, Brooklyn, NY 11220, United States",40.6411904,-74.0074404,Success
Sammich Shop,Sunset Park,"4008 8th Ave, Brooklyn, NY 11232, United States",40.6465927,-73.9982383,Success
Song Tea,Sunset Park,"488 7th Ave, New York, NY 10018, United States",40.7526205,-73.9897521,Success
Libra Cake,Sunset Park,"4508 8th Ave, Brooklyn, NY 11220, United States",40.6437283,-74.0012075,Success
creampanda pastry,Sunset Park,"4505 8th Ave, Brooklyn, NY 11220, United States",40.6435854,-74.000759,Success
Melonpanna Tea & Shot,Sunset Park,"5105 7th Ave, Brooklyn, NY 11220, United States",40.6416425,-74.0065648,Success
98K,Sunset Park,"4715 8th Ave, Brooklyn, NY 11220, United States",40.6423944,-74.0021683,Success
Jiang Bistro Inc.,Sunset Park,"4619 8th Ave, Brooklyn, NY 11220, United States",40.6429008,-74.0016663,Success
Ding taixuan,Sunset Park,"5224 4th Ave, Brooklyn, NY 11220, United States",40.6450251,-74.0144264,Success
Beef & Fish Chinese Restaurant,Sunset Park,"5411 5th Ave, Brooklyn, NY 11220, United States",40.6425745,-74.0127734,Success
Tea TBaar,Sunset Park,"4823 8th Ave, Brooklyn, NY 11220, United States",40.6416895,-74.0029281,Success
Fuding Wok,Sunset Park,"5216 7th Ave, Brooklyn, NY 11220, United States",40.6410611,-74.0075737,Success
Lao Jiu Guan,Sunset Park,"773 51st St, Brooklyn, NY 11220, United States",40.640904,-74.0045326,Success
Crisp Cut,Sunset Park,"153 32nd St, Brooklyn, NY 11232, United States",40.6568268,-74.0023179,Success
Cha Cha Nian,Sunset Park,"5722B 58th St Between 7th &, 5722 8th Ave b7, Brooklyn, NY 11220, United States",40.6369317,-74.0086101,Success
Zhen Jin Ji,Sunset Park,"4915 8th Ave, Brooklyn, NY 11220, United States",40.641245,-74.0033855,Success
Gao Lao Zhuang,Sunset Park,"773 51st St, Brooklyn, NY 11220, United States",40.640904,-74.0045326,Success
Spicy good,Sunset Park,"774 51st St, Brooklyn, NY 11220, United States",40.6406466,-74.0047189,Success
Mala Ban,Sunset Park,"818 60th St, Brooklyn, NY 11220, United States",40.6350288,-74.0092893,Success
Lao Di Fang,Sunset Park,"773 51st St, Brooklyn, NY 11220, United States",40.640904,-74.0045326,Success
Mango Mango Brooklyn,Sunset Park,"5302 7th Ave, Brooklyn, NY 11220, United States",40.6407309,-74.0079027,Success
Xiang Zhi Restaurant,Sunset Park,"53-22 7th Ave, Brooklyn, NY 11220, United States",40.6404146,-74.0082398,Success
Lucky Vegetarian,Sunset Park,"5101 8th Ave, Brooklyn, NY 11220, United States",40.6403713,-74.0041982,Success
Miss Dong,Sunset Park,"711 54th St, Brooklyn, NY 11220, United States",40.6401301,-74.00776,Success
Uluhuluh,Sunset Park,"253 36th St b317, Brooklyn, NY 11232, United States",40.6562762,-74.0072321,Success
36 Lunar Kitchen-Jasmine milk tea,Sunset Park,"5117 8th Ave, Brooklyn, NY 11220, United States",40.6400729,-74.004558,Success
RenSheng,Sunset Park,"5722 8th Ave b7, Brooklyn, NY 11220, United States",40.636915,-74.0085824,Success
Cott Bakery,Sunset Park,"6210 9th Ave, Brooklyn, NY 11220, United States",40.6329119,-74.0097845,Success
98K Kennedy,Sunset Park,"4715 8th Ave, Brooklyn, NY 11220, United States",40.6423944,-74.0021683,Success
Mr Q's Noodle,Sunset Park,"779 53rd St, Brooklyn, NY 11220, United States",40.6395253,-74.005856,Success
Kyuramen,Sunset Park,"774 53rd St, Brooklyn, NY 11220, United States",40.6394962,-74.0060155,Success
Shaxian Snack,Sunset Park,"818 60th St, Brooklyn, NY 11220, United States",40.6351062,-74.0092044,Success
99 Noodle Village,Sunset Park,"774 53rd St #A, Brooklyn, NY 11220, United States",40.6394962,-74.0060155,Success
Xiaoao Fishball,Sunset Park,"4801 8th Ave, Brooklyn, NY 11220, United States",40.6419856,-74.002347,Success
rela guntang,Sunset Park,"5304 8th Ave, Brooklyn, NY 11220, United States",40.6393988,-74.005725,Success
Chuan Tian Xia,Sunset Park,"5502 7th Ave, Brooklyn, NY 11220, United States",40.6396177,-74.0090711,Success
JOOY TEA SHOPPE,Sunset Park,"5306 8th Ave, Brooklyn, NY 11220, United States",40.6393477,-74.0057788,Success
Kings Kitchen,Sunset Park,"683 60th St, Brooklyn, NY 11220, United States",40.637072,-74.0117658,Success
Zhengxian,Sunset Park,"5622 8th Ave, Brooklyn, NY 11220, United States",40.6374201,-74.0077695,Success
Qingshu Malatang,Sunset Park,"5514 7th Ave, Brooklyn, NY 11220, United States",40.6394985,-74.009395,Success
Mr Duck,Sunset Park,"5602 7th Ave, Brooklyn, NY 11220, United States",40.6390768,-74.0096338,Success
19.EI,Sunset Park,"806 54th St, Brooklyn, NY 11220, United States",40.6386144,-74.0058189,Success
MD fried chicken,Sunset Park,"806 54th St unit b, Brooklyn, NY 11220, United States",40.6386264,-74.0058063,Success
Hawaiian Fried Wings,Sunset Park,"5715 5th Ave, Brooklyn, NY 11220, United States",40.6408105,-74.0146029,Success
Xun Yu Si Kao,Sunset Park,"5609 7th Ave, Brooklyn, NY 11220, United States",40.6388099,-74.0095013,Success
Teriyaki Hee,Sunset Park,"5718 5th Ave, Brooklyn, NY 11220, United States",40.6408821,-74.0149164,Success
Funny BBQ Bar,Sunset Park,"818 54th St, Brooklyn, NY 11220, United States",40.6385097,-74.0056453,Success
Yuan Bao Gourmet,Sunset Park,"6321 8th Ave, Brooklyn, NY 11220, United States",40.6333342,-74.0116495,Success
Kungfu tea,Sunset Park,"6104 7th Ave, Brooklyn, NY 11220, United States",40.6362433,-74.0126762,Success
L&R FUSION NOODLE HOUSE,Sunset Park,"578 58th St, Brooklyn, NY 11220, United States",40.6394083,-74.013177,Success
Old Fuzhou,Sunset Park,"4922 8th Ave, Brooklyn, NY 11220, United States",40.6413135,-74.0037178,Success
Food on the Move,Sunset Park,"6116 7th Ave, Brooklyn, NY 11220, United States",40.636018,-74.012946,Success
OC Dessert,Sunset Park,"770 56th St, Brooklyn, NY 11220, United States",40.6379145,-74.0077605,Success
PHO BK,Sunset Park,"5604 8th Ave, Brooklyn, NY 11220, United States",40.6377083,-74.0074768,Success
Mr. Q's Grill,Sunset Park,"5824-f, 8th Ave, Brooklyn, NY 11220, United States",40.6363203,-74.0091561,Success
My Home Snack Shop,Sunset Park,"5311 5th Ave, Brooklyn, NY 11220, United States",40.6430827,-74.012238,Success
NG,Sunset Park,"7th Avenue &, 43rd St, Brooklyn, NY 11232, United States",40.6479517,-74.0037443,Success
Japanese snacks,Sunset Park,"934 3rd Ave, Brooklyn, NY 11232, United States",40.656103,-74.0064373,Success
Mr Wish,Sunset Park,"5802 7th Ave, Brooklyn, NY 11220, United States",40.6379974,-74.0107952,Success
To Date,Sunset Park,"768 57th St, Brooklyn, NY 11220, United States",40.6373368,-74.0085175,Success
Dao Piao Xiang,Sunset Park,"772 57th St, Brooklyn, NY 11220, United States",40.6373472,-74.0083085,Success
Min Jiang Mei Shi,Sunset Park,"5820 7th Ave, Brooklyn, NY 11220, United States",40.6375994,-74.0111538,Success
Number 9 fried bun,Sunset Park,"810 57th St, Brooklyn, NY 11220, United States",40.6369323,-74.0075293,Success
Ms Hu,Sunset Park,"7th Avenue &, 43rd St, Brooklyn, NY 11232, United States",40.6479517,-74.0037443,Success
Xia Chao,Sunset Park,"5722B 58th St Between 7th &, 5722 8th Ave b7, Brooklyn, NY 11220, United States",40.6369317,-74.0086101,Success
Bakery 1988,Sunset Park,"5716 8th Ave, Brooklyn, NY 11220, United States",40.6369684,-74.0083428,Success
Moon & Flower House,Sunset Park,"5912 7th Ave, Brooklyn, NY 11220, United States",40.6372229,-74.0117163,Success
Pod Pun Craft Worksop,Sunset Park,"Brooklyn, NY, United States",40.6602037,-73.9689558,Success
Popeyes,Sunset Park,"6013 7th Ave, Brooklyn, NY 11220, United States",40.6361644,-74.0119579,Success
Paris Baguette,Sunset Park,"58-10 8th Ave, Brooklyn, NY 11220, United States",40.6364748,-74.0087567,Success
Tsaocaa Tea & BBQ Chicken,Sunset Park,"773 59th St, Brooklyn, NY 11220, United States",40.636469,-74.0091487,Success
BBQ Chicken,Sunset Park,"46 5th Ave, Brooklyn, NY 11217, United States",40.6817337,-73.9770217,Success
Yoz Shanghai,Sunset Park,"5805 8th Ave, Brooklyn, NY 11220, United States",40.6363969,-74.0084297,Success
Meet Fresh,Sunset Park,"5815 8th Ave, Brooklyn, NY 11220, United States",40.636261,-74.0085724,Success
Hey Hey tea,Sunset Park,"6019 4th Ave, Brooklyn, NY 11220, United States",40.640234,-74.0185719,Success
Food Corner,Sunset Park,"6001 7th Ave, Brooklyn, NY 11220, United States",40.636592,-74.0116466,Success
Nai Brother,Sunset Park,"774 59th St, Brooklyn, NY 11220, United States",40.6362371,-74.0094296,Success
Jing Wei,Sunset Park,"706 60th St, Brooklyn, NY 11220, United States",40.6364575,-74.0115932,Success
Nuan Xin Rice Roll,Sunset Park,"5901 8th Ave #4, Brooklyn, NY 11220, United States",40.6358727,-74.0088113,Success
Tiger Sugar,Sunset Park,"5903 8th Ave, Brooklyn, NY 11220, United States",40.6358199,-74.0089276,Success
ShaXian Delicacies,Sunset Park,"811 49th St, Brooklyn, NY 11220, United States",40.6415655,-74.0027337,Success
Special Restaurant,Sunset Park,"715 61st St, Brooklyn, NY 11220, United States",40.6360145,-74.0117786,Success
Old Duck Vermicelli Soup,Sunset Park,"779 60th St, Brooklyn, NY 11220, United States",40.6357122,-74.009734,Success
Kim’s Korean Corn Dog,Sunset Park,"5919 8th Ave, Brooklyn, NY 11220, United States",40.6356271,-74.0092245,Success
WANGHAO RESTAURANT,Sunset Park,"717 61st St, Brooklyn, NY 11220, United States",40.63598,-74.011558,Success
KungFu Tea,Sunset Park,"6104 7th Ave, Brooklyn, NY 11220, United States",40.6362433,-74.0126762,Success
Fish with You,Sunset Park,"774 60th St, Brooklyn, NY 11220, United States",40.6355346,-74.0101247,Success
Martian Tea,Sunset Park,"355 5th Ave, Brooklyn, NY 11215, United States",40.6717088,-73.9840285,Success
Pokebowl Station,Sunset Park,"6116 7th Ave, Brooklyn, NY 11220, United States",40.636018,-74.012946,Success
Pancake Nuts,Sunset Park,"889 5th Ave, Brooklyn, NY 11232, United States",40.6512921,-74.0036999,Success
99 Seafood,Sunset Park,"732 61st St, Brooklyn, NY 11220, United States",40.635497,-74.011606,Success
Spicy plus,Sunset Park,"774 51st St, Brooklyn, NY 11220, United States",40.6406466,-74.0047189,Success
Mama Spicy,Sunset Park,"1782 Bay Ridge Ave, Brooklyn, NY 11204, United States",40.6169456,-73.9928977,Success
Mama Spicy,Sunset Park,"904 4th Ave, Brooklyn, NY 11232, United States",40.6559875,-74.0031228,Success
Young Fish,Sunset Park,"6022 8th Ave, Brooklyn, NY 11220, United States",40.6352211,-74.0102159,Success
Song Yue BBQ,Sunset Park,"87 35th St, Brooklyn, NY 11232, United States",40.6566303,-74.0063536,Success
369 BBQ,Sunset Park,"6025 8th Ave, Brooklyn, NY 11220, United States",40.6348535,-74.0099352,Success
NO.5 Restaurant,Sunset Park,"968 58th St, Brooklyn, NY 11219, United States",40.6342286,-74.0045847,Success
Xiang Hotpot,Sunset Park,"5816 Fort Hamilton Pkwy, Brooklyn, NY 11219, United States",40.6338342,-74.0049059,Success
Foo Yum,Sunset Park,"5902 Fort Hamilton Pkwy, Brooklyn, NY 11219, United States",40.6336103,-74.0050879,Success
wing lee bakery,Sunset Park,"5904 Fort Hamilton Pkwy, Brooklyn, NY 11219, United States",40.6335543,-74.0051614,Success
Hao de,Sunset Park,"5006 8th Ave, Brooklyn, NY 11220, United States",40.641062,-74.0040054,Success
hey rich roasted,Sunset Park,"6005 Fort Hamilton Pkwy, Brooklyn, NY 11219, United States",40.6328028,-74.0055778,Success
Gold Bamboo Garden,Sunset Park,"6409 8th Ave, Brooklyn, NY 11220, United States",40.632954,-74.0119014,Success
J&A Sushi,Sunset Park,"6213 Fort Hamilton Pkwy, Brooklyn, NY 11219, United States",40.6317272,-74.0071994,Success
RAKUZEN,Sunset Park,"6408 Fort Hamilton Pkwy, Brooklyn, NY 11219, United States",40.6311175,-74.0089559,Success
Komorebi Full House,Sunset Park,"6201 11th Ave, Brooklyn, NY 11219, United States",40.6301974,-74.0040397,Success
Meets,Sunset Park,"7th Avenue &, 43rd St, Brooklyn, NY 11232, United States",40.6479517,-74.0037443,Success
Wang Wang Noodles,Sunset Park,"5410 8th Ave, Brooklyn, NY 11220, United States",40.6387055,-74.0064379,Success
Parc Oasis,Sunset Park,"6403 11th Ave, Brooklyn, NY 11219, United States",40.629006,-74.0052694,Success
Jong Japanses Ramen,Sunset Park,"934 3rd Ave, Brooklyn, NY 11232, United States",40.656103,-74.0064373,Success
Ocean Chinese Restaurant,Sunset Park,"865 4th Ave, Brooklyn, NY 11232, United States",40.6564486,-74.0017321,Success
JIN DU,Sunset Park,"4915 8th Ave, Brooklyn, NY 11220, United States",40.641245,-74.0033855,Success
Okinawa Sushi,Sunset Park,"276 Bay Ridge Ave, Brooklyn, NY 11220, United States",40.6358195,-74.0266144,Success
Crab Pot,Sunset Park,"811 53rd St, Brooklyn, NY 11220, United States",40.6393767,-74.0048917,Success
Thumbs-Up Kongfu Kitchen,Sunset Park,"894 70th St, Brooklyn, NY 11228, United States",40.6283602,-74.0132805,Success
Chictea,Sunset Park,"7604 3rd Ave, Brooklyn, NY 11209, United States",40.6306607,-74.0282723,Success
OSAKA FUSION BBQ & SUSHI -86TH ST,Sunset Park,"1948 86th St, Brooklyn, NY 11214, United States",40.6050862,-73.9993539,Success
Yomie's Rice X Yogur,Sunset Park,"5215 8th Ave, Brooklyn, NY 11220, United States",40.6396055,-74.005103,Success
Mr. Bun,Sunset Park,"2048 86th St, Brooklyn, NY 11214, United States",40.6037298,-73.997299,Success
Qingshu,Sunset Park,"5514 7th Ave, Brooklyn, NY 11220, United States",40.6394985,-74.009395,Success
new dragon bakery LLC,Sunset Park,"264 Kings Hwy, Brooklyn, NY 11223, United States",40.6051108,-73.9807911,Success
Only one,Sunset Park,"4705 8th Ave, Brooklyn, NY 11220, United States",40.6424752,-74.0019297,Success
Uncle Leaf,Sunset Park,"801 58th St, Brooklyn, NY 11220, United States",40.6365641,-74.0080381,Success
Tacos El Coyote Mexican Food,Sunset Park,"6124 11th Ave, Brooklyn, NY 11219, United States",40.6305779,-74.0041325,Success
OTANI,Sunset Park,"7113 Fort Hamilton Pkwy, Brooklyn, NY 11228, United States",40.6274339,-74.0137258,Success
Spicy Sichuan,Sunset Park,"5502 7th Ave, Brooklyn, NY 11220, United States",40.6396177,-74.0090711,Success
Taj Mahal,Sunset Park,"7315 3rd Ave, Brooklyn, NY 11209, United States",40.6323641,-74.0271435,Success
Green Poke on Sushi,Sunset Park,"310 74th St, Brooklyn, NY 11209, United States",40.6320108,-74.0271769,Success
Subway,Sunset Park,"882 5th Ave, Brooklyn, NY 11232, United States",40.6516227,-74.0038956,Success
Hi chicken,Sunset Park,"4807 8th Ave, Brooklyn, NY 11220, United States",40.6419485,-74.0026598,Success
Isa Grill House,Sunset Park,"6820 14th Ave, Brooklyn, NY 11219, United States",40.62253,-74.0017447,Success
Inaka Sushi,Sunset Park,"8318 3rd Ave, Brooklyn, NY 11209, United States",40.6252243,-74.0305585,Success
BingLing Tea,Sunset Park,"553 86th St, Brooklyn, NY 11209, United States",40.6208178,-74.0247592,Success
Hawaii Poke,Sunset Park,"6116 7th Ave, Brooklyn, NY 11220, United States",40.636018,-74.012946,Success
Thai Leaf,Sunset Park,"611 86th St, Brooklyn, NY 11209, United States",40.6203072,-74.0239356,Success
Pho Hoai Bayrigde,Sunset Park,"8616 4th Ave, Brooklyn, NY 11209, United States",40.6224148,-74.0287234,Success
The Hongkong eat place,Sunset Park,"777 60th St, Brooklyn, NY 11220, United States",40.6358036,-74.009746,Success
Sunday Bakery,Sunset Park,"6308 18th Ave, Brooklyn, NY 11204, United States",40.6201631,-73.9893484,Success
Ten Cake Studio,Sunset Park,"8617 3rd Ave, Brooklyn, NY 11209, United States",40.6228931,-74.0309988,Success
Chun Cafe,Sunset Park,"6016 8th Ave, Brooklyn, NY 11220, United States",40.6352252,-74.0100533,Success
Wo Jia Yu Wan,Sunset Park,"5121 8th Ave, Brooklyn, NY 11220, United States",40.6400615,-74.004618,Success
Jaew thai cuisine,Sunset Park,"416 Church Ave, Brooklyn, NY 11218, United States",40.6440393,-73.9760918,Success
ViVi Bubble Tea,Sunset Park,"5002 5th Ave, Brooklyn, NY 11220, United States",40.6451942,-74.0106404,Success
New Simply life bakery cafe,Sunset Park,"7406 New Utrecht Ave, Brooklyn, NY 11220, United States",40.6165396,-73.9999055,Success
Burger & Chicken,Sunset Park,"3917 4th Ave, Brooklyn, NY 11232, United States",40.6521352,-74.0063056,Success
Coco Bread Bakery,Sunset Park,"4516 5th Ave, Brooklyn, NY 11220, United States",40.6476168,-74.0079121,Success
Rice Village tea restaurant,Sunset Park,"6012 8th Ave, Brooklyn, NY 11220, United States",40.6353025,-74.0099735,Success
Pho Table,Sunset Park,"6821 Fort Hamilton Pkwy, Brooklyn, NY 11219, United States",40.6286706,-74.0117497,Success
YUE,Sunset Park,"828 64th St, Brooklyn, NY 11220, United States",40.6325948,-74.0112831,Success
Ru Yi Restaurant,Sunset Park,"5221 Fort Hamilton Pkwy, Brooklyn, NY 11219, United States",40.6364392,-74.0002846,Success
The Honjo Sushi,Sunset Park,"6117 20th Ave, Brooklyn, NY 11204, United States",40.6183678,-73.9837561,Success
Wasabi Sushi,Sunset Park,"2375 86th St, Brooklyn, NY 11214, United States",40.5995879,-73.9895706,Success
ChaoShan Bull Demon King,Sunset Park,"811 49th St, Brooklyn, NY 11220, United States",40.6415655,-74.0027337,Success
Cantonese Beef Delights,Sunset Park,"4009 5th Ave, Brooklyn, NY 11232, United States",40.6504274,-74.0045962,Success
Upin Bakery,Sunset Park,"7814 New Utrecht Ave, Brooklyn, NY 11214, United States",40.6130321,-74.0009189,Success
Mochick Tea,Sunset Park,"7815 17th Ave, Brooklyn, NY 11214, United States",40.6127533,-74.0003561,Success
Nom Tea,Sunset Park,"7901 17th Ave, Brooklyn, NY 11214, United States",40.6123657,-74.0006557,Success
Shobu Sushi,Sunset Park,"9427 5th Ave, Brooklyn, NY 11209, United States",40.6158217,-74.0307129,Success
Papa John's Pizza,Sunset Park,"5804 5th Ave, Brooklyn, NY 11220, United States",40.6406327,-74.0152854,Success
High Five,Sunset Park,"1684 86th St, Brooklyn, NY 11214, United States",40.6087503,-74.0053865,Success
The Whale Tea,Sunset Park,"6511 Bay Pkwy, Brooklyn, NY 11204, United States",40.6133641,-73.9814427,Success
Happy Cuisine,Sunset Park,"5014 8th Ave, Brooklyn, NY 11220, United States",40.640888,-74.0041974,Success
J San Sushi,Sunset Park,"6807 Bay Pkwy, Brooklyn, NY 11204, United States",40.6115712,-73.9835795,Success
Stuffed ice cream,Sunset Park,"6805 Bay Pkwy, Brooklyn, NY 11204, United States",40.6115953,-73.9835536,Success
80's Tea,Sunset Park,"1425 W 10th St, Brooklyn, NY 11204, United States",40.6105702,-73.983909,Success
kowloon tong,Sunset Park,"11 Bay 20th St, Brooklyn, NY 11214, United States",40.6059954,-74.0013742,Success
DUMPLING QUEEN,Sunset Park,"1929 86th St, Brooklyn, NY 11214, United States",40.6055738,-73.999531,Success
Kushi Asian Fusion,Sunset Park,"1934 86th St, Brooklyn, NY 11214, United States",40.6052206,-73.9998176,Success
Seeher,Sunset Park,"220 36th St, Brooklyn, NY 11232, United States",40.6564675,-74.0067606,Success
Yi Fang,Sunset Park,"774 58th St, Brooklyn, NY 11220, United States",40.6367828,-74.0089185,Success
Nai Brother 86,Sunset Park,"1946 86th St, Brooklyn, NY 11214, United States",40.6050647,-73.9994526,Success
Dun Huang,Sunset Park,"817 60th St, Brooklyn, NY 11220, United States",40.6353649,-74.0089306,Success
YIXIN RESTAURANT,Sunset Park,"5805 8th Ave, Brooklyn, NY 11220, United States",40.6363969,-74.0084297,Success
Ting Fai Cuisine,Sunset Park,"1962 86th St, Brooklyn, NY 11214, United States",40.6047849,-73.9991063,Success
New Farmer,Sunset Park,"679 5th Ave, Brooklyn, NY 11215, United States",40.6615817,-73.9928396,Success
Tera,Sunset Park,"14b 53rd St, Brooklyn, NY 11232, United States",40.6502107,-74.0234903,Success
Gus's Pizzeria,Sunset Park,"1750 Bath Ave, Brooklyn, NY 11214, United States",40.604104,-74.006968,Success
Hangover Burger,Sunset Park,"2013 86th St, Brooklyn, NY 11214, United States",40.6045244,-73.9976636,Success
Hangover Korean Fried Chicken,Sunset Park,"2013 86th St, Brooklyn, NY 11214, United States",40.6045244,-73.9976636,Success
Fu Yuan,Sunset Park,"2021 86th St, Brooklyn, NY 11214, United States",40.6043686,-73.9975545,Success
Cuihua Kitchen INC.,Sunset Park,"2004 86th St, Brooklyn, NY 11214, United States",40.6043981,-73.998222,Success
Martian Tea,Sunset Park,"6116 7th Ave, Brooklyn, NY 11220, United States",40.636018,-74.012946,Success
98K Hamburger,Sunset Park,"6217 8th Ave, Brooklyn, NY 11220, United States",40.6338281,-74.0108814,Success
Me-Do Dessert,Sunset Park,"3 Bay 25th St, Brooklyn, NY 11214, United States",40.6038369,-73.9975809,Success
Ten Seconds Yunnan Rice Noodle,Sunset Park,"2059 86th St, Brooklyn, NY 11214, United States",40.6038437,-73.9966832,Success
TwoC Coffee,Sunset Park,"1862 Bath Ave, Brooklyn, NY 11214, United States",40.6027275,-74.0043858,Success
Yinji,Sunset Park,"2122 86th St, Brooklyn, NY 11214, United States",40.60281,-73.9955904,Success
Superior Wonton Noodles,Sunset Park,"2145 86th St, Brooklyn, NY 11214, United States",40.6028418,-73.9947395,Success
Popot,Sunset Park,"7th Avenue &, 43rd St, Brooklyn, NY 11232, United States",40.6479517,-74.0037443,Success
Chop Stix Food Hall,Sunset Park,"2172 86th St, Brooklyn, NY 11214, United States",40.6020742,-73.9943681,Success
Daimaru Ramen &Udon,Sunset Park,"136-20 Roosevelt Ave, Flushing, NY 11354, United States",40.7595344,-73.8289884,Success
Yozi Duck Vermicelli soup,Sunset Park,"5805 8th Ave, Brooklyn, NY 11220, United States",40.6363969,-74.0084297,Success
Shundeck Restaurants Inc,Sunset Park,"2332 86th St, Brooklyn, NY 11214, United States",40.5998849,-73.9909236,Success
Delicacy Passion Patisserie,Sunset Park,"2379 86th St, Brooklyn, NY 11214, United States",40.5995178,-73.9894556,Success
Yoyo chicken,Sunset Park,"860 Nostrand Ave, Brooklyn, NY 11225, United States",40.668608,-73.9509299,Success
Benson Eating Station,Sunset Park,"2435 86th St, Brooklyn, NY 11214, United States",40.5988249,-73.988291,Success
Kogane Ramen,Sunset Park,"774 53rd St, Brooklyn, NY 11220, United States",40.6394962,-74.0060155,Success
Teriyaki One,Sunset Park,"34 Willoughby St, Brooklyn, NY 11201, United States",40.6921481,-73.9875889,Success
Lotus,Sunset Park,"229 5th Ave, Brooklyn, NY 11215, United States",40.6755197,-73.9809017,Success
Kyuburger,Sunset Park,"774 53rd St, Brooklyn, NY 11220, United States",40.6394962,-74.0060155,Success
Pho88,Sunset Park,"314 Bedford Ave, Brooklyn, NY 11211, United States",40.7136831,-73.9621056,Success
Kracklaw Seafood & Japanese  Express,Sunset Park,"719 Flatbush Ave, Brooklyn, NY 11226, United States",40.6554583,-73.9596448,Success
ming mun,Sunset Park,"196 Smith St, Brooklyn, NY 11201, United States",40.6850832,-73.9917756,Success
Mars Tea,Sunset Park,"6116 7th Ave, Brooklyn, NY 11220, United States",40.636018,-74.012946,Success
Poke Bowl Station,Sunset Park,"6116 7th Ave, Brooklyn, NY 11220, United States",40.636018,-74.012946,Success
Squarrel Cafe,Sunset Park,"572 Atlantic Ave, Brooklyn, NY 11217, United States",40.6844229,-73.9789175,Success
Vivi bubble Tea,Sunset Park,"5002 5th Ave, Brooklyn, NY 11220, United States",40.6451942,-74.0106404,Success
Bites of Xi'an,Sunset Park,"318 Livingston St, Brooklyn, NY 11217, United States",40.6879682,-73.9820456,Success
I' Milky,Sunset Park,"105 Court St, Brooklyn, NY 11201, United States",40.6907702,-73.9916991,Success
Hainan Jones,Sunset Park,"4807 8th Ave, Brooklyn, NY 11220, United States",40.6419485,-74.0026598,Success
Wok Fusion Kitchen,Sunset Park,"4724 4th Ave, Brooklyn, NY 11220, United States",40.647798,-74.011578,Success
HEY TEA,Sunset Park,"705 59th St, Brooklyn, NY 11220, United States",40.6373596,-74.0108599,Success
Wanpo,Sunset Park,"72 Willoughby St, Brooklyn, NY 11201, United States",40.6919661,-73.9858408,Success
Din Soup Dumplings,Sunset Park,"162 Montague St Fl 2, Brooklyn, NY 11201, United States",40.6941973,-73.992897,Success
don Neo fusion,Sunset Park,"142 Montague St 2nd Floor, Brooklyn, NY 11201, United States",40.694385,-73.99368,Success
Sushi D,Sunset Park,"713 61st St, Brooklyn, NY 11220, United States",40.6359962,-74.0117485,Success
A bag of snacks,Sunset Park,"5311 5th Ave, Brooklyn, NY 11220, United States",40.6430827,-74.012238,Success
Pelicana Chicken,Sunset Park,"941 Manhattan Ave, Brooklyn, NY 11222, United States",40.7314215,-73.9546208,Success
One Two Free Sushi,Sunset Park,"318 Cortelyou Rd, Brooklyn, NY 11218, United States",40.6380974,-73.9757812,Success
Orchid Tea Cafe,Sunset Park,"4602 7th Ave, Brooklyn, NY 11220, United States",40.6447612,-74.0039179,Success
Sanhao BBQÂ·Authentic ZiBo BBQÂ·BK first store,Sunset Park,"5224 8th Ave, Brooklyn, NY 11220, United States",40.6396379,-74.0056011,Success
Poke Bowl 101,Sunset Park,"4314 8th Ave, Brooklyn, NY 11232, United States",40.6448509,-74.0001394,Success
Ping ge bbq,Sunset Park,"815 54th St, Brooklyn, NY 11220, United States",40.6387082,-74.0054998,Success
Full up cafe,Sunset Park,"4321 8th Ave, Brooklyn, NY 11232, United States",40.6445281,-73.9999894,Success
Xia ChaoÂ·Midnight,Sunset Park,"5722B 58th St Between 7th &, 5722 8th Ave b7, Brooklyn, NY 11220, United States",40.6369317,-74.0086101,Success
Chicken N'Baos,Sunset Park,"7314 13th Ave, Brooklyn, NY 11228, United States",40.6212973,-74.0067202,Success
H & J Bakery INC,Sunset Park,"6417 17th Ave, Brooklyn, NY 11204, United States",40.6207432,-73.9920296,Success
Steambox,Sunset Park,"6217 8th Ave, Brooklyn, NY 11220, United States",40.633901,-74.011003,Success
New Sky Bakery,Sunset Park,"6625 Bay Pkwy, Brooklyn, NY 11204, United States",40.6128339,-73.9822286,Success
Sunrise Bakery,Sunset Park,"4564 2nd Ave, Brooklyn, NY 11232, United States",40.6523902,-74.0169014,Success
Good View Bakery,Sunset Park,"4518 8th Ave, Brooklyn, NY 11220, United States",40.6436023,-74.0013424,Success
Taiwai Station,Sunset Park,"5510 7th Ave, Brooklyn, NY 11220, United States",40.6395136,-74.0091797,Success
on time canteen,Sunset Park,"2436 Nostrand Ave, Brooklyn, NY 11210, United States",40.6253062,-73.9467931,Success
Greenwood,Sunset Park,"Greenwood Heights, Brooklyn, NY, USA",40.6574401,-73.9975063,Success
Dongfang breakfast,Sunset Park,"433A Ralph Ave, Brooklyn, NY 11233, United States",40.674301,-73.921808,Success
LanTing BBQ Hot Pot,Sunset Park,"5823 7th Ave, Brooklyn, NY 11220, United States",40.6374888,-74.0108591,Success
In ChaÂ·Guilin Rice Noodles,Sunset Park,"6003 7th Ave, Brooklyn, NY 11220, United States",40.6365993,-74.0118008,Success
Chun Yang Tea,Sunset Park,"6016 8th Ave, Brooklyn, NY 11220, United States",40.6352252,-74.0100533,Success
No.1 Noodle House,Sunset Park,"752A 61st St, Brooklyn, NY 11220, United States",40.635291,-74.011219,Success
Totally Wings,Sunset Park,"5802 5th Ave, Brooklyn, NY 11220, United States",40.6406604,-74.0153419,Success
CUCI,Sunset Park,"7th Avenue &, 43rd St, Brooklyn, NY 11232, United States",40.6479517,-74.0037443,Success
Hand Pull Noodle & Dumplings House,Sunset Park,"7201 18th Ave, Brooklyn, NY 11204, United States",40.6149904,-73.9941736,Success
Shiawase,Sunset Park,"7th Avenue &, 43rd St, Brooklyn, NY 11232, United States",40.6479517,-74.0037443,Success
happy salad,Sunset Park,"1912 86th St, Brooklyn, NY 11214, United States",40.6055794,-74.0001719,Success
Mango Mango,Sunset Park,"5302 7th Ave, Brooklyn, NY 11220, United States",40.6407309,-74.0079027,Success
Double Fire Inc. Ave U,Sunset Park,"6018 8th Ave, Brooklyn, NY 11220, United States",40.635125,-74.0101539,Success
Rice Noodle,Sunset Park,"8th Ave &, 61st St, Brooklyn, NY 11220, United States",40.6349152,-74.0101579,Success
Hero,Sunset Park,"406 36th St, Brooklyn, NY 11232, United States",40.6540315,-74.0041701,Success
Orchid Tea Dim Sum Cafe Â·Fan Meal,Sunset Park,"4618 8th Ave, Brooklyn, NY 11220, United States",40.6430233,-74.0019761,Success
Gia Lam,Sunset Park,"4810 8th Ave, Brooklyn, NY 11220, United States",40.6420519,-74.0029513,Success
Wong Wong Noodle Soup,Sunset Park,"5410 8th Ave, Brooklyn, NY 11220, United States",40.6387055,-74.0064379,Success
Gia Lam II,Sunset Park,"5414 8th Ave, Brooklyn, NY 11220, United States",40.638656,-74.006489,Success
Hawaiian Fried WingsÂ·Fan Meal,Sunset Park,"5715 5th Ave, Brooklyn, NY 11220, United States",40.6408105,-74.0146029,Success
Dao Piao XiangÂ·Fan Meal,Sunset Park,"772 57th St, Brooklyn, NY 11220, United States",40.6373472,-74.0083085,Success
HO JING RESTAURANT,Sunset Park,"5301 8th Ave, Brooklyn, NY 11220, United States",40.6391835,-74.0052838,Success
Meet FreshÂ·Fan Deals,Sunset Park,"5815 8th Ave, Brooklyn, NY 11220, United States",40.636261,-74.0085724,Success
Pokebowl StationÂ·Fan Deals,Sunset Park,"6116 7th Ave, Brooklyn, NY 11220, United States",40.636018,-74.012946,Success
NG'S KITCHEN INC,Sunset Park,"6012 8th Ave, Brooklyn, NY 11220, United States",40.6353025,-74.0099735,Success
YiPoh Kitchen`Fan Deals,Sunset Park,"6415 11th Ave, Brooklyn, NY 11219, United States",40.6287642,-74.0055748,Success
Lin Mini Cafe,Sunset Park,"775 49th St, Brooklyn, NY 11220, United States",40.6419097,-74.0033104,Success
Good Friend 88,Sunset Park,"176 Marcus Garvey Blvd, Brooklyn, NY 11221, United States",40.6922669,-73.9400342,Success
YuPin Pan Yum Bao,Sunset Park,"5103 8th Ave, Brooklyn, NY 11220, United States",40.6403809,-74.0042166,Success
Pho 60,Sunset Park,"1001 60th St, Brooklyn, NY 11219, United States",40.6328691,-74.004943,Success
New Jin Xin,Sunset Park,"7102 18th Ave, Brooklyn, NY 11204, United States",40.6157375,-73.9939063,Success
Tak Hing Kitchen,Sunset Park,"1946 86th St, Brooklyn, NY 11214, United States",40.6051121,-73.9993922,Success
Kongshang Flower Restaurant,Sunset Park,"6011 4th Ave, Brooklyn, NY 11220, United States",40.6404756,-74.0185295,Success
Lang Qi,Sunset Park,"710 57th St, Brooklyn, NY 11220, United States",40.6382617,-74.0097914,Success
Chuan Food,Sunset Park,"5502 7th Ave, Brooklyn, NY 11220, United States",40.6396177,-74.0090711,Success
Thanh Da,Sunset Park,"6008 7th Ave, Brooklyn, NY 11220, United States",40.6366244,-74.0121942,Success
Xing Shun 8 INC,Sunset Park,"801 59th St, Brooklyn, NY 11220, United States",40.6360977,-74.0087591,Success
Letian Breakfast,Sunset Park,"4024 8th Ave, Brooklyn, NY 11232, United States",40.6463286,-73.9984954,Success
Ding taixuan,Sunset Park,"5210 7th Ave, Brooklyn, NY 11220, United States",40.6411904,-74.0074404,Success
Cha Cha Nian,Sunset Park,"257 6th Ave, New York, NY 10014, United States",40.7290259,-74.002807,Success
Xiaoao Fishball,Sunset Park,"6020 8th Ave, Brooklyn, NY 11220, United States",40.6352015,-74.0100763,Success
Teazzi,Sunset Park,"774 58th St, Brooklyn, NY 11220, United States",40.6367449,-74.0089776,Success
Song Yue BBQ,Sunset Park,"828 64th St, Brooklyn, NY 11220, United States",40.6325948,-74.0112831,Success
Pho Table - Fort Hamilton,Sunset Park,"6821 Fort Hamilton Pkwy, Brooklyn, NY 11219, United States",40.6286706,-74.0117497,Success
Rice Village tea restaurant,Sunset Park,"6009 7th Ave, Brooklyn, NY 11220, United States",40.6365325,-74.0118703,Success
YIXIN RESTAURANT,Sunset Park,"5301 8th Ave, Brooklyn, NY 11220, United States",40.6391835,-74.0052838,Success
Seafood Palace,Sunset Park,"714 65th St, Brooklyn, NY 11220, United States",40.6335361,-74.0143292,Success
Tianfu BBQ,Sunset Park,"87 35th St, Brooklyn, NY 11232, United States",40.6566303,-74.0063536,Success
39 Price Cafe,Sunset Park,"889 5th Ave, Brooklyn, NY 11232, United States",40.6512921,-74.0036999,Success
Chuan Yue Huo Xian on Crabs,Sunset Park,"5609 7th Ave, Brooklyn, NY 11220, United States",40.6388099,-74.0095013,Success
Xin Dong Yi Feng,Sunset Park,"5301 8th Ave, Brooklyn, NY 11220, United States",40.6391835,-74.0052838,Success
Royal Queen,Sunset Park,"752B 61st St, Brooklyn, NY 11220, United States",40.635291,-74.011219,Success
Wan Hao,Sunset Park,"717 61st St, Brooklyn, NY 11220, United States",40.63598,-74.011558,Success
Deng Ji Yun Nan Rice Noodle Kissena,Sunset Park,"46-22 Kissena Blvd, Flushing, NY 11355, United States",40.7499004,-73.8188645,Success
Singas Famous Pizza,Sunset Park,"409 Knickerbocker Ave #5, Brooklyn, NY 11237, United States",40.6999296,-73.9198884,Success
Midnight Cafeteria,Sunset Park,"889 5th Ave, Brooklyn, NY 11232, United States",40.6512921,-74.0036999,Success
Zhang Liang Spicy Hotpot,Sunset Park,"66 Mott St, New York, NY 10013, United States",40.7160888,-73.997952,Success
Mr. Dong,Sunset Park,"711 54th St, Brooklyn, NY 11220, United States",40.6401301,-74.00776,Success
Roosevelt BBQ,Sunset Park,"87 35th St, Brooklyn, NY 11232, United States",40.6566303,-74.0063536,Success
贡茶 Union St,Flushing,"40-06 Union St, Flushing, NY 11354, United States",40.760202,-73.8265228,Success
Mango Mango法拉盛,Flushing,"136-28 39th Ave, Flushing, NY 11354, United States",40.7603449,-73.8292432,Success
茉莉奶白,Flushing,"37-11 Prince St, Flushing, NY 11354, United States",40.7605639,-73.8326494,Success
雾鲜 WUXIAN TEA,Flushing,"135-20 37th Ave, Flushing, NY 11354, United States",40.7609449,-73.8322365,Success
悸劯TEAPULSE,Flushing,"37-17 Prince St, Flushing, NY 11354, United States",40.7604211,-73.8325991,Success
瓷禧Teazzi,Flushing,"135-17 38th Ave, Flushing, NY 11354, United States",40.7604876,-73.8320743,Success
Artisan奶茶,Flushing,"135-22 37th Ave, Queens, NY 11354, United States",40.7609665,-73.8321668,Success
Ke Tea・可茶,Flushing,"36-12 Main St #1FL, Flushing, NY 11354, United States",40.7626144,-73.8321563,Success
老虎堂 地铁口旗舰店,Flushing,"New World Mall Food Court, 136-20 Roosevelt Ave Unit 012, Flushing, NY 11354, United States",40.7593046,-73.8291343,Success
茶霸•缅街地铁口•奶茶,Flushing,"135-50 Roosevelt Ave, Flushing, NY 11354, United States",40.7593716,-73.830353,Success
TP Tea 茶汤会（美东首家）,Flushing,"36-41 Prince St, Flushing, NY 11354, United States",40.7612517,-73.8327347,Success
王室茶园Prince Tea House,Flushing,"36-39 Prince St, Flushing, NY 11354, United States",40.7613033,-73.832696,Success
贡茶.新世界 •奶茶,Flushing,"136-20 Roosevelt Ave, Flushing, NY 11354, United States",40.7596278,-73.829044,Success
功夫茶Kung Fu Tea(新世界）,Flushing,"136-20 Roosevelt Ave #7, Flushing, NY 11354, United States",40.7596904,-73.8290699,Success
馋百妹总店(新世界缅街总店),Flushing,"135-11 38th Ave, Flushing, NY 11354, United States",40.7604397,-73.8322148,Success
三圆台式甜品,Flushing,"136-20 Roosevelt Ave #010, Flushing, NY 11354, United States",40.7593046,-73.8291343,Success
魔力鲜,Flushing,"136 Roosevelt Ave #20, Flushing, NY 11354, United States",40.7593577,-73.8290877,Success
BusyBee咖啡 •美式Brunch,Flushing,"35-20 Leavitt St, Flushing, NY 11354, United States",40.7643877,-73.8290248,Success
愿茶一店（缅街）,Flushing,"42-35 Main St, Flushing, NY 11355, United States",40.7547151,-73.8276905,Success
大班饼屋Tai Pan Bakery,Flushing,"37-25 Main St, Flushing, NY 11354, United States",40.7610794,-73.8307122,Success
HEYTEA喜茶 (Flushing Main Street),Flushing,"36-56 Main St, Flushing, NY 11354, United States",40.7617303,-73.8314328,Success
芳茗轩 • 茶叶• 礼盒,Flushing,"36-60 Main St 1st floor, Flushing, NY 11354, United States",40.7614777,-73.8315866,Success
zaza tea手打柠檬茶,Flushing,"136-84 Roosevelt Ave, Flushing, NY 11354, United States",40.7601944,-73.8270833,Success
今喜烘培•Jinsee.提拉米苏,Flushing,"136-76 Roosevelt Ave, Flushing, NY 11354, United States",40.760089,-73.8273423,Success
新品上袋｜喪茶,Flushing,"36-41 Prince St, Flushing, NY 11354, United States",40.7612517,-73.8327347,Success
THE DUO・咖啡,Flushing,"36-20 Main St, Flushing, NY 11354, United States",40.7625139,-73.8319663,Success
Sweet Cats Cafe 法拉盛,Flushing,"168-17 Union Tpke, Flushing, NY 11366, United States",40.7233708,-73.7996709,Success
Artisan・奶茶・flushing,Flushing,"135-22 37th Ave, Queens, NY 11354, United States",40.7609665,-73.8321668,Success
PARTEA玩茶,Flushing,"135-29 Roosevelt Ave, Flushing, NY 11354, United States",40.7594323,-73.8309993,Success
順家麻辣・Union St,Flushing,"35-48 Union St, Flushing, NY 11354, United States",40.7642186,-73.8282132,Success
撩香米粉,Flushing,"36-34 Union St, Flushing, NY 11354, United States",40.7627967,-73.8279335,Success
正宗沙具小吃（法拉盛）,Flushing,"36-24 Union St, Flushing, NY 11354, United States",40.763041,-73.828016,Success
敦煌兰州牛肉面(法拉盛）,Flushing,"136-21 37th Ave, Flushing, NY 11354, United States",40.7619076,-73.8303752,Success
Tai Tea 台派炸物＆拉面馆,Flushing,"136-55 Roosevelt Ave, Flushing, NY 11354, United States",40.7602681,-73.8282233,Success
101茶作 小台北＆拉面屋,Flushing,"135-22 37th Ave, Queens, NY 11354, United States",40.7609665,-73.8321668,Success
海底捞便当盒饭简餐店,Flushing,"138-23 39th Ave, Flushing, NY 11354, United States",40.7613242,-73.8280583,Success
刘一手麻辣香锅冒菜,Flushing,"136-76 39th Ave, Flushing, NY 11354, United States",40.7607682,-73.8276729,Success
Nuan Xin Rice Roll · 暖心饭团,Flushing,"136 - 55 Roosevelt Ave, Flushing, NY 11354, United States",40.7602851,-73.8281716,Success
旺盛饭店•独享套餐,Flushing,"136-51 Roosevelt Ave, Flushing, NY 11354, United States",40.7601449,-73.8283236,Success
西安小吃(罗斯福）,Flushing,"41-10 Main St, Flushing, NY 11355, United States",40.7578699,-73.8296542,Success
云吞妹 Flushing,Flushing,"135-11 38th Ave, Flushing, NY 11354, United States",40.7604397,-73.8322148,Success
表妹螺蛳粉•法拉盛,Flushing,"36-34 Union St, Flushing, NY 11354, United States",40.7627967,-73.8279335,Success
一手包子店 • 粥面点心,Flushing,"142-54 Roosevelt Ave, Flushing, NY 11354, United States",40.7608588,-73.8246422,Success
椒珍麻辣烫•麻辣香锅,Flushing,"133-36 37th Ave, Flushing, NY 11354, United States",40.7602944,-73.8335025,Success
Zhengzhou Noodles Inc,Flushing,"136-17 41st Ave, Flushing, NY 11355, United States",40.7588005,-73.8289625,Success
云楠米线,Flushing,"36-50 Main St, Flushing, NY 11354, United States",40.7617942,-73.831558,Success
粥之家1广式风味,Flushing,"36-36 Prince St, Flushing, NY 11354, United States",40.7610111,-73.8330579,Success
快鹿小吃,Flushing,"135-46 Roosevelt Ave, Flushing, NY 11354, United States",40.7593428,-73.8304404,Success
湖南嗦粉,Flushing,"3636 Prince St #102, Flushing, NY 11354, United States",40.7608752,-73.8332365,Success
湖南嗦粉1刀特惠 贵州苗家,Flushing,"41-28 Main St #8T, Flushing, NY 11355, United States",40.7571727,-73.8293161,Success
君豪烧腊丨超值便当 •独享套餐,Flushing,"35-38 Union St, Flushing, NY 11354, United States",40.7644351,-73.8281866,Success
立减13.5刀 •蒸功夫,Flushing,"136-20 Roosevelt Ave, Flushing, NY 11354, United States",40.7593046,-73.8291343,Success
重庆小面,Flushing,"136-20 Roosevelt Ave, Flushing, NY 11354, United States",40.759346,-73.829133,Success
小螺啰螺蛳粉新世界,Flushing,"136-20 Roosevelt Ave #009, Flushing, NY 11354, United States",40.7593046,-73.8291343,Success
珍云南 过桥米线,Flushing,"136-20 Roosevelt Ave, Flushing, NY 11354, United States",40.7593046,-73.8291343,Success
游子老鸭粉丝汤•新世界店,Flushing,"136-20 Roosevelt Ave Store #20, 136-20 Roosevelt Ave #20, Flushing, NY 11354, United States",40.7595344,-73.8291763,Success
君豪快餐•新世界美食城,Flushing,"133-35 Roosevelt Ave, Flushing, NY 11354, United States",40.7586803,-73.8331476,Success
六六生煎王,Flushing,"136-20 Roosevelt Ave #29, Flushing, NY 11354, United States",40.759321,-73.829053,Success
新世界兰州拉面,Flushing,"Food Court, 133-35 Roosevelt Ave #22, Flushing, NY 11354, United States",40.7586841,-73.8331736,Success
小红楼•第一上海菜,Flushing,"36-36 Prince St, Flushing, NY 11354, United States",40.7611101,-73.8330431,Success
吖米米线,Flushing,"40-09 Prince St, Flushing, NY 11354, United States",40.7586691,-73.8315545,Success
饱藏小吃 •卷凉皮,Flushing,"35-32 Union St #1FL, Flushing, NY 11354, United States",40.7645608,-73.8282827,Success
便当屋,Flushing,"136-75 Roosevelt Ave, Flushing, NY 11354, United States",40.7603511,-73.8275041,Success
家乐饼屋,Flushing,"134-32 Northern Blvd, Flushing, NY 11354, United States",40.7625016,-73.8335619,Success
新客送|秀八珍 •早餐,Flushing,"37-12 Main St, Flushing, NY 11354, United States",40.7611072,-73.8310692,Success
沟帮子烧鸡 熟食新世界,Flushing,"35-26 Farrington St, Flushing, NY 11354, United States",40.7636999,-73.8316212,Success
饱藏小吃•卷凉皮 法拉盛,Flushing,"35-32 Union St #1FL, Flushing, NY 11354, United States",40.7645608,-73.8282827,Success
老成都,Flushing,"37-17 Prince St, Flushing, NY 11354, United States",40.7603491,-73.8325185,Success
皇功夫脆骨杯,Flushing,"13617 39th Ave, Flushing, NY 11354, United States",40.7609026,-73.8294676,Success
地王手撕鸡,Flushing,"41-42A Main St, Flushing, NY 11355, United States",40.7569879,-73.8291138,Success
天津包子铺•新世界,Flushing,"136-20 Roosevelt Ave #27, Flushing, NY 11354, United States",40.7593046,-73.8291343,Success
馋百妹总店,Flushing,"135-11 38th Ave, Flushing, NY 11354, United States",40.7604397,-73.8322148,Success
哥俩好砂锅士豆粉•盖饭,Flushing,"36-36 Prince St, Flushing, NY 11354, United States",40.7610111,-73.8330579,Success
顺家湘菜•盖饭•相约酒Bar,Flushing,"3626A Union St, Flushing, NY 11354, United States",40.7629575,-73.827978,Success
龙门客栈 DRAGON GATE,Flushing,"39-16 Prince St G02, Flushing, NY 11354, United States",40.7591841,-73.8326151,Success
湘水山庄・米其林推荐,Flushing,"137-40 Northern Blvd, Flushing, NY 11354, United States",40.7632665,-73.8296845,Success
海底捞火锅,Flushing,"138-23 39th Ave, Flushing, NY 11354, United States",40.7613242,-73.8280583,Success
辛辣功夫•麻辣烫•麻辣香锅,Flushing,"35-48 Union St, Flushing, NY 11354, United States",40.7642186,-73.8282132,Success
刘一手火锅 •独享套餐,Flushing,"136-76 39th Ave, Flushing, NY 11354, United States",40.7607682,-73.8276729,Success
张亮麻辣烫•麻辣香锅•法拉盛,Flushing,"13649 Roosevelt Ave, Flushing, NY 11354, United States",40.7602635,-73.8284243,Success
蜀巷 •冒烤鸭|特价午餐,Flushing,"136-45 41st Ave, Flushing, NY 11355, United States",40.7590105,-73.8279815,Success
老成都 LaoChengDu Spicy Food,Flushing,"37-17 Prince St, Flushing, NY 11354, United States",40.7603491,-73.8325185,Success
重庆老灶• 火锅,Flushing,"37-04 Prince St, Flushing, NY 11354, United States",40.7606738,-73.8330235,Success
1刀炒饭丨瀚宾园,Flushing,"41-19 Kissena Blvd, Flushing, NY 11355, United States",40.7582615,-73.8286011,Success
河北饼卷肉•麻辣烫,Flushing,"41-28 Main St, Flushing, NY 11355, United States",40.7571727,-73.8293161,Success
嗦粉世家,Flushing,"3636 Prince St #102, Flushing, NY 11354, United States",40.7608752,-73.8332365,Success
湘当有料Young and Rich NY,Flushing,"3619 Prince St, Queens, NY 11354, United States",40.7618164,-73.8327435,Success
跨店点餐 新世界美食城,Flushing,"133-35 Roosevelt Ave, Flushing, NY 11354, United States",40.7586803,-73.8331476,Success
食悦抚顺麻辣拌•特惠套餐,Flushing,"136-21 Roosevelt Ave, Flushing, NY 11354, United States",40.7599986,-73.8293434,Success
胖东来肉蟹煲•独享套餐,Flushing,"136-20 Roosevelt Ave, Flushing, NY 11354, United States",40.7593415,-73.8291722,Success
渔人码头 热炒,Flushing,"13620 Roosevelt Ave, Flushing, NY 11354, United States",40.7591984,-73.8292881,Success
客来勤(新世界）,Flushing,"133-35 Roosevelt Ave, Flushing, NY 11354, United States",40.7586803,-73.8331476,Success
天府麻辣香錫・新世界店,Flushing,"133-47 Roosevelt Ave, Flushing, NY 11354, United States",40.7588619,-73.8326858,Success
韩松亭•老字号 • 麻辣烫,Flushing,"37-02 Main St, Flushing, NY 11354, United States",40.7612787,-73.8314455,Success
四川坂店・川菜,Flushing,"13693 37th Ave, Flushing, NY 11354, United States",40.7625091,-73.8278219,Success
张亮家的麻辣香锅,Flushing,"35-48 Union St, Flushing, NY 11354, United States",40.7642186,-73.8282132,Success
(鸡尾酒买一送一）锦厨中式,Flushing,"41-29 Main St, Flushing, NY 11355, United States",40.7574725,-73.8288769,Success
老妈麻辣烫•新世界,Flushing,"136-20 Roosevelt Ave, Flushing, NY 11354, United States",40.7593211,-73.8290528,Success
大喜川菜,Flushing,"136-20 Roosevelt Ave #2R, Flushing, NY 11354, United States",40.7593211,-73.8290528,Success
周记烧烤,Flushing,"3907 Prince St, Flushing, NY 11354, United States",40.7597318,-73.8322555,Success
一把手烧烤（法拉盛),Flushing,"36-22 Union St, Flushing, NY 11354, United States",40.7630759,-73.8280429,Success
Umi Tea 夜宵版,Flushing,"3542 Union St, Flushing, NY 11354, United States",40.764337,-73.828251,Success
牧香串店 •烧烤烤串,Flushing,"136-88 Roosevelt Ave, Flushing, NY 11354, United States",40.760168,-73.8269517,Success
友情客串•烧烤.鲜活小龙虾,Flushing,"136-76 39th Ave, Flushing, NY 11354, United States",40.7607901,-73.8276825,Success
老高烧烤纽约店Gao's BBQ & Crab New York,Flushing,"136-72 Roosevelt Ave, Flushing, NY 11354, United States",40.760001,-73.8274707,Success
小魏麻辣鸭脖,Flushing,"136-55 Roosevelt Ave, Flushing, NY 11354, United States",40.760181,-73.8281813,Success
在野 •烧烤小串,Flushing,"142-26 Roosevelt Ave, Flushing, NY 11354, United States",40.7605455,-73.825327,Success
胖哥烧烤•炸串,Flushing,"142-41 Roosevelt Ave, Flushing, NY 11354, United States",40.7610236,-73.8248896,Success
天津胃YuanStar•卷圈,Flushing,"41-10 Main St, Flushing, NY 11355, United States",40.7578699,-73.8296542,Success
可可小卤（法拉盛）,Flushing,"37-20 Prince St, Flushing, NY 11354, United States",40.7602126,-73.8330397,Success
月花坊,Flushing,"40-26 Union St, Flushing, NY 11354, United States",40.7596521,-73.8262619,Success
CRISPY BURGER脆脆鸡,Flushing,"3617 Main St CU8, Flushing, NY 11354, United States",40.7626417,-73.8315736,Success
牛B串・焼烤串串,Flushing,"136-21 41st Ave, Flushing, NY 11355, United States",40.7588578,-73.8287175,Success
CooCooCaChoo | Tangram,Flushing,"133-33 39th Ave, Flushing, NY 11354, United States",40.7596804,-73.8335486,Success
Popeyes 佰百鸡,Flushing,"4006 Main St, Flushing, NY 11354, United States",40.7593309,-73.8302214,Success
从前的小酒馆 Little Skewer,Flushing,"103&105, 36-36 Prince St, Flushing, NY 11354, United States",40.7610248,-73.8331191,Success
免费鸡翅！摇滚鸡 Chick Rocks,Flushing,"136-20 Roosevelt Ave #25, Flushing, NY 11354, United States",40.7593046,-73.8291343,Success
铁板鱿鱼 •炸串(新世界）,Flushing,"136-20 Roosevelt Ave #008, Flushing, NY 11354, United States",40.7593046,-73.8291343,Success
欧尚OuSun Teriyaki铁板烧,Flushing,"136-20 Roosevelt Ave STE 31, Queens, NY 11354, United States",40.7593046,-73.8291343,Success
hwarak lab 火乐炙烤实验室,Flushing,"136-95 Roosevelt Ave, Flushing, NY 11354, United States",40.7605248,-73.826797,Success
九号炸鸡,Flushing,"13617 39th Ave, Flushing, NY 11354, United States",40.7609026,-73.8294676,Success
阳地村烧烤,Flushing,"35-14 Farrington St, Flushing, NY 11354, United States",40.7639759,-73.8317342,Success
纽约黑鸭王 ALL ABOUT DUCK,Flushing,"136-55 Roosevelt Ave, Flushing, NY 11354, United States",40.760181,-73.8281813,Success
台北夯 5折便当Taipei Hong,Flushing,"136-55 Roosevelt Ave, Flushing, NY 11354, United States",40.7602681,-73.8282233,Success
闽都盛宴,Flushing,"3607 Prince St, Flushing, NY 11354, United States",40.762165,-73.832863,Success
东粵海鲜酒家,Flushing,"136-14 38th Ave, Flushing, NY 11354, United States",40.7609211,-73.8301546,Success
阿中台湾小吃.新世界美食城,Flushing,"136-20 Roosevelt Ave #006, Flushing, NY 11354, United States",40.7593046,-73.8291343,Success
维吞尔美食,Flushing,"39-16 Prince St #104, Flushing, NY 11354, United States",40.7595745,-73.8324111,Success
老克勒X大喜川菜,Flushing,"136-20 Roosevelt Ave #2R, Flushing, NY 11354, United States",40.7593211,-73.8290528,Success
富源肠粉,Flushing,"135-43 Roosevelt Ave, Flushing, NY 11354, United States",40.7595514,-73.8306215,Success
千禧宴会•夜宵独家套餐,Flushing,"135-29 37th Ave, Queens, NY 11354, United States",40.7613175,-73.832056,Success
千禧宴会 •早茶点心 •海鲜炖汤,Flushing,"135-29 37th Ave, Flushing, NY 11354, United States",40.7613212,-73.8320583,Success
稻香肠粉 •运费优惠,Flushing,"136 - 55 Roosevelt Ave, Flushing, NY 11354, United States",40.7602851,-73.8281716,Success
御香园・老牌粤菜,Flushing,"142-38 Roosevelt Ave, Flushing, NY 11354, United States",40.7606101,-73.825157,Success
鸿旺闽菜•福州三菜一汤,Flushing,"36-35 Main St, Flushing, NY 11354, United States",40.7623869,-73.8314214,Success
老兰冰室•老蘭茶餐厅,Flushing,"135-15 37th Ave, Flushing, NY 11354, United States",40.7611528,-73.832508,Success
奈哥酸菜鱼,Flushing,"135-03A Roosevelt Ave, Flushing, NY 11354, United States",40.7591916,-73.8317323,Success
君豪大酒楼•早茶点心,Flushing,"136-20 Roosevelt Ave 3rd floor, Queens, NY 11354, United States",40.7594017,-73.8291601,Success
锅包肉•法拉盛,Flushing,"36-26 Union St, Flushing, NY 11354, United States",40.7629985,-73.8280685,Success
宵野烧烤*Flushing,Flushing,"137-38 Northern Blvd, Flushing, NY 11354, United States",40.7631125,-73.8297077,Success
陈记二猴烧鸡（清真）,Flushing,"35-38 Union St, Flushing, NY 11354, United States",40.7644351,-73.8281866,Success
玲珑轩丨东北菜,Flushing,"141-41 Northern Blvd, Flushing, NY 11354, United States",40.7647152,-73.8242904,Success
外婆人家|南北风味,Flushing,"39-16 Prince St #104, Flushing, NY 11354, United States",40.7595745,-73.8324111,Success
yuanStar 胃嘴子,Flushing,"136-55 37th Ave, Flushing, NY 11354, United States",40.7621214,-73.8291701,Success
河南烩面,Flushing,"136-31 41st Ave, Flushing, NY 11355, United States",40.759021,-73.8284962,Success
南通食府|泉水鱼庄,Flushing,"136-21 41st Ave, Flushing, NY 11355, United States",40.758858,-73.8287471,Success
西安小吃（新世界）,Flushing,"41-10 Main St, Flushing, NY 11355, United States",40.7578699,-73.8296542,Success
老洛阳(帝王商场）,Flushing,"135-42 39th Ave, Queens, NY 11354, United States",40.7600487,-73.8309534,Success
主烤官,Flushing,"137-38 Northern Blvd, Queens, NY 11354, United States",40.7631125,-73.8297077,Success
金达莱 法拉盛二十年老店,Flushing,"35-30 Union St, Flushing, NY 11354, United States",40.7646225,-73.8281858,Success
雪园小吃铺•骨汤煮的馄饨,Flushing,"4002 Bowne St, Flushing, NY 11354, United States",40.7607341,-73.8245151,Success
瓷禧Teazzi,Elmhurst,"82-78 Broadway, Elmhurst, NY 11373, United States",40.7412685,-73.8813926,Success
咕噜甜品KULU,Elmhurst,"86-55 Broadway, Elmhurst, NY 11373, United States",40.7371506,-73.8772269,Success
Fungalaxy,Elmhurst,"84-56 Grand Ave, Flushing, NY 11373, United States",40.734643,-73.8822301,Success
福利面包New Fully Bakery,Elmhurst,"8224 45th Ave, Flushing, NY 11373, United States",40.7416317,-73.882048,Success
CoCo都可 (Elmhurst) 奶茶,Elmhurst,"37-01 82nd St, Jackson Heights, NY 11372, United States",40.7495945,-73.8841423,Success
YaYa Tea,Elmhurst,"8612 Whitney Ave, Elmhurst, NY 11373, United States",40.7418237,-73.8785852,Success
Shimiaodao Noodle,Flushing,"135-25 40th Rd, Flushing, NY 11354, United States",40.7588445,-73.8307666,Success
快乐牛肉面,Elmhurst,"83-47 Dongan Ave, Elmhurst, NY 11373, United States",40.7404886,-73.8796519,Success
陈豆花手工豆花店,Elmhurst,"8320 Broadway, Queens, NY 11373, United States",40.7405454,-73.8795589,Success
祥兴小笼包•特色小笼包,Elmhurst,"48-36 90th St, Elmhurst, NY 11373, United States",40.7401977,-73.8746336,Success
哥俩好烧烤,Elmhurst,"85-23, 85-1 Whitney Ave, Elmhurst, NY 11373, United States",40.7413004,-73.8800297,Success
Mr.Q BBQ Queens,Elmhurst,"9058 Corona Ave., Elmhurst, NY 11373, United States",40.742274,-73.873515,Success
明珠烧烤,Elmhurst,"86-02 Broadway, Elmhurst, NY 11373, United States",40.7384189,-73.8774968,Success
正宗沙县小吃 (Elmhurst),Elmhurst,"83-29 Broadway, Elmhurst, NY 11373, United States",40.7407854,-73.879028,Success
上海真功夫・Elmhurst,Elmhurst,"86-16 Queens Blvd, Elmhurst, NY 11373, United States",40.7361383,-73.8772629,Success
华榕正宗福州小馆 •Elmhurst,Elmhurst,"8323 Broadway #1, Flushing, NY 11373, United States",40.740866,-73.879192,Success
乡缘家乡菜•Elmhurst,Elmhurst,"82-87, 82-87 Broadway, Elmhurst, NY 11373, United States",40.7414539,-73.8802519,Success
三味 San Wei Queens,Elmhurst,"Food Court, 90-15 Queens Blvd FC-09, Elmhurst, NY 11373, United States",40.7342321,-73.8708844,Success
Nangma Restaurant & Bar,Elmhurst,"83-17 Broadway, Elmhurst, NY 11373, United States",40.7409359,-73.8793295,Success
TigerOne,Elmhurst,"84-60 Grand Ave, Elmhurst, NY 11373, United States",40.7346535,-73.8820709,Success
HEYTEA喜茶 (Brooklyn 8th Ave),Sunset Park,"4505 8th Ave, Brooklyn, NY 11220, United States",40.6435854,-74.000759,Success
Yummy Boba•7大道,Sunset Park,"7802 New Utrecht Ave, Brooklyn, NY 11214, United States",40.6133361,-74.0008633,Success
有米酸奶 •8大道•2.99酸奶,Sunset Park,"5215 8th Ave, Brooklyn, NY 11220, United States",40.6396055,-74.005103,Success
Hong Cha 香茶,Sunset Park,"884 5th Ave Store B, Brooklyn, NY 11232, United States",40.651524,-74.0038759,Success
JOOY TEA SHOPPE 53st,Sunset Park,"5306 8th Ave, Brooklyn, NY 11220, United States",40.6393477,-74.0057788,Success
Mango Mango 7大道,Sunset Park,"5302 7th Ave, Brooklyn, NY 11220, United States",40.6407309,-74.0079027,Success
VIV1 5大道•奶茶小吃,Sunset Park,"5924 8th Ave, Brooklyn, NY 11220, United States",40.6357436,-74.0096488,Success
Sugar Miss奶茶甜品,Sunset Park,"5309 7th Ave, Brooklyn, NY 11220, United States",40.6404388,-74.0078024,Success
茶霸 Tbaar 8大道,Sunset Park,"4823 8th Ave, Brooklyn, NY 11220, United States",40.6416895,-74.0029281,Success
空谷幽兰茶饮餐厅,Sunset Park,"4618 8th Ave, Brooklyn, NY 11220, United States",40.6430233,-74.0019761,Success
Onlyone • 茶言蜜语,Sunset Park,"4705 8th Ave, Brooklyn, NY 11220, United States",40.6424752,-74.0019297,Success
麦香坊,Sunset Park,"5414 7th Ave, Brooklyn, NY 11220, United States",40.6399867,-74.0086882,Success
J-Petal •可丽饼雪糕卷,Sunset Park,"4801 5th Ave, Brooklyn, NY 11220, United States",40.6460705,-74.0091411,Success
台湾小站•超值便当,Sunset Park,"5510 7th Ave, Brooklyn, NY 11220, United States",40.6395136,-74.0091797,Success
点茶轩 •广式点心,Sunset Park,"5210 7th Ave, Brooklyn, NY 11220, United States",40.6411904,-74.0074404,Success
一桶天下•满20减13,Sunset Park,"711 59th St, Brooklyn, NY 11220, United States",40.6373137,-74.0106751,Success
满20减10• 鱼你在一起•7折套餐,Sunset Park,"5209 7th Ave, Brooklyn, NY 11220, United States",40.6409945,-74.0072152,Success
伍号食堂 •$2.99特价 • No.5 Restaurant,Sunset Park,"968 58th St, Brooklyn, NY 11219, United States",40.6342286,-74.0045847,Success
Yunnan Rice Noodle House,Sunset Park,"752A 61st St, Brooklyn, NY 11220, United States",40.635291,-74.011219,Success
游子老鸭粉丝汤 •8大道,Sunset Park,"5805 8th Ave, Brooklyn, NY 11220, United States",40.6363969,-74.0084297,Success
巨有味 •砂锅士豆粉 •满20减11,Sunset Park,"772 49th St, Brooklyn, NY 11220, United States",40.6417853,-74.003715,Success
一桶天下Soup On Soup,Sunset Park,"711 59th St, Brooklyn, NY 11220, United States",40.6373137,-74.0106751,Success
老福州BK Lao Fu Zhou,Sunset Park,"4922 8th Ave, Brooklyn, NY 11220, United States",40.6413135,-74.0037178,Success
秦记桂林米粉,Sunset Park,"6003 7th Ave, Brooklyn, NY 11220, United States",40.6365993,-74.0118008,Success
红苹果餐馆 •四菜一汤,Sunset Park,"4817 8th Ave, Brooklyn, NY 11220, United States",40.6418118,-74.0028016,Success
沙县小吃60st,Sunset Park,"818 60th St, Brooklyn, NY 11220, United States",40.6351062,-74.0092044,Success
敦煌兰州牛肉面,Sunset Park,"8421 20th Ave, Brooklyn, NY 11214, United States",40.6052435,-73.997406,Success
热辣 漆烫四菜一汤BK,Sunset Park,"818 60th St, Brooklyn, NY 11220, United States",40.6350288,-74.0092893,Success
季北川•花胶汤米粉 •52街,Sunset Park,"5216 8th Ave, Brooklyn, NY 11220, United States",40.639798,-74.0054634,Success
回味小吃店,Sunset Park,"706 56th St, Brooklyn, NY 11220, United States",40.6388415,-74.0091819,Success
食来运转•特价四菜一汤,Sunset Park,"818 60th St, Brooklyn, NY 11220, United States",40.6350288,-74.0092893,Success
兰州拉面水煮鱼,Sunset Park,"5603 7th Ave #1F, Brooklyn, NY 11220, United States",40.6388831,-74.0094227,Success
海鲜鲜捞•豚骨浓汤,Sunset Park,"828 64th St, Brooklyn, NY 11220, United States",40.6325948,-74.0112831,Success
连江黄岐大妹小吃,Sunset Park,"5301 8th Ave, Brooklyn, NY 11220, United States",40.6391835,-74.0052838,Success
空谷幽兰•8大道,Sunset Park,"4618 8th Ave, Brooklyn, NY 11220, United States",40.6430233,-74.0019761,Success
手抓饼•6.99蛋炒饭套餐,Sunset Park,"715 61st St, Brooklyn, NY 11220, United States",40.6360145,-74.0117786,Success
幽兰便当 •意面蛋包饭,Sunset Park,"4618 8th Ave, Brooklyn, NY 11220, United States",40.6430233,-74.0019761,Success
99捞化,Sunset Park,"774 53rd St #A, Brooklyn, NY 11220, United States",40.6394962,-74.0060155,Success
一品老鸭粉丝汤,Sunset Park,"5805 8th Ave, Brooklyn, NY 11220, United States",40.6363969,-74.0084297,Success
稻飘香,Sunset Park,"772 57th St, Brooklyn, NY 11220, United States",40.6373472,-74.0083085,Success
乡之香味,Sunset Park,"53-22 7th Ave, Brooklyn, NY 11220, United States",40.6404146,-74.0082398,Success
一级棒烧烤•唐老鸭绝味凉拌,Sunset Park,"6025 8th Ave, Brooklyn, NY 11220, United States",40.6348535,-74.0099352,Success
港式点心,Sunset Park,"5210 7th Ave, Brooklyn, NY 11220, United States",40.6411904,-74.0074404,Success
大丰收食堂,Sunset Park,"150 52nd St, Brooklyn, NY 11232, United States",40.6484225,-74.019014,Success
云楠米线 •骨汤米线,Sunset Park,"752A 61st St, Brooklyn, NY 11220, United States",40.635291,-74.011219,Success
开封府锅贴•水饺锅贴,Sunset Park,"4801 8th Ave, Brooklyn, NY 11220, United States",40.6419856,-74.002347,Success
九号煎包,Sunset Park,"4801 8th Ave, Brooklyn, NY 11220, United States",40.6419856,-74.002347,Success
武仔鱼丸7大道,Sunset Park,"801 59th St, Brooklyn, NY 11220, United States",40.6360977,-74.0087591,Success
Western Yunnan Crossing Bridge Noodle,Sunset Park,"705 59th St, Brooklyn, NY 11220, United States",40.6373634,-74.0108827,Success
胡家小馆,Sunset Park,"5805 8th Ave, Brooklyn, NY 11220, United States",40.6363969,-74.0084297,Success
包仔包子铺•满送扁肉,Sunset Park,"5405 8th Ave, Brooklyn, NY 11220, United States",40.6385874,-74.0060155,Success
东方快车•满满家乡味 •早餐供应,Sunset Park,"714 65th St, Brooklyn, NY 11220, United States",40.6335361,-74.0143292,Success
奈方小吃・早餐,Sunset Park,"5121 8th Ave, Brooklyn, NY 11220, United States",40.6400615,-74.004618,Success
蒸味坊,Sunset Park,"5121 8th Ave, Brooklyn, NY 11220, United States",40.6400615,-74.004618,Success
45街大排档,Sunset Park,"4903 7th Ave, Brooklyn, NY 11220, United States",40.6427921,-74.0053543,Success
CHOO FOR GOOD,Sunset Park,"5823 7th Ave, Brooklyn, NY 11220, United States",40.6374888,-74.0108591,Success
一品鮮・福州小吃,Sunset Park,"5701 8th Ave, Brooklyn, NY 11220, United States",40.6369693,-74.0076711,Success
正宗福県肉片・7大道,Sunset Park,"4116 5th Ave, Brooklyn, NY 11232, United States",40.6498483,-74.0056097,Success
热辣四菜一汤 •美味四菜一汤,Sunset Park,"5805 8th Ave, Brooklyn, NY 11220, United States",40.6363969,-74.0084297,Success
老酒馆 • 炒菜叠饭,Sunset Park,"5805 8th Ave, Brooklyn, NY 11220, United States",40.6363969,-74.0084297,Success
高老庄全牛馆•满送糟肉光饼,Sunset Park,"5102 7th Ave, Brooklyn, NY 11220, United States",40.641881,-74.0067047,Success
99沙县小吃,Sunset Park,"774 53rd St #A, Brooklyn, NY 11220, United States",40.6394962,-74.0060155,Success
囍發 •传统烧腊,Sunset Park,"6005 Fort Hamilton Pkwy, Brooklyn, NY 11219, United States",40.6328028,-74.0055778,Success
渔港•海鲜酒家,Sunset Park,"773 60th St, Brooklyn, NY 11220, United States",40.6358434,-74.0098142,Success
金源饭店,Sunset Park,"5118 7th Ave, Brooklyn, NY 11220, United States",40.6415939,-74.0071195,Success
吉祥畜•素食料理,Sunset Park,"5101 8th Ave, Brooklyn, NY 11220, United States",40.6403713,-74.0041982,Success
正宗沙县小吃53st,Sunset Park,"811 49th St, Brooklyn, NY 11220, United States",40.6415655,-74.0027337,Success
金煌煲煲好7大道 •粵菜烧腊,Sunset Park,"5223 8th Ave, Brooklyn, NY 11220, United States",40.6394525,-74.0052655,Success
锦凤源私房菜•传统闽菜,Sunset Park,"5318 8th Ave, Brooklyn, NY 11220, United States",40.63914,-74.0059973,Success
美食美客 •三菜一汤,Sunset Park,"779 47th St, Brooklyn, NY 11220, United States",40.6430128,-74.0020952,Success
港味轩•7大道,Sunset Park,"6001 7th Ave, Brooklyn, NY 11220, United States",40.636592,-74.0116466,Success
朱记沙县小吃,Sunset Park,"6024 7th Ave, Brooklyn, NY 11220, United States",40.6364169,-74.0124159,Success
老盒饭•超值套餐,Sunset Park,"8th Ave &, 61st St, Brooklyn, NY 11220, United States",40.6349152,-74.0101579,Success
金煌大酒楼•粵菜烧腊,Sunset Park,"6409 8th Ave, Brooklyn, NY 11220, United States",40.632954,-74.0119014,Success
晓澳鱼丸,Sunset Park,"717 60th St, Brooklyn, NY 11220, United States",40.6366583,-74.0110955,Success
乐天酒家 •福州美食,Sunset Park,"5110 7th Ave, Brooklyn, NY 11220, United States",40.6417153,-74.0068844,Success
老友記・粤菜,Sunset Park,"5108 7th Ave, Brooklyn, NY 11220, United States",40.6417934,-74.00689,Success
金都海鲜酒楼•传统粵菜,Sunset Park,"6508-10 11th Ave, Brooklyn, NY 11219, United States",40.6284609,-74.0063321,Success
君悦食府,Sunset Park,"715 61st St, Brooklyn, NY 11220, United States",40.6360145,-74.0117786,Success
缘之素 •素食馆,Sunset Park,"6016 7th Ave, Brooklyn, NY 11220, United States",40.636537,-74.0122879,Success
沙县小吃45st•家乡味,Sunset Park,"811 49th St, Brooklyn, NY 11220, United States",40.6415655,-74.0027337,Success
好食轩烧腊 •日料,Sunset Park,"5922 8th Ave, Brooklyn, NY 11220, United States",40.635741,-74.0095349,Success
沙县小吃 59st,Sunset Park,"6024 7th Ave, Brooklyn, NY 11220, United States",40.6364169,-74.0124159,Success
乐天早餐 •暖心早餐,Sunset Park,"5901 8th Ave #4, Brooklyn, NY 11220, United States",40.6358727,-74.0088113,Success
火火烧腊•八大道,Sunset Park,"772 57th St, Brooklyn, NY 11220, United States",40.6372811,-74.0084197,Success
皇庭早茶•75折点心随心选,Sunset Park,"813 55th St, Brooklyn, NY 11220, United States",40.6381685,-74.0061472,Success
澜粵食府 •传统粵菜,Sunset Park,"6001 11th Ave, Brooklyn, NY 11219, United States",40.6311433,-74.0029512,Success
乡里小吃店,Sunset Park,"5301 8th Ave, Brooklyn, NY 11220, United States",40.6391835,-74.0052838,Success
黄鹤楼•全新川菜,Sunset Park,"817 60th St, Brooklyn, NY 11220, United States",40.6353649,-74.0089306,Success
海洋轩,Sunset Park,"6521 8th Ave, Brooklyn, NY 11220, United States",40.6322232,-74.0127805,Success
夏潮•奶香麻辣烫,Sunset Park,"5722B 58th St Between 7th &, 5722 8th Ave b7, Brooklyn, NY 11220, United States",40.6369317,-74.0086101,Success
最好吃的麻辣拌,Sunset Park,"774 51st St, Brooklyn, NY 11220, United States",40.6406466,-74.0047189,Success
二娘金汤肥牛（great forest food）,Sunset Park,"763 61st St, Brooklyn, NY 11220, United States",40.635435,-74.0107214,Success
精味麻辣烫• 盖饭•46th st,Sunset Park,"4606 8th Ave, Brooklyn, NY 11220, United States",40.6432827,-74.0016702,Success
饿不二•招牌水煮鱼&特色麻,Sunset Park,"763 61st St, Brooklyn, NY 11220, United States",40.635435,-74.0107214,Success
小鱼小牛 •麻辣香锅,Sunset Park,"5210 7th Ave, Brooklyn, NY 11220, United States",40.6412158,-74.0075075,Success
鱼跃香锅•麻辣香锅,Sunset Park,"5112 8th Ave, Brooklyn, NY 11220, United States",40.640372,-74.0046978,Success
飞龙麻辣香锅 •BK老牌香锅,Sunset Park,"4508 8th Ave, Brooklyn, NY 11220, United States",40.6437579,-74.0012094,Success
鼎泰轩•川渝米线,Sunset Park,"5210 7th Ave, Brooklyn, NY 11220, United States",40.6411904,-74.0074404,Success
无辣不欢•麻辣香锅,Sunset Park,"4508 8th Ave, Brooklyn, NY 11220, United States",40.6437579,-74.0012094,Success
精味麻辣烫 •6Oth st,Sunset Park,"4606 8th Ave, Brooklyn, NY 11220, United States",40.6432829,-74.0016719,Success
青蔬麻辣烫55街•BK,Sunset Park,"5514 7th Ave, Brooklyn, NY 11220, United States",40.6394985,-74.009395,Success
川天下 •经典川菜,Sunset Park,"5502 7th Ave, Brooklyn, NY 11220, United States",40.6396177,-74.0090711,Success
争鲜酸菜鱼•BK,Sunset Park,"5216 8th Ave, Brooklyn, NY 11220, United States",40.639798,-74.0054634,Success
老地方 •满20减13,Sunset Park,"773 51st St, Brooklyn, NY 11220, United States",40.640904,-74.0045326,Success
吃货吧,Sunset Park,"815 54th St, Brooklyn, NY 11220, United States",40.6387082,-74.0054998,Success
源宝•5.99特价卤味,Sunset Park,"774 55th St, Brooklyn, NY 11220, United States",40.6383858,-74.0071862,Success
寻鱼•美味烤鱼,Sunset Park,"5609 7th Ave, Brooklyn, NY 11220, United States",40.6388099,-74.0095013,Success
人生一串,Sunset Park,"816 51st St, Brooklyn, NY 11220, United States",40.640098,-74.003979,Success
饿狼串说,Sunset Park,"775 50th St, Brooklyn, NY 11220, United States",40.6414659,-74.0039497,Success
张亮麻辣烫•麻辣香锅,Chinatown,"66 Mott St, New York, NY 10013, United States",40.7160888,-73.997952,Success
半价套餐・川外川,Chinatown,"10 Pell St, New York, NY 10013, United States",40.7148544,-73.9976092,Success
半价先生麻辣香锅,Chinatown,"66 Mott St, New York, NY 10013, United States",40.7160888,-73.997952,Success
独享套餐｜水煮色,Chinatown,"65 Bayard St, New York, NY 10013, United States",40.7154275,-73.9981136,Success
大龙焱•火锅•11.99麻辣汤套餐,Chinatown,"42-22 Crescent St, Long Island City, NY 11101, United States",40.7502032,-73.9413782,Success
麻辣锅物,Chinatown,"159 Canal St 2nd floor, New York, NY 10013, United States",40.7166314,-73.9965889,Success
大龙燚冒菜•11.99麻辣汤套餐,Chinatown,"159 Canal St 2nd floor, New York, NY 10013, United States",40.7166314,-73.9965889,Success
张亮麻辣烫•唐人街急速送,Chinatown,"66 Mott St, New York, NY 10013, United States",40.7160888,-73.997952,Success
川外川 Famous Szechuan,Chinatown,"10 Pell St, New York, NY 10013, United States",40.7148544,-73.9976092,Success
茉莉奶白 Manhattan,Chinatown,"63 Mott St, New York, NY 10013, United States",40.7161257,-73.9984796,Success
老虎山 Tiger Hill •奶茶,Chinatown,"197 Canal St, New York, NY 10013, United States",40.7171709,-73.9981912,Success
HEYTEA喜茶 (Grand St),Chinatown,"240 Grand St, New York, NY 10002, United States",40.718497,-73.9945103,Success
寺溢siyi•国风奶茶•关东煮,Chinatown,"173 Hester St, New York, NY 10013, United States",40.7178774,-73.9969023,Success
杜小姐茶饮,Chinatown,"33 Pell St, New York, NY 10013, United States",40.7148981,-73.9986195,Success
舞妓 Maiko•网红抹茶,Chinatown,"132 Bowery, New York, NY 10013, United States",40.7190141,-73.9947862,Success
HAATea 哈哈茶,Chinatown,"240 Grand St, New York, NY 10002, United States",40.718497,-73.9945103,Success
Jooy Tea Shoppe•唐人街,Chinatown,"208 Grand St, New York, NY 10013, United States",40.719188,-73.9962162,Success
juice time果汁时光,Chinatown,"302A Grand St, New York, NY 10002, United States",40.7175983,-73.9916,Success
三圆台式甜品(唐人街）,Chinatown,"Inside Tiger Sugar, 197 Canal St Shop 2, New York, NY 10013, United States",40.7171789,-73.9982406,Success
大荣华饼家 手工月饼,Chinatown,"246 Grand St, New York, NY 10002, United States",40.7183594,-73.9941427,Success
大大饺子甜品铺DA DA Dumpling and Dessert,Chinatown,"10 Doyers St, New York, NY 10013, United States",40.7145112,-73.9980389,Success
大班餅店,Chinatown,"194 Canal St, New York, NY 10013, United States",40.7167172,-73.9980781,Success
澜记Laankee,Chinatown,"79a Mott St, New York, NY 10013, United States",40.7165463,-73.9981808,Success
王老吉奶茶铺,Chinatown,"240-236 Grand St, New York, NY 10002, United States",40.7187062,-73.9958459,Success
贝肯庄唐人街,Chinatown,"48 Bowery, New York, NY 10013, United States",40.7157743,-73.9967041,Success
金兴纸包蛋糕 •香芋椰子味,Chinatown,"118 Baxter St, New York, NY 10013, United States",40.7179794,-73.9992065,Success
圣玛丽精致烘焙坊•Luna By Sheng Marry,Chinatown,"111 Bowery, New York, NY 10002, United States",40.7177905,-73.9948894,Success
Pinklady Cheese Tart,Chinatown,"11 Mott St, New York, NY 10013, United States",40.7140628,-73.998918,Success
沐白 I'Milky,Chinatown,"242 Grand St, New York, NY 10002, United States",40.7184113,-73.9943093,Success
老虎堂 奶茶饮品屋 •唐人街,Chinatown,"197 Canal St, New York, NY 10013, United States",40.7171709,-73.9981912,Success
Kung Fu Tea功夫茶,Chinatown,"234 Canal St #107, New York, NY 10013, United States",40.7177276,-74.0000268,Success
瓷禧 Teazzi•唐人街奶茶,Chinatown,"10 Doyers St, New York, NY 10013, United States",40.7145112,-73.9980389,Success
LoveMi酸奶 • 下城,Chinatown,"133 4th Ave, New York, NY 10003, United States",40.7336046,-73.9897009,Success
嘚瑟小雞登 汉堡奶茶Chill Chick,Chinatown,"43 Mott St, New York, NY 10013, United States",40.7153054,-73.998962,Success
今喜烘培“提拉米苏”Jinsee Baking,Chinatown,"118 Baxter St, New York, NY 10013, United States",40.7179794,-73.9992065,Success
最高立减7刀•大旺烧腊•唐人街,Chinatown,"67 Mott St, New York, NY 10013, United States",40.7162074,-73.9982731,Success
台湾武昌好味道•全城配送,Chinatown,"3 Doyers St, New York, NY 10013, United States",40.7142517,-73.9980109,Success
麻布冰室 •茶餐厅•唐人街,Chinatown,"18 Doyers St, New York, NY 10013, United States",40.7147002,-73.9980305,Success
球面轩-地道广式风味•唐人街,Chinatown,"21 Mott St, New York, NY 10013, United States",40.7144613,-73.9988924,Success
明旺食堂 •烧腊•唐人街,Chinatown,"61 Mott St, New York, NY 10013, United States",40.7160447,-73.9984563,Success
银记肠粉,Chinatown,"91 Bayard St, New York, NY 10013, United States",40.7158068,-73.9992975,Success
鹿鸣春 Joe's Shanghai,Chinatown,"46 Bowery, New York, NY 10013, United States",40.7156656,-73.9966988,Success
江南食府 •米其林中餐,Chinatown,"103 Bowery, New York, NY 10002, United States",40.7175581,-73.9949693,Success
香港人和,Chinatown,"65 Bayard St, New York, NY 10013, United States",40.7154275,-73.9981136,Success
粤江春,Chinatown,"51 Bayard St, New York, NY 10013, United States",40.7152144,-73.9975421,Success
囍焼腊・唐人街火爆焼腊,Chinatown,"81 Mott St, New York, NY 10013, United States",40.7165737,-73.9980447,Success
茶餐庁（唐人街急速送） BK,Chinatown,"43 Mott St, New York, NY 10013, United States",40.7153054,-73.998962,Success
点心意唐人街,Chinatown,"5 Catherine St, New York, NY 10038, United States",40.7138181,-73.9973082,Success
麻布冰室．【曼哈顿团送】,Chinatown,"18 Doyers St, New York, NY 10013, United States",40.7147002,-73.9980305,Success
茶餐厅•茄汁焗猪扒•唐人街,Chinatown,"65 Bayard St, New York, NY 10013, United States",40.7154275,-73.9981136,Success
点心意（唐人街急速送）,Chinatown,"5 Catherine St, New York, NY 10038, United States",40.7138181,-73.9973082,Success
老味道 Supreme Restaurant,Chinatown,"100 Mott St, New York, NY 10013, United States",40.717267,-73.997234,Success
Fok Noodles Express,Chinatown,"12 Mott St, New York, NY 10013, United States",40.7140983,-73.9985674,Success
有口福,Chinatown,"171 Hester St, New York, NY 10013, United States",40.7178933,-73.9967649,Success
新世界茶餐厅,Chinatown,"220 Canal St, New York, NY 10013, United States",40.7172288,-73.9993918,Success
鹿喎春 Joe's Shanghai,Chinatown,"46 Bowery, New York, NY 10013, United States",40.7156656,-73.9966988,Success
明旺食堂・焼腊・唐人街急速送,Chinatown,"61 Mott St, New York, NY 10013, United States",40.7160447,-73.9984563,Success
台湾武昌好味道•唐人街急速送,Chinatown,"3 Doyers St, New York, NY 10013, United States",40.7142517,-73.9980109,Success
台湾熊屋 •铁路便当 •盐酥鸡,Chinatown,"11 Pell St, New York, NY 10013, United States",40.7147104,-73.9978094,Success
粤江春（唐人街急速送）,Chinatown,"51 Bayard St, New York, NY 10013, United States",40.7152144,-73.9975421,Success
云吞妹 •Chinatown,Chinatown,"135-11 38th Ave, Flushing, NY 11354, United States",40.7604397,-73.8322148,Success
456 江浙餐馆•特色小笼包,Chinatown,"21 Mott St, New York, NY 10013, United States",40.7144613,-73.9988924,Success
明星茶餐厅,Chinatown,"19 Division St #1, New York, NY 10002, United States",40.7139435,-73.9965248,Success
麒麟金阁•唐人街急速送,Chinatown,"18 E Broadway, New York, NY 10002, United States",40.7137006,-73.997193,Success
星云美食,Chinatown,"stellar Chinese cuisine, 98 Mott St Suite 10, New York, NY 10013, United States",40.7171726,-73.9972861,Success
台湾熊屋 •唐人街急速送,Chinatown,"11 Pell St, New York, NY 10013, United States",40.7147104,-73.9978094,Success
麒麟金阁,Chinatown,"18 E Broadway, New York, NY 10002, United States",40.7137006,-73.997193,Success
银记肠粉 •唐人街急速送,Chinatown,"91 Bayard St, New York, NY 10013, United States",40.7158068,-73.9992975,Success
新鸿旺,Chinatown,"100 Bowery, New York, NY 10013, United States",40.7177896,-73.9954782,Success
红围裙 • 潮汕风味小吃炸物,Chinatown,"62 Bayard St, New York, NY 10013, United States",40.7154856,-73.9978853,Success
喜运来 大酒楼,Chinatown,"28 Pell St, New York, NY 10013, United States",40.7149851,-73.9985119,Success
苏杭餐厅 精选,Chinatown,"21 Mott St, New York, NY 10013, United States",40.7144613,-73.9988924,Success
壹面馆,Chinatown,"23 Pell St, New York, NY 10038, United States",40.7148255,-73.9982595,Success
HUUMA,Chinatown,"122 Mulberry St, New York, NY 10013, United States",40.7178654,-73.9979524,Success
云楠米,Chinatown,"53 Bayard St, New York, NY 10013, United States",40.7152205,-73.9976579,Success
美丽华粥面馆,Chinatown,"62 Bayard St, New York, NY 10013, United States",40.7154856,-73.9978853,Success
一碗面•重庆小面,Chinatown,"150 Mott St, New York, NY 10013, United States",40.7192998,-73.9962842,Success
Sanmiwago •包厘街新店,Chinatown,"90 Bowery, New York, NY 10013, United States",40.7174723,-73.9955378,Success
季北川花胶鸡,Chinatown,"5216 8th Ave, Brooklyn, NY 11220, United States",40.639798,-74.0054634,Success
飘香源＋辛辣功夫 A+,Chinatown,"98 Mott St, New York, NY 10013, United States",40.7171726,-73.9972861,Success
飘香源,Chinatown,"98 Mott St, New York, NY 10013, United States",40.7171726,-73.9972861,Success
花茶面馆 •春龍,Chinatown,"13 Doyers St, New York, NY 10013, United States",40.7145089,-73.998188,Success
Senbei NYC手工鲜贝,Chinatown,"26B Elizabeth St, New York, NY 10013, United States",40.7161549,-73.9970453,Success
鼎牛铁板牛排 曼哈顿,Chinatown,"26 Little W 12th St, New York, NY 10014, United States",40.739794,-74.007275,Success
金牌隆江猪脚饭•首登曼哈顿,Chinatown,"133-35 Roosevelt Ave #14, Flushing, NY 11354, United States",40.7589328,-73.8331116,Success
味千拉面,Chinatown,"14 Mott St, New York, NY 10013, United States",40.7141464,-73.9985853,Success
美华排骨大王,Chinatown,"190 Hester St, New York, NY 10013, United States",40.7182472,-73.9984332,Success
Sanmiwago•正宗台湾锅贴,Chinatown,"90 Bowery, New York, NY 10013, United States",40.7174723,-73.9955378,Success
炒货好忙•坚果零食牛肉干,Chinatown,"44 Canal St #1, New York, NY 10002, United States",40.7146184,-73.9914536,Success
唐人街西安面馆 •油泼面,Chinatown,"45 Bayard St, New York, NY 10013, United States",40.7150822,-73.997342,Success
珍宝食坊,Chinatown,"216 Grand St, New York, NY 10013, United States",40.7190012,-73.9959776,Success
富记肉脯•唐人街必吃小食,Chinatown,"91 Bayard St, New York, NY 10013, United States",40.7158068,-73.9992975,Success
Sanmiwago•包厘街新店,Chinatown,"90 Bowery, New York, NY 10013, United States",40.7174723,-73.9955378,Success
1915兰州牛肉面-唐人街,Chinatown,"76 Mott St, New York, NY 10013, United States",40.716462,-73.9978602,Success
牛记Niukee-东北烧卖牛骨汤,Chinatown,"394 Broome St, New York, NY 10013, United States",40.7207852,-73.9970934,Success
煎饼大师！老北京炸酱面 煎,Chinatown,"21 Mott St, New York, NY 10013, United States",40.7144613,-73.9988924,Success
98k炸鸡汉堡Fried chicken,Chinatown,"7 Allen St, New York, NY 10002, United States",40.7148118,-73.9930744,Success
聚点串吧麻辣小龙虾,Chinatown,"98 Bowery, New York, NY 10013, United States",40.717726,-73.995532,Success
佰百鸡Popeyes,Chinatown,"125 Canal St, New York, NY 10002, United States",40.7160737,-73.9951373,Success
九九鸭,Chinatown,"131 Walker St, New York, NY 10013, United States",40.7172877,-73.9997059,Success
8k炸鸡 •汉堡＋小吃＋汽水,Chinatown,"7 Allen St, New York, NY 10002, United States",40.7148118,-73.9930744,Success