Business_Name,Address,Latitude,Longitude,Keyword,Neighborhood,Level
Jmart,"136-20 Roosevelt Ave, Flushing, NY 11354, United States",40.7590799,-73.8296876,Chinese supermarket,"Flushing, NY",2
Chang Jiang Supermarket,"41-41 Kissena Blvd, Flushing, NY 11355, United States",40.7579426,-73.8281022,Chinese supermarket,"Flushing, NY",2
Chung Fat Supermarket,"41-82 Main St, Flushing, NY 11355, United States",40.7556609,-73.8285697,Chinese supermarket,"Flushing, NY",2
SkyFoods Supermarket,"40-24 College Point Blvd, Flushing, NY 11354, United States",40.757229,-73.8356575,Chinese supermarket,"Flushing, NY",2
GW Supermarket,"41-79 Main St, Flushing, NY 11355, United States",40.7558979,-73.8282424,Chinese supermarket,"Flushing, NY",2
US 1 Supermarket,"39-12 Main St, Flushing, NY 11354, United States",40.7597722,-73.830426,Chinese supermarket,"Flushing, NY",2
Heartland NY,"133-41 41st Ave, Flushing, NY 11355, United States",40.75775400000001,-73.8307433,Chinese supermarket,"Flushing, NY",2
Hua Lian Supermarket,"25-03 Parsons Blvd, Flushing, NY 11354, United States",40.7763889,-73.8236111,Chinese supermarket,"Flushing, NY",2
SeasonFresh Supermarket,"3125 Downing St, Flushing, NY 11354, United States",40.7685616,-73.835685,Chinese supermarket,"Flushing, NY",2
Good Fortune Supermarket,"42-76 Main St #2c, Flushing, NY 11355, United States",40.7530889,-73.8275694,Chinese supermarket,"Flushing, NY",2
New Age Market,"160-06 Northern Blvd, Flushing, NY 11358, United States",40.762244,-73.8054822,Chinese supermarket,"Flushing, NY",2
Gold City Supermarket,"46-31 Kissena Blvd, Flushing, NY 11355, United States",40.7502386,-73.8179222,Chinese supermarket,"Flushing, NY",2
SeasonFresh Supermarket,"4510 83rd St, Elmhurst, NY 11373, United States",40.7415405,-73.8818486,Chinese supermarket,"Flushing, NY",2
Flushing Fei Long Market 法拉盛飛龍超市,"44-44 College Point Blvd, Flushing, NY 11355, United States",40.7527307,-73.83311669999999,Chinese supermarket,"Flushing, NY",2
DC Flushing Market,"133-54 41st Ave, Flushing, NY 11355, United States",40.7578417,-73.8300763,Chinese supermarket,"Flushing, NY",2
Great Wall Supermarket,"144-50 Northern Blvd, Flushing, NY 11354, United States",40.7647366,-73.82161789999999,Chinese supermarket,"Flushing, NY",2
Zhong US Supermarket Inc,"5911 Main St, Flushing, NY 11355, United States",40.7433895,-73.8254036,Chinese supermarket,"Flushing, NY",2
新中美超級市場Yong Fa Supermarket,"59-11 Main St, Flushing, NY 11355, United States",40.7434781,-73.82527019999999,Chinese supermarket,"Flushing, NY",2
Xinlongxing Supermarket,"135-35 Roosevelt Ave, Flushing, NY 11354, United States",40.7595051,-73.8307772,Chinese supermarket,"Flushing, NY",2
H Mart Union,"29-02 Union St, Flushing, NY 11354, United States",40.7718684,-73.8270812,Chinese supermarket,"Flushing, NY",2
Jmart,"136-20 Roosevelt Ave, Flushing, NY 11354, United States",40.7590799,-73.8296876,Chinese grocery store,"Flushing, NY",2
US 1 Supermarket,"39-12 Main St, Flushing, NY 11354, United States",40.7597722,-73.830426,Chinese grocery store,"Flushing, NY",2
Chang Jiang Supermarket,"41-41 Kissena Blvd, Flushing, NY 11355, United States",40.7579426,-73.8281022,Chinese grocery store,"Flushing, NY",2
GW Supermarket,"41-79 Main St, Flushing, NY 11355, United States",40.7558979,-73.8282424,Chinese grocery store,"Flushing, NY",2
Chung Fat Supermarket,"41-82 Main St, Flushing, NY 11355, United States",40.7556609,-73.8285697,Chinese grocery store,"Flushing, NY",2
Hua Lian Supermarket,"25-03 Parsons Blvd, Flushing, NY 11354, United States",40.7763889,-73.8236111,Chinese grocery store,"Flushing, NY",2
Good Fortune Supermarket,"42-76 Main St #2c, Flushing, NY 11355, United States",40.7530889,-73.8275694,Chinese grocery store,"Flushing, NY",2
Heartland NY,"133-41 41st Ave, Flushing, NY 11355, United States",40.75775400000001,-73.8307433,Chinese grocery store,"Flushing, NY",2
New Age Market,"160-06 Northern Blvd, Flushing, NY 11358, United States",40.762244,-73.8054822,Chinese grocery store,"Flushing, NY",2
SkyFoods Supermarket,"40-24 College Point Blvd, Flushing, NY 11354, United States",40.757229,-73.8356575,Chinese grocery store,"Flushing, NY",2
SeasonFresh Supermarket,"3125 Downing St, Flushing, NY 11354, United States",40.7685616,-73.835685,Chinese grocery store,"Flushing, NY",2
Gold City Supermarket,"46-31 Kissena Blvd, Flushing, NY 11355, United States",40.7502386,-73.8179222,Chinese grocery store,"Flushing, NY",2
Xinlongxing Supermarket,"135-35 Roosevelt Ave, Flushing, NY 11354, United States",40.7595051,-73.8307772,Chinese grocery store,"Flushing, NY",2
Hanyang Mart,"150-51 Northern Blvd, Flushing, NY 11354, United States",40.7656059,-73.8133617,Chinese grocery store,"Flushing, NY",2
DC Flushing Market,"133-54 41st Ave, Flushing, NY 11355, United States",40.7578417,-73.8300763,Chinese grocery store,"Flushing, NY",2
SeasonFresh Supermarket,"4510 83rd St, Elmhurst, NY 11373, United States",40.7415405,-73.8818486,Chinese grocery store,"Flushing, NY",2
Zhong US Supermarket Inc,"5911 Main St, Flushing, NY 11355, United States",40.7433895,-73.8254036,Chinese grocery store,"Flushing, NY",2
H Mart Union,"29-02 Union St, Flushing, NY 11354, United States",40.7718684,-73.8270812,Chinese grocery store,"Flushing, NY",2
Flushing Fei Long Market 法拉盛飛龍超市,"44-44 College Point Blvd, Flushing, NY 11355, United States",40.7527307,-73.83311669999999,Chinese grocery store,"Flushing, NY",2
H Mart Roosevelt,"142-41 Roosevelt Ave, Flushing, NY 11354, United States",40.7610777,-73.8246733,Chinese grocery store,"Flushing, NY",2
法拉盛静安寺 Jing An Temple of Flushing,"35-22 Prince St, Flushing, NY 11354, United States",40.76340750000001,-73.8335075,Chinese temple,"Flushing, NY",2
China Buddhist Associates,"13612 39th Ave, Flushing, NY 11354, United States",40.7602157,-73.8297468,Chinese temple,"Flushing, NY",2
Fo Guang Shan New York Temple,"154-37 Barclay Ave, Flushing, NY 11355, United States",40.7622107,-73.8095143,Chinese temple,"Flushing, NY",2
World Buddhist Ch'an Jing Center,"43-35 Main St, Flushing, NY 11355, United States",40.7516925,-73.82601660000002,Chinese temple,"Flushing, NY",2
The Hindu Temple Society of North America,"45-57 Bowne St, Flushing, NY 11355, United States",40.7528108,-73.8169558,Chinese temple,"Flushing, NY",2
"True Buddha Diamond Temple of NY Inc., 真佛宗美國紐約金剛雷藏寺","3332 148th St, Flushing, NY 11354, United States",40.7680083,-73.8183361,Chinese temple,"Flushing, NY",2
Myosetsuji Buddhist Temple,"42-32 Parsons Blvd, Flushing, NY 11355, United States",40.7576546,-73.8190724,Chinese temple,"Flushing, NY",2
Happy Buddha Precious Temple,"135-37 37th Ave #2a, Flushing, NY 11354, United States",40.7613691,-73.8319332,Chinese temple,"Flushing, NY",2
New York Hua Lian Tsu Hui,"2202 121st St, College Point, NY 11356, United States",40.780028,-73.8472208,Chinese temple,"Flushing, NY",2
Han Ma Um Zen Center of New York,"144-39 32nd Ave, Flushing, NY 11354, United States",40.770509,-73.8229352,Chinese temple,"Flushing, NY",2
Ny Chen S Buddha Associates,"46-38 Kissena Blvd, Flushing, NY 11355, United States",40.7496578,-73.8183014,Chinese temple,"Flushing, NY",2
Won Buddhism of America (Won Buddhism of New York),"14342 Cherry Ave, Flushing, NY 11355, United States",40.7561949,-73.81888099999999,Chinese temple,"Flushing, NY",2
Guanyin CItta 纽约法拉盛观音堂,"131-04 40th Rd 3rd fl, Flushing, NY 11354, United States",40.755636,-73.83617799999999,Chinese temple,"Flushing, NY",2
Chinese For Christ NY Church,"14221 Franklin Ave, Flushing, NY 11355, United States",40.7570066,-73.82307020000002,Chinese church,"Flushing, NY",2
Chinese Evangel Mission Church of Queens,"20310 Rocky Hill Rd, Flushing, NY 11361, United States",40.7529508,-73.77705809999999,Chinese church,"Flushing, NY",2
Flushing Chinese United Methodist Church,"220-20 94th Dr, Queens Village, NY 11428, United States",40.7199003,-73.73406419999999,Chinese church,"Flushing, NY",2
华信教会 Chinese Faith Church,"133-32 41st Rd, Flushing, NY 11355, United States",40.7568378,-73.83007429999999,Chinese church,"Flushing, NY",2
Boon Church of Oversea Chinese Mission,"43-72 Bowne St, Flushing, NY 11355, United States",40.7539067,-73.81866149999999,Chinese church,"Flushing, NY",2
Chinese Alliance Center of the C&MA,"43-29 162nd St, Flushing, NY 11358, United States",40.7578086,-73.8040673,Chinese church,"Flushing, NY",2
Flushing Chinese Baptist Church,"154-29 65th Ave, Flushing, NY 11367, United States",40.7372814,-73.8134896,Chinese church,"Flushing, NY",2
纽约在基督里聚会,"134-28 Northern Blvd, Flushing, NY 11354, United States",40.7625013,-73.8336613,Chinese church,"Flushing, NY",2
生命之泉基督教会 Spring of Life Christian Church,"136-46 41st Ave, Flushing, NY 11355, United States",40.7587546,-73.8277085,Chinese church,"Flushing, NY",2
St. Michael's Roman Catholic Church,"13676 41st Ave, Flushing, NY 11355, United States",40.7588493,-73.826184,Chinese church,"Flushing, NY",2
Grace Christian Alliance Church - 137th Street 恩聯宣道會137街堂,"31-38 137th St 1st floor, Flushing, NY 11354, United States",40.7684582,-73.8312578,Chinese church,"Flushing, NY",2
Immanuel Lutheran Chinese and English Church,"44-10 192nd St, Flushing, NY 11358, United States",40.7562092,-73.78959739999999,Chinese church,"Flushing, NY",2
New Apostolic Church (Chinese),"33-38 Farrington St #2c, Flushing, NY 11354, United States",40.7657347,-73.8324444,Chinese church,"Flushing, NY",2
Grace Christian Alliance Church - 162nd Street 恩聯宣道會162街堂,"43-29, 43-29 162nd St, Flushing, NY 11358, United States",40.7578088,-73.8040637,Chinese church,"Flushing, NY",2
Queens Flushing Gospel Chines,"3907 Prince St, Flushing, NY 11354, United States",40.75950539999999,-73.83196819999999,Chinese church,"Flushing, NY",2
Nan Shan Senior Center,"136-18 39th Ave, Flushing, NY 11354, United States",40.7602571,-73.8295917,Chinese senior center,"Flushing, NY",2
Chinese Community Center of Flushing,"4317 Union St level c, Flushing, NY 11355, United States",40.754302,-73.8211513,Chinese community center,"Flushing, NY",2
Chinese Community Center of Flushing,"4317 Union St level c, Flushing, NY 11355, United States",40.754302,-73.8211513,Chinese association,"Flushing, NY",2
Flushing Chinese Business Association,"4048 Main St #302, Flushing, NY 11354, United States",40.7583245,-73.8297542,Chinese association,"Flushing, NY",2
Chinese Alliance Center of the C&MA,"43-29 162nd St, Flushing, NY 11358, United States",40.7578086,-73.8040673,Chinese association,"Flushing, NY",2
Chinese American Parents Association,"133-31 39th Ave, Flushing, NY 11354, United States",40.7601186,-73.8337289,Chinese association,"Flushing, NY",2
Chinese-American Planning Council,"133-14 41st Ave, Flushing, NY 11355, United States",40.7571862,-73.83129029999999,Chinese association,"Flushing, NY",2
全球退党服务中心 Global Service Center for Quitting the Chinese Communist Party,"40-46 Main St # 201, Flushing, NY 11354, United States",40.7583559,-73.82976510000002,Chinese association,"Flushing, NY",2
Chinese Organizations in the US,"149-35 Cherry Ave, Flushing, NY 11355, United States",40.7585478,-73.8127402,Chinese association,"Flushing, NY",2
Chinese American Real Estate Association,"136-20 38th Ave #11a, Flushing, NY 11354, United States",40.7607693,-73.8298336,Chinese association,"Flushing, NY",2
Association of Chinese American Physicians,"131-07 40th Rd # E32, Flushing, NY 11354, United States",40.7575906,-73.83574670000002,Chinese association,"Flushing, NY",2
New York Chinese Community Center,"62 Mott St, New York, NY 10013, United States",40.7160503,-73.9981392,Chinese association,"Flushing, NY",2
Taiwan Center Inc. 紐約台灣會館,"137-44 Northern Blvd, Flushing, NY 11354, United States",40.76328549999999,-73.82955439999999,Chinese association,"Flushing, NY",2
China Town Planning Council,"14230 Barclay Ave, Flushing, NY 11355, United States",40.7581963,-73.8237992,Chinese association,"Flushing, NY",2
China Buddhist Associates,"13612 39th Ave, Flushing, NY 11354, United States",40.7602157,-73.8297468,Chinese association,"Flushing, NY",2
Chinese American Parent-Student Council,"41-70 Main St b320, Flushing, NY 11355, United States",40.7560266,-73.828892,Chinese association,"Flushing, NY",2
Chung Fat Supermarket,"41-82 Main St, Flushing, NY 11355, United States",40.7556609,-73.8285697,华人超市,"Flushing, NY",2
Hua Lian Supermarket,"25-03 Parsons Blvd, Flushing, NY 11354, United States",40.7763889,-73.8236111,华人超市,"Flushing, NY",2
SkyFoods Supermarket,"40-24 College Point Blvd, Flushing, NY 11354, United States",40.757229,-73.8356575,华人超市,"Flushing, NY",2
Xinlongxing Supermarket,"135-35 Roosevelt Ave, Flushing, NY 11354, United States",40.7595051,-73.8307772,华人超市,"Flushing, NY",2
Chang Jiang Supermarket,"41-41 Kissena Blvd, Flushing, NY 11355, United States",40.7579426,-73.8281022,华人超市,"Flushing, NY",2
Zhong US Supermarket Inc,"5911 Main St, Flushing, NY 11355, United States",40.7433895,-73.8254036,华人超市,"Flushing, NY",2
Jmart,"136-20 Roosevelt Ave, Flushing, NY 11354, United States",40.7590799,-73.8296876,华人超市,"Flushing, NY",2
GW Supermarket,"41-79 Main St, Flushing, NY 11355, United States",40.7558979,-73.8282424,华人超市,"Flushing, NY",2
兴旺超市(25A),"160-06 Northern Blvd, Flushing, NY 11358, United States",40.7626715,-73.8053352,华人超市,"Flushing, NY",2
New Age Market,"160-06 Northern Blvd, Flushing, NY 11358, United States",40.762244,-73.8054822,华人超市,"Flushing, NY",2
Gold City Supermarket,"46-31 Kissena Blvd, Flushing, NY 11355, United States",40.7502386,-73.8179222,华人超市,"Flushing, NY",2
DC Flushing Market,"133-54 41st Ave, Flushing, NY 11355, United States",40.7578417,-73.8300763,华人超市,"Flushing, NY",2
US 1 Supermarket,"39-12 Main St, Flushing, NY 11354, United States",40.7597722,-73.830426,华人超市,"Flushing, NY",2
CHANG JIANG DEPARTMENT STORE INC,"40-33 Main St, Flushing, NY 11354, United States",40.7586741,-73.8295246,华人超市,"Flushing, NY",2
Flushing Fei Long Market 法拉盛飛龍超市,"44-44 College Point Blvd, Flushing, NY 11355, United States",40.7527307,-73.83311669999999,华人超市,"Flushing, NY",2
Great Wall Supermarket,"144-50 Northern Blvd, Flushing, NY 11354, United States",40.7647366,-73.82161789999999,华人超市,"Flushing, NY",2
新中美超級市場Yong Fa Supermarket,"59-11 Main St, Flushing, NY 11355, United States",40.7434781,-73.82527019999999,华人超市,"Flushing, NY",2
SkyFoods,"42-28 Main St, Flushing, NY 11354, United States",40.7546392,-73.82824389999999,华人超市,"Flushing, NY",2
New World Mall,"136-20 Roosevelt Ave, Flushing, NY 11354, United States",40.7593415,-73.8291722,华人超市,"Flushing, NY",2
SeasonFresh Supermarket,"3125 Downing St, Flushing, NY 11354, United States",40.7685616,-73.835685,华人超市,"Flushing, NY",2
Hua Lian Supermarket,"25-03 Parsons Blvd, Flushing, NY 11354, United States",40.7763889,-73.8236111,华超,"Flushing, NY",2
GW Supermarket,"41-79 Main St, Flushing, NY 11355, United States",40.7558979,-73.8282424,华超,"Flushing, NY",2
Zhong US Supermarket Inc,"5911 Main St, Flushing, NY 11355, United States",40.7433895,-73.8254036,华超,"Flushing, NY",2
Chang Jiang Supermarket,"41-41 Kissena Blvd, Flushing, NY 11355, United States",40.7579426,-73.8281022,华超,"Flushing, NY",2
SkyFoods Supermarket,"40-24 College Point Blvd, Flushing, NY 11354, United States",40.757229,-73.8356575,华超,"Flushing, NY",2
Chung Fat Supermarket,"41-82 Main St, Flushing, NY 11355, United States",40.7556609,-73.8285697,华超,"Flushing, NY",2
新中美超級市場Yong Fa Supermarket,"59-11 Main St, Flushing, NY 11355, United States",40.7434781,-73.82527019999999,华超,"Flushing, NY",2
Jmart,"136-20 Roosevelt Ave, Flushing, NY 11354, United States",40.7590799,-73.8296876,华超,"Flushing, NY",2
华联市场 Hua Lian Supermarket,"193-01 Northern Blvd, Flushing, NY 11358, United States",40.7581723,-73.7879579,华超,"Flushing, NY",2
Great Wall Supermarket,"144-50 Northern Blvd, Flushing, NY 11354, United States",40.7647366,-73.82161789999999,华超,"Flushing, NY",2
US 1 Supermarket,"39-12 Main St, Flushing, NY 11354, United States",40.7597722,-73.830426,华超,"Flushing, NY",2
CHANG JIANG DEPARTMENT STORE INC,"40-33 Main St, Flushing, NY 11354, United States",40.7586741,-73.8295246,华超,"Flushing, NY",2
兴旺超市(25A),"160-06 Northern Blvd, Flushing, NY 11358, United States",40.7626715,-73.8053352,华超,"Flushing, NY",2
New Age Market,"160-06 Northern Blvd, Flushing, NY 11358, United States",40.762244,-73.8054822,华超,"Flushing, NY",2
Gold City Supermarket,"46-31 Kissena Blvd, Flushing, NY 11355, United States",40.7502386,-73.8179222,华超,"Flushing, NY",2
Xinlongxing Supermarket,"135-35 Roosevelt Ave, Flushing, NY 11354, United States",40.7595051,-73.8307772,华超,"Flushing, NY",2
SkyFoods,"42-28 Main St, Flushing, NY 11354, United States",40.7546392,-73.82824389999999,华超,"Flushing, NY",2
H Mart Roosevelt,"142-41 Roosevelt Ave, Flushing, NY 11354, United States",40.7610777,-73.8246733,华超,"Flushing, NY",2
Good Fortune Supermarket,"42-76 Main St #2c, Flushing, NY 11355, United States",40.7530889,-73.8275694,华超,"Flushing, NY",2
Hanyang Mart,"150-51 Northern Blvd, Flushing, NY 11354, United States",40.7656059,-73.8133617,华超,"Flushing, NY",2
Chang Jiang Supermarket,"41-41 Kissena Blvd, Flushing, NY 11355, United States",40.7579426,-73.8281022,中国超市,"Flushing, NY",2
Chung Fat Supermarket,"41-82 Main St, Flushing, NY 11355, United States",40.7556609,-73.8285697,中国超市,"Flushing, NY",2
Xinlongxing Supermarket,"135-35 Roosevelt Ave, Flushing, NY 11354, United States",40.7595051,-73.8307772,中国超市,"Flushing, NY",2
SkyFoods Supermarket,"40-24 College Point Blvd, Flushing, NY 11354, United States",40.757229,-73.8356575,中国超市,"Flushing, NY",2
GW Supermarket,"41-79 Main St, Flushing, NY 11355, United States",40.7558979,-73.8282424,中国超市,"Flushing, NY",2
Zhong US Supermarket Inc,"5911 Main St, Flushing, NY 11355, United States",40.7433895,-73.8254036,中国超市,"Flushing, NY",2
Jmart,"136-20 Roosevelt Ave, Flushing, NY 11354, United States",40.7590799,-73.8296876,中国超市,"Flushing, NY",2
Hua Lian Supermarket,"25-03 Parsons Blvd, Flushing, NY 11354, United States",40.7763889,-73.8236111,中国超市,"Flushing, NY",2
兴旺超市(25A),"160-06 Northern Blvd, Flushing, NY 11358, United States",40.7626715,-73.8053352,中国超市,"Flushing, NY",2
Gold City Supermarket,"46-31 Kissena Blvd, Flushing, NY 11355, United States",40.7502386,-73.8179222,中国超市,"Flushing, NY",2
US 1 Supermarket,"39-12 Main St, Flushing, NY 11354, United States",40.7597722,-73.830426,中国超市,"Flushing, NY",2
新中美超級市場Yong Fa Supermarket,"59-11 Main St, Flushing, NY 11355, United States",40.7434781,-73.82527019999999,中国超市,"Flushing, NY",2
CHANG JIANG DEPARTMENT STORE INC,"40-33 Main St, Flushing, NY 11354, United States",40.7586741,-73.8295246,中国超市,"Flushing, NY",2
Flushing Fei Long Market 法拉盛飛龍超市,"44-44 College Point Blvd, Flushing, NY 11355, United States",40.7527307,-73.83311669999999,中国超市,"Flushing, NY",2
New Age Market,"160-06 Northern Blvd, Flushing, NY 11358, United States",40.762244,-73.8054822,中国超市,"Flushing, NY",2
DC Flushing Market,"133-54 41st Ave, Flushing, NY 11355, United States",40.7578417,-73.8300763,中国超市,"Flushing, NY",2
Great Wall Supermarket,"144-50 Northern Blvd, Flushing, NY 11354, United States",40.7647366,-73.82161789999999,中国超市,"Flushing, NY",2
Chung Fat Supermarket,"41-82 Main St, Flushing, NY 11355, United States",40.7556609,-73.8285697,华人杂货店,"Flushing, NY",2
Zhong US Supermarket Inc,"5911 Main St, Flushing, NY 11355, United States",40.7433895,-73.8254036,华人杂货店,"Flushing, NY",2
Hua Lian Supermarket,"25-03 Parsons Blvd, Flushing, NY 11354, United States",40.7763889,-73.8236111,华人杂货店,"Flushing, NY",2
SkyFoods Supermarket,"40-24 College Point Blvd, Flushing, NY 11354, United States",40.757229,-73.8356575,华人杂货店,"Flushing, NY",2
Chang Jiang Supermarket,"41-41 Kissena Blvd, Flushing, NY 11355, United States",40.7579426,-73.8281022,华人杂货店,"Flushing, NY",2
Xinlongxing Supermarket,"135-35 Roosevelt Ave, Flushing, NY 11354, United States",40.7595051,-73.8307772,华人杂货店,"Flushing, NY",2
CHANG JIANG DEPARTMENT STORE INC,"40-33 Main St, Flushing, NY 11354, United States",40.7586741,-73.8295246,华人杂货店,"Flushing, NY",2
GW Supermarket,"41-79 Main St, Flushing, NY 11355, United States",40.7558979,-73.8282424,华人杂货店,"Flushing, NY",2
DC Flushing Market,"133-54 41st Ave, Flushing, NY 11355, United States",40.7578417,-73.8300763,华人杂货店,"Flushing, NY",2
兴旺超市(25A),"160-06 Northern Blvd, Flushing, NY 11358, United States",40.7626715,-73.8053352,华人杂货店,"Flushing, NY",2
旺角杂货店,"34-26 Union St, Flushing, NY 11354, United States",40.7662529,-73.8277962,华人杂货店,"Flushing, NY",2
Jmart,"136-20 Roosevelt Ave, Flushing, NY 11354, United States",40.7590799,-73.8296876,华人杂货店,"Flushing, NY",2
Flushing Fei Long Market 法拉盛飛龍超市,"44-44 College Point Blvd, Flushing, NY 11355, United States",40.7527307,-73.83311669999999,华人杂货店,"Flushing, NY",2
SkyFoods,"42-28 Main St, Flushing, NY 11354, United States",40.7546392,-73.82824389999999,华人杂货店,"Flushing, NY",2
Heartland NY,"133-41 41st Ave, Flushing, NY 11355, United States",40.75775400000001,-73.8307433,华人杂货店,"Flushing, NY",2
Gold City Supermarket,"46-31 Kissena Blvd, Flushing, NY 11355, United States",40.7502386,-73.8179222,华人杂货店,"Flushing, NY",2
新中美超級市場Yong Fa Supermarket,"59-11 Main St, Flushing, NY 11355, United States",40.7434781,-73.82527019999999,华人杂货店,"Flushing, NY",2
Great Wall Supermarket,"144-50 Northern Blvd, Flushing, NY 11354, United States",40.7647366,-73.82161789999999,华人杂货店,"Flushing, NY",2
RI SHENG GROCERY 日昇杂货店,"60-02 Main St, Flushing, NY 11355, United States",40.743054,-73.825889,华人杂货店,"Flushing, NY",2
US 1 Supermarket,"39-12 Main St, Flushing, NY 11354, United States",40.7597722,-73.830426,华人杂货店,"Flushing, NY",2
World Buddhist Ch'an Jing Center,"43-35 Main St, Flushing, NY 11355, United States",40.7516925,-73.82601660000002,華人寺庙,"Flushing, NY",2
China Buddhist Associates,"13612 39th Ave, Flushing, NY 11354, United States",40.7602157,-73.8297468,華人寺庙,"Flushing, NY",2
Fo Guang Shan New York Temple,"154-37 Barclay Ave, Flushing, NY 11355, United States",40.7622107,-73.8095143,華人寺庙,"Flushing, NY",2
法拉盛静安寺 Jing An Temple of Flushing,"35-22 Prince St, Flushing, NY 11354, United States",40.76340750000001,-73.8335075,華人寺庙,"Flushing, NY",2
Guanyin CItta 纽约法拉盛观音堂,"131-04 40th Rd 3rd fl, Flushing, NY 11354, United States",40.755636,-73.83617799999999,華人寺庙,"Flushing, NY",2
善觉寺 Six Harmonies Buddhist Association,"45-12 164th St, Flushing, NY 11358, United States",40.7559251,-73.8028374,華人寺庙,"Flushing, NY",2
Han Ma Um Zen Center of New York,"144-39 32nd Ave, Flushing, NY 11354, United States",40.770509,-73.8229352,華人寺庙,"Flushing, NY",2
Ny Chen S Buddha Associates,"46-38 Kissena Blvd, Flushing, NY 11355, United States",40.7496578,-73.8183014,華人寺庙,"Flushing, NY",2
"True Buddha Diamond Temple of NY Inc., 真佛宗美國紐約金剛雷藏寺","3332 148th St, Flushing, NY 11354, United States",40.7680083,-73.8183361,華人寺庙,"Flushing, NY",2
Won Buddhism of America (Won Buddhism of New York),"14342 Cherry Ave, Flushing, NY 11355, United States",40.7561949,-73.81888099999999,華人寺庙,"Flushing, NY",2
New York Hua Lian Tsu Hui,"2202 121st St, College Point, NY 11356, United States",40.780028,-73.8472208,華人寺庙,"Flushing, NY",2
Yeonkuksa Buddhist Temple,"3131 Union St, Flushing, NY 11354, United States",40.7691581,-73.8264595,華人寺庙,"Flushing, NY",2
Happy Buddha Precious Temple,"135-37 37th Ave #2a, Flushing, NY 11354, United States",40.7613691,-73.8319332,華人寺庙,"Flushing, NY",2
II Wan Do Hong in Bub Dan USA,"16715 43rd Ave, Flushing, NY 11358, United States",40.7584672,-73.7988459,華人寺庙,"Flushing, NY",2
정명사 - Jung Myung Sa Buddhist Temple,"162-11 Sanford Ave, Flushing, NY 11358, United States",40.76041499999999,-73.80340699999999,華人寺庙,"Flushing, NY",2
New York Buddhist Vihara,"21422 Spencer Ave, Queens Village, NY 11427, United States",40.7278673,-73.7509644,華人寺庙,"Flushing, NY",2
Chan Meditation Center (法鼓山東初禪寺),"91-26 Corona Ave., Elmhurst, NY 11373, United States",40.7423522,-73.8726379,華人寺庙,"Flushing, NY",2
和平精舍（佛堂）紐約法拉盛（悟善禪師）,"41-31 Main St, Flushing, NY 11355, United States",40.757433,-73.8288015,華人寺庙,"Flushing, NY",2
The Hindu Temple Society of North America,"45-57 Bowne St, Flushing, NY 11355, United States",40.7528108,-73.8169558,華人寺庙,"Flushing, NY",2
BUD ZEN CTR 뉴욕 대관음사 (한국불교대학 대관음사),"3503 156th St, Flushing, NY 11354, United States",40.7656787,-73.8086613,華人寺庙,"Flushing, NY",2
和平精舍（佛堂）紐約法拉盛（悟善禪師）,"41-31 Main St, Flushing, NY 11355, United States",40.757433,-73.8288015,佛堂,"Flushing, NY",2
Fo Guang Shan New York Temple,"154-37 Barclay Ave, Flushing, NY 11355, United States",40.7622107,-73.8095143,佛堂,"Flushing, NY",2
"True Buddha Diamond Temple of NY Inc., 真佛宗美國紐約金剛雷藏寺","3332 148th St, Flushing, NY 11354, United States",40.7680083,-73.8183361,佛堂,"Flushing, NY",2
World Buddhist Ch'an Jing Center,"43-35 Main St, Flushing, NY 11355, United States",40.7516925,-73.82601660000002,佛堂,"Flushing, NY",2
Fo Guang Shan New York Temple,"154-37 Barclay Ave, Flushing, NY 11355, United States",40.7622107,-73.8095143,佛教中心,"Flushing, NY",2
World Buddhist Ch'an Jing Center,"43-35 Main St, Flushing, NY 11355, United States",40.7516925,-73.82601660000002,佛教中心,"Flushing, NY",2
Buddha Dharma Listening Center Of New York 紐約佛教聞法中心,"45-04 162nd St #201, Flushing, NY 11358, United States",40.75615000000001,-73.8047641,佛教中心,"Flushing, NY",2
Han Ma Um Zen Center of New York,"144-39 32nd Ave, Flushing, NY 11354, United States",40.770509,-73.8229352,佛教中心,"Flushing, NY",2
"True Buddha Diamond Temple of NY Inc., 真佛宗美國紐約金剛雷藏寺","3332 148th St, Flushing, NY 11354, United States",40.7680083,-73.8183361,佛教中心,"Flushing, NY",2
China Buddhist Associates,"13612 39th Ave, Flushing, NY 11354, United States",40.7602157,-73.8297468,佛教中心,"Flushing, NY",2
Won Buddhism of America (Won Buddhism of New York),"14342 Cherry Ave, Flushing, NY 11355, United States",40.7561949,-73.81888099999999,佛教中心,"Flushing, NY",2
法拉盛静安寺 Jing An Temple of Flushing,"35-22 Prince St, Flushing, NY 11354, United States",40.76340750000001,-73.8335075,佛教中心,"Flushing, NY",2
Myosetsuji Buddhist Temple,"42-32 Parsons Blvd, Flushing, NY 11355, United States",40.7576546,-73.8190724,佛教中心,"Flushing, NY",2
Bodhi Meditation New York USA 菩提禅修美国纽约,"35-05 Farrington St, Flushing, NY 11354, United States",40.764292,-73.8313843,佛教中心,"Flushing, NY",2
Ny Chen S Buddha Associates,"46-38 Kissena Blvd, Flushing, NY 11355, United States",40.7496578,-73.8183014,佛教中心,"Flushing, NY",2
和平精舍（佛堂）紐約法拉盛（悟善禪師）,"41-31 Main St, Flushing, NY 11355, United States",40.757433,-73.8288015,佛教中心,"Flushing, NY",2
정명사 - Jung Myung Sa Buddhist Temple,"162-11 Sanford Ave, Flushing, NY 11358, United States",40.76041499999999,-73.80340699999999,佛教中心,"Flushing, NY",2
Happy Buddha Precious Temple,"135-37 37th Ave #2a, Flushing, NY 11354, United States",40.7613691,-73.8319332,佛教中心,"Flushing, NY",2
善觉寺 Six Harmonies Buddhist Association,"45-12 164th St, Flushing, NY 11358, United States",40.7559251,-73.8028374,佛教中心,"Flushing, NY",2
Metropolitan Buddhist Center,"45-47 Auburndale Ln, Flushing, NY 11358, United States",40.75424220000001,-73.7944499,佛教中心,"Flushing, NY",2
山姆大哥Horoscope心理咨询师Spiritual Guide身心灵疗愈师Fortune Teller佛教法师Palm Reading寺庙Astrologer驱邪exorcist赶鬼Psychic疑难杂症,"155-12 Cherry Ave, Flushing, NY 11355, United States",40.758772,-73.8105719,佛教中心,"Flushing, NY",2
Amitabha Buddhist Society,"4160 Main St #211, Flushing, NY 11355, United States",40.7562013,-73.8289595,佛教中心,"Flushing, NY",2
The Hindu Temple Society of North America,"45-57 Bowne St, Flushing, NY 11355, United States",40.7528108,-73.8169558,佛教中心,"Flushing, NY",2
"Buddhist Tzu Chi Foundation, Northeast Regional Headquarter","137-77 Northern Blvd, Flushing, NY 11354, United States",40.764119,-73.8286131,佛教中心,"Flushing, NY",2
纽约艺人基督教生命堂（华人教会）Performing Artists Gospel Fellowship of New York,"138-10 35th Ave, Flushing, NY 11354, United States",40.7650565,-73.82865249999999,华人教会,"Flushing, NY",2
好消息法拉盛华人教会,"35-15 Linden Pl, Flushing, NY 11354, United States",40.7643,-73.830238,华人教会,"Flushing, NY",2
生命之泉基督教会 Spring of Life Christian Church,"136-46 41st Ave, Flushing, NY 11355, United States",40.7587546,-73.8277085,华人教会,"Flushing, NY",2
Chinese For Christ NY Church,"14221 Franklin Ave, Flushing, NY 11355, United States",40.7570066,-73.82307020000002,华人教会,"Flushing, NY",2
华信教会 Chinese Faith Church,"133-32 41st Rd, Flushing, NY 11355, United States",40.7568378,-73.83007429999999,华人教会,"Flushing, NY",2
纽约在基督里聚会,"134-28 Northern Blvd, Flushing, NY 11354, United States",40.7625013,-73.8336613,华人教会,"Flushing, NY",2
Boon Church of Oversea Chinese Mission,"43-72 Bowne St, Flushing, NY 11355, United States",40.7539067,-73.81866149999999,华人教会,"Flushing, NY",2
Flushing Chinese Baptist Church,"154-29 65th Ave, Flushing, NY 11367, United States",40.7372814,-73.8134896,华人教会,"Flushing, NY",2
Faith Bible Church of Flushing,"2FL, 142-30 Roosevelt Ave, Flushing, NY 11354, United States",40.7606129,-73.82530229999999,华人教会,"Flushing, NY",2
Flushing Chinese United Methodist Church,"220-20 94th Dr, Queens Village, NY 11428, United States",40.7199003,-73.73406419999999,华人教会,"Flushing, NY",2
Grace Christian Alliance Church - 137th Street 恩聯宣道會137街堂,"31-38 137th St 1st floor, Flushing, NY 11354, United States",40.7684582,-73.8312578,华人教会,"Flushing, NY",2
Living Water Victory Church 活水得胜教会,"33-01 Union St, Flushing, NY 11354, United States",40.7678089,-73.8266434,华人教会,"Flushing, NY",2
Chinese Alliance Center of the C&MA,"43-29 162nd St, Flushing, NY 11358, United States",40.7578086,-73.8040673,华人教会,"Flushing, NY",2
The Church of Jesus Christ of Latter-day Saints,"145-15 33rd Ave, Flushing, NY 11354, United States",40.7687871,-73.8225238,华人教会,"Flushing, NY",2
Queens Christian Alliance Church,"135-20 35th Ave, Flushing, NY 11354, United States",40.7643721,-73.8308342,华人教会,"Flushing, NY",2
New Life Alliance Church,"149-49 Sanford Ave, Flushing, NY 11355, United States",40.7610359,-73.81346169999999,华人教会,"Flushing, NY",2
Queens Flushing Gospel Chines,"3907 Prince St, Flushing, NY 11354, United States",40.75950539999999,-73.83196819999999,华人教会,"Flushing, NY",2
生命之泉基督教会 Spring of Life Christian Church,"136-46 41st Ave, Flushing, NY 11355, United States",40.7587546,-73.8277085,基督教堂,"Flushing, NY",2
BREAD OF LIFE CHRISTIAN CHURCH,"132-16 Maple Ave, Flushing, NY 11355, United States",40.7537707,-73.83231479999999,基督教堂,"Flushing, NY",2
Living Water Victory Church 活水得胜教会,"33-01 Union St, Flushing, NY 11354, United States",40.7678089,-73.8266434,基督教堂,"Flushing, NY",2
纽约艺人基督教生命堂（华人教会）Performing Artists Gospel Fellowship of New York,"138-10 35th Ave, Flushing, NY 11354, United States",40.7650565,-73.82865249999999,基督教堂,"Flushing, NY",2
True Jesus Church in Flushing,"146-19 Beech Ave, Flushing, NY 11355, United States",40.757979,-73.8180303,基督教堂,"Flushing, NY",2
Chinese For Christ NY Church,"14221 Franklin Ave, Flushing, NY 11355, United States",40.7570066,-73.82307020000002,基督教堂,"Flushing, NY",2
纽约在基督里聚会,"134-28 Northern Blvd, Flushing, NY 11354, United States",40.7625013,-73.8336613,基督教堂,"Flushing, NY",2
River of Life Christian Church in New York,"143-08 45th Ave, Flushing, NY 11355, United States",40.7539602,-73.8180317,基督教堂,"Flushing, NY",2
Faith Bible Church of Flushing,"2FL, 142-30 Roosevelt Ave, Flushing, NY 11354, United States",40.7606129,-73.82530229999999,基督教堂,"Flushing, NY",2
韓中長老教會,"143-17 Franklin Ave, Flushing, NY 11355, United States",40.7578638,-73.8217888,基督教堂,"Flushing, NY",2
Christian Holy City Church,"Get directions, 35-05 162nd St, Flushing, NY 11358, United States",40.7651664,-73.8031463,基督教堂,"Flushing, NY",2
The Church of Jesus Christ of Latter-day Saints,"145-15 33rd Ave, Flushing, NY 11354, United States",40.7687871,-73.8225238,基督教堂,"Flushing, NY",2
Grace Christian Alliance Church - 137th Street 恩聯宣道會137街堂,"31-38 137th St 1st floor, Flushing, NY 11354, United States",40.7684582,-73.8312578,基督教堂,"Flushing, NY",2
38th Ave; St. George's Episcopal Church,"13532 38th Ave, Flushing, NY 11354, United States",40.7604884,-73.8314504,基督教堂,"Flushing, NY",2
The Church in New York City Hall 3,"157-17 Rose Ave, Flushing, NY 11355, United States",40.7492942,-73.8093315,基督教堂,"Flushing, NY",2
Flushing Church of Christ,"13649 41st Ave, Flushing, NY 11355, United States",40.7590554,-73.8277708,基督教堂,"Flushing, NY",2
The Church In New York - Flushing NY Meeting,"42-60 Crommelin St floor c, Flushing, NY 11355, United States",40.7519937,-73.8312672,基督教堂,"Flushing, NY",2
St John Vianney Roman Catholic Church,"14010 34th Ave, Flushing, NY 11354, United States",40.7660328,-73.8272664,基督教堂,"Flushing, NY",2
真理浸信教会 Truth Baptist Church,"46-28 Kissena Blvd 2nd floor, Flushing, NY 11355, United States",40.7498796,-73.8185888,基督教堂,"Flushing, NY",2
纽约基督徒聚会,"142-18 32nd Ave, Flushing, NY 11354, United States",40.76884380000001,-73.8258924,基督教堂,"Flushing, NY",2
恩典之家护理公司 Health Care,"135-27 38th Ave #107, Flushing, NY 11354, United States",40.7606608,-73.8318453,华人老人中心,"Flushing, NY",2
康居园老人服务中心,"136-22 35th Ave, Flushing, NY 11354, United States",40.7647777,-73.82983209999999,华人老人中心,"Flushing, NY",2
大帝国成人护理中心,"132-29 Blossom Ave, Flushing, NY 11355, United States",40.7520278,-73.8311185,华人老人中心,"Flushing, NY",2
夕陽紅老人日間護理中心,"3050 Whitestone Expy, Flushing, NY 11354, United States",40.7702655,-73.83649179999999,华人老人中心,"Flushing, NY",2
金鹰日间护理中心,"36-36 Prince St, Flushing, NY 11354, United States",40.7621374,-73.8354501,华人老人中心,"Flushing, NY",2
夕陽紅老人日間護理中心,"3050 Whitestone Expy, Flushing, NY 11354, United States",40.7702655,-73.83649179999999,老人日托,"Flushing, NY",2
大帝国成人护理中心,"132-29 Blossom Ave, Flushing, NY 11355, United States",40.7520278,-73.8311185,老人日托,"Flushing, NY",2
金鹰日间护理中心,"36-36 Prince St, Flushing, NY 11354, United States",40.7621374,-73.8354501,老人日托,"Flushing, NY",2
Flushing Senior Daycare 플러싱 데이케어,"141-30 Northern Blvd, Flushing, NY 11354, United States",40.7642589,-73.8248035,老人日托,"Flushing, NY",2
恩典之家护理公司 Health Care,"135-27 38th Ave #107, Flushing, NY 11354, United States",40.7606608,-73.8318453,老人日托,"Flushing, NY",2
장수데이케어 JANGSU Adult Day Care,"32-38 148th St, Flushing, NY 11354, United States",40.7692172,-73.81850039999999,老人日托,"Flushing, NY",2
天天日間護理中心,"142-30 38th Ave 2nd fl, Flushing, NY 11354, United States",40.7617579,-73.825847,老人日托,"Flushing, NY",2
One Stop Senior Daycare 원스탑 시니어 데이케어,"4014 157th St, Flushing, NY 11354, United States",40.7633129,-73.808509,老人日托,"Flushing, NY",2
All Community Adult Day Care Center,"4162 Bowne St ground floor, Flushing, NY 11355, United States",40.7576256,-73.8231097,老人日托,"Flushing, NY",2
康居园老人服务中心,"136-22 35th Ave, Flushing, NY 11354, United States",40.7647777,-73.82983209999999,老人日托,"Flushing, NY",2
Pine Care LLC 파인데이케어,"37-10 149th Pl, Flushing, NY 11354, United States",40.7649731,-73.8161445,老人日托,"Flushing, NY",2
American Adult Day Care Center,"133-38 Sanford Ave 2nd fl, Flushing, NY 11355, United States",40.7561811,-73.82945289999999,老人日托,"Flushing, NY",2
Flushing House,"3820 Bowne St, Flushing, NY 11354, United States",40.7619009,-73.8250659,老人日托,"Flushing, NY",2
CPC Nan Shan Senior Center,"133-14 41st Ave, Flushing, NY 11355, United States",40.7571862,-73.83129029999999,老人日托,"Flushing, NY",2
爱心护理公司,"4295 Main St #3, Flushing, NY 11355, United States",40.75300379999999,-73.8269664,老人日托,"Flushing, NY",2
Franklin Adult Day Care,"45-15 162nd St, Flushing, NY 11358, United States",40.7558952,-73.8044402,老人日托,"Flushing, NY",2
Korean Community Services- Flushing Senior Center,"42-15 166th St, Flushing, NY 11358, United States",40.7588438,-73.80021599999999,老人日托,"Flushing, NY",2
New Franklin Center for Rehabilitation and Nursing,"142-27 Franklin Ave, Flushing, NY 11355, United States",40.7571396,-73.8229295,老人日托,"Flushing, NY",2
Royal Care 康怡护理公司,"136-21 Roosevelt Ave Suite #403, Flushing, NY 11354, United States",40.7599986,-73.8293434,老人日托,"Flushing, NY",2
Cypress Garden Center for Nursing and Rehabilitation,"139-66 35th Ave, Flushing, NY 11354, United States",40.7653948,-73.8253217,老人日托,"Flushing, NY",2
Chinese Community Center of Flushing,"4317 Union St level c, Flushing, NY 11355, United States",40.754302,-73.8211513,华人社区中心,"Flushing, NY",2
Culture Center of Taipei Economic and Cultural Office in New York,"133-32 41st Rd, Flushing, NY 11355, United States",40.7568677,-73.8301974,华侨会馆,"Flushing, NY",2
Chinese Community Center of Flushing,"4317 Union St level c, Flushing, NY 11355, United States",40.754302,-73.8211513,华侨会馆,"Flushing, NY",2
AAFE One Flushing Community Center,"133-29 41st Ave 2nd Floor, Flushing, NY 11355, United States",40.7575405,-73.8311578,华侨会馆,"Flushing, NY",2
"WEN CHOW ASSOCIATION, INC. 美国纽约温州同乡会","31-12 Union St, Flushing, NY 11354, United States",40.769637,-73.82697100000001,同乡会,"Flushing, NY",2
Culture Center of Taipei Economic and Cultural Office in New York,"133-32 41st Rd, Flushing, NY 11355, United States",40.7568677,-73.8301974,侨团,"Flushing, NY",2
Huaqiao Yihu Institute,"37-20 Prince St #4C, Flushing, NY 11354, United States",40.7602126,-73.8330397,侨团,"Flushing, NY",2
纽约华鼎翻译公证（法拉盛缅街）,"135-25 40th Rd #2fl, Flushing, NY 11354, United States",40.7588178,-73.8307228,侨团,"Flushing, NY",2
Chinese Community Center of Flushing,"4317 Union St level c, Flushing, NY 11355, United States",40.754302,-73.8211513,侨团,"Flushing, NY",2
纽约金桥翻译公证公司（法拉盛缅街）,"3506 Leavitt St, Flushing, NY 11354, United States",40.7645387,-73.82931620000001,侨团,"Flushing, NY",2
华晟美国,"3915 Main St Suite 211, Flushing, NY 11354, United States",40.7598588,-73.82997759999999,侨团,"Flushing, NY",2
Haidilao Huoguo Flushing,"138-23 39th Ave, Flushing, NY 11354, United States",40.7613242,-73.8280583,侨团,"Flushing, NY",2
E Noodle Kissena,"59-08 Kissena Blvd, Flushing, NY 11355, United States",40.7404838,-73.81523469999999,侨团,"Flushing, NY",2
AAFE One Flushing Community Center,"133-29 41st Ave 2nd Floor, Flushing, NY 11355, United States",40.7575405,-73.8311578,侨团,"Flushing, NY",2
祯灏百和堂/Linking Acupuncture Clinic,"133-17 Sanford Ave LE, Flushing, NY 11355, United States",40.7562025,-73.8303047,侨团,"Flushing, NY",2
"HRT Best Acupuncture华仁堂-法拉盛针灸诊所 纽约中医诊所 物理治疗医生 李伟华中医师(Jason Yi Dipl.Ac, LAc) 脊椎病 物理治疗|尿频 尿急|失眠 PCOS 背痛 痛症诊所 最好的中医诊所 专家 推荐","136-56 39th Ave #305, Flushing, NY 11354, United States",40.7605907,-73.82824699999999,侨团,"Flushing, NY",2
Flushing Chinese Business Association,"4048 Main St #302, Flushing, NY 11354, United States",40.7583245,-73.8297542,侨团,"Flushing, NY",2
纽约华人报税会计师事务所,"3712 Prince St UNIT 8C, Flushing, NY 11354, United States",40.7604178,-73.8331616,侨团,"Flushing, NY",2
家合移民入籍培训中心 JH Immigration Service,"136-68 Roosevelt Ave Suite 709 / 711, Flushing, NY 11355, United States",40.7600084,-73.8277032,侨团,"Flushing, NY",2
AAAF,"3657 Main St, Flushing, NY 11354, United States",40.7618725,-73.8311281,侨团,"Flushing, NY",2
New York Chinese Community Center,"62 Mott St, New York, NY 10013, United States",40.7160503,-73.9981392,公所,"Flushing, NY",2
Flushing Town Hall,"137-35 Northern Blvd, Flushing, NY 11354, United States",40.7637342,-73.8299598,公所,"Flushing, NY",2
纽约华人服务中心,"41-25 Kissena Blvd #115, Flushing, NY 11355, United States",40.7582704,-73.8284245,公所,"Flushing, NY",2
法拉盛车祸律师-古灵王律师团,"37-02 Main St, Flushing, NY 11354, United States",40.7613205,-73.831327,公所,"Flushing, NY",2
纽约金桥翻译公证公司（法拉盛缅街）,"3506 Leavitt St, Flushing, NY 11354, United States",40.7645387,-73.82931620000001,公所,"Flushing, NY",2
纽约华鼎翻译公证（法拉盛缅街）,"135-25 40th Rd #2fl, Flushing, NY 11354, United States",40.7588178,-73.8307228,公所,"Flushing, NY",2
Flushing,"Flushing, Queens, NY, USA",40.7647238,-73.8306716,公所,"Flushing, NY",2
Downtown Flushing Transit Hub Business Improvement District,"135 - 20 39th Ave 6th Floor, Flushing, NY 11354, United States",40.7596675,-73.83138579999999,公所,"Flushing, NY",2
信成交通罚单律师处理中心,"136-20 38th Ave #9h, Flushing, NY 11354, United States",40.7609223,-73.8300252,公所,"Flushing, NY",2
安发律师事务所 投资移民 房东房客 离婚 刑事 交通罚单 房屋买卖 追讨债务,"136-19 41st Ave Suite 2F, Flushing, NY 11355, United States",40.7588742,-73.8288712,公所,"Flushing, NY",2
Hong Kong Supermarket,"157 Hester St, New York, NY 10013, United States",40.7175994,-73.9960423,Chinese supermarket,"Chinatown Manhattan, NY",2
Chinatown Supermarket of Manhattan 新中華超市,"109 E Broadway, New York, NY 10002, United States",40.71369869999999,-73.9928845,Chinese supermarket,"Chinatown Manhattan, NY",2
Kam Man Market,"200 Canal St, New York, NY 10013, United States",40.7168163,-73.9984181,Chinese supermarket,"Chinatown Manhattan, NY",2
New York Mart,"128 Mott St, New York, NY 10013, United States",40.71850389999999,-73.9966318,Chinese supermarket,"Chinatown Manhattan, NY",2
Deluxe Food Market,"79 Elizabeth St, New York, NY 10013, United States",40.718038,-73.996262,Chinese supermarket,"Chinatown Manhattan, NY",2
Po Wing Hong Food Market,"49 Elizabeth St, New York, NY 10013, United States",40.7171917,-73.9969374,Chinese supermarket,"Chinatown Manhattan, NY",2
Asia Market,"71 1/2 Mulberry St, New York, NY 10013, United States",40.7161737,-73.9992834,Chinese supermarket,"Chinatown Manhattan, NY",2
Bangkok Center Grocery,"104 Mosco St, New York, NY 10013, United States",40.7145249,-73.9993415,Chinese supermarket,"Chinatown Manhattan, NY",2
Tan Tin Hung Supermarket,"121 Bowery, New York, NY 10002, United States",40.7180556,-73.9946923,Chinese supermarket,"Chinatown Manhattan, NY",2
New York Marts,"75 E Broadway, New York, NY 10002, United States",40.713685,-73.9941826,Chinese supermarket,"Chinatown Manhattan, NY",2
Sun Vin Grocery Store,"75 Mulberry St, New York, NY 10013, United States",40.7163431,-73.9993156,Chinese supermarket,"Chinatown Manhattan, NY",2
HK Discount Store,"153 E Broadway, New York, NY 10002, United States",40.7138581,-73.9908181,Chinese supermarket,"Chinatown Manhattan, NY",2
Win Sea Food Market,"218 Canal St, New York, NY 10013, United States",40.7171917,-73.9992749,Chinese supermarket,"Chinatown Manhattan, NY",2
Kin Shing Trading Inc,"133 Mott St # A, New York, NY 10013, United States",40.7184315,-73.9968839,Chinese supermarket,"Chinatown Manhattan, NY",2
Super A Mart 利興食品公司,"101 Bowery, New York, NY 10002, United States",40.7174681,-73.9949346,Chinese supermarket,"Chinatown Manhattan, NY",2
Shun Long Hing Market,"53 E Broadway, New York, NY 10002, United States",40.7135022,-73.9955421,Chinese supermarket,"Chinatown Manhattan, NY",2
Chang Shun,"57 E Broadway, New York, NY 10002, United States",40.7135142,-73.9953924,Chinese supermarket,"Chinatown Manhattan, NY",2
Chinese Hispanic Grocery,"130 Eldridge St, New York, NY 10002, United States",40.7186601,-73.99161289999999,Chinese supermarket,"Chinatown Manhattan, NY",2
Tai Pan Bakery,"194 Canal St, New York, NY 10013, United States",40.7167172,-73.9980781,Chinese supermarket,"Chinatown Manhattan, NY",2
Ken Hing Food Market,"247 Grand St #1, New York, NY 10002, United States",40.7181643,-73.994243,Chinese supermarket,"Chinatown Manhattan, NY",2
Hong Kong Supermarket,"157 Hester St, New York, NY 10013, United States",40.7175994,-73.9960423,Chinese grocery store,"Chinatown Manhattan, NY",2
Kam Man Market,"200 Canal St, New York, NY 10013, United States",40.7168163,-73.9984181,Chinese grocery store,"Chinatown Manhattan, NY",2
New York Mart,"128 Mott St, New York, NY 10013, United States",40.71850389999999,-73.9966318,Chinese grocery store,"Chinatown Manhattan, NY",2
Deluxe Food Market,"79 Elizabeth St, New York, NY 10013, United States",40.718038,-73.996262,Chinese grocery store,"Chinatown Manhattan, NY",2
Chinatown Supermarket of Manhattan 新中華超市,"109 E Broadway, New York, NY 10002, United States",40.71369869999999,-73.9928845,Chinese grocery store,"Chinatown Manhattan, NY",2
Po Wing Hong Food Market,"49 Elizabeth St, New York, NY 10013, United States",40.7171917,-73.9969374,Chinese grocery store,"Chinatown Manhattan, NY",2
Bangkok Center Grocery,"104 Mosco St, New York, NY 10013, United States",40.7145249,-73.9993415,Chinese grocery store,"Chinatown Manhattan, NY",2
Tan Tin Hung Supermarket,"121 Bowery, New York, NY 10002, United States",40.7180556,-73.9946923,Chinese grocery store,"Chinatown Manhattan, NY",2
Asia Market,"71 1/2 Mulberry St, New York, NY 10013, United States",40.7161737,-73.9992834,Chinese grocery store,"Chinatown Manhattan, NY",2
New York Marts,"75 E Broadway, New York, NY 10002, United States",40.713685,-73.9941826,Chinese grocery store,"Chinatown Manhattan, NY",2
Sun Vin Grocery Store,"75 Mulberry St, New York, NY 10013, United States",40.7163431,-73.9993156,Chinese grocery store,"Chinatown Manhattan, NY",2
Win Sea Food Market,"218 Canal St, New York, NY 10013, United States",40.7171917,-73.9992749,Chinese grocery store,"Chinatown Manhattan, NY",2
Mei Lai Wah,"62 Bayard St, New York, NY 10013, United States",40.7154856,-73.9978853,Chinese grocery store,"Chinatown Manhattan, NY",2
Tai Pan Bakery,"194 Canal St, New York, NY 10013, United States",40.7167172,-73.9980781,Chinese grocery store,"Chinatown Manhattan, NY",2
HK Discount Store,"153 E Broadway, New York, NY 10002, United States",40.7138581,-73.9908181,Chinese grocery store,"Chinatown Manhattan, NY",2
Hung Lee,"79 Bayard St, New York, NY 10013, United States",40.7156486,-73.99876619999999,Chinese grocery store,"Chinatown Manhattan, NY",2
Ebisu SoHo,"449 Broadway 1st Floor, New York, NY 10013, United States",40.7204735,-74.0011365,Chinese grocery store,"Chinatown Manhattan, NY",2
Kin Shing Trading Inc,"133 Mott St # A, New York, NY 10013, United States",40.7184315,-73.9968839,Chinese grocery store,"Chinatown Manhattan, NY",2
Grand Advance Supermarket,"272 Grand St, New York, NY 10002, United States",40.718072,-73.992842,Chinese grocery store,"Chinatown Manhattan, NY",2
Chinese Hispanic Grocery,"130 Eldridge St, New York, NY 10002, United States",40.7186601,-73.99161289999999,Chinese grocery store,"Chinatown Manhattan, NY",2
Mahayana Temple Buddhist Association,"133 Canal St, New York, NY 10002, United States",40.71614030000001,-73.99541900000001,Chinese temple,"Chinatown Manhattan, NY",2
Eastern States Buddhist Temple,"64 Mott St, New York, NY 10013, United States",40.7160553,-73.9981355,Chinese temple,"Chinatown Manhattan, NY",2
Chung Te Buddhist Association of Ny,"152 Henry St, New York, NY 10002, United States",40.713287,-73.98964769999999,Chinese temple,"Chinatown Manhattan, NY",2
True Buddha Temple - Chinatown,"156 E Broadway, New York, NY 10002, United States",40.7141919,-73.99063079999999,Chinese temple,"Chinatown Manhattan, NY",2
美國關帝廟 Guan Gong Temple of USA,"294 Broome St, New York, NY 10002, United States",40.7187208,-73.99192169999999,Chinese temple,"Chinatown Manhattan, NY",2
Guanyinsi - World Buddhist Center,"158 Henry St, New York, NY 10002, United States",40.7132794,-73.98943659999999,Chinese temple,"Chinatown Manhattan, NY",2
Pu Chao Buddhist Temple,"20 Eldridge St, New York, NY 10002, United States",40.7149363,-73.9934997,Chinese temple,"Chinatown Manhattan, NY",2
Huang Da Xian Taoist Temple,"20 Bowery, New York, NY 10013, United States",40.7147212,-73.99725,Chinese temple,"Chinatown Manhattan, NY",2
Guangming Buddhist Temple,"214 Centre St, New York, NY 10013, United States",40.7192124,-73.99883659999999,Chinese temple,"Chinatown Manhattan, NY",2
Fawang si (China Buddhist Association),"245 Canal St # 2, New York, NY 10013, United States",40.7184124,-74.0002401,Chinese temple,"Chinatown Manhattan, NY",2
紐約佛恩寺Grace Gratitude Buddhist Temple,"48 E Broadway, New York, NY 10002, United States",40.7137267,-73.9957373,Chinese temple,"Chinatown Manhattan, NY",2
Zhengjuesi - Cheng Chio Buddhist Temple,"16 Allen St, New York, NY 10002, United States",40.7151042,-73.9921701,Chinese temple,"Chinatown Manhattan, NY",2
Eastern Buddhist Association East Dhayana Temple,"83 Division St, New York, NY 10002, United States",40.7142359,-73.99362409999999,Chinese temple,"Chinatown Manhattan, NY",2
Guan Yin Citta 唐人街观音堂,"17 Monroe St, New York, NY 10002, United States",40.7116833,-73.995746,Chinese temple,"Chinatown Manhattan, NY",2
Sung Tak Buddhist Association,"15 Pike St, New York, NY 10002, United States",40.7135621,-73.9921995,Chinese temple,"Chinatown Manhattan, NY",2
Transworld Buddhist Association,"7 E Broadway, New York, NY 10038, United States",40.7133108,-73.99766149999999,Chinese temple,"Chinatown Manhattan, NY",2
乾元居老谢道士堂,"32 E Broadway #1, New York, NY 10002, United States",40.7137174,-73.9964833,Chinese temple,"Chinatown Manhattan, NY",2
Bok Yee Buddhist Temple,"11 Allen St, New York, NY 10002, United States",40.7148517,-73.9929119,Chinese temple,"Chinatown Manhattan, NY",2
Feilian dong,"42 Hester St, New York, NY 10002, United States",40.71557550000001,-73.9901048,Chinese temple,"Chinatown Manhattan, NY",2
Kopitiam,"151 E Broadway, New York, NY 10002, United States",40.7138487,-73.9909299,Chinese temple,"Chinatown Manhattan, NY",2
New York Chinese Baptist Church,"84 Walker St, New York, NY 10013, United States",40.7182579,-74.0014547,Chinese church,"Chinatown Manhattan, NY",2
Oversea Chinese Mission,"Main entrance on, Elizabeth Street, 154 Hester St, New York, NY 10013, United States",40.7174974,-73.99652549999999,Chinese church,"Chinatown Manhattan, NY",2
First Chinese Presbyterian Church,"61 Henry St, New York, NY 10002, United States",40.7131928,-73.99479339999999,Chinese church,"Chinatown Manhattan, NY",2
First Chinese Baptist Church,"21 Pell St, New York, NY 10013, United States",40.714808,-73.99818940000002,Chinese church,"Chinatown Manhattan, NY",2
Chinatown Christ Family Church,"48 Market St #1a, New York, NY 10002, United States",40.7118924,-73.9940961,Chinese church,"Chinatown Manhattan, NY",2
Chinese Evangel Mission Church,"97 Madison St, New York, NY 10002, United States",40.7123217,-73.9954932,Chinese church,"Chinatown Manhattan, NY",2
NY Chinese Alliance Church,"160 Eldridge St, New York, NY 10002, United States",40.7198402,-73.9909862,Chinese church,"Chinatown Manhattan, NY",2
Chinese United Methodist Church,"69 Madison St, New York, NY 10002, United States",40.7122086,-73.99677299999999,Chinese church,"Chinatown Manhattan, NY",2
"Evangelical Church, Mission and Seminary International in Chinatown","248 Grand St, New York, NY 10002, United States",40.7183328,-73.9940581,Chinese church,"Chinatown Manhattan, NY",2
Chinese Christian Assembly,"2 Allen St, New York, NY 10002, United States",40.71451560000001,-73.99234419999999,Chinese church,"Chinatown Manhattan, NY",2
Chinese-American Planning Council - Chinatown Senior Center,"55 Chrystie St, New York, NY 10002, United States",40.7163825,-73.9949779,Chinese senior center,"Chinatown Manhattan, NY",2
New York Chinese Community Center,"62 Mott St, New York, NY 10013, United States",40.7160503,-73.9981392,Chinese community center,"Chinatown Manhattan, NY",2
New York Chinese Community Center,"62 Mott St, New York, NY 10013, United States",40.7160503,-73.9981392,Chinese association,"Chinatown Manhattan, NY",2
Greater Chinatown Community Association,"6 Doyers St, New York, NY 10013, United States",40.714453,-73.9979012,Chinese association,"Chinatown Manhattan, NY",2
Myanmar Chinese Association of New York,"100 Bowery 4th floor, New York, NY 10013, United States",40.717777,-73.995468,Chinese association,"Chinatown Manhattan, NY",2
Chinese Community Club,"3/F, 199 Canal St, New York, NY 10013, United States",40.7172518,-73.9983871,Chinese association,"Chinatown Manhattan, NY",2
On Leong Chinese Merchants Association,"83 Mott St, New York, NY 10013, United States",40.7166948,-73.9980826,Chinese association,"Chinatown Manhattan, NY",2
Think!Chinatown,"1 Pike St, New York, NY 10002, United States",40.7142846,-73.992356,Chinese association,"Chinatown Manhattan, NY",2
New York Chinese School,"62 Mott St 3rd floor, New York, NY 10013, United States",40.7159896,-73.998024,Chinese association,"Chinatown Manhattan, NY",2
Chinese Progressive Association,"230 Grand St #504, New York, NY 10013, United States",40.7187888,-73.9950885,Chinese association,"Chinatown Manhattan, NY",2
Chinese Heritage Society,"109 Lafayette St, New York, NY 10013, United States",40.7179593,-74.0006535,Chinese association,"Chinatown Manhattan, NY",2
Chinese Staff & Workers’ Association,"345 Grand St #1W, New York, NY 10002, United States",40.7167968,-73.9897204,Chinese association,"Chinatown Manhattan, NY",2
Hotel Chinese Association of USA,"98 Mott St, New York, NY 10013, United States",40.7171339,-73.9972829,Chinese association,"Chinatown Manhattan, NY",2
Welcome to Chinatown,"115 Bowery, New York, NY 10002, United States",40.7179183,-73.9947857,Chinese association,"Chinatown Manhattan, NY",2
Lin Sing Association,"49 Mott St # 2, New York, NY 10013, United States",40.7154026,-73.99875480000001,Chinese association,"Chinatown Manhattan, NY",2
New York Chinese Cultural Center,"137 Henry St 4th floor, New York, NY 10002, United States",40.713427,-73.990848,Chinese association,"Chinatown Manhattan, NY",2
San Kiang Charitable Association,"25 Division St 3rd floor, New York, NY 10002, United States",40.7140362,-73.9962697,Chinese association,"Chinatown Manhattan, NY",2
Better Chinatown Society,"81 Baxter St, New York, NY 10013, United States",40.7165881,-73.99980529999999,Chinese association,"Chinatown Manhattan, NY",2
Fawang si (China Buddhist Association),"245 Canal St # 2, New York, NY 10013, United States",40.7184124,-74.0002401,Chinese association,"Chinatown Manhattan, NY",2
Hoy Ping Association of New York,"98 Mott St, New York, NY 10013, United States",40.7171655,-73.9973708,Chinese association,"Chinatown Manhattan, NY",2
Gallery 456 / Chinese American Arts Council,"456 Broadway 3rd Floor, New York, NY 10013, United States",40.720506,-74.000545,Chinese association,"Chinatown Manhattan, NY",2
Chew Lun Association,"94 Mott St, New York, NY 10013, United States",40.7171123,-73.9973756,Chinese association,"Chinatown Manhattan, NY",2
New York Mart,"128 Mott St, New York, NY 10013, United States",40.71850389999999,-73.9966318,华人超市,"Chinatown Manhattan, NY",2
Hong Kong Supermarket,"157 Hester St, New York, NY 10013, United States",40.7175994,-73.9960423,华人超市,"Chinatown Manhattan, NY",2
Chinatown Supermarket of Manhattan 新中華超市,"109 E Broadway, New York, NY 10002, United States",40.71369869999999,-73.9928845,华人超市,"Chinatown Manhattan, NY",2
Chinatown Supermarket of Manhattan 新中華超市,"109 E Broadway, New York, NY 10002, United States",40.71369869999999,-73.9928845,华超,"Chinatown Manhattan, NY",2
New York Mart,"128 Mott St, New York, NY 10013, United States",40.71850389999999,-73.9966318,华超,"Chinatown Manhattan, NY",2
Kam Man Market,"200 Canal St, New York, NY 10013, United States",40.7168163,-73.9984181,华超,"Chinatown Manhattan, NY",2
Hong Kong Supermarket,"157 Hester St, New York, NY 10013, United States",40.7175994,-73.9960423,华超,"Chinatown Manhattan, NY",2
Deluxe Food Market,"79 Elizabeth St, New York, NY 10013, United States",40.718038,-73.996262,华超,"Chinatown Manhattan, NY",2
Po Wing Hong Food Market,"49 Elizabeth St, New York, NY 10013, United States",40.7171917,-73.9969374,华超,"Chinatown Manhattan, NY",2
Asia Market,"71 1/2 Mulberry St, New York, NY 10013, United States",40.7161737,-73.9992834,华超,"Chinatown Manhattan, NY",2
New York Marts,"75 E Broadway, New York, NY 10002, United States",40.713685,-73.9941826,华超,"Chinatown Manhattan, NY",2
Wai Wah Market Inc,"17 Catherine St, New York, NY 10038, United States",40.71310709999999,-73.99712099999999,华超,"Chinatown Manhattan, NY",2
Sun Vin Grocery Store,"75 Mulberry St, New York, NY 10013, United States",40.7163431,-73.9993156,华超,"Chinatown Manhattan, NY",2
Tan Tin Hung Supermarket,"121 Bowery, New York, NY 10002, United States",40.7180556,-73.9946923,华超,"Chinatown Manhattan, NY",2
HK Discount Store,"153 E Broadway, New York, NY 10002, United States",40.7138581,-73.9908181,华超,"Chinatown Manhattan, NY",2
Super A Mart 利興食品公司,"101 Bowery, New York, NY 10002, United States",40.7174681,-73.9949346,华超,"Chinatown Manhattan, NY",2
Wah Cheung,"129 Mott St, New York, NY 10013, United States",40.7183589,-73.9970572,华超,"Chinatown Manhattan, NY",2
Chinese Hispanic Grocery,"130 Eldridge St, New York, NY 10002, United States",40.7186601,-73.99161289999999,华超,"Chinatown Manhattan, NY",2
Chang Shun,"57 E Broadway, New York, NY 10002, United States",40.7135142,-73.9953924,华超,"Chinatown Manhattan, NY",2
Wah Fung No.1 Fast Food,"79 Chrystie St, New York, NY 10002, United States",40.71731279999999,-73.9944513,华超,"Chinatown Manhattan, NY",2
New Lou Cheng Market Inc,"51 E Broadway, New York, NY 10002, United States",40.71349379999999,-73.9956125,华超,"Chinatown Manhattan, NY",2
Deluxe Meat Market,"79 Elizabeth St, New York, NY 10013, United States",40.7180317,-73.9963017,华超,"Chinatown Manhattan, NY",2
Wahyeung USA Co Ltd,"81 Mulberry St, New York, NY 10013, United States",40.71652,-73.9991974,华超,"Chinatown Manhattan, NY",2
New York Mart,"128 Mott St, New York, NY 10013, United States",40.71850389999999,-73.9966318,中国超市,"Chinatown Manhattan, NY",2
Kam Man Market,"200 Canal St, New York, NY 10013, United States",40.7168163,-73.9984181,中国超市,"Chinatown Manhattan, NY",2
Chinatown Supermarket of Manhattan 新中華超市,"109 E Broadway, New York, NY 10002, United States",40.71369869999999,-73.9928845,中国超市,"Chinatown Manhattan, NY",2
New York Mart,"128 Mott St, New York, NY 10013, United States",40.71850389999999,-73.9966318,华人杂货店,"Chinatown Manhattan, NY",2
Chinatown Supermarket of Manhattan 新中華超市,"109 E Broadway, New York, NY 10002, United States",40.71369869999999,-73.9928845,华人杂货店,"Chinatown Manhattan, NY",2
Hong Kong Supermarket,"157 Hester St, New York, NY 10013, United States",40.7175994,-73.9960423,华人杂货店,"Chinatown Manhattan, NY",2
Kam Man Market,"200 Canal St, New York, NY 10013, United States",40.7168163,-73.9984181,华人杂货店,"Chinatown Manhattan, NY",2
Deluxe Food Market,"79 Elizabeth St, New York, NY 10013, United States",40.718038,-73.996262,华人杂货店,"Chinatown Manhattan, NY",2
New York Marts,"75 E Broadway, New York, NY 10002, United States",40.713685,-73.9941826,华人杂货店,"Chinatown Manhattan, NY",2
Po Wing Hong Food Market,"49 Elizabeth St, New York, NY 10013, United States",40.7171917,-73.9969374,华人杂货店,"Chinatown Manhattan, NY",2
Kin Shing Trading Inc,"133 Mott St # A, New York, NY 10013, United States",40.7184315,-73.9968839,华人杂货店,"Chinatown Manhattan, NY",2
Asia Market,"71 1/2 Mulberry St, New York, NY 10013, United States",40.7161737,-73.9992834,华人杂货店,"Chinatown Manhattan, NY",2
Tan Tin Hung Supermarket,"121 Bowery, New York, NY 10002, United States",40.7180556,-73.9946923,华人杂货店,"Chinatown Manhattan, NY",2
Shun Long Hing Market,"53 E Broadway, New York, NY 10002, United States",40.7135022,-73.9955421,华人杂货店,"Chinatown Manhattan, NY",2
Super A Mart 利興食品公司,"101 Bowery, New York, NY 10002, United States",40.7174681,-73.9949346,华人杂货店,"Chinatown Manhattan, NY",2
HK Discount Store,"153 E Broadway, New York, NY 10002, United States",40.7138581,-73.9908181,华人杂货店,"Chinatown Manhattan, NY",2
Sun Vin Grocery Store,"75 Mulberry St, New York, NY 10013, United States",40.7163431,-73.9993156,华人杂货店,"Chinatown Manhattan, NY",2
Wai Wah Market Inc,"17 Catherine St, New York, NY 10038, United States",40.71310709999999,-73.99712099999999,华人杂货店,"Chinatown Manhattan, NY",2
K. K. Discount Store,"78 Mulberry St, New York, NY 10013, United States",40.7163323,-73.9987672,华人杂货店,"Chinatown Manhattan, NY",2
New Lou Cheng Market Inc,"51 E Broadway, New York, NY 10002, United States",40.71349379999999,-73.9956125,华人杂货店,"Chinatown Manhattan, NY",2
Bangkok Center Grocery,"104 Mosco St, New York, NY 10013, United States",40.7145249,-73.9993415,华人杂货店,"Chinatown Manhattan, NY",2
Win Sea Food Market,"218 Canal St, New York, NY 10013, United States",40.7171917,-73.9992749,华人杂货店,"Chinatown Manhattan, NY",2
Hung Lee,"79 Bayard St, New York, NY 10013, United States",40.7156486,-73.99876619999999,华人杂货店,"Chinatown Manhattan, NY",2
Guanyinsi - World Buddhist Center,"158 Henry St, New York, NY 10002, United States",40.7132794,-73.98943659999999,華人寺庙,"Chinatown Manhattan, NY",2
Mahayana Temple Buddhist Association,"133 Canal St, New York, NY 10002, United States",40.71614030000001,-73.99541900000001,華人寺庙,"Chinatown Manhattan, NY",2
Eastern States Buddhist Temple,"64 Mott St, New York, NY 10013, United States",40.7160553,-73.9981355,華人寺庙,"Chinatown Manhattan, NY",2
Pu Chao Buddhist Temple,"20 Eldridge St, New York, NY 10002, United States",40.7149363,-73.9934997,華人寺庙,"Chinatown Manhattan, NY",2
美國關帝廟 Guan Gong Temple of USA,"294 Broome St, New York, NY 10002, United States",40.7187208,-73.99192169999999,華人寺庙,"Chinatown Manhattan, NY",2
紐約佛恩寺Grace Gratitude Buddhist Temple,"48 E Broadway, New York, NY 10002, United States",40.7137267,-73.9957373,華人寺庙,"Chinatown Manhattan, NY",2
Fawang si (China Buddhist Association),"245 Canal St # 2, New York, NY 10013, United States",40.7184124,-74.0002401,華人寺庙,"Chinatown Manhattan, NY",2
乾元居老谢道士堂,"32 E Broadway #1, New York, NY 10002, United States",40.7137174,-73.9964833,華人寺庙,"Chinatown Manhattan, NY",2
Guangming Buddhist Temple,"214 Centre St, New York, NY 10013, United States",40.7192124,-73.99883659999999,華人寺庙,"Chinatown Manhattan, NY",2
Huang Da Xian Taoist Temple,"20 Bowery, New York, NY 10013, United States",40.7147212,-73.99725,華人寺庙,"Chinatown Manhattan, NY",2
Zhengjuesi - Cheng Chio Buddhist Temple,"16 Allen St, New York, NY 10002, United States",40.7151042,-73.9921701,華人寺庙,"Chinatown Manhattan, NY",2
Guan Yin Citta 唐人街观音堂,"17 Monroe St, New York, NY 10002, United States",40.7116833,-73.995746,華人寺庙,"Chinatown Manhattan, NY",2
Chung Te Buddhist Association of Ny,"152 Henry St, New York, NY 10002, United States",40.713287,-73.98964769999999,華人寺庙,"Chinatown Manhattan, NY",2
True Buddha Temple - Chinatown,"156 E Broadway, New York, NY 10002, United States",40.7141919,-73.99063079999999,華人寺庙,"Chinatown Manhattan, NY",2
Eastern Buddhist Association East Dhayana Temple,"83 Division St, New York, NY 10002, United States",40.7142359,-73.99362409999999,華人寺庙,"Chinatown Manhattan, NY",2
Sung Tak Buddhist Association,"15 Pike St, New York, NY 10002, United States",40.7135621,-73.9921995,華人寺庙,"Chinatown Manhattan, NY",2
法拉盛静安寺 Jing An Temple of Flushing,"35-22 Prince St, Flushing, NY 11354, United States",40.76340750000001,-73.8335075,華人寺庙,"Chinatown Manhattan, NY",2
Feilian dong,"42 Hester St, New York, NY 10002, United States",40.71557550000001,-73.9901048,華人寺庙,"Chinatown Manhattan, NY",2
欽德佛堂,"56 E Broadway, New York, NY 10002, United States",40.7137509,-73.99541460000002,佛堂,"Chinatown Manhattan, NY",2
Pu Chao Buddhist Temple,"20 Eldridge St, New York, NY 10002, United States",40.7149363,-73.9934997,佛堂,"Chinatown Manhattan, NY",2
Guanyinsi - World Buddhist Center,"158 Henry St, New York, NY 10002, United States",40.7132794,-73.98943659999999,佛教中心,"Chinatown Manhattan, NY",2
Mahayana Temple Buddhist Association,"133 Canal St, New York, NY 10002, United States",40.71614030000001,-73.99541900000001,佛教中心,"Chinatown Manhattan, NY",2
Eastern States Buddhist Temple,"64 Mott St, New York, NY 10013, United States",40.7160553,-73.9981355,佛教中心,"Chinatown Manhattan, NY",2
Pu Chao Buddhist Temple,"20 Eldridge St, New York, NY 10002, United States",40.7149363,-73.9934997,佛教中心,"Chinatown Manhattan, NY",2
Fawang si (China Buddhist Association),"245 Canal St # 2, New York, NY 10013, United States",40.7184124,-74.0002401,佛教中心,"Chinatown Manhattan, NY",2
青年佛教通訊中心,"2/Front, 18 Mott St, New York, NY 10013, United States",40.7142681,-73.9986271,佛教中心,"Chinatown Manhattan, NY",2
Oversea Chinese Mission,"Main entrance on, Elizabeth Street, 154 Hester St, New York, NY 10013, United States",40.7174974,-73.99652549999999,华人教会,"Chinatown Manhattan, NY",2
NY Chinese Alliance Church,"160 Eldridge St, New York, NY 10002, United States",40.7198402,-73.9909862,华人教会,"Chinatown Manhattan, NY",2
Chinese Evangel Mission Church,"97 Madison St, New York, NY 10002, United States",40.7123217,-73.9954932,华人教会,"Chinatown Manhattan, NY",2
New York Chinese Baptist Church,"84 Walker St, New York, NY 10013, United States",40.7182579,-74.0014547,华人教会,"Chinatown Manhattan, NY",2
Chinese Conservative Baptist Church 中華純正浸信會,"103 Madison St, New York, NY 10002, United States",40.7123639,-73.9952066,华人教会,"Chinatown Manhattan, NY",2
First Chinese Baptist Church,"21 Pell St, New York, NY 10013, United States",40.714808,-73.99818940000002,华人教会,"Chinatown Manhattan, NY",2
"Evangelical Church, Mission and Seminary International in Chinatown","248 Grand St, New York, NY 10002, United States",40.7183328,-73.9940581,华人教会,"Chinatown Manhattan, NY",2
Chinatown Christ Family Church,"48 Market St #1a, New York, NY 10002, United States",40.7118924,-73.9940961,华人教会,"Chinatown Manhattan, NY",2
Chinese Missionary Baptist Church,"136 Henry St # 1, New York, NY 10002, United States",40.71323590000001,-73.99071889999999,华人教会,"Chinatown Manhattan, NY",2
New York Chinese Community Center,"62 Mott St, New York, NY 10013, United States",40.7160503,-73.9981392,华人教会,"Chinatown Manhattan, NY",2
Chinese Christian Fellowship,"91 Claremont Ave, New York, NY 10027, United States",40.8119008,-73.9630756,华人教会,"Chinatown Manhattan, NY",2
First Chinese Presbyterian Church,"61 Henry St, New York, NY 10002, United States",40.7131928,-73.99479339999999,华人教会,"Chinatown Manhattan, NY",2
Chinese Community Church Of New York,"6 W 96th St, New York, NY 10025, United States",40.7916427,-73.9651769,华人教会,"Chinatown Manhattan, NY",2
Chinese United Methodist Church,"69 Madison St, New York, NY 10002, United States",40.7122086,-73.99677299999999,华人教会,"Chinatown Manhattan, NY",2
Church of Grace To Fujianese,"133 Allen St, New York, NY 10002, United States",40.7201907,-73.9901915,华人教会,"Chinatown Manhattan, NY",2
Manhattan Gospel Church (Chinese),"91 Claremont Ave, New York, NY 10027, United States",40.8116561,-73.96275279999999,华人教会,"Chinatown Manhattan, NY",2
New York Christian Mission Church,"58 Eldridge St, New York, NY 10002, United States",40.7162643,-73.9928281,华人教会,"Chinatown Manhattan, NY",2
Guanyinsi - World Buddhist Center,"158 Henry St, New York, NY 10002, United States",40.7132794,-73.98943659999999,华人教会,"Chinatown Manhattan, NY",2
Chinese For Christ NY Church,"14221 Franklin Ave, Flushing, NY 11355, United States",40.7570066,-73.82307020000002,华人教会,"Chinatown Manhattan, NY",2
"Chinatown Manpower Project, Inc.","55 Chrystie St 2nd FL, New York, NY 10002, United States",40.7165056,-73.99510529999999,华人教会,"Chinatown Manhattan, NY",2
"Evangelical Church, Mission and Seminary International in Chinatown","248 Grand St, New York, NY 10002, United States",40.7183328,-73.9940581,基督教堂,"Chinatown Manhattan, NY",2
耶穌基督後期聖徒教會,"41 Elizabeth St, New York, NY 10013, United States",40.7169811,-73.99692879999999,基督教堂,"Chinatown Manhattan, NY",2
Chinatown Christ Family Church,"48 Market St #1a, New York, NY 10002, United States",40.7118924,-73.9940961,基督教堂,"Chinatown Manhattan, NY",2
Chinese Evangel Mission Church,"97 Madison St, New York, NY 10002, United States",40.7123217,-73.9954932,基督教堂,"Chinatown Manhattan, NY",2
Church of The Transfiguration,"29 Mott St, New York, NY 10013, United States",40.7146553,-73.9990109,基督教堂,"Chinatown Manhattan, NY",2
Oversea Chinese Mission,"Main entrance on, Elizabeth Street, 154 Hester St, New York, NY 10013, United States",40.7174974,-73.99652549999999,基督教堂,"Chinatown Manhattan, NY",2
First Chinese Baptist Church,"21 Pell St, New York, NY 10013, United States",40.714808,-73.99818940000002,基督教堂,"Chinatown Manhattan, NY",2
First Chinese Presbyterian Church,"61 Henry St, New York, NY 10002, United States",40.7131928,-73.99479339999999,基督教堂,"Chinatown Manhattan, NY",2
New York Chinese Community Center,"62 Mott St, New York, NY 10013, United States",40.7160503,-73.9981392,华人老人中心,"Chinatown Manhattan, NY",2
Chinatown YMCA,"273 Bowery, New York, NY 10002, United States",40.7237329,-73.99242149999999,老人日托,"Chinatown Manhattan, NY",2
老人局,"2 Lafayette St, New York, NY 10007, United States",40.7141238,-74.0039575,老人日托,"Chinatown Manhattan, NY",2
VNS Health: Chinatown Community Center,"7 Mott St, New York, NY 10013, United States",40.7139564,-73.99892229999999,老人日托,"Chinatown Manhattan, NY",2
Greater Chinatown Community Association,"6 Doyers St, New York, NY 10013, United States",40.714453,-73.9979012,老人日托,"Chinatown Manhattan, NY",2
Welcome to Chinatown,"115 Bowery, New York, NY 10002, United States",40.7179183,-73.9947857,老人日托,"Chinatown Manhattan, NY",2
Chinatown YMCA Beacon,"100 Hester St, New York, NY 10002, United States",40.7165914,-73.993613,老人日托,"Chinatown Manhattan, NY",2
New York Chinese Community Center,"62 Mott St, New York, NY 10013, United States",40.7160503,-73.9981392,老人日托,"Chinatown Manhattan, NY",2
Chinatown Day Care Center Inc,"35 Division St, New York, NY 10002, United States",40.7140782,-73.99578149999999,老人日托,"Chinatown Manhattan, NY",2
healthy family social daycare inc百家乐老人活动中心,"864 56th St #1A, Brooklyn, NY 11220, United States",40.6366147,-74.0057401,老人日托,"Chinatown Manhattan, NY",2
Chinese-American Planning Council - Chinatown Senior Center,"55 Chrystie St, New York, NY 10002, United States",40.7163825,-73.9949779,老人日托,"Chinatown Manhattan, NY",2
Chinatown Medicaid(唐人街医药局),"115 Chrystie St, New York, NY 10002, United States",40.7186767,-73.99385900000001,老人日托,"Chinatown Manhattan, NY",2
Open Door Senior Citizen Center,"168 Grand St, New York, NY 10013, United States",40.7197663,-73.9982058,老人日托,"Chinatown Manhattan, NY",2
夕陽紅老人日間護理中心,"3050 Whitestone Expy, Flushing, NY 11354, United States",40.7702655,-73.83649179999999,老人日托,"Chinatown Manhattan, NY",2
Chinese-American Planning Council (CPC),"45 Suffolk St, New York, NY 10002, United States",40.7166988,-73.9873448,老人日托,"Chinatown Manhattan, NY",2
Human Care: Home Care & CDPAP Caregivers In New York,"120 Mott St, New York, NY 10013, United States",40.7181282,-73.9968734,老人日托,"Chinatown Manhattan, NY",2
金鹰日间护理中心,"36-36 Prince St, Flushing, NY 11354, United States",40.7621374,-73.8354501,老人日托,"Chinatown Manhattan, NY",2
EmblemHealth Neighborhood Care Chinatown,"87 Bowery, New York, NY 10002, United States",40.7169589,-73.9952983,老人日托,"Chinatown Manhattan, NY",2
大帝国成人护理中心,"132-29 Blossom Ave, Flushing, NY 11355, United States",40.7520278,-73.8311185,老人日托,"Chinatown Manhattan, NY",2
New York Chinese Community Center,"62 Mott St, New York, NY 10013, United States",40.7160503,-73.9981392,华人社区中心,"Chinatown Manhattan, NY",2
Greater Chinatown Community Association,"6 Doyers St, New York, NY 10013, United States",40.714453,-73.9979012,华人社区中心,"Chinatown Manhattan, NY",2
New York Chinese Community Center,"62 Mott St, New York, NY 10013, United States",40.7160503,-73.9981392,华侨会馆,"Chinatown Manhattan, NY",2
Museum of Chinese in America,"215 Centre St, New York, NY 10013, United States",40.7193785,-73.99905059999999,华侨会馆,"Chinatown Manhattan, NY",2
Hwa Yuan Szechuan,"42 E Broadway, New York, NY 10002, United States",40.71369929999999,-73.9959937,华侨会馆,"Chinatown Manhattan, NY",2
Chinatown Fair Family Fun Center,"8 Mott St, New York, NY 10038, United States",40.71401729999999,-73.998571,华侨会馆,"Chinatown Manhattan, NY",2
Greater Chinatown Community Association,"6 Doyers St, New York, NY 10013, United States",40.714453,-73.9979012,华侨会馆,"Chinatown Manhattan, NY",2
Culture Center of Taipei Economic and Cultural Office in New York,"133-32 41st Rd, Flushing, NY 11355, United States",40.7568677,-73.8301974,华侨会馆,"Chinatown Manhattan, NY",2
曼哈顿唐人街,"17 Elizabeth St, New York, NY 10013, United States",40.7160062,-73.9975785,华侨会馆,"Chinatown Manhattan, NY",2
Chinese-American Planning Council - Chinatown Senior Center,"55 Chrystie St, New York, NY 10002, United States",40.7163825,-73.9949779,华侨会馆,"Chinatown Manhattan, NY",2
New York Chinese Community Center,"62 Mott St, New York, NY 10013, United States",40.7160503,-73.9981392,同乡会,"Chinatown Manhattan, NY",2
Chao Chiu Association,"128 Mott St STE 706, New York, NY 10013, United States",40.71847890000001,-73.9964735,同乡会,"Chinatown Manhattan, NY",2
Fukien Benevolent Association of America,"125 E Broadway, New York, NY 10002, United States",40.71374429999999,-73.9921997,同乡会,"Chinatown Manhattan, NY",2
Hainan Association,"86 Schermerhorn St, Brooklyn, NY 11201, United States",40.6905211,-73.9904792,同乡会,"Chinatown Manhattan, NY",2
Greater Chinatown Community Association,"6 Doyers St, New York, NY 10013, United States",40.714453,-73.9979012,同乡会,"Chinatown Manhattan, NY",2
Chong Lou USA Headquarters 美國沖蔞同鄉總會,"22 Pell St, New York, NY 10013, United States",40.7148994,-73.9981098,同乡会,"Chinatown Manhattan, NY",2
New York Chinese Community Center,"62 Mott St, New York, NY 10013, United States",40.7160503,-73.9981392,公所,"Chinatown Manhattan, NY",2
US Supermarket,"82-66 Broadway, Elmhurst, NY 11373, United States",40.7416231,-73.8815814,Chinese supermarket,"Elmhurst, NY",2
Good Supermarket,"86-18 Broadway, Elmhurst, NY 11373, United States",40.738203,-73.877445,Chinese supermarket,"Elmhurst, NY",2
SeasonFresh Supermarket,"4510 83rd St, Elmhurst, NY 11373, United States",40.7415405,-73.8818486,Chinese supermarket,"Elmhurst, NY",2
D & Z Supermarket,"77-00 Queens Blvd, Elmhurst, NY 11373, United States",40.7380883,-73.88631649999999,Chinese supermarket,"Elmhurst, NY",2
SkyFoods-Elmhurst,"7955 Albion Ave, Elmhurst, NY 11373, United States",40.7396122,-73.8836961,Chinese supermarket,"Elmhurst, NY",2
Top Line Supermarket,"8137 Broadway, Elmhurst, NY 11373, United States",40.74304470000001,-73.8828407,Chinese supermarket,"Elmhurst, NY",2
G Mart,"75-01 Broadway, Elmhurst, NY 11373, United States",40.7464246,-73.8902614,Chinese supermarket,"Elmhurst, NY",2
Asian Taste Store,"86-25 Whitney Ave, Elmhurst, NY 11373, United States",40.7421769,-73.8786325,Chinese supermarket,"Elmhurst, NY",2
Lucky Huang,"8261 Broadway, Elmhurst, NY 11373, United States",40.7420394,-73.8810482,Chinese supermarket,"Elmhurst, NY",2
大众超市,"7700 New York 25 Service, Elmhurst, NY 11373, United States",40.7374932,-73.8863738,Chinese supermarket,"Elmhurst, NY",2
H Mart Woodside,"59-18 Woodside Ave, Flushing, NY 11377, United States",40.7450234,-73.90500440000001,Chinese supermarket,"Elmhurst, NY",2
Pata Market,"81-16 Broadway, Elmhurst, NY 11373, United States",40.7430764,-73.8834988,Chinese supermarket,"Elmhurst, NY",2
Jmart,"136-20 Roosevelt Ave, Flushing, NY 11354, United States",40.7590799,-73.8296876,Chinese supermarket,"Elmhurst, NY",2
SkyFoods Supermarket,"40-24 College Point Blvd, Flushing, NY 11354, United States",40.757229,-73.8356575,Chinese supermarket,"Elmhurst, NY",2
G Mart,"57-15 Roosevelt Ave, Flushing, NY 11377, United States",40.7455043,-73.9071623,Chinese supermarket,"Elmhurst, NY",2
Fresh Food Bazar,"76-12-76-14 Woodside Ave, Elmhurst, NY 11373, United States",40.743384,-73.8883041,Chinese supermarket,"Elmhurst, NY",2
Great Wall Supermarket,"59-16 99th St, Corona, NY 11368, United States",40.736685,-73.8593846,Chinese supermarket,"Elmhurst, NY",2
HingHing Grocery Shop,"93-26 Corona Ave., Elmhurst, NY 11373, United States",40.7422591,-73.8703939,Chinese supermarket,"Elmhurst, NY",2
SuperFresh Elmhurst,"82-10 Baxter Ave, Elmhurst, NY 11373, United States",40.7466456,-73.8830898,Chinese supermarket,"Elmhurst, NY",2
Hua Chu Grocery,"83-3 Grand Ave, Elmhurst, NY 11373, United States",40.7334004,-73.8837209,Chinese supermarket,"Elmhurst, NY",2
SeasonFresh Supermarket,"4510 83rd St, Elmhurst, NY 11373, United States",40.7415405,-73.8818486,Chinese grocery store,"Elmhurst, NY",2
US Supermarket,"82-66 Broadway, Elmhurst, NY 11373, United States",40.7416231,-73.8815814,Chinese grocery store,"Elmhurst, NY",2
Good Supermarket,"86-18 Broadway, Elmhurst, NY 11373, United States",40.738203,-73.877445,Chinese grocery store,"Elmhurst, NY",2
H Mart Woodside,"59-18 Woodside Ave, Flushing, NY 11377, United States",40.7450234,-73.90500440000001,Chinese grocery store,"Elmhurst, NY",2
SkyFoods-Elmhurst,"7955 Albion Ave, Elmhurst, NY 11373, United States",40.7396122,-73.8836961,Chinese grocery store,"Elmhurst, NY",2
D & Z Supermarket,"77-00 Queens Blvd, Elmhurst, NY 11373, United States",40.7380883,-73.88631649999999,Chinese grocery store,"Elmhurst, NY",2
Top Line Supermarket,"8137 Broadway, Elmhurst, NY 11373, United States",40.74304470000001,-73.8828407,Chinese grocery store,"Elmhurst, NY",2
Jmart,"136-20 Roosevelt Ave, Flushing, NY 11354, United States",40.7590799,-73.8296876,Chinese grocery store,"Elmhurst, NY",2
Asian Taste Store,"86-25 Whitney Ave, Elmhurst, NY 11373, United States",40.7421769,-73.8786325,Chinese grocery store,"Elmhurst, NY",2
G Mart,"57-15 Roosevelt Ave, Flushing, NY 11377, United States",40.7455043,-73.9071623,Chinese grocery store,"Elmhurst, NY",2
Pata Market,"81-16 Broadway, Elmhurst, NY 11373, United States",40.7430764,-73.8834988,Chinese grocery store,"Elmhurst, NY",2
G Mart,"75-01 Broadway, Elmhurst, NY 11373, United States",40.7464246,-73.8902614,Chinese grocery store,"Elmhurst, NY",2
SkyFoods Supermarket,"40-24 College Point Blvd, Flushing, NY 11354, United States",40.757229,-73.8356575,Chinese grocery store,"Elmhurst, NY",2
大众超市,"7700 New York 25 Service, Elmhurst, NY 11373, United States",40.7374932,-73.8863738,Chinese grocery store,"Elmhurst, NY",2
K-Food Market,"92-32 Queens Blvd, Rego Park, NY 11374, United States",40.7321093,-73.8679406,Chinese grocery store,"Elmhurst, NY",2
H Mart Long Island City,"48-18 Northern Blvd, Long Island City, NY 11101, United States",40.7518768,-73.91455069999999,Chinese grocery store,"Elmhurst, NY",2
Supermarket Bazaar,"75-10 31st Ave, East Elmhurst, NY 11370, United States",40.7584714,-73.89222149999999,Chinese grocery store,"Elmhurst, NY",2
Siam Market,"35-15 11th St, Astoria, NY 11106, United States",40.7621545,-73.93896560000002,Chinese grocery store,"Elmhurst, NY",2
3 Aunties Thai Market,"64-04 39th Ave, Woodside, NY 11377, United States",40.7462987,-73.8997133,Chinese grocery store,"Elmhurst, NY",2
Great Wall Supermarket,"59-16 99th St, Corona, NY 11368, United States",40.736685,-73.8593846,Chinese grocery store,"Elmhurst, NY",2
Lin Yan Shan Buddhist Temple,"8514 Grand Ave, Elmhurst, NY 11373, United States",40.7350881,-73.8815719,Chinese temple,"Elmhurst, NY",2
Wat Buddha Thai Thavorn Vanaram,"76-16 46th Ave, Elmhurst, NY 11373, United States",40.7401592,-73.88765219999999,Chinese temple,"Elmhurst, NY",2
Chan Meditation Center (法鼓山東初禪寺),"91-26 Corona Ave., Elmhurst, NY 11373, United States",40.7423522,-73.8726379,Chinese temple,"Elmhurst, NY",2
Chan Meditation Center,"91-26 Corona Ave., Elmhurst, NY 11373, United States",40.7423503,-73.8726255,Chinese temple,"Elmhurst, NY",2
Vihara Parivara Dhamma Acala - Indonesian Buddhist Temple,"86-40 56th Ave, Elmhurst, NY 11373, United States",40.7336058,-73.8758957,Chinese temple,"Elmhurst, NY",2
New York Buddhist Vihara,"21422 Spencer Ave, Queens Village, NY 11427, United States",40.7278673,-73.7509644,Chinese temple,"Elmhurst, NY",2
New York Hua Lian Tsu Hui,"2202 121st St, College Point, NY 11356, United States",40.780028,-73.8472208,Chinese temple,"Elmhurst, NY",2
(ChongXin ShuYuan) Temple,"4141 74th Street, Elmhurst, NY 11373, United States",40.7439586,-73.89073259999999,Chinese temple,"Elmhurst, NY",2
Burmese Monastery (သုံးပါးကျောင်း),"42-15 74th Street, Flushing, NY 11373, United States",40.7426537,-73.8906267,Chinese temple,"Elmhurst, NY",2
Mahayana Temple Buddhist Association,"133 Canal St, New York, NY 10002, United States",40.71614030000001,-73.99541900000001,Chinese temple,"Elmhurst, NY",2
Eastern States Buddhist Temple,"64 Mott St, New York, NY 10013, United States",40.7160553,-73.9981355,Chinese temple,"Elmhurst, NY",2
New York Dhammaram Temple,"33-37 97th St, Corona, NY 11368, United States",40.7559096,-73.8709496,Chinese temple,"Elmhurst, NY",2
"True Buddha Diamond Temple of NY Inc., 真佛宗美國紐約金剛雷藏寺","3332 148th St, Flushing, NY 11354, United States",40.7680083,-73.8183361,Chinese temple,"Elmhurst, NY",2
法拉盛静安寺 Jing An Temple of Flushing,"35-22 Prince St, Flushing, NY 11354, United States",40.76340750000001,-73.8335075,Chinese temple,"Elmhurst, NY",2
China Buddhist Associates,"13612 39th Ave, Flushing, NY 11354, United States",40.7602157,-73.8297468,Chinese temple,"Elmhurst, NY",2
Happy Buddha Precious Temple,"135-37 37th Ave #2a, Flushing, NY 11354, United States",40.7613691,-73.8319332,Chinese temple,"Elmhurst, NY",2
Han Ma Um Zen Center of New York,"144-39 32nd Ave, Flushing, NY 11354, United States",40.770509,-73.8229352,Chinese temple,"Elmhurst, NY",2
美國關帝廟 Guan Gong Temple of USA,"294 Broome St, New York, NY 10002, United States",40.7187208,-73.99192169999999,Chinese temple,"Elmhurst, NY",2
Wenzhou Taoist Associates Temple,"102-05 44th Ave # A, Corona, NY 11368, United States",40.7467798,-73.8622994,Chinese temple,"Elmhurst, NY",2
Fo Guang Shan New York Temple,"154-37 Barclay Ave, Flushing, NY 11355, United States",40.7622107,-73.8095143,Chinese temple,"Elmhurst, NY",2
Chinese Christian Church of Queens New York,"63-16 39th Ave, Woodside, NY 11377, United States",40.7464201,-73.9001522,Chinese church,"Elmhurst, NY",2
New York Chinese Seventh-day Adventist Church,"7606 41st Ave, Elmhurst, NY 11373, United States",40.7452942,-73.8887981,Chinese church,"Elmhurst, NY",2
The Reformed Church of Newtown,"85-15 Broadway, Elmhurst, NY 11373, United States",40.739156,-73.8773666,Chinese church,"Elmhurst, NY",2
Grace Chinese Lutheran Church,"4333 91st Pl, Flushing, NY 11373, United States",40.7428374,-73.8736128,Chinese church,"Elmhurst, NY",2
Elmhurst Christian Gospel Church,"90-41 Corona Ave., Elmhurst, NY 11373, United States",40.7422036,-73.8742875,Chinese church,"Elmhurst, NY",2
Queens Chinese Presbyterian Church,"9854 Horace Harding Expy, Rego Park, NY 11374, United States",40.7352715,-73.8588467,Chinese church,"Elmhurst, NY",2
Catholic Chinese Apostolate,"5409 92nd St, Flushing, NY 11373, United States",40.7377352,-73.8704138,Chinese church,"Elmhurst, NY",2
Chinese For Christ NY Church,"14221 Franklin Ave, Flushing, NY 11355, United States",40.7570066,-73.82307020000002,Chinese church,"Elmhurst, NY",2
Christian Testimony Church,"87-11 Whitney Ave, Flushing, NY 11373, United States",40.74277379999999,-73.878068,Chinese church,"Elmhurst, NY",2
Chinese Evangel Mission Church of Queens,"20310 Rocky Hill Rd, Flushing, NY 11361, United States",40.7529508,-73.77705809999999,Chinese church,"Elmhurst, NY",2
CPC Nan Shan Senior Center,"133-14 41st Ave, Flushing, NY 11355, United States",40.7571862,-73.83129029999999,Chinese senior center,"Elmhurst, NY",2
Elmhurst-J.H. Senior Center,"7501 Broadway # 3, Elmhurst, NY 11373, United States",40.74623,-73.8900268,Chinese senior center,"Elmhurst, NY",2
"Elmcor Senior Center - Elmcor Youth & Adult Activities, Inc.","98-19 Astoria Blvd, Flushing, NY 11369, United States",40.7624527,-73.8706105,Chinese senior center,"Elmhurst, NY",2
Newtown Italian Senior Center,"83-20 Queens Blvd, Elmhurst, NY 11373, United States",40.736811,-73.8797999,Chinese senior center,"Elmhurst, NY",2
IPRHE Corona Senior Center,"108-74 Roosevelt Ave, Corona, NY 11368, United States",40.7513627,-73.8561177,Chinese senior center,"Elmhurst, NY",2
Chinese-American Planning Council - Chinatown Senior Center,"55 Chrystie St, New York, NY 10002, United States",40.7163825,-73.9949779,Chinese senior center,"Elmhurst, NY",2
Queens Adult Care Center,"8008 45th Ave, Elmhurst, NY 11373, United States",40.7413058,-73.88441379999999,Chinese senior center,"Elmhurst, NY",2
Allen Community Senior Citizens Center,"166-01 Linden Blvd #1, South Jamaica, NY 11434, United States",40.6903823,-73.7831851,Chinese senior center,"Elmhurst, NY",2
Catherine Sheridan Senior Center,"35-24 83rd St, Jackson Heights, NY 11372, United States",40.7510608,-73.8837635,Chinese senior center,"Elmhurst, NY",2
Chinese Community Center of Flushing,"4317 Union St level c, Flushing, NY 11355, United States",40.754302,-73.8211513,Chinese community center,"Elmhurst, NY",2
New York Chinese Community Center,"62 Mott St, New York, NY 10013, United States",40.7160503,-73.9981392,Chinese community center,"Elmhurst, NY",2
South Asian Community Center,"37-07 74th Street 2nd Floor Suite #2, Jackson Heights, NY 11372, United States",40.748695,-73.89150699999999,Chinese community center,"Elmhurst, NY",2
Phuntsok Deshe - Tibetan Community Center of NY & NJ,"57-12 Tibet Way, 32nd Ave, Woodside, NY 11377, United States",40.7556923,-73.9036993,Chinese community center,"Elmhurst, NY",2
Chinese Center On Li Inc,"395 Hempstead Turnpike, West Hempstead, NY 11552, United States",40.7050211,-73.65417250000002,Chinese community center,"Elmhurst, NY",2
Chinese Community Center,"11 Avis Dr, Latham, NY 12110, United States",42.7491963,-73.7784049,Chinese community center,"Elmhurst, NY",2
Little Neck Chinese Community Center(小颈华社),"54-47B, Little Neck Pkwy, Little Neck, NY 11362, United States",40.7665068,-73.72494549999999,Chinese community center,"Elmhurst, NY",2
Taiwan Center Inc. 紐約台灣會館,"137-44 Northern Blvd, Flushing, NY 11354, United States",40.76328549999999,-73.82955439999999,Chinese community center,"Elmhurst, NY",2
Community center services organization,"93-15 Corona Ave. Ground Floor, Elmhurst, NY 11373, United States",40.7426204,-73.87091939999999,Chinese community center,"Elmhurst, NY",2
Chinese Alliance Center of the C&MA,"43-29 162nd St, Flushing, NY 11358, United States",40.7578086,-73.8040673,Chinese community center,"Elmhurst, NY",2
New York Chinese School,"62 Mott St 3rd floor, New York, NY 10013, United States",40.7159896,-73.998024,Chinese community center,"Elmhurst, NY",2
Community Center Services,"9221 Corona Ave., Elmhurst, NY 11373, United States",40.7425951,-73.871094,Chinese community center,"Elmhurst, NY",2
"Glow Cultural Center, Inc.","133-29 41st Ave floor 1, Flushing, NY 11355, United States",40.7575405,-73.8311571,Chinese community center,"Elmhurst, NY",2
Chinese Christian Herald Crusades - Herald Mission Center (CCHC - HMC) 基督教角聲佈道團 - 角聲使命中心,"156-03 Horace Harding Expy, Flushing, NY 11367, United States",40.7390496,-73.8117822,Chinese community center,"Elmhurst, NY",2
Joanne B. Wagner Community Center,"615 West Ave, Elmhurst, IL 60126, United States",41.9172297,-87.95735119999999,Chinese community center,"Elmhurst, NY",2
Chinese-American Planning Council,"133-14 41st Ave, Flushing, NY 11355, United States",40.7571862,-73.83129029999999,Chinese community center,"Elmhurst, NY",2
Together We Can Community Resource Center,"91-08 Roosevelt Ave, Jackson Heights, NY 11372, United States",40.7485164,-73.8744516,Chinese community center,"Elmhurst, NY",2
Asian American Cohesion,"132-35A Sanford Ave, Flushing, NY 11355, United States",40.7553129,-73.8319867,Chinese community center,"Elmhurst, NY",2
Greater Chinatown Community Association,"6 Doyers St, New York, NY 10013, United States",40.714453,-73.9979012,Chinese community center,"Elmhurst, NY",2
MinKwon Center for Community Action,"133-29 41st Ave Suite 202, Flushing, NY 11355, United States",40.7577053,-73.83070140000001,Chinese community center,"Elmhurst, NY",2
New York Chinese Community Center,"62 Mott St, New York, NY 10013, United States",40.7160503,-73.9981392,Chinese association,"Elmhurst, NY",2
Chinese Organizations in the US,"149-35 Cherry Ave, Flushing, NY 11355, United States",40.7585478,-73.8127402,Chinese association,"Elmhurst, NY",2
Chinese Community Center of Flushing,"4317 Union St level c, Flushing, NY 11355, United States",40.754302,-73.8211513,Chinese association,"Elmhurst, NY",2
Flushing Chinese Business Association,"4048 Main St #302, Flushing, NY 11354, United States",40.7583245,-73.8297542,Chinese association,"Elmhurst, NY",2
South Asian Community Center,"37-07 74th Street 2nd Floor Suite #2, Jackson Heights, NY 11372, United States",40.748695,-73.89150699999999,Chinese association,"Elmhurst, NY",2
AAFE,"37-61 84th St, Jackson Heights, NY 11372, United States",40.7481184,-73.8820293,Chinese association,"Elmhurst, NY",2
New York Chinese Seventh-day Adventist Church,"7606 41st Ave, Elmhurst, NY 11373, United States",40.7452942,-73.8887981,Chinese association,"Elmhurst, NY",2
Chinese Christian Church of Queens New York,"63-16 39th Ave, Woodside, NY 11377, United States",40.7464201,-73.9001522,Chinese association,"Elmhurst, NY",2
Grace Chinese Lutheran Church,"4333 91st Pl, Flushing, NY 11373, United States",40.7428374,-73.8736128,Chinese association,"Elmhurst, NY",2
Brooklyn Chinese America Association,"5002 8th Ave, Brooklyn, NY 11220, United States",40.64116560000001,-74.0039994,Chinese association,"Elmhurst, NY",2
Scarsdale Chinese Association,"37 Wayside Ln, Scarsdale, NY 10583, United States",40.9937642,-73.7981145,Chinese association,"Elmhurst, NY",2
Catholic Chinese Apostolate,"5409 92nd St, Flushing, NY 11373, United States",40.7377352,-73.8704138,Chinese association,"Elmhurst, NY",2
Chinese Society of Staten Island,"614 Richmond Rd, Staten Island, NY 10304, United States",40.6115768,-74.08823029999999,Chinese association,"Elmhurst, NY",2
New York Chinese School,"62 Mott St 3rd floor, New York, NY 10013, United States",40.7159896,-73.998024,Chinese association,"Elmhurst, NY",2
Chan Meditation Center,"91-26 Corona Ave., Elmhurst, NY 11373, United States",40.7423503,-73.8726255,Chinese association,"Elmhurst, NY",2
Lin Yan Shan Buddhist Temple,"8514 Grand Ave, Elmhurst, NY 11373, United States",40.7350881,-73.8815719,Chinese association,"Elmhurst, NY",2
China Buddhist Associates,"13612 39th Ave, Flushing, NY 11354, United States",40.7602157,-73.8297468,Chinese association,"Elmhurst, NY",2
Chinese-American Planning Council (CPC),"45 Suffolk St, New York, NY 10002, United States",40.7166988,-73.9873448,Chinese association,"Elmhurst, NY",2
"Italian Charities of America, Inc.","83-20 Queens Blvd, Elmhurst, NY 11373, United States",40.7369054,-73.87970419999999,Chinese association,"Elmhurst, NY",2
Wenzhou Taoist Associates Temple,"102-05 44th Ave # A, Corona, NY 11368, United States",40.7467798,-73.8622994,Chinese association,"Elmhurst, NY",2
SeasonFresh Supermarket,"4510 83rd St, Elmhurst, NY 11373, United States",40.7415405,-73.8818486,华人超市,"Elmhurst, NY",2
US Supermarket,"82-66 Broadway, Elmhurst, NY 11373, United States",40.7416231,-73.8815814,华人超市,"Elmhurst, NY",2
Good Supermarket,"86-18 Broadway, Elmhurst, NY 11373, United States",40.738203,-73.877445,华人超市,"Elmhurst, NY",2
D & Z Supermarket,"77-00 Queens Blvd, Elmhurst, NY 11373, United States",40.7380883,-73.88631649999999,华人超市,"Elmhurst, NY",2
SkyFoods-Elmhurst,"7955 Albion Ave, Elmhurst, NY 11373, United States",40.7396122,-73.8836961,华人超市,"Elmhurst, NY",2
大众超市,"7700 New York 25 Service, Elmhurst, NY 11373, United States",40.7374932,-73.8863738,华人超市,"Elmhurst, NY",2
New York Mart,"128 Mott St, New York, NY 10013, United States",40.71850389999999,-73.9966318,华人超市,"Elmhurst, NY",2
Top Line Supermarket,"8137 Broadway, Elmhurst, NY 11373, United States",40.74304470000001,-73.8828407,华人超市,"Elmhurst, NY",2
Asian Taste Store,"86-25 Whitney Ave, Elmhurst, NY 11373, United States",40.7421769,-73.8786325,华人超市,"Elmhurst, NY",2
G Mart,"75-01 Broadway, Elmhurst, NY 11373, United States",40.7464246,-73.8902614,华人超市,"Elmhurst, NY",2
Lucky Huang,"8261 Broadway, Elmhurst, NY 11373, United States",40.7420394,-73.8810482,华人超市,"Elmhurst, NY",2
Fresh Food Bazar,"76-12-76-14 Woodside Ave, Elmhurst, NY 11373, United States",40.743384,-73.8883041,华人超市,"Elmhurst, NY",2
Jmart,"136-20 Roosevelt Ave, Flushing, NY 11354, United States",40.7590799,-73.8296876,华人超市,"Elmhurst, NY",2
Zhong US Supermarket Inc,"5911 Main St, Flushing, NY 11355, United States",40.7433895,-73.8254036,华人超市,"Elmhurst, NY",2
Xinlongxing Supermarket,"135-35 Roosevelt Ave, Flushing, NY 11354, United States",40.7595051,-73.8307772,华人超市,"Elmhurst, NY",2
Hua Lian Supermarket,"25-03 Parsons Blvd, Flushing, NY 11354, United States",40.7763889,-73.8236111,华人超市,"Elmhurst, NY",2
Hua Chu Grocery,"83-3 Grand Ave, Elmhurst, NY 11373, United States",40.7334004,-73.8837209,华人超市,"Elmhurst, NY",2
Ny China Market,"9124 Corona Ave., Flushing, NY 11373, United States",40.7423565,-73.8727201,华人超市,"Elmhurst, NY",2
SuperFresh Elmhurst,"82-10 Baxter Ave, Elmhurst, NY 11373, United States",40.7466456,-73.8830898,华人超市,"Elmhurst, NY",2
YJ ELMHURST GROCERY INC,"89-39 Elmhurst Ave, Elmhurst, NY 11373, United States",40.748024,-73.87670609999999,华人超市,"Elmhurst, NY",2
SeasonFresh Supermarket,"4510 83rd St, Elmhurst, NY 11373, United States",40.7415405,-73.8818486,华超,"Elmhurst, NY",2
Good Supermarket,"86-18 Broadway, Elmhurst, NY 11373, United States",40.738203,-73.877445,华超,"Elmhurst, NY",2
US Supermarket,"82-66 Broadway, Elmhurst, NY 11373, United States",40.7416231,-73.8815814,华超,"Elmhurst, NY",2
大众超市,"7700 New York 25 Service, Elmhurst, NY 11373, United States",40.7374932,-73.8863738,华超,"Elmhurst, NY",2
D & Z Supermarket,"77-00 Queens Blvd, Elmhurst, NY 11373, United States",40.7380883,-73.88631649999999,华超,"Elmhurst, NY",2
Asian Taste Store,"86-25 Whitney Ave, Elmhurst, NY 11373, United States",40.7421769,-73.8786325,华超,"Elmhurst, NY",2
Top Line Supermarket,"8137 Broadway, Elmhurst, NY 11373, United States",40.74304470000001,-73.8828407,华超,"Elmhurst, NY",2
SkyFoods-Elmhurst,"7955 Albion Ave, Elmhurst, NY 11373, United States",40.7396122,-73.8836961,华超,"Elmhurst, NY",2
Great Wall Supermarket,"59-16 99th St, Corona, NY 11368, United States",40.736685,-73.8593846,华超,"Elmhurst, NY",2
Lucky Huang,"8261 Broadway, Elmhurst, NY 11373, United States",40.7420394,-73.8810482,华超,"Elmhurst, NY",2
G Mart,"75-01 Broadway, Elmhurst, NY 11373, United States",40.7464246,-73.8902614,华超,"Elmhurst, NY",2
Hua Chu Grocery,"83-3 Grand Ave, Elmhurst, NY 11373, United States",40.7334004,-73.8837209,华超,"Elmhurst, NY",2
Hua Lian Supermarket,"25-03 Parsons Blvd, Flushing, NY 11354, United States",40.7763889,-73.8236111,华超,"Elmhurst, NY",2
Fresh Food Bazar,"76-12-76-14 Woodside Ave, Elmhurst, NY 11373, United States",40.743384,-73.8883041,华超,"Elmhurst, NY",2
Ny China Market,"9124 Corona Ave., Flushing, NY 11373, United States",40.7423565,-73.8727201,华超,"Elmhurst, NY",2
Food Express Supermarket,"39-39 63rd St, Woodside, NY 11377, United States",40.745568,-73.9010946,华超,"Elmhurst, NY",2
华联市场 Hua Lian Supermarket,"193-01 Northern Blvd, Flushing, NY 11358, United States",40.7581723,-73.7879579,华超,"Elmhurst, NY",2
YJ ELMHURST GROCERY INC,"89-39 Elmhurst Ave, Elmhurst, NY 11373, United States",40.748024,-73.87670609999999,华超,"Elmhurst, NY",2
SeasonFresh Supermarket,"4510 83rd St, Elmhurst, NY 11373, United States",40.7415405,-73.8818486,中国超市,"Elmhurst, NY",2
Good Supermarket,"86-18 Broadway, Elmhurst, NY 11373, United States",40.738203,-73.877445,中国超市,"Elmhurst, NY",2
US Supermarket,"82-66 Broadway, Elmhurst, NY 11373, United States",40.7416231,-73.8815814,中国超市,"Elmhurst, NY",2
D & Z Supermarket,"77-00 Queens Blvd, Elmhurst, NY 11373, United States",40.7380883,-73.88631649999999,中国超市,"Elmhurst, NY",2
大众超市,"7700 New York 25 Service, Elmhurst, NY 11373, United States",40.7374932,-73.8863738,中国超市,"Elmhurst, NY",2
New York Mart,"128 Mott St, New York, NY 10013, United States",40.71850389999999,-73.9966318,中国超市,"Elmhurst, NY",2
SkyFoods-Elmhurst,"7955 Albion Ave, Elmhurst, NY 11373, United States",40.7396122,-73.8836961,中国超市,"Elmhurst, NY",2
G Mart,"75-01 Broadway, Elmhurst, NY 11373, United States",40.7464246,-73.8902614,中国超市,"Elmhurst, NY",2
Asian Taste Store,"86-25 Whitney Ave, Elmhurst, NY 11373, United States",40.7421769,-73.8786325,中国超市,"Elmhurst, NY",2
Top Line Supermarket,"8137 Broadway, Elmhurst, NY 11373, United States",40.74304470000001,-73.8828407,中国超市,"Elmhurst, NY",2
Lucky Huang,"8261 Broadway, Elmhurst, NY 11373, United States",40.7420394,-73.8810482,中国超市,"Elmhurst, NY",2
Zhong US Supermarket Inc,"5911 Main St, Flushing, NY 11355, United States",40.7433895,-73.8254036,中国超市,"Elmhurst, NY",2
Ny China Market,"9124 Corona Ave., Flushing, NY 11373, United States",40.7423565,-73.8727201,中国超市,"Elmhurst, NY",2
Fresh Food Bazar,"76-12-76-14 Woodside Ave, Elmhurst, NY 11373, United States",40.743384,-73.8883041,中国超市,"Elmhurst, NY",2
K-Food Market,"92-32 Queens Blvd, Rego Park, NY 11374, United States",40.7321093,-73.8679406,中国超市,"Elmhurst, NY",2
Xinlongxing Supermarket,"135-35 Roosevelt Ave, Flushing, NY 11354, United States",40.7595051,-73.8307772,中国超市,"Elmhurst, NY",2
YJ ELMHURST GROCERY INC,"89-39 Elmhurst Ave, Elmhurst, NY 11373, United States",40.748024,-73.87670609999999,中国超市,"Elmhurst, NY",2
Great Wall Supermarket,"59-16 99th St, Corona, NY 11368, United States",40.736685,-73.8593846,中国超市,"Elmhurst, NY",2
H Mart Woodside,"59-18 Woodside Ave, Flushing, NY 11377, United States",40.7450234,-73.90500440000001,中国超市,"Elmhurst, NY",2
Hua Chu Grocery,"83-3 Grand Ave, Elmhurst, NY 11373, United States",40.7334004,-73.8837209,中国超市,"Elmhurst, NY",2
SeasonFresh Supermarket,"4510 83rd St, Elmhurst, NY 11373, United States",40.7415405,-73.8818486,华人杂货店,"Elmhurst, NY",2
Good Supermarket,"86-18 Broadway, Elmhurst, NY 11373, United States",40.738203,-73.877445,华人杂货店,"Elmhurst, NY",2
大众超市,"7700 New York 25 Service, Elmhurst, NY 11373, United States",40.7374932,-73.8863738,华人杂货店,"Elmhurst, NY",2
US Supermarket,"82-66 Broadway, Elmhurst, NY 11373, United States",40.7416231,-73.8815814,华人杂货店,"Elmhurst, NY",2
D & Z Supermarket,"77-00 Queens Blvd, Elmhurst, NY 11373, United States",40.7380883,-73.88631649999999,华人杂货店,"Elmhurst, NY",2
Asian Taste Store,"86-25 Whitney Ave, Elmhurst, NY 11373, United States",40.7421769,-73.8786325,华人杂货店,"Elmhurst, NY",2
G Mart,"75-01 Broadway, Elmhurst, NY 11373, United States",40.7464246,-73.8902614,华人杂货店,"Elmhurst, NY",2
Top Line Supermarket,"8137 Broadway, Elmhurst, NY 11373, United States",40.74304470000001,-73.8828407,华人杂货店,"Elmhurst, NY",2
Lucky Huang,"8261 Broadway, Elmhurst, NY 11373, United States",40.7420394,-73.8810482,华人杂货店,"Elmhurst, NY",2
HingHing Grocery Shop,"93-26 Corona Ave., Elmhurst, NY 11373, United States",40.7422591,-73.8703939,华人杂货店,"Elmhurst, NY",2
Ny China Market,"9124 Corona Ave., Flushing, NY 11373, United States",40.7423565,-73.8727201,华人杂货店,"Elmhurst, NY",2
SkyFoods-Elmhurst,"7955 Albion Ave, Elmhurst, NY 11373, United States",40.7396122,-73.8836961,华人杂货店,"Elmhurst, NY",2
A & R Grocery,"59-10 92nd St, Elmhurst, NY 11373, United States",40.7337441,-73.86917389999999,华人杂货店,"Elmhurst, NY",2
Great Wall Supermarket,"59-16 99th St, Corona, NY 11368, United States",40.736685,-73.8593846,华人杂货店,"Elmhurst, NY",2
Economic mini market inc,"91-04 43rd Ave, Elmhurst, NY 11373, United States",40.7433171,-73.87421619999999,华人杂货店,"Elmhurst, NY",2
Hua Chu Grocery,"83-3 Grand Ave, Elmhurst, NY 11373, United States",40.7334004,-73.8837209,华人杂货店,"Elmhurst, NY",2
Food Express Supermarket,"39-39 63rd St, Woodside, NY 11377, United States",40.745568,-73.9010946,华人杂货店,"Elmhurst, NY",2
New York Mart,"128 Mott St, New York, NY 10013, United States",40.71850389999999,-73.9966318,华人杂货店,"Elmhurst, NY",2
Chaw Su Kyaw,"86-55 Broadway, Elmhurst, NY 11373, United States",40.7372474,-73.8770402,华人杂货店,"Elmhurst, NY",2
Broadway Snacks,"86-10 Justice Ave, Elmhurst, NY 11373, United States",40.7375785,-73.8767836,华人杂货店,"Elmhurst, NY",2
Chan Meditation Center (法鼓山東初禪寺),"91-26 Corona Ave., Elmhurst, NY 11373, United States",40.7423522,-73.8726379,華人寺庙,"Elmhurst, NY",2
Lin Yan Shan Buddhist Temple,"8514 Grand Ave, Elmhurst, NY 11373, United States",40.7350881,-73.8815719,華人寺庙,"Elmhurst, NY",2
Chan Meditation Center,"91-26 Corona Ave., Elmhurst, NY 11373, United States",40.7423503,-73.8726255,華人寺庙,"Elmhurst, NY",2
Wat Buddha Thai Thavorn Vanaram,"76-16 46th Ave, Elmhurst, NY 11373, United States",40.7401592,-73.88765219999999,華人寺庙,"Elmhurst, NY",2
法拉盛静安寺 Jing An Temple of Flushing,"35-22 Prince St, Flushing, NY 11354, United States",40.76340750000001,-73.8335075,華人寺庙,"Elmhurst, NY",2
New York Hua Lian Tsu Hui,"2202 121st St, College Point, NY 11356, United States",40.780028,-73.8472208,華人寺庙,"Elmhurst, NY",2
"True Buddha Diamond Temple of NY Inc., 真佛宗美國紐約金剛雷藏寺","3332 148th St, Flushing, NY 11354, United States",40.7680083,-73.8183361,華人寺庙,"Elmhurst, NY",2
(ChongXin ShuYuan) Temple,"4141 74th Street, Elmhurst, NY 11373, United States",40.7439586,-73.89073259999999,華人寺庙,"Elmhurst, NY",2
Chan Meditation Center (法鼓山東初禪寺),"91-26 Corona Ave., Elmhurst, NY 11373, United States",40.7423522,-73.8726379,佛堂,"Elmhurst, NY",2
Chan Meditation Center,"91-26 Corona Ave., Elmhurst, NY 11373, United States",40.7423503,-73.8726255,佛堂,"Elmhurst, NY",2
Dharma Treasure Monastery 法藏寺,"88-17 Justice Ave, Elmhurst, NY 11373, United States",40.736755,-73.87453,佛堂,"Elmhurst, NY",2
Chan Meditation Center (法鼓山東初禪寺),"91-26 Corona Ave., Elmhurst, NY 11373, United States",40.7423522,-73.8726379,佛教中心,"Elmhurst, NY",2
Chan Meditation Center,"91-26 Corona Ave., Elmhurst, NY 11373, United States",40.7423503,-73.8726255,佛教中心,"Elmhurst, NY",2
Wat Buddha Thai Thavorn Vanaram,"76-16 46th Ave, Elmhurst, NY 11373, United States",40.7401592,-73.88765219999999,佛教中心,"Elmhurst, NY",2
Lin Yan Shan Buddhist Temple,"8514 Grand Ave, Elmhurst, NY 11373, United States",40.7350881,-73.8815719,佛教中心,"Elmhurst, NY",2
Buddha Dharma Listening Center Of New York 紐約佛教聞法中心,"45-04 162nd St #201, Flushing, NY 11358, United States",40.75615000000001,-73.8047641,佛教中心,"Elmhurst, NY",2
Nyingma Palyul Dharma Center,"23-11 98th St, East Elmhurst, NY 11369, United States",40.7681408,-73.87226609999999,佛教中心,"Elmhurst, NY",2
Vihara Parivara Dhamma Acala - Indonesian Buddhist Temple,"86-40 56th Ave, Elmhurst, NY 11373, United States",40.7336058,-73.8758957,佛教中心,"Elmhurst, NY",2
Guanyinsi - World Buddhist Center,"158 Henry St, New York, NY 10002, United States",40.7132794,-73.98943659999999,佛教中心,"Elmhurst, NY",2
Fo Guang Shan New York Temple,"154-37 Barclay Ave, Flushing, NY 11355, United States",40.7622107,-73.8095143,佛教中心,"Elmhurst, NY",2
World Buddhist Ch'an Jing Center,"43-35 Main St, Flushing, NY 11355, United States",40.7516925,-73.82601660000002,佛教中心,"Elmhurst, NY",2
Sera Jey Buddhist Culture Center,"41-30 57th St, Woodside, NY 11377, United States",40.7444019,-73.90796999999999,佛教中心,"Elmhurst, NY",2
Burmese Monastery (သုံးပါးကျောင်း),"42-15 74th Street, Flushing, NY 11373, United States",40.7426537,-73.8906267,佛教中心,"Elmhurst, NY",2
New York Dhammaram Temple,"33-37 97th St, Corona, NY 11368, United States",40.7559096,-73.8709496,佛教中心,"Elmhurst, NY",2
Dharma Treasure Monastery 法藏寺,"88-17 Justice Ave, Elmhurst, NY 11373, United States",40.736755,-73.87453,佛教中心,"Elmhurst, NY",2
China Buddhist Associates,"13612 39th Ave, Flushing, NY 11354, United States",40.7602157,-73.8297468,佛教中心,"Elmhurst, NY",2
"True Buddha Diamond Temple of NY Inc., 真佛宗美國紐約金剛雷藏寺","3332 148th St, Flushing, NY 11354, United States",40.7680083,-73.8183361,佛教中心,"Elmhurst, NY",2
Won Buddhism of America (Won Buddhism of New York),"14342 Cherry Ave, Flushing, NY 11355, United States",40.7561949,-73.81888099999999,佛教中心,"Elmhurst, NY",2
Queens Brahma Kumaris Meditation Center,"41-30 Forley St, Elmhurst, NY 11373, United States",40.7464738,-73.87846590000001,佛教中心,"Elmhurst, NY",2
New York Buddhist Vihara,"21422 Spencer Ave, Queens Village, NY 11427, United States",40.7278673,-73.7509644,佛教中心,"Elmhurst, NY",2
Zen Center of New York City - Fire Lotus Temple,"500 State St, Brooklyn, NY 11217, United States",40.6860047,-73.9807462,佛教中心,"Elmhurst, NY",2
Chinese Christian Church of Queens New York,"63-16 39th Ave, Woodside, NY 11377, United States",40.7464201,-73.9001522,华人教会,"Elmhurst, NY",2
纽约艺人基督教生命堂（华人教会）Performing Artists Gospel Fellowship of New York,"138-10 35th Ave, Flushing, NY 11354, United States",40.7650565,-73.82865249999999,华人教会,"Elmhurst, NY",2
Grace Chinese Lutheran Church,"4333 91st Pl, Flushing, NY 11373, United States",40.7428374,-73.8736128,华人教会,"Elmhurst, NY",2
New York Chinese Seventh-day Adventist Church,"7606 41st Ave, Elmhurst, NY 11373, United States",40.7452942,-73.8887981,华人教会,"Elmhurst, NY",2
好消息法拉盛华人教会,"35-15 Linden Pl, Flushing, NY 11354, United States",40.7643,-73.830238,华人教会,"Elmhurst, NY",2
Christian Testimony Church,"87-11 Whitney Ave, Flushing, NY 11373, United States",40.74277379999999,-73.878068,华人教会,"Elmhurst, NY",2
纽约在基督里聚会,"134-28 Northern Blvd, Flushing, NY 11354, United States",40.7625013,-73.8336613,华人教会,"Elmhurst, NY",2
布碌崙基督教會Brooklyn Christian Church 華語 中文 禮拜,"1413 Avenue T, E 15th St at, Brooklyn, NY 11229, United States",40.6014439,-73.95722099999999,华人教会,"Elmhurst, NY",2
生命之泉基督教会 Spring of Life Christian Church,"136-46 41st Ave, Flushing, NY 11355, United States",40.7587546,-73.8277085,华人教会,"Elmhurst, NY",2
Chinese For Christ NY Church,"14221 Franklin Ave, Flushing, NY 11355, United States",40.7570066,-73.82307020000002,华人教会,"Elmhurst, NY",2
纽约市八会所,"86-18 60th Rd, Elmhurst, NY 11373, United States",40.7304446,-73.8722976,华人教会,"Elmhurst, NY",2
华信教会 Chinese Faith Church,"133-32 41st Rd, Flushing, NY 11355, United States",40.7568378,-73.83007429999999,华人教会,"Elmhurst, NY",2
可乐娜信心圣经教会,"99-14 43rd Ave, Flushing, NY 11368, United States",40.7466443,-73.8642888,华人教会,"Elmhurst, NY",2
NY Chinese Alliance Church,"160 Eldridge St, New York, NY 10002, United States",40.7198402,-73.9909862,华人教会,"Elmhurst, NY",2
Elmhurst Christian Gospel Church,"90-41 Corona Ave., Elmhurst, NY 11373, United States",40.7422036,-73.8742875,华人教会,"Elmhurst, NY",2
Chinese Christian Fellowship,"91 Claremont Ave, New York, NY 10027, United States",40.8119008,-73.9630756,华人教会,"Elmhurst, NY",2
Flushing Chinese United Methodist Church,"220-20 94th Dr, Queens Village, NY 11428, United States",40.7199003,-73.73406419999999,华人教会,"Elmhurst, NY",2
Boon Church of Oversea Chinese Mission,"43-72 Bowne St, Flushing, NY 11355, United States",40.7539067,-73.81866149999999,华人教会,"Elmhurst, NY",2
Queens Christian Alliance Church,"135-20 35th Ave, Flushing, NY 11354, United States",40.7643721,-73.8308342,华人教会,"Elmhurst, NY",2
Staten Island Chinese Christian Church,"159 Schmidts Ln, Staten Island, NY 10314, United States",40.6093803,-74.1181156,华人教会,"Elmhurst, NY",2
Christian Testimony Church,"87-11 Whitney Ave, Flushing, NY 11373, United States",40.74277379999999,-73.878068,基督教堂,"Elmhurst, NY",2
The Rock Church,"57-02 Hoffman Dr, Elmhurst, NY 11373, United States",40.7337703,-73.87420399999999,基督教堂,"Elmhurst, NY",2
Elmhurst Christian Gospel Church,"90-41 Corona Ave., Elmhurst, NY 11373, United States",40.7422036,-73.8742875,基督教堂,"Elmhurst, NY",2
The Elm Church,"8828 Corona Ave., Elmhurst, NY 11373, United States",40.7410169,-73.8753524,基督教堂,"Elmhurst, NY",2
Life In Christ Mennonite Church,"9328 Corona Ave., Elmhurst, NY 11373, United States",40.742136,-73.87023030000002,基督教堂,"Elmhurst, NY",2
St. Bartholomew Roman Catholic Church,"43-22 Ithaca St, Elmhurst, NY 11373, United States",40.7433036,-73.87694379999999,基督教堂,"Elmhurst, NY",2
New Life Fellowship Church,"8210 Queens Blvd, Elmhurst, NY 11373, United States",40.7370406,-73.8811243,基督教堂,"Elmhurst, NY",2
"Waypoint Church (Elmhurst, Queens)","86-55 Broadway C4-C5, Elmhurst, NY 11373, United States",40.7373229,-73.8771249,基督教堂,"Elmhurst, NY",2
New York Church of Christ,"3706 111th St, Corona, NY 11368, United States",40.7536523,-73.8570524,基督教堂,"Elmhurst, NY",2
The Church of Jesus Christ of Latter-day Saints,"40-24 62nd St, Woodside, NY 11377, United States",40.743821,-73.902749,基督教堂,"Elmhurst, NY",2
Elmhurst Baptist Church,"87-37 Whitney Ave, Elmhurst, NY 11373, United States",40.7433443,-73.87766959999999,基督教堂,"Elmhurst, NY",2
Chinese Christian Church of Queens New York,"63-16 39th Ave, Woodside, NY 11377, United States",40.7464201,-73.9001522,基督教堂,"Elmhurst, NY",2
St. Bartholomew Chapel,"43-28 Ithaca St, Flushing, NY 11373, United States",40.7431548,-73.8762807,基督教堂,"Elmhurst, NY",2
Korean Evangelical Church-NY,"88-22 Corona Ave., Elmhurst, NY 11373, United States",40.7408541,-73.8755654,基督教堂,"Elmhurst, NY",2
BREAD OF LIFE CHRISTIAN CHURCH,"132-16 Maple Ave, Flushing, NY 11355, United States",40.7537707,-73.83231479999999,基督教堂,"Elmhurst, NY",2
New York Christian Assembly,"41-21 Elbertson St, Elmhurst, NY 11373, United States",40.7466587,-73.8763922,基督教堂,"Elmhurst, NY",2
纽约在基督里聚会,"134-28 Northern Blvd, Flushing, NY 11354, United States",40.7625013,-73.8336613,基督教堂,"Elmhurst, NY",2
Living Water Victory Church 活水得胜教会,"33-01 Union St, Flushing, NY 11354, United States",40.7678089,-73.8266434,基督教堂,"Elmhurst, NY",2
"Evangelistic Church Of Christ of the Apostolic Faith, Inc.","90-04 Astoria Blvd, East Elmhurst, NY 11369, United States",40.7633066,-73.87900359999999,基督教堂,"Elmhurst, NY",2
First Presbyterian Church of Elmhurst,"86-35 Queens Blvd, Elmhurst, NY 11373, United States",40.7357163,-73.8769365,基督教堂,"Elmhurst, NY",2
Queens Adult Care Center,"8008 45th Ave, Elmhurst, NY 11373, United States",40.7413058,-73.88441379999999,华人老人中心,"Elmhurst, NY",2
康居园老人服务中心,"136-22 35th Ave, Flushing, NY 11354, United States",40.7647777,-73.82983209999999,华人老人中心,"Elmhurst, NY",2
大帝国成人护理中心,"132-29 Blossom Ave, Flushing, NY 11355, United States",40.7520278,-73.8311185,华人老人中心,"Elmhurst, NY",2
Elmhurst-J.H. Senior Center,"7501 Broadway # 3, Elmhurst, NY 11373, United States",40.74623,-73.8900268,华人老人中心,"Elmhurst, NY",2
恩典之家护理公司 Health Care,"135-27 38th Ave #107, Flushing, NY 11354, United States",40.7606608,-73.8318453,华人老人中心,"Elmhurst, NY",2
Elmhurst Care Center,"100-17 23rd Ave, East Elmhurst, NY 11369, United States",40.7689658,-73.87010029999999,华人老人中心,"Elmhurst, NY",2
"Elmcor Senior Center - Elmcor Youth & Adult Activities, Inc.","98-19 Astoria Blvd, Flushing, NY 11369, United States",40.7624527,-73.8706105,华人老人中心,"Elmhurst, NY",2
South Asian Community Center,"37-07 74th Street 2nd Floor Suite #2, Jackson Heights, NY 11372, United States",40.748695,-73.89150699999999,华人老人中心,"Elmhurst, NY",2
YLC,"78-14 Roosevelt Ave, Elmhurst, NY 11373, United States",40.7467882,-73.8875259,华人老人中心,"Elmhurst, NY",2
Chinese Community Center of Flushing,"4317 Union St level c, Flushing, NY 11355, United States",40.754302,-73.8211513,华人老人中心,"Elmhurst, NY",2
金鹰日间护理中心,"36-36 Prince St, Flushing, NY 11354, United States",40.7621374,-73.8354501,华人老人中心,"Elmhurst, NY",2
Newtown Italian Senior Center,"83-20 Queens Blvd, Elmhurst, NY 11373, United States",40.736811,-73.8797999,华人老人中心,"Elmhurst, NY",2
Castle Senior Living,"108-25 Horace Harding Expy, Corona, NY 11368, United States",40.7384956,-73.8514366,华人老人中心,"Elmhurst, NY",2
天天日間護理中心,"142-30 38th Ave 2nd fl, Flushing, NY 11354, United States",40.7617579,-73.825847,华人老人中心,"Elmhurst, NY",2
Elm York Assisted Living,"100-30 Ditmars Blvd, East Elmhurst, NY 11369, United States",40.7696256,-73.87001699999999,华人老人中心,"Elmhurst, NY",2
Flushing House,"3820 Bowne St, Flushing, NY 11354, United States",40.7619009,-73.8250659,华人老人中心,"Elmhurst, NY",2
New York Golden Eagle Senior Corp.,"3636 Prince St 2nd floor, Flushing, NY 11354, United States",40.7609139,-73.8331287,华人老人中心,"Elmhurst, NY",2
Elmhurst Adult Day Care Center,"8219 Queens Blvd, Elmhurst, NY 11373, United States",40.7377276,-73.88064109999999,华人老人中心,"Elmhurst, NY",2
Queens Adult Care Center,"8008 45th Ave, Elmhurst, NY 11373, United States",40.7413058,-73.88441379999999,老人日托,"Elmhurst, NY",2
YLC,"78-14 Roosevelt Ave, Elmhurst, NY 11373, United States",40.7467882,-73.8875259,老人日托,"Elmhurst, NY",2
Elmhurst-J.H. Senior Center,"7501 Broadway # 3, Elmhurst, NY 11373, United States",40.74623,-73.8900268,老人日托,"Elmhurst, NY",2
Elmhurst Care Center,"100-17 23rd Ave, East Elmhurst, NY 11369, United States",40.7689658,-73.87010029999999,老人日托,"Elmhurst, NY",2
Elmhurst Adult Day Care Center,"8219 Queens Blvd, Elmhurst, NY 11373, United States",40.7377276,-73.88064109999999,老人日托,"Elmhurst, NY",2
Joy Senior Social Day Center,"82-20 Britton Ave, Elmhurst, NY 11373, United States",40.743156,-73.881974,老人日托,"Elmhurst, NY",2
Newtown Italian Senior Center,"83-20 Queens Blvd, Elmhurst, NY 11373, United States",40.736811,-73.8797999,老人日托,"Elmhurst, NY",2
NYC Health + Hospitals/Elmhurst,"79-01 Broadway, Elmhurst, NY 11373, United States",40.7450814,-73.8857797,老人日托,"Elmhurst, NY",2
Little jungle Daycare,"32-41 104th St, East Elmhurst, NY 11369, United States",40.7583831,-73.8643906,老人日托,"Elmhurst, NY",2
Unicare Adult Daycare Inc.,"173-15 Horace Harding Expy, Fresh Meadows, NY 11365, United States",40.7389642,-73.795936,老人日托,"Elmhurst, NY",2
"Italian Charities of America, Inc.","83-20 Queens Blvd, Elmhurst, NY 11373, United States",40.7369054,-73.87970419999999,老人日托,"Elmhurst, NY",2
Chinese Community Center of Flushing,"4317 Union St level c, Flushing, NY 11355, United States",40.754302,-73.8211513,华人社区中心,"Elmhurst, NY",2
New York Chinese Community Center,"62 Mott St, New York, NY 10013, United States",40.7160503,-73.9981392,华人社区中心,"Elmhurst, NY",2
Culture Center of Taipei Economic and Cultural Office in New York,"133-32 41st Rd, Flushing, NY 11355, United States",40.7568677,-73.8301974,华侨会馆,"Elmhurst, NY",2
Hua Rong,"8323 Broadway #1, Flushing, NY 11373, United States",40.740866,-73.879192,华侨会馆,"Elmhurst, NY",2
New York Chinese Community Center,"62 Mott St, New York, NY 10013, United States",40.7160503,-73.9981392,华侨会馆,"Elmhurst, NY",2
Q Town Asian Cuisine Inc.,"82-87, 82-87 Broadway, Elmhurst, NY 11373, United States",40.7414539,-73.88025189999999,华侨会馆,"Elmhurst, NY",2
spa,"85-04 Queens Blvd 2 Floor, Elmhurst, NY 11373, United States",40.73662059999999,-73.8782422,华侨会馆,"Elmhurst, NY",2
Lao Fu Zhou,"83-11 Broadway, Flushing, NY 11373, United States",40.7409926,-73.8795356,华侨会馆,"Elmhurst, NY",2
Taiwanese Gourmet,"8402 Broadway, Elmhurst, NY 11373, United States",40.7398374,-73.87877189999999,华侨会馆,"Elmhurst, NY",2
Hainan Association,"86 Schermerhorn St, Brooklyn, NY 11201, United States",40.6905211,-73.9904792,同乡会,"Elmhurst, NY",2
Culture Center of Taipei Economic and Cultural Office in New York,"133-32 41st Rd, Flushing, NY 11355, United States",40.7568677,-73.8301974,侨团,"Elmhurst, NY",2
"Yili Huang, DO 黃儀立心臟血管專科 Cardiovascular","8118 Broadway, Elmhurst, NY 11373, United States",40.7430346,-73.8834117,侨团,"Elmhurst, NY",2
"Jing Xu MD, PLLC 許晶醫生診所","8708 Justice Ave #1E, Elmhurst, NY 11373, United States",40.737237,-73.87631720000002,侨团,"Elmhurst, NY",2
Huaqiao Yihu Institute,"37-20 Prince St #4C, Flushing, NY 11354, United States",40.7602126,-73.8330397,侨团,"Elmhurst, NY",2
Luo Chih Yun,"7901 Broadway, Elmhurst, NY 11373, United States",40.7450725,-73.8857803,侨团,"Elmhurst, NY",2
New York Chinese Community Center,"62 Mott St, New York, NY 10013, United States",40.7160503,-73.9981392,公所,"Elmhurst, NY",2
NYC Health + Hospitals/Elmhurst,"79-01 Broadway, Elmhurst, NY 11373, United States",40.7450814,-73.8857797,公所,"Elmhurst, NY",2
Fei Long Market,"6301 8th Ave, Brooklyn, NY 11220, United States",40.6330248,-74.01082869999999,Chinese supermarket,"Sunset Park, NY",2
HL Supermarket,"6722 Fort Hamilton Pkwy, Brooklyn, NY 11219, United States",40.6295889,-74.0117346,Chinese supermarket,"Sunset Park, NY",2
Fei Long Market,"4423 8th Ave, Brooklyn, NY 11220, United States",40.6438626,-74.0005051,Chinese supermarket,"Sunset Park, NY",2
Forum Supermarket,"6501 7th Ave, Brooklyn, NY 11220, United States",40.63356390000001,-74.0147322,Chinese supermarket,"Sunset Park, NY",2
Feng Tai Market,"4506 8th Ave, Brooklyn, NY 11220, United States",40.6438,-74.0011365,Chinese supermarket,"Sunset Park, NY",2
Old Town Asian Market Inc,"774 56th St, Brooklyn, NY 11220, United States",40.63788419999999,-74.00771139999999,Chinese supermarket,"Sunset Park, NY",2
New Fuxing Market,"4322 8th Ave, Brooklyn, NY 11220, United States",40.6446373,-74.00026799999999,Chinese supermarket,"Sunset Park, NY",2
Fu Chun Supermarket,"5114 8th Ave, Brooklyn, NY 11220, United States",40.6403381,-74.00473480000001,Chinese supermarket,"Sunset Park, NY",2
Sunrise Mart,"934 3rd Ave, Brooklyn, NY 11232, United States",40.6561708,-74.00626710000002,Chinese supermarket,"Sunset Park, NY",2
LANG QI FOODS SUPERMARKET,"710 57th St, Brooklyn, NY 11220, United States",40.6382617,-74.0097914,Chinese supermarket,"Sunset Park, NY",2
Amiga De China Supermarket,"5707 4th Ave, Brooklyn, NY 11220, United States",40.6422677,-74.0166861,Chinese supermarket,"Sunset Park, NY",2
Hong Sheng,"5514 8th Ave, Brooklyn, NY 11220, United States",40.6380937,-74.0070709,Chinese supermarket,"Sunset Park, NY",2
Kang Yi Inc.,"4002 5th Ave, Brooklyn, NY 11232, United States",40.6507179,-74.0047013,Chinese supermarket,"Sunset Park, NY",2
Jmart,"8121 New Utrecht Ave, Brooklyn, NY 11214, United States",40.6098931,-74.00143640000002,Chinese supermarket,"Sunset Park, NY",2
The Bad Wife,"378 7th Ave #1, Brooklyn, NY 11215, United States",40.6654822,-73.9829506,Chinese supermarket,"Sunset Park, NY",2
New Asian Supermarket,"1322 Newkirk Ave, Brooklyn, NY 11230, United States",40.6348539,-73.9644399,Chinese supermarket,"Sunset Park, NY",2
Qin Qin Grocery,"4706 7th Ave, Brooklyn, NY 11220, United States",40.6440401,-74.0044698,Chinese supermarket,"Sunset Park, NY",2
Japan Village,"934 3rd Ave, Brooklyn, NY 11232, United States",40.656103,-74.0064373,Chinese supermarket,"Sunset Park, NY",2
Southeast Asia Food Group,"52 15th St, Brooklyn, NY 11215, United States",40.668109,-73.99508999999999,Chinese supermarket,"Sunset Park, NY",2
Royal Supermarket,"1419 8th Ave, Brooklyn, NY 11215, United States",40.6622324,-73.98188999999999,Chinese supermarket,"Sunset Park, NY",2
Fei Long Market,"6301 8th Ave, Brooklyn, NY 11220, United States",40.6330248,-74.01082869999999,Chinese grocery store,"Sunset Park, NY",2
HL Supermarket,"6722 Fort Hamilton Pkwy, Brooklyn, NY 11219, United States",40.6295889,-74.0117346,Chinese grocery store,"Sunset Park, NY",2
Fei Long Market,"4423 8th Ave, Brooklyn, NY 11220, United States",40.6438626,-74.0005051,Chinese grocery store,"Sunset Park, NY",2
Forum Supermarket,"6501 7th Ave, Brooklyn, NY 11220, United States",40.63356390000001,-74.0147322,Chinese grocery store,"Sunset Park, NY",2
Feng Tai Market,"4506 8th Ave, Brooklyn, NY 11220, United States",40.6438,-74.0011365,Chinese grocery store,"Sunset Park, NY",2
Old Town Asian Market Inc,"774 56th St, Brooklyn, NY 11220, United States",40.63788419999999,-74.00771139999999,Chinese grocery store,"Sunset Park, NY",2
Sunrise Mart,"934 3rd Ave, Brooklyn, NY 11232, United States",40.6561708,-74.00626710000002,Chinese grocery store,"Sunset Park, NY",2
Fu Chun Supermarket,"5114 8th Ave, Brooklyn, NY 11220, United States",40.6403381,-74.00473480000001,Chinese grocery store,"Sunset Park, NY",2
New Fuxing Market,"4322 8th Ave, Brooklyn, NY 11220, United States",40.6446373,-74.00026799999999,Chinese grocery store,"Sunset Park, NY",2
LANG QI FOODS SUPERMARKET,"710 57th St, Brooklyn, NY 11220, United States",40.6382617,-74.0097914,Chinese grocery store,"Sunset Park, NY",2
Amiga De China Supermarket,"5707 4th Ave, Brooklyn, NY 11220, United States",40.6422677,-74.0166861,Chinese grocery store,"Sunset Park, NY",2
Japan Village,"934 3rd Ave, Brooklyn, NY 11232, United States",40.656103,-74.0064373,Chinese grocery store,"Sunset Park, NY",2
New Asian Supermarket,"1322 Newkirk Ave, Brooklyn, NY 11230, United States",40.6348539,-73.9644399,Chinese grocery store,"Sunset Park, NY",2
New Hong Yun Grocery Store Inc.,"6701 8th Ave, Brooklyn, NY 11220, United States",40.6313254,-74.0137058,Chinese grocery store,"Sunset Park, NY",2
Kang Yi Inc.,"4002 5th Ave, Brooklyn, NY 11232, United States",40.6507179,-74.0047013,Chinese grocery store,"Sunset Park, NY",2
Jmart,"8121 New Utrecht Ave, Brooklyn, NY 11214, United States",40.6098931,-74.00143640000002,Chinese grocery store,"Sunset Park, NY",2
The Bad Wife,"378 7th Ave #1, Brooklyn, NY 11215, United States",40.6654822,-73.9829506,Chinese grocery store,"Sunset Park, NY",2
Hong Sheng,"5514 8th Ave, Brooklyn, NY 11220, United States",40.6380937,-74.0070709,Chinese grocery store,"Sunset Park, NY",2
Southeast Asia Food Group,"52 15th St, Brooklyn, NY 11215, United States",40.668109,-73.99508999999999,Chinese grocery store,"Sunset Park, NY",2
Lucky Star Market Inc,"5316 8th Ave, Brooklyn, NY 11220, United States",40.6391803,-74.0059548,Chinese grocery store,"Sunset Park, NY",2
Xi Fang Temple,"5101 8th Ave, Brooklyn, NY 11220, United States",40.6403873,-74.00422689999999,Chinese temple,"Sunset Park, NY",2
Jiu Hua Zen Temple Inc of NY,"4115 8th Ave, Brooklyn, NY 11232, United States",40.6457526,-73.9987092,Chinese temple,"Sunset Park, NY",2
Guangong Temple,"826 64th St 3rd fl, Brooklyn, NY 11220, United States",40.6326813,-74.0111737,Chinese temple,"Sunset Park, NY",2
American Tianfo Temple,"837 59th St #6F, Brooklyn, NY 11220, United States",40.635613,-74.007735,Chinese temple,"Sunset Park, NY",2
"WESTERN BUDDHIST ASSOCIATION, INC.","5601 Fort Hamilton Pkwy, Brooklyn, NY 11219, United States",40.6347842,-74.0025309,Chinese temple,"Sunset Park, NY",2
Lingying miao,"826 64th St 3rf fl, Brooklyn, NY 11220, United States",40.6326813,-74.0111737,Chinese temple,"Sunset Park, NY",2
Prajna Zen Monastery,"450 67th St, Brooklyn, NY 11220, United States",40.6360452,-74.0211937,Chinese temple,"Sunset Park, NY",2
Pujue si (Universal Enlightenment Temple),"2249 65th St, Brooklyn, NY 11204, United States",40.6131862,-73.98001099999999,Chinese temple,"Sunset Park, NY",2
Shie Rong Temple,"8015 New Utrecht Ave, Brooklyn, NY 11214, United States",40.6113271,-74.0010776,Chinese temple,"Sunset Park, NY",2
Buddhist Peaceful Enlightenment,"4516 7th Ave, Brooklyn, NY 11220, United States",40.6449855,-74.0034845,Chinese temple,"Sunset Park, NY",2
Asian Buddhist Association of NY,"6810 11th Ave, Brooklyn, NY 11219, United States",40.6266767,-74.0082418,Chinese temple,"Sunset Park, NY",2
Zen Center of New York City - Fire Lotus Temple,"500 State St, Brooklyn, NY 11217, United States",40.6860047,-73.9807462,Chinese temple,"Sunset Park, NY",2
Eastern States Buddhist Temple,"64 Mott St, New York, NY 10013, United States",40.7160553,-73.9981355,Chinese temple,"Sunset Park, NY",2
Mahayana Temple Buddhist Association,"133 Canal St, New York, NY 10002, United States",40.71614030000001,-73.99541900000001,Chinese temple,"Sunset Park, NY",2
Pu Chao Buddhist Temple,"20 Eldridge St, New York, NY 10002, United States",40.7149363,-73.9934997,Chinese temple,"Sunset Park, NY",2
Eastern Buddhist Association East Dhayana Temple,"83 Division St, New York, NY 10002, United States",40.7142359,-73.99362409999999,Chinese temple,"Sunset Park, NY",2
Park Asia,"6521 8th Ave, Brooklyn, NY 11220, United States",40.6322232,-74.01278049999999,Chinese temple,"Sunset Park, NY",2
紐約慈泉寺 Ci Quan Temple,"519 53rd St 1 Fl, Brooklyn, NY 11220, United States",40.6432469,-74.0113858,Chinese temple,"Sunset Park, NY",2
East Harbor Seafood Palace,"714 65th St, Brooklyn, NY 11220, United States",40.6335361,-74.01432919999999,Chinese temple,"Sunset Park, NY",2
Huang Da Xian Taoist Temple,"20 Bowery, New York, NY 10013, United States",40.7147212,-73.99725,Chinese temple,"Sunset Park, NY",2
Brooklyn Chinese Baptist Church,"5123 7th Ave, Brooklyn, NY 11220, United States",40.6412566,-74.006699,Chinese church,"Sunset Park, NY",2
Grace Chinese Alliance Church,"5623 7th Ave, Brooklyn, NY 11220, United States",40.6385463,-74.0097993,Chinese church,"Sunset Park, NY",2
Chinese Promise Baptist Church,"842 41st St, Brooklyn, NY 11232, United States",40.6453149,-73.997552,Chinese church,"Sunset Park, NY",2
Chinese Christian Church Of Grace,"6307 4th Ave, Brooklyn, NY 11220, United States",40.6388154,-74.0202522,Chinese church,"Sunset Park, NY",2
Brooklyn Chinese-American Association Eighth Avenue Senior Citizens Center,"5007 7th Ave, Brooklyn, NY 11220, United States",40.64218630000001,-74.0060044,Chinese senior center,"Sunset Park, NY",2
ACC(Asian Community Center)亚裔社区中心,"746 61st St, Brooklyn, NY 11220, United States",40.63534,-74.011358,Chinese community center,"Sunset Park, NY",2
Chinese-American Planning Council - Brooklyn Community Service,"4101 8th Ave, Brooklyn, NY 11232, United States",40.645924,-73.9982646,Chinese community center,"Sunset Park, NY",2
Brooklyn Chinese-American Association Eighth Avenue Senior Citizens Center,"5007 7th Ave, Brooklyn, NY 11220, United States",40.64218630000001,-74.0060044,Chinese community center,"Sunset Park, NY",2
New York Chinese Community Center,"62 Mott St, New York, NY 10013, United States",40.7160503,-73.9981392,Chinese community center,"Sunset Park, NY",2
Sunset Park Neighborhood Senior Center,"4520 4th Ave, Brooklyn, NY 11220, United States",40.6489853,-74.010404,Chinese community center,"Sunset Park, NY",2
Brooklyn Chinese America Association,"5002 8th Ave, Brooklyn, NY 11220, United States",40.64116560000001,-74.0039994,Chinese community center,"Sunset Park, NY",2
Tzu Chi USA Brooklyn Service Center,"513 57th St, Brooklyn, NY 11220, United States",40.64101710000001,-74.0138904,Chinese community center,"Sunset Park, NY",2
Brooklyn Chinese-American Association Office,"4204 8th Ave, Brooklyn, NY 11232, United States",40.6455564,-73.999298,Chinese community center,"Sunset Park, NY",2
Chinese Community Center of Flushing,"4317 Union St level c, Flushing, NY 11355, United States",40.754302,-73.8211513,Chinese community center,"Sunset Park, NY",2
Brooklyn Chinese American Association,"7207 8th Ave, Brooklyn, NY 11228, United States",40.6284109,-74.01671759999999,Chinese community center,"Sunset Park, NY",2
VNS Health: Sunset Park Community Center,"5521 8th Ave, Brooklyn, NY 11220, United States",40.6378794,-74.0068849,Chinese community center,"Sunset Park, NY",2
Brooklyn Chinese - American Association Early Childhood Education Center,"871 50th St, Brooklyn, NY 11219, United States",40.6401115,-74.00178079999999,Chinese community center,"Sunset Park, NY",2
Brooklyn Chinese Association,"6809 20th Ave, Brooklyn, NY 11204, United States",40.6145143,-73.9877585,Chinese community center,"Sunset Park, NY",2
BCA NEIGHBORHOOD SENIOR CENTER,"545 60th St, Brooklyn, NY 11220, United States",40.6386596,-74.0145668,Chinese community center,"Sunset Park, NY",2
Asian Community United Society Community Learning Center,"6822 20th Ave, Brooklyn, NY 11204, United States",40.6144535,-73.9882232,Chinese community center,"Sunset Park, NY",2
"8th Avenue Chinatown, Brooklyn, NY","5515 8th Ave # C2, Brooklyn, NY 11220, United States",40.6377802,-74.0069766,Chinese community center,"Sunset Park, NY",2
South Asian Community Center,"37-07 74th Street 2nd Floor Suite #2, Jackson Heights, NY 11372, United States",40.748695,-73.89150699999999,Chinese community center,"Sunset Park, NY",2
Brooklyn Chinese American Association Day Care,"713 43rd St, Brooklyn, NY 11232, United States",40.6462075,-74.001278,Chinese community center,"Sunset Park, NY",2
NY Enping Hometown,"5910 9th Ave, Brooklyn, NY 11220, United States",40.63461119999999,-74.00710459999999,Chinese community center,"Sunset Park, NY",2
Sunset Park Recreation Center,"4200 7th Ave, Brooklyn, NY 11232, United States",40.6468857,-74.00203359999999,Chinese community center,"Sunset Park, NY",2
Brooklyn Chinese America Association,"5002 8th Ave, Brooklyn, NY 11220, United States",40.64116560000001,-74.0039994,Chinese association,"Sunset Park, NY",2
Brooklyn Chinese-American Association Office,"4204 8th Ave, Brooklyn, NY 11232, United States",40.6455564,-73.999298,Chinese association,"Sunset Park, NY",2
Brooklyn Chinese American Association,"812 54th St #1, Brooklyn, NY 11220, United States",40.638565,-74.0057369,Chinese association,"Sunset Park, NY",2
Chinese-American Planning Council - Brooklyn Community Service,"4101 8th Ave, Brooklyn, NY 11232, United States",40.645924,-73.9982646,Chinese association,"Sunset Park, NY",2
Fei Long Market,"6301 8th Ave, Brooklyn, NY 11220, United States",40.6330248,-74.01082869999999,华人超市,"Sunset Park, NY",2
HL Supermarket,"6722 Fort Hamilton Pkwy, Brooklyn, NY 11219, United States",40.6295889,-74.0117346,华人超市,"Sunset Park, NY",2
Jmart,"8121 New Utrecht Ave, Brooklyn, NY 11214, United States",40.6098931,-74.00143640000002,华人超市,"Sunset Park, NY",2
Fei Long Market,"4423 8th Ave, Brooklyn, NY 11220, United States",40.6438626,-74.0005051,华人超市,"Sunset Park, NY",2
V&W Supermarket 樂樂超級市場,"2502 86th St, Brooklyn, NY 11214, United States",40.5975447,-73.98707639999999,华人超市,"Sunset Park, NY",2
New Fuxing Market,"4322 8th Ave, Brooklyn, NY 11220, United States",40.6446373,-74.00026799999999,华人超市,"Sunset Park, NY",2
Sunrise Mart,"934 3rd Ave, Brooklyn, NY 11232, United States",40.6561708,-74.00626710000002,华人超市,"Sunset Park, NY",2
Zhong Hua Market Inc,"5709 8th Ave, Brooklyn, NY 11220, United States",40.6368763,-74.0079319,华人超市,"Sunset Park, NY",2
Chang Fa Food Market,"1418 Avenue U, Brooklyn, NY 11229, United States",40.59859,-73.9566651,华人超市,"Sunset Park, NY",2
Z&Z Market Inc.,"6511 Bay Pkwy, Brooklyn, NY 11204, United States",40.6134194,-73.9814861,华人超市,"Sunset Park, NY",2
Forum Supermarket,"6501 7th Ave, Brooklyn, NY 11220, United States",40.63356390000001,-74.0147322,华人超市,"Sunset Park, NY",2
Fish Market中国超市,"6802 18th Ave, Brooklyn, NY 11204, United States",40.6173965,-73.99214119999999,华人超市,"Sunset Park, NY",2
Ocean Bay Market,"2424 Coney Island Ave, Brooklyn, NY 11223, United States",40.5975381,-73.9614777,华人超市,"Sunset Park, NY",2
Star Market,"1772 86th St, Brooklyn, NY 11214, United States",40.6072365,-74.0028973,华人超市,"Sunset Park, NY",2
City Fresh Market,"5009 6th Ave, Brooklyn, NY 11220, United States",40.6434531,-74.0081944,华人超市,"Sunset Park, NY",2
dong sheng food inc,"6719 Bay Pkwy, Brooklyn, NY 11204, United States",40.612091,-73.98281000000001,华人超市,"Sunset Park, NY",2
New Asian Supermarket,"1322 Newkirk Ave, Brooklyn, NY 11230, United States",40.6348539,-73.9644399,华人超市,"Sunset Park, NY",2
Key Food Supermarkets,"4320 5th Ave, Brooklyn, NY 11232, United States",40.6488643,-74.0067765,华人超市,"Sunset Park, NY",2
Pioneer Supermarkets of Sunset Park,"5612 5th Ave, Brooklyn, NY 11220, United States",40.6415704,-74.0142074,华人超市,"Sunset Park, NY",2
Xing fu yuan grocery inc,"5802 Fort Hamilton Pkwy, Brooklyn, NY 11219, United States",40.63408270000001,-74.0043805,华人超市,"Sunset Park, NY",2
Fei Long Market,"6301 8th Ave, Brooklyn, NY 11220, United States",40.6330248,-74.01082869999999,华超,"Sunset Park, NY",2
HL Supermarket,"6722 Fort Hamilton Pkwy, Brooklyn, NY 11219, United States",40.6295889,-74.0117346,华超,"Sunset Park, NY",2
Old Town Asian Market Inc,"774 56th St, Brooklyn, NY 11220, United States",40.63788419999999,-74.00771139999999,华超,"Sunset Park, NY",2
Fei Long Market,"4423 8th Ave, Brooklyn, NY 11220, United States",40.6438626,-74.0005051,华超,"Sunset Park, NY",2
Feng Tai Market,"4506 8th Ave, Brooklyn, NY 11220, United States",40.6438,-74.0011365,华超,"Sunset Park, NY",2
Zhong Hua Market Inc,"5709 8th Ave, Brooklyn, NY 11220, United States",40.6368763,-74.0079319,华超,"Sunset Park, NY",2
New Fuxing Market,"4322 8th Ave, Brooklyn, NY 11220, United States",40.6446373,-74.00026799999999,华超,"Sunset Park, NY",2
Forum Supermarket,"6501 7th Ave, Brooklyn, NY 11220, United States",40.63356390000001,-74.0147322,华超,"Sunset Park, NY",2
Fu Chun Supermarket,"5114 8th Ave, Brooklyn, NY 11220, United States",40.6403381,-74.00473480000001,华超,"Sunset Park, NY",2
Jmart,"8121 New Utrecht Ave, Brooklyn, NY 11214, United States",40.6098931,-74.00143640000002,华超,"Sunset Park, NY",2
Kuan Sing Food Market Inc.,"5712 8th Ave, Brooklyn, NY 11220, United States",40.6370251,-74.0081825,华超,"Sunset Park, NY",2
Hong Sheng,"5514 8th Ave, Brooklyn, NY 11220, United States",40.6380937,-74.0070709,华超,"Sunset Park, NY",2
Amiga De China Supermarket,"5707 4th Ave, Brooklyn, NY 11220, United States",40.6422677,-74.0166861,华超,"Sunset Park, NY",2
City Fresh Market,"5009 6th Ave, Brooklyn, NY 11220, United States",40.6434531,-74.0081944,华超,"Sunset Park, NY",2
Suchana Super Market,"476 McDonald Ave, Brooklyn, NY 11218, United States",40.6424565,-73.97959569999999,华超,"Sunset Park, NY",2
You Jia Food INC. Grocery,"4702 7th Ave, Brooklyn, NY 11220, United States",40.6441724,-74.0045392,华超,"Sunset Park, NY",2
Shan Shan Grocery,"5816 7th Ave, Brooklyn, NY 11220, United States",40.6376969,-74.0110495,华超,"Sunset Park, NY",2
Fei Long Market,"6301 8th Ave, Brooklyn, NY 11220, United States",40.6330248,-74.01082869999999,中国超市,"Sunset Park, NY",2
Feng Tai Market,"4506 8th Ave, Brooklyn, NY 11220, United States",40.6438,-74.0011365,中国超市,"Sunset Park, NY",2
HL Supermarket,"6722 Fort Hamilton Pkwy, Brooklyn, NY 11219, United States",40.6295889,-74.0117346,中国超市,"Sunset Park, NY",2
Fei Long Market,"4423 8th Ave, Brooklyn, NY 11220, United States",40.6438626,-74.0005051,中国超市,"Sunset Park, NY",2
Forum Supermarket,"6501 7th Ave, Brooklyn, NY 11220, United States",40.63356390000001,-74.0147322,中国超市,"Sunset Park, NY",2
EZ Fresh,"863 65th St, Brooklyn, NY 11220, United States",40.6318581,-74.0106761,中国超市,"Sunset Park, NY",2
Hong Sheng,"5514 8th Ave, Brooklyn, NY 11220, United States",40.6380937,-74.0070709,中国超市,"Sunset Park, NY",2
New Fuxing Market,"4322 8th Ave, Brooklyn, NY 11220, United States",40.6446373,-74.00026799999999,中国超市,"Sunset Park, NY",2
Zhong Hua Market Inc,"5709 8th Ave, Brooklyn, NY 11220, United States",40.6368763,-74.0079319,中国超市,"Sunset Park, NY",2
Chang Fa Food Market,"1418 Avenue U, Brooklyn, NY 11229, United States",40.59859,-73.9566651,中国超市,"Sunset Park, NY",2
Fish Market中国超市,"6802 18th Ave, Brooklyn, NY 11204, United States",40.6173965,-73.99214119999999,中国超市,"Sunset Park, NY",2
New York Mart,"128 Mott St, New York, NY 10013, United States",40.71850389999999,-73.9966318,中国超市,"Sunset Park, NY",2
Jmart,"8121 New Utrecht Ave, Brooklyn, NY 11214, United States",40.6098931,-74.00143640000002,中国超市,"Sunset Park, NY",2
Fu Chun Supermarket,"5114 8th Ave, Brooklyn, NY 11220, United States",40.6403381,-74.00473480000001,中国超市,"Sunset Park, NY",2
Kang Yi Inc.,"4002 5th Ave, Brooklyn, NY 11232, United States",40.6507179,-74.0047013,中国超市,"Sunset Park, NY",2
LANG QI FOODS SUPERMARKET,"710 57th St, Brooklyn, NY 11220, United States",40.6382617,-74.0097914,中国超市,"Sunset Park, NY",2
爱新鲜超市,"6904 18th Ave, Brooklyn, NY 11204, United States",40.6167879,-73.9927607,中国超市,"Sunset Park, NY",2
V&W Supermarket 樂樂超級市場,"2502 86th St, Brooklyn, NY 11214, United States",40.5975447,-73.98707639999999,中国超市,"Sunset Park, NY",2
Old Town Asian Market Inc,"774 56th St, Brooklyn, NY 11220, United States",40.63788419999999,-74.00771139999999,中国超市,"Sunset Park, NY",2
Sunrise Mart,"934 3rd Ave, Brooklyn, NY 11232, United States",40.6561708,-74.00626710000002,中国超市,"Sunset Park, NY",2
Fei Long Market,"6301 8th Ave, Brooklyn, NY 11220, United States",40.6330248,-74.01082869999999,华人杂货店,"Sunset Park, NY",2
Feng Tai Market,"4506 8th Ave, Brooklyn, NY 11220, United States",40.6438,-74.0011365,华人杂货店,"Sunset Park, NY",2
Fei Long Market,"4423 8th Ave, Brooklyn, NY 11220, United States",40.6438626,-74.0005051,华人杂货店,"Sunset Park, NY",2
HL Supermarket,"6722 Fort Hamilton Pkwy, Brooklyn, NY 11219, United States",40.6295889,-74.0117346,华人杂货店,"Sunset Park, NY",2
LANG QI FOODS SUPERMARKET,"710 57th St, Brooklyn, NY 11220, United States",40.6382617,-74.0097914,华人杂货店,"Sunset Park, NY",2
Zhong Hua Market Inc,"5709 8th Ave, Brooklyn, NY 11220, United States",40.6368763,-74.0079319,华人杂货店,"Sunset Park, NY",2
Fu Chun Supermarket,"5114 8th Ave, Brooklyn, NY 11220, United States",40.6403381,-74.00473480000001,华人杂货店,"Sunset Park, NY",2
You Jia Food INC. Grocery,"4702 7th Ave, Brooklyn, NY 11220, United States",40.6441724,-74.0045392,华人杂货店,"Sunset Park, NY",2
Chang Fa Food Market,"1418 Avenue U, Brooklyn, NY 11229, United States",40.59859,-73.9566651,华人杂货店,"Sunset Park, NY",2
Qiang Wang Market INC.,"5624 7th Ave, Brooklyn, NY 11220, United States",40.6386784,-74.01004929999999,华人杂货店,"Sunset Park, NY",2
New Fuxing Market,"4322 8th Ave, Brooklyn, NY 11220, United States",40.6446373,-74.00026799999999,华人杂货店,"Sunset Park, NY",2
Hong Sheng,"5514 8th Ave, Brooklyn, NY 11220, United States",40.6380937,-74.0070709,华人杂货店,"Sunset Park, NY",2
Jmart,"8121 New Utrecht Ave, Brooklyn, NY 11214, United States",40.6098931,-74.00143640000002,华人杂货店,"Sunset Park, NY",2
Old Town Asian Market Inc,"774 56th St, Brooklyn, NY 11220, United States",40.63788419999999,-74.00771139999999,华人杂货店,"Sunset Park, NY",2
Amiga De China Supermarket,"5707 4th Ave, Brooklyn, NY 11220, United States",40.6422677,-74.0166861,华人杂货店,"Sunset Park, NY",2
Kang Yi Inc.,"4002 5th Ave, Brooklyn, NY 11232, United States",40.6507179,-74.0047013,华人杂货店,"Sunset Park, NY",2
Xing fu yuan grocery inc,"5802 Fort Hamilton Pkwy, Brooklyn, NY 11219, United States",40.63408270000001,-74.0043805,华人杂货店,"Sunset Park, NY",2
Sunrise Mart,"934 3rd Ave, Brooklyn, NY 11232, United States",40.6561708,-74.00626710000002,华人杂货店,"Sunset Park, NY",2
EZ Fresh,"863 65th St, Brooklyn, NY 11220, United States",40.6318581,-74.0106761,华人杂货店,"Sunset Park, NY",2
Yun Hai Shop 雲海嚴選柑仔店,"170 Montrose Ave, Brooklyn, NY 11206, United States",40.7071743,-73.9425298,华人杂货店,"Sunset Park, NY",2
Xi Fang Temple,"5101 8th Ave, Brooklyn, NY 11220, United States",40.6403873,-74.00422689999999,華人寺庙,"Sunset Park, NY",2
"WESTERN BUDDHIST ASSOCIATION, INC.","5601 Fort Hamilton Pkwy, Brooklyn, NY 11219, United States",40.6347842,-74.0025309,華人寺庙,"Sunset Park, NY",2
American Tianfo Temple,"837 59th St #6F, Brooklyn, NY 11220, United States",40.635613,-74.007735,華人寺庙,"Sunset Park, NY",2
Jiu Hua Zen Temple Inc of NY,"4115 8th Ave, Brooklyn, NY 11232, United States",40.6457526,-73.9987092,華人寺庙,"Sunset Park, NY",2
Pujue si (Universal Enlightenment Temple),"2249 65th St, Brooklyn, NY 11204, United States",40.6131862,-73.98001099999999,華人寺庙,"Sunset Park, NY",2
Guangong Temple,"826 64th St 3rd fl, Brooklyn, NY 11220, United States",40.6326813,-74.0111737,華人寺庙,"Sunset Park, NY",2
紐約慈泉寺 Ci Quan Temple,"519 53rd St 1 Fl, Brooklyn, NY 11220, United States",40.6432469,-74.0113858,華人寺庙,"Sunset Park, NY",2
Buddhist Peaceful Enlightenment,"4516 7th Ave, Brooklyn, NY 11220, United States",40.6449855,-74.0034845,華人寺庙,"Sunset Park, NY",2
美國慈悲寺American Ci Bei Temple,"6410 8th Ave Suite C2, Brooklyn, NY 11220, United States",40.63312990000001,-74.0123474,華人寺庙,"Sunset Park, NY",2
Nantianmen / Nantian Zhao tianjun gong,"4618 7th Ave, Brooklyn, NY 11220, United States",40.6443817,-74.0041117,華人寺庙,"Sunset Park, NY",2
Famensi,"basement, 6112 7th Ave, Brooklyn, NY 11220, United States",40.636111,-74.0127194,華人寺庙,"Sunset Park, NY",2
"WESTERN BUDDHIST ASSOCIATION, INC.","5601 Fort Hamilton Pkwy, Brooklyn, NY 11219, United States",40.6347842,-74.0025309,佛堂,"Sunset Park, NY",2
American Tianfo Temple,"837 59th St #6F, Brooklyn, NY 11220, United States",40.635613,-74.007735,佛堂,"Sunset Park, NY",2
Xi Fang Temple,"5101 8th Ave, Brooklyn, NY 11220, United States",40.6403873,-74.00422689999999,佛堂,"Sunset Park, NY",2
Buddhist Peaceful Enlightenment,"4516 7th Ave, Brooklyn, NY 11220, United States",40.6449855,-74.0034845,佛堂,"Sunset Park, NY",2
大覺淨苑 Maha Bodhi Monastery,"5102 6th Ave, Brooklyn, NY 11220, United States",40.6432314,-74.0089093,佛堂,"Sunset Park, NY",2
Jiu Hua Zen Temple Inc of NY,"4115 8th Ave, Brooklyn, NY 11232, United States",40.6457526,-73.9987092,佛堂,"Sunset Park, NY",2
Pujue si (Universal Enlightenment Temple),"2249 65th St, Brooklyn, NY 11204, United States",40.6131862,-73.98001099999999,佛堂,"Sunset Park, NY",2
New York Tsurphu Goshir Dharma Center,"250 44th St #304, Brooklyn, NY 11232, United States",40.6516205,-74.01223,佛堂,"Sunset Park, NY",2
Watt Samakki វត្តសាមគ្គី,"26 Rugby Rd, Brooklyn, NY 11226, United States",40.649275,-73.96707909999999,佛堂,"Sunset Park, NY",2
Zen Center of New York City - Fire Lotus Temple,"500 State St, Brooklyn, NY 11217, United States",40.6860047,-73.9807462,佛堂,"Sunset Park, NY",2
Famensi,"basement, 6112 7th Ave, Brooklyn, NY 11220, United States",40.636111,-74.0127194,佛堂,"Sunset Park, NY",2
Xi Fang Temple,"5101 8th Ave, Brooklyn, NY 11220, United States",40.6403873,-74.00422689999999,佛教中心,"Sunset Park, NY",2
Shantideva Center (FPMT),"432 6th Ave, Brooklyn, NY 11215, United States",40.6682188,-73.9839676,佛教中心,"Sunset Park, NY",2
"WESTERN BUDDHIST ASSOCIATION, INC.","5601 Fort Hamilton Pkwy, Brooklyn, NY 11219, United States",40.6347842,-74.0025309,佛教中心,"Sunset Park, NY",2
American Tianfo Temple,"837 59th St #6F, Brooklyn, NY 11220, United States",40.635613,-74.007735,佛教中心,"Sunset Park, NY",2
Pujue si (Universal Enlightenment Temple),"2249 65th St, Brooklyn, NY 11204, United States",40.6131862,-73.98001099999999,佛教中心,"Sunset Park, NY",2
寶光寺,"1543 71st St, Brooklyn, NY 11228, United States",40.6193432,-73.9994578,佛教中心,"Sunset Park, NY",2
紐約慈泉寺 Ci Quan Temple,"519 53rd St 1 Fl, Brooklyn, NY 11220, United States",40.6432469,-74.0113858,佛教中心,"Sunset Park, NY",2
Guanyinsi - World Buddhist Center,"158 Henry St, New York, NY 10002, United States",40.7132794,-73.98943659999999,佛教中心,"Sunset Park, NY",2
Brooklyn SGI USA Buddhist Centre,"13 St Marks Pl, Brooklyn, NY 11217, United States",40.68283599999999,-73.98185509999999,佛教中心,"Sunset Park, NY",2
Jiu Hua Zen Temple Inc of NY,"4115 8th Ave, Brooklyn, NY 11232, United States",40.6457526,-73.9987092,佛教中心,"Sunset Park, NY",2
Brooklyn Zen Center,"326 Clinton St, Brooklyn, NY 11231, United States",40.68576729999999,-73.9966898,佛教中心,"Sunset Park, NY",2
Buddhist Peaceful Enlightenment,"4516 7th Ave, Brooklyn, NY 11220, United States",40.6449855,-74.0034845,佛教中心,"Sunset Park, NY",2
美國慈悲寺American Ci Bei Temple,"6410 8th Ave Suite C2, Brooklyn, NY 11220, United States",40.63312990000001,-74.0123474,佛教中心,"Sunset Park, NY",2
Zen Center of New York City - Fire Lotus Temple,"500 State St, Brooklyn, NY 11217, United States",40.6860047,-73.9807462,佛教中心,"Sunset Park, NY",2
New York Tsurphu Goshir Dharma Center,"250 44th St #304, Brooklyn, NY 11232, United States",40.6516205,-74.01223,佛教中心,"Sunset Park, NY",2
Fo Guang Shan New York Temple,"154-37 Barclay Ave, Flushing, NY 11355, United States",40.7622107,-73.8095143,佛教中心,"Sunset Park, NY",2
Avatamsaka Buddhist Association of America,"861 61st St, Brooklyn, NY 11220, United States",40.634146,-74.008432,佛教中心,"Sunset Park, NY",2
Fawang si (China Buddhist Association),"245 Canal St # 2, New York, NY 10013, United States",40.7184124,-74.0002401,佛教中心,"Sunset Park, NY",2
Mahayana Temple Buddhist Association,"133 Canal St, New York, NY 10002, United States",40.71614030000001,-73.99541900000001,佛教中心,"Sunset Park, NY",2
Benevolent Buddhist Temple,"7116 Fort Hamilton Pkwy, Brooklyn, NY 11228, United States",40.62751859999999,-74.0141874,佛教中心,"Sunset Park, NY",2
Brooklyn Chinese Baptist Church,"5123 7th Ave, Brooklyn, NY 11220, United States",40.6412566,-74.006699,华人教会,"Sunset Park, NY",2
Grace Chinese Alliance Church,"5623 7th Ave, Brooklyn, NY 11220, United States",40.6385463,-74.0097993,华人教会,"Sunset Park, NY",2
纽约活泉基督教会,"5504 8th Ave, Brooklyn, NY 11220, United States",40.6382693,-74.0068883,华人教会,"Sunset Park, NY",2
闽恩教会,"5216 6th Ave, Brooklyn, NY 11220, United States",40.642358,-74.0098436,华人教会,"Sunset Park, NY",2
Brooklyn Chinese America Association,"5002 8th Ave, Brooklyn, NY 11220, United States",40.64116560000001,-74.0039994,华人教会,"Sunset Park, NY",2
The Church of Grace to Fujianese NY,"5212 6th Ave, Brooklyn, NY 11220, United States",40.6425124,-74.0096813,华人教会,"Sunset Park, NY",2
布碌崙基督教會Brooklyn Christian Church 華語 中文 禮拜,"1413 Avenue T, E 15th St at, Brooklyn, NY 11229, United States",40.6014439,-73.95722099999999,华人教会,"Sunset Park, NY",2
Chinese Promise Baptist Church,"842 41st St, Brooklyn, NY 11232, United States",40.6453149,-73.997552,华人教会,"Sunset Park, NY",2
New York Chinese Efc,"6501 6th Ave, Brooklyn, NY 11220, United States",40.6347714,-74.01723319999999,华人教会,"Sunset Park, NY",2
新福堂教堂,"4702 4th Ave, Brooklyn, NY 11220, United States",40.6481786,-74.0111043,华人教会,"Sunset Park, NY",2
Good News Brooklyn NY Church 好消息布鲁伦纽约教会,"765 43rd St #1fl, Brooklyn, NY 11232, United States",40.6453887,-73.9999203,华人教会,"Sunset Park, NY",2
World Harvest Community Center,"6324 7th Ave, Brooklyn, NY 11220, United States",40.6349183,-74.0141754,华人教会,"Sunset Park, NY",2
Chinese Community Church Of New York,"6 W 96th St, New York, NY 10025, United States",40.7916427,-73.9651769,华人教会,"Sunset Park, NY",2
Tian Fu United Methodist Church,"4616 4th Ave, Brooklyn, NY 11220, United States",40.648453,-74.0109676,华人教会,"Sunset Park, NY",2
NY Chinese Alliance Church,"160 Eldridge St, New York, NY 10002, United States",40.7198402,-73.9909862,华人教会,"Sunset Park, NY",2
Sunset Park Community Church,"5324 4th Ave, Brooklyn, NY 11220, United States",40.6444615,-74.01498219999999,华人教会,"Sunset Park, NY",2
Basilica of Our Lady of Perpetual Help,"526 59th St, Brooklyn, NY 11220, United States",40.6395922,-74.01554270000001,华人教会,"Sunset Park, NY",2
Staten Island Chinese Christian Church,"159 Schmidts Ln, Staten Island, NY 10314, United States",40.6093803,-74.1181156,华人教会,"Sunset Park, NY",2
Chinese For Christ NY Church,"14221 Franklin Ave, Flushing, NY 11355, United States",40.7570066,-73.82307020000002,华人教会,"Sunset Park, NY",2
Fourth Avenue Methodist Church,"4614 4th Ave, Brooklyn, NY 11220, United States",40.6484658,-74.0109895,华人教会,"Sunset Park, NY",2
纽约活泉基督教会,"5504 8th Ave, Brooklyn, NY 11220, United States",40.6382693,-74.0068883,基督教堂,"Sunset Park, NY",2
Sunset Park Community Church,"5324 4th Ave, Brooklyn, NY 11220, United States",40.6444615,-74.01498219999999,基督教堂,"Sunset Park, NY",2
The Church of Jesus Christ of Latter-day Saints,"828 60th St, Brooklyn, NY 11220, United States",40.6346237,-74.0085696,基督教堂,"Sunset Park, NY",2
闽恩教会,"5216 6th Ave, Brooklyn, NY 11220, United States",40.642358,-74.0098436,基督教堂,"Sunset Park, NY",2
希伯崙基督教生命堂 Evangelical Church Mission Seminary International in Brooklyn,"861 51st St, Brooklyn, NY 11220, United States",40.639791,-74.00256499999999,基督教堂,"Sunset Park, NY",2
"First Evangelical Free Church, Brooklyn","6501 6th Ave, Brooklyn, NY 11220, United States",40.6346944,-74.0172283,基督教堂,"Sunset Park, NY",2
The Church of Grace to Fujianese NY,"5212 6th Ave, Brooklyn, NY 11220, United States",40.6425124,-74.0096813,基督教堂,"Sunset Park, NY",2
Walking with Christ Church,"4002 3rd Ave, Brooklyn, NY 11232, United States",40.6533928,-74.0092239,基督教堂,"Sunset Park, NY",2
Good News Brooklyn NY Church 好消息布鲁伦纽约教会,"765 43rd St #1fl, Brooklyn, NY 11232, United States",40.6453887,-73.9999203,基督教堂,"Sunset Park, NY",2
Brooklyn Chinese Baptist Church,"5123 7th Ave, Brooklyn, NY 11220, United States",40.6412566,-74.006699,基督教堂,"Sunset Park, NY",2
Christ Evangelical Lutheran Church,"1070 59th St, Brooklyn, NY 11219, United States",40.632174,-74.002967,基督教堂,"Sunset Park, NY",2
Basilica of Our Lady of Perpetual Help,"526 59th St, Brooklyn, NY 11220, United States",40.6395922,-74.01554270000001,基督教堂,"Sunset Park, NY",2
新福堂教堂,"4702 4th Ave, Brooklyn, NY 11220, United States",40.6481786,-74.0111043,基督教堂,"Sunset Park, NY",2
La Casita Comunal De Sunset Park,"414 45th St, Brooklyn, NY 11220, United States",40.648911,-74.0092717,基督教堂,"Sunset Park, NY",2
Christ United Methodist Church,"673 45th St, Brooklyn, NY 11220, United States",40.64543490000001,-74.00309,基督教堂,"Sunset Park, NY",2
World Harvest Community Center,"6324 7th Ave, Brooklyn, NY 11220, United States",40.6349183,-74.0141754,基督教堂,"Sunset Park, NY",2
ZION,"740 40th St, Brooklyn, NY 11232, United States",40.6473106,-73.9994439,基督教堂,"Sunset Park, NY",2
St. Jacobi's Lutheran Church 信義會聖雅各堂 Iglesia Luterana de San Jacobo,"5406 4th Ave, Brooklyn, NY 11220, United States",40.6441251,-74.01528619999999,基督教堂,"Sunset Park, NY",2
Resurrection Church,"740 40th St, Brooklyn, NY 11232, United States",40.6473813,-73.9994615,基督教堂,"Sunset Park, NY",2
healthy family social daycare inc百家乐老人活动中心,"864 56th St #1A, Brooklyn, NY 11220, United States",40.6366147,-74.0057401,华人老人中心,"Sunset Park, NY",2
healthy family social daycare inc百家乐老人活动中心,"864 56th St #1A, Brooklyn, NY 11220, United States",40.6366147,-74.0057401,老人日托,"Sunset Park, NY",2
Sunset Park Neighborhood Senior Center,"4520 4th Ave, Brooklyn, NY 11220, United States",40.6489853,-74.010404,老人日托,"Sunset Park, NY",2
Harmony day care center 怡和园活动中心,"749 60th St, Brooklyn, NY 11220, United States",40.6361779,-74.010369,老人日托,"Sunset Park, NY",2
ACC(Asian Community Center)亚裔社区中心,"746 61st St, Brooklyn, NY 11220, United States",40.63534,-74.011358,华人社区中心,"Sunset Park, NY",2
Brooklyn Chinese America Association,"5002 8th Ave, Brooklyn, NY 11220, United States",40.64116560000001,-74.0039994,华人社区中心,"Sunset Park, NY",2
Brooklyn Chinese-American Association Eighth Avenue Senior Citizens Center,"5007 7th Ave, Brooklyn, NY 11220, United States",40.64218630000001,-74.0060044,华人社区中心,"Sunset Park, NY",2
Chinese-American Planning Council - Brooklyn Community Service,"4101 8th Ave, Brooklyn, NY 11232, United States",40.645924,-73.9982646,华人社区中心,"Sunset Park, NY",2
New York Chinese Community Center,"62 Mott St, New York, NY 10013, United States",40.7160503,-73.9981392,华人社区中心,"Sunset Park, NY",2
VNS Health: Sunset Park Community Center,"5521 8th Ave, Brooklyn, NY 11220, United States",40.6378794,-74.0068849,华人社区中心,"Sunset Park, NY",2
Brooklyn Chinese-American Association Office,"4204 8th Ave, Brooklyn, NY 11232, United States",40.6455564,-73.999298,华人社区中心,"Sunset Park, NY",2
"8th Avenue Chinatown, Brooklyn, NY","5515 8th Ave # C2, Brooklyn, NY 11220, United States",40.6377802,-74.0069766,华人社区中心,"Sunset Park, NY",2
Brooklyn Chinese American Association,"7207 8th Ave, Brooklyn, NY 11228, United States",40.6284109,-74.01671759999999,华人社区中心,"Sunset Park, NY",2
BCA NEIGHBORHOOD SENIOR CENTER,"545 60th St, Brooklyn, NY 11220, United States",40.6386596,-74.0145668,华人社区中心,"Sunset Park, NY",2
Chinese Community Center of Flushing,"4317 Union St level c, Flushing, NY 11355, United States",40.754302,-73.8211513,华人社区中心,"Sunset Park, NY",2
Xi Fang Temple,"5101 8th Ave, Brooklyn, NY 11220, United States",40.6403873,-74.00422689999999,华人社区中心,"Sunset Park, NY",2
Brooklyn Chinese Association,"6809 20th Ave, Brooklyn, NY 11204, United States",40.6145143,-73.9877585,华人社区中心,"Sunset Park, NY",2
Brooklyn Chinese America Association,"5002 8th Ave, Brooklyn, NY 11220, United States",40.64116560000001,-74.0039994,华侨会馆,"Sunset Park, NY",2
"8th Avenue Chinatown, Brooklyn, NY","5515 8th Ave # C2, Brooklyn, NY 11220, United States",40.6377802,-74.0069766,华侨会馆,"Sunset Park, NY",2
Chinese-American Planning Council - Brooklyn Community Service,"4101 8th Ave, Brooklyn, NY 11232, United States",40.645924,-73.9982646,华侨会馆,"Sunset Park, NY",2
Brooklyn Chinese-American Association Eighth Avenue Senior Citizens Center,"5007 7th Ave, Brooklyn, NY 11220, United States",40.64218630000001,-74.0060044,华侨会馆,"Sunset Park, NY",2
New Pacific Palace,"813 55th St, Brooklyn, NY 11220, United States",40.6381685,-74.0061472,同乡会,"Sunset Park, NY",2
Sunset Park,"7th Avenue &, 43rd St, Brooklyn, NY 11232, United States",40.6479517,-74.0037443,侨团,"Sunset Park, NY",2
The Salvation Army Brooklyn Sunset Park Corps Community Center,"520 50th St, Brooklyn, NY 11220, United States",40.6446891,-74.00984720000001,侨团,"Sunset Park, NY",2
Sunset park,"400 59th St, Brooklyn, NY 11220, United States",40.6413324,-74.0186852,侨团,"Sunset Park, NY",2
Brooklyn Chinese America Association,"5002 8th Ave, Brooklyn, NY 11220, United States",40.64116560000001,-74.0039994,侨团,"Sunset Park, NY",2
Prospect Park,"Brooklyn, NY, United States",40.6602037,-73.9689558,侨团,"Sunset Park, NY",2
Sunset Park BID,"5116 5th Ave #3, Brooklyn, NY 11220, United States",40.6443252,-74.0113338,侨团,"Sunset Park, NY",2
Salvation Army Sunset Park Corp- Food Distribution Center,"520 50th St, Brooklyn, NY 11220, United States",40.6446882,-74.0098458,侨团,"Sunset Park, NY",2
Center For Family Life,"443 39th St, Brooklyn, NY 11232, United States",40.6519399,-74.0047805,侨团,"Sunset Park, NY",2
Joan's 5th Avenue,"5404 5th Ave, Brooklyn, NY 11220, United States",40.6427957,-74.0129269,侨团,"Sunset Park, NY",2
Brooklyn Chinese American Association Day Care,"713 43rd St, Brooklyn, NY 11232, United States",40.6462075,-74.001278,侨团,"Sunset Park, NY",2
Sunset Park,"7th Avenue &, 43rd St, Brooklyn, NY 11232, United States",40.6479517,-74.0037443,公所,"Sunset Park, NY",2
Sunset Park BID,"5116 5th Ave #3, Brooklyn, NY 11220, United States",40.6443252,-74.0113338,公所,"Sunset Park, NY",2
Sunset Park,"Sunset Park, Brooklyn, NY, USA",40.6526345,-74.0091872,公所,"Sunset Park, NY",2
Sunset park,"400 59th St, Brooklyn, NY 11220, United States",40.6413324,-74.0186852,公所,"Sunset Park, NY",2
Sunset Park Courthouse,"4201 4th Ave, Brooklyn, NY 11232, United States",40.6505805,-74.0078535,公所,"Sunset Park, NY",2
Sunset Park Playground,"7th Avenue &, 43rd St, Brooklyn, NY 11232, United States",40.6477567,-74.0044813,公所,"Sunset Park, NY",2
Sunset Park Apartments,"5302 6th Ave, Brooklyn, NY 11220, United States",40.6420234,-74.0101789,公所,"Sunset Park, NY",2
New York Chinese Community Center,"62 Mott St, New York, NY 10013, United States",40.7160503,-73.9981392,公所,"Sunset Park, NY",2
Sunset Park RE,"5215 7th Ave, Brooklyn, NY 11220, United States",40.6409055,-74.0073082,公所,"Sunset Park, NY",2
Sunset Park,"5724 4th Ave, Brooklyn, NY 11220, United States",40.6423528,-74.0171628,公所,"Sunset Park, NY",2
Sunset Park Recreation Center,"4200 7th Ave, Brooklyn, NY 11232, United States",40.6468857,-74.00203359999999,公所,"Sunset Park, NY",2
Bank of China,"42-35 Main St, Flushing, NY 11355, United States",40.7545285,-73.82758749999999,Chinese bank,"Flushing, NY",3
Chinese American Real Estate Association,"136-20 38th Ave #11a, Flushing, NY 11354, United States",40.7607693,-73.8298336,Chinese real estate,"Flushing, NY",3
"Wei Lin, Chase Global Realty Corp","14075 Ash Ave ofc 2e, Flushing, NY 11355, United States",40.7565166,-73.82177159999999,Chinese real estate,"Flushing, NY",3
Century Homes Realty Group LLC.,"34-36 Union St Ste.201, Flushing, NY 11354, United States",40.765912,-73.8279554,Chinese real estate,"Flushing, NY",3
"June Chang, Realtor - JuneNYC Team - E Realty International Corp","39-07 Prince St #4d, Flushing, NY 11354, United States",40.7594624,-73.83203209999999,Chinese real estate,"Flushing, NY",3
E Realty International Corp.,"39-07 Prince Street #4D, 39-07 Prince St #4d, Flushing, NY 11354, United States",40.7595667,-73.8320225,Chinese real estate,"Flushing, NY",3
"Zhen Hu Realtor | Key Impact Realty Group, Inc. - Queens, NY - Real Estate Agent","131-06 40th Rd 4 fl, Flushing, NY 11354, United States",40.7557128,-73.836207,Chinese real estate,"Flushing, NY",3
纽约环球地产-代理房屋买卖，出租，商业用地买卖，法拍屋,"39-07 Prince St, Flushing, NY 11354, United States",40.7594773,-73.83205,Chinese real estate,"Flushing, NY",3
"Li Ling Wang, Chase Global Realty Corp","14075 Ash Ave Ofc 2E, Flushing, NY 11355, United States",40.7563128,-73.82208419999999,Chinese real estate,"Flushing, NY",3
"Huang ""Jimmy"" Chen at Century Homes Realty Group LLC","34-36 Union St Ste.201, Flushing, NY 11354, United States",40.7659029,-73.82791689999999,Chinese real estate,"Flushing, NY",3
建 峰 地产,"131-08 40th Rd, Flushing, NY 11354, United States",40.7557617,-73.8361704,Chinese real estate,"Flushing, NY",3
Tian Qing Zhuo - E Reatly International Corp,"39-07 Prince St #4d, Flushing, NY 11354, United States",40.7594624,-73.83203209999999,Chinese real estate,"Flushing, NY",3
"Yu Jia ""Chantal"" Liu at Century Homes Realty Group","34-36 Union St Ste.201, Flushing, NY 11354, United States",40.7659029,-73.82791689999999,Chinese real estate,"Flushing, NY",3
"Xiao ""Annie"" Zheng at Century Homes Realty Group LLC","34-36 Union St, Flushing, NY 11354, United States",40.7659029,-73.82791689999999,Chinese real estate,"Flushing, NY",3
【家禾置业】房地产公司-Jiahe Realty Inc.,"136-16 35th Ave STE 1A, Flushing, NY 11354, United States",40.764646,-73.8299333,Chinese real estate,"Flushing, NY",3
"Xia Weng, E Realty International Corp","3907 Prince St #4d, Flushing, NY 11354, United States",40.7594624,-73.83203209999999,Chinese real estate,"Flushing, NY",3
iTraining Real Estate School,"133-36 41st Rd C6(B, Flushing, NY 11355, United States",40.7570768,-73.8296428,Chinese real estate,"Flushing, NY",3
Law Office of Thomas Lai,"135-27 38th Ave, Flushing, NY 11354, United States",40.7606552,-73.8318438,Chinese real estate,"Flushing, NY",3
"Riches Wu, Realtor","34-36 Union St Ste.201, Flushing, NY 11354, United States",40.765903,-73.827917,Chinese real estate,"Flushing, NY",3
Sze Guan Tan Real Estate Salesperson,"136-20 38th Ave #3e, Flushing, NY 11354, United States",40.7609223,-73.8300252,Chinese real estate,"Flushing, NY",3
"Ying Jian ""David"" Fung at Century Homes Realty Group LLC","34-36 Union St Ste.201, Flushing, NY 11354, United States",40.7659029,-73.82791689999999,Chinese real estate,"Flushing, NY",3
Modern Chinese School,"14480 Barclay Ave, Flushing, NY 11355, United States",40.7603203,-73.8182716,Chinese school,"Flushing, NY",3
Modern Chinese School (Office),"13639 41st Ave #1A, Flushing, NY 11355, United States",40.7589604,-73.8282211,Chinese school,"Flushing, NY",3
Flushing Chinese School,"41-60 Kissena Blvd, Flushing, NY 11355, United States",40.7571316,-73.8281808,Chinese school,"Flushing, NY",3
Mchat Media 纽约领客传媒,"30-62 Whitestone Expy #2/FL, Flushing, NY 11354, United States",40.7697169,-73.8370714,Chinese media,"Flushing, NY",3
China Books & Publications Inc,"43-12 Main St, Flushing, NY 11355, United States",40.7521547,-73.8269146,Chinese media,"Flushing, NY",3
Chinese Radio Network,"13311 41st Rd, Flushing, NY 11355, United States",40.7568051,-73.831085,Chinese media,"Flushing, NY",3
Sinovision,"3447 Collins Pl, Flushing, NY 11354, United States",40.7643286,-73.83509,Chinese media,"Flushing, NY",3
Milli Media 米粒传媒 网络营销推广/设计/广告/网站建设/活动策划/SEO/印刷 纽约最好广告公司,"130-30 31st Ave Room704, Flushing, NY 11354, United States",40.7698322,-73.8390617,Chinese media,"Flushing, NY",3
KOREAN MEDIA GROUP,"45-16 162nd St #201, Flushing, NY 11358, United States",40.7558506,-73.8048048,Chinese media,"Flushing, NY",3
World Journal,"141-07 20th Ave 2 fl, College Point, NY 11357, United States",40.782177,-73.82729479999999,Chinese media,"Flushing, NY",3
WuKong Media 悟空传媒,"5 W 37th St Floor 2, New York, NY 10018, United States",40.7508638,-73.983974,Chinese media,"Flushing, NY",3
International Entertainment,"13505 40th Rd, Flushing, NY 11354, United States",40.7586069,-73.8312876,Chinese media,"Flushing, NY",3
纽约鼎688广告,"2FL, 149-11 41st Ave, Flushing, NY 11355, United States",40.7623162,-73.8154611,Chinese media,"Flushing, NY",3
大众 368 免费分类广告,"149-11 41st Ave, Flushing, NY 11355, United States",40.7623159,-73.8154622,Chinese media,"Flushing, NY",3
Asian American Times Inc,"13525 40th Rd #3, Flushing, NY 11354, United States",40.7588032,-73.83075889999999,Chinese media,"Flushing, NY",3
Epoch Media Group,"229 W 28th St 7th Floor, New York, NY 10001, United States",40.74805509999999,-73.994748,Chinese media,"Flushing, NY",3
Korean New York News,"4522 162nd St, Flushing, NY 11358, United States",40.7556583,-73.804831,Chinese media,"Flushing, NY",3
Chinese Investors,"136-33 37th Ave, Flushing, NY 11354, United States",40.7622489,-73.8300064,Chinese media,"Flushing, NY",3
Korea Times NY Inc,"150-15 41st Ave Suite 3A, Flushing, NY 11354, United States",40.7630608,-73.81355239999999,Chinese media,"Flushing, NY",3
Queens Public Library at Flushing,"41-17 Main St, Flushing, NY 11355, United States",40.75779600000001,-73.8289109,Chinese media,"Flushing, NY",3
Peace Times Inc,"14527 33rd Ave, Flushing, NY 11354, United States",40.7686616,-73.8222092,Chinese media,"Flushing, NY",3
Xie Bao Flushing 蟹寶,"133-35 Roosevelt Ave, Flushing, NY 11354, United States",40.7588367,-73.8331334,Chinese media,"Flushing, NY",3
GS Printing NY Inc.,"35-30B Farrington St, Flushing, NY 11354, United States",40.7635793,-73.83156129999999,Chinese media,"Flushing, NY",3
World Journal,"141-07 20th Ave 2 fl, College Point, NY 11357, United States",40.782177,-73.82729479999999,Chinese newspaper,"Flushing, NY",3
Korean New York News,"4522 162nd St, Flushing, NY 11358, United States",40.7556583,-73.804831,Chinese newspaper,"Flushing, NY",3
Korea Times NY Inc,"150-15 41st Ave Suite 3A, Flushing, NY 11354, United States",40.7630608,-73.81355239999999,Chinese newspaper,"Flushing, NY",3
Asian American Times Inc,"13525 40th Rd #3, Flushing, NY 11354, United States",40.7588032,-73.83075889999999,Chinese newspaper,"Flushing, NY",3
Peace Times Inc,"14527 33rd Ave, Flushing, NY 11354, United States",40.7686616,-73.8222092,Chinese newspaper,"Flushing, NY",3
Bank of China,"42-35 Main St, Flushing, NY 11355, United States",40.7545285,-73.82758749999999,华人银行,"Flushing, NY",3
CTBC Bank,"41-99 Main St, Flushing, NY 11355, United States",40.7555918,-73.8281173,华人银行,"Flushing, NY",3
Industrial and Commercial Bank of China (USA) NA,"39-02 Main St, Flushing, NY 11354, United States",40.7600805,-73.8305742,华人银行,"Flushing, NY",3
TD Bank,"38-19 Main St, Flushing, NY 11354, United States",40.7604254,-73.8303226,华人银行,"Flushing, NY",3
Royal Business Bank,"42-08 Main St, Flushing, NY 11355, United States",40.7550435,-73.8285442,华人银行,"Flushing, NY",3
Royal Business Bank,"135-34 Roosevelt Ave, Flushing, NY 11354, United States",40.7591317,-73.83076439999999,华人银行,"Flushing, NY",3
Cathay Bank,"41-48 Main St, Flushing, NY 11355, United States",40.756702,-73.8290156,华人银行,"Flushing, NY",3
Cathay Bank,"40 - 14/16, 40-14 Main St, Flushing, NY 11354, United States",40.7590886,-73.8302932,华人银行,"Flushing, NY",3
Citi,"3817 Main St, Flushing, NY 11354, United States",40.7606085,-73.8303286,华人银行,"Flushing, NY",3
East Bank,"13681 Roosevelt Ave # 2, Flushing, NY 11354, United States",40.7605009,-73.82731,华人银行,"Flushing, NY",3
Chase Bank,"39-01 Main St, Flushing, NY 11354, United States",40.760126,-73.83008099999999,华人银行,"Flushing, NY",3
Cathay Bank,"36-54 Main St, Flushing, NY 11354, United States",40.7617965,-73.8314473,华人银行,"Flushing, NY",3
East West Bank,"38-05 Union St, Flushing, NY 11354, United States",40.7615797,-73.8268234,华人银行,"Flushing, NY",3
East West Bank,"135-11 Roosevelt Ave, Flushing, NY 11354, United States",40.75927799999999,-73.8315684,华人银行,"Flushing, NY",3
Bank of America Financial Center,"4201 Main St, Flushing, NY 11355, United States",40.7552929,-73.82795,华人银行,"Flushing, NY",3
Flushing Bank,"136-41 Roosevelt Ave, Flushing, NY 11354, United States",40.7600647,-73.828643,华人银行,"Flushing, NY",3
法拉盛信贷 Flushing Lending,"39-15 Main St Suite 401A, Flushing, NY 11354, United States",40.75983340000001,-73.8299883,华人银行,"Flushing, NY",3
HSBC Bank,"39-10 Main St, Flushing, NY 11354, United States",40.75996869999999,-73.83052049999999,华人银行,"Flushing, NY",3
Bank of America Financial Center,"3912 Main St, Flushing, NY 11354, United States",40.7598622,-73.8304709,华人银行,"Flushing, NY",3
Flushing Bank,"44-43 Kissena Blvd, Flushing, NY 11355, United States",40.753088,-73.8215153,华人银行,"Flushing, NY",3
Bank of China,"42-35 Main St, Flushing, NY 11355, United States",40.7545285,-73.82758749999999,中资银行,"Flushing, NY",3
CTBC Bank,"41-99 Main St, Flushing, NY 11355, United States",40.7555918,-73.8281173,中资银行,"Flushing, NY",3
Industrial and Commercial Bank of China (USA) NA,"39-02 Main St, Flushing, NY 11354, United States",40.7600805,-73.8305742,中资银行,"Flushing, NY",3
Cathay Bank,"36-54 Main St, Flushing, NY 11354, United States",40.7617965,-73.8314473,中资银行,"Flushing, NY",3
Cathay Bank,"41-48 Main St, Flushing, NY 11355, United States",40.756702,-73.8290156,中资银行,"Flushing, NY",3
Cathay Bank,"40 - 14/16, 40-14 Main St, Flushing, NY 11354, United States",40.7590886,-73.8302932,中资银行,"Flushing, NY",3
Bank of America Financial Center,"4201 Main St, Flushing, NY 11355, United States",40.7552929,-73.82795,中资银行,"Flushing, NY",3
HSBC Bank,"39-10 Main St, Flushing, NY 11354, United States",40.75996869999999,-73.83052049999999,中资银行,"Flushing, NY",3
Royal Business Bank,"135-34 Roosevelt Ave, Flushing, NY 11354, United States",40.7591317,-73.83076439999999,中资银行,"Flushing, NY",3
Bank of China,"42-35 Main St, Flushing, NY 11355, United States",40.7545285,-73.82758749999999,中国银行,"Flushing, NY",3
Industrial and Commercial Bank of China (USA) NA,"39-02 Main St, Flushing, NY 11354, United States",40.7600805,-73.8305742,中国银行,"Flushing, NY",3
建 峰 地产,"131-08 40th Rd, Flushing, NY 11354, United States",40.7557617,-73.8361704,华人地产,"Flushing, NY",3
【家禾置业】房地产公司-Jiahe Realty Inc.,"136-16 35th Ave STE 1A, Flushing, NY 11354, United States",40.764646,-73.8299333,华人地产,"Flushing, NY",3
金牌地产经纪 Lin Li NY Realtor - B Square Realty,"136-20 38th Ave #3e, Flushing, NY 11354, United States",40.7609223,-73.8300252,华人地产,"Flushing, NY",3
Chase Global Realty (凯业地产),"140-75 Ash Ave # 2e, Flushing, NY 11355, United States",40.7563659,-73.8220674,华人地产,"Flushing, NY",3
纽约环球地产-代理房屋买卖，出租，商业用地买卖，法拍屋,"39-07 Prince St, Flushing, NY 11354, United States",40.7594773,-73.83205,华人地产,"Flushing, NY",3
纽约房地产网 | 地产经纪 | 房屋出租 | 房屋出售 | 房屋买卖 |房地产信息中心,"3707 147th St #3D, Flushing, NY 11354, United States",40.7645312,-73.8190084,华人地产,"Flushing, NY",3
"LAN & ASSOCIATES, P.C.","3901 Main St #5/Fl, Flushing, NY 11354, United States",40.76016449999999,-73.8300113,华人地产,"Flushing, NY",3
地产经纪 | 商业地产买卖租赁 |（ Jon ）Jun Yan | Realtor | XYZ THE ONE LLC,"44-06 Kissena Blvd Rear, Flushing, NY 11355, United States",40.7536846,-73.82282959999999,华人地产,"Flushing, NY",3
E Realty International Corp.,"39-07 Prince Street #4D, 39-07 Prince St #4d, Flushing, NY 11354, United States",40.7595667,-73.8320225,华人地产,"Flushing, NY",3
Law Offices of Xuejie Wong PLLC 中华律师楼,"136-20 38th Ave #9i, Flushing, NY 11354, United States",40.7609223,-73.8300252,华人地产,"Flushing, NY",3
Katrina Wang -Chase Global Realty Agent 纽约地产销冠,"140-75 Ash Ave # 2e, Flushing, NY 11355, United States",40.7563492,-73.82212539999999,华人地产,"Flushing, NY",3
Prospes Real Estate Corp 凯盛地产,"Back Office, 198-08 33rd Ave, Flushing, NY 11358, United States",40.7674737,-73.78998949999999,华人地产,"Flushing, NY",3
"Xiao ""Annie"" Zheng at Century Homes Realty Group LLC","34-36 Union St, Flushing, NY 11354, United States",40.7659029,-73.82791689999999,华人地产,"Flushing, NY",3
法拉盛地产中介,"136-85 Roosevelt Ave, Flushing, NY 11354, United States",40.7612963,-73.8267664,华人地产,"Flushing, NY",3
"Jelin Zhao | Real Estate Professional || BUY & SELL (Español, 中文)","34-36 Union St Ste.201, Flushing, NY 11354, United States",40.7659029,-73.82791689999999,华人地产,"Flushing, NY",3
Chinese American Real Estate Association,"136-20 38th Ave #11a, Flushing, NY 11354, United States",40.7607693,-73.8298336,华人地产,"Flushing, NY",3
Zhun (George) Zhang - Licensed Real Estate Associate Broker,"136-20 38th Ave #3e, Flushing, NY 11354, United States",40.7609223,-73.8300252,华人地产,"Flushing, NY",3
"June Chang, Realtor - JuneNYC Team - E Realty International Corp","39-07 Prince St #4d, Flushing, NY 11354, United States",40.7594624,-73.83203209999999,华人地产,"Flushing, NY",3
鼎略税务 DL LAW GROUP PLLC,"38-08 Union St #12C, Flushing, NY 11354, United States",40.7611905,-73.82775649999999,华人地产,"Flushing, NY",3
Vision Global Capital Resource - Loan Agency,"37-01 Main St #500, Flushing, NY 11354, United States",40.7615263,-73.8307797,华人地产,"Flushing, NY",3
纽约房地产网 | 地产经纪 | 房屋出租 | 房屋出售 | 房屋买卖 |房地产信息中心,"3707 147th St #3D, Flushing, NY 11354, United States",40.7645312,-73.8190084,房产中介,"Flushing, NY",3
建 峰 地产,"131-08 40th Rd, Flushing, NY 11354, United States",40.7557617,-73.8361704,房产中介,"Flushing, NY",3
纽约环球地产-代理房屋买卖，出租，商业用地买卖，法拍屋,"39-07 Prince St, Flushing, NY 11354, United States",40.7594773,-73.83205,房产中介,"Flushing, NY",3
法拉盛地产中介,"136-85 Roosevelt Ave, Flushing, NY 11354, United States",40.7612963,-73.8267664,房产中介,"Flushing, NY",3
【家禾置业】房地产公司-Jiahe Realty Inc.,"136-16 35th Ave STE 1A, Flushing, NY 11354, United States",40.764646,-73.8299333,房产中介,"Flushing, NY",3
Homieland Realty Inc.,"31-38 137th St, Flushing, NY 11354, United States",40.768449,-73.8312519,房产中介,"Flushing, NY",3
金牌地产经纪 Lin Li NY Realtor - B Square Realty,"136-20 38th Ave #3e, Flushing, NY 11354, United States",40.7609223,-73.8300252,房产中介,"Flushing, NY",3
Prospes Real Estate Corp 凯盛地产,"Back Office, 198-08 33rd Ave, Flushing, NY 11358, United States",40.7674737,-73.78998949999999,房产中介,"Flushing, NY",3
Sze Guan Tan Real Estate Salesperson,"136-20 38th Ave #3e, Flushing, NY 11354, United States",40.7609223,-73.8300252,房产中介,"Flushing, NY",3
Chase Global Realty (凯业地产),"140-75 Ash Ave # 2e, Flushing, NY 11355, United States",40.7563659,-73.8220674,房产中介,"Flushing, NY",3
"Xiao ""Annie"" Zheng at Century Homes Realty Group LLC","34-36 Union St, Flushing, NY 11354, United States",40.7659029,-73.82791689999999,房产中介,"Flushing, NY",3
地产经纪 | 商业地产买卖租赁 |（ Jon ）Jun Yan | Realtor | XYZ THE ONE LLC,"44-06 Kissena Blvd Rear, Flushing, NY 11355, United States",40.7536846,-73.82282959999999,房产中介,"Flushing, NY",3
纽约金牌地产经纪罗先生 Martin Long Luo NY Realtor - B Square Realty,"136-20 38th Ave #3e, Flushing, NY 11354, United States",40.7609223,-73.8300252,房产中介,"Flushing, NY",3
Denise li 纽约地产,"140-75 Ash Ave, Flushing, NY 11355, United States",40.7563492,-73.82212539999999,房产中介,"Flushing, NY",3
建 峰 地产,"131-08 40th Rd, Flushing, NY 11354, United States",40.7557617,-73.8361704,房地产公司,"Flushing, NY",3
【家禾置业】房地产公司-Jiahe Realty Inc.,"136-16 35th Ave STE 1A, Flushing, NY 11354, United States",40.764646,-73.8299333,房地产公司,"Flushing, NY",3
纽约环球地产-代理房屋买卖，出租，商业用地买卖，法拍屋,"39-07 Prince St, Flushing, NY 11354, United States",40.7594773,-73.83205,房地产公司,"Flushing, NY",3
纽约专业地产顾问Janice Shao-B Square Realty,"136-20 38th Ave #3e, Flushing, NY 11354, United States",40.7609223,-73.8300252,房地产公司,"Flushing, NY",3
纽约房地产网 | 地产经纪 | 房屋出租 | 房屋出售 | 房屋买卖 |房地产信息中心,"3707 147th St #3D, Flushing, NY 11354, United States",40.7645312,-73.8190084,房地产公司,"Flushing, NY",3
Homieland Realty Inc.,"31-38 137th St, Flushing, NY 11354, United States",40.768449,-73.8312519,房地产公司,"Flushing, NY",3
法拉盛地产中介,"136-85 Roosevelt Ave, Flushing, NY 11354, United States",40.7612963,-73.8267664,房地产公司,"Flushing, NY",3
Chase Global Realty (凯业地产),"140-75 Ash Ave # 2e, Flushing, NY 11355, United States",40.7563659,-73.8220674,房地产公司,"Flushing, NY",3
E Realty International Corp.,"39-07 Prince Street #4D, 39-07 Prince St #4d, Flushing, NY 11354, United States",40.7595667,-73.8320225,房地产公司,"Flushing, NY",3
百通法商中心,"136-20 38th Ave #3a, Flushing, NY 11354, United States",40.7607693,-73.8298336,房地产公司,"Flushing, NY",3
Eazzy Consulting LLC,"39-06 Main St 3rd Floor, Queens, NY 11354, United States",40.7599403,-73.8308,房地产公司,"Flushing, NY",3
"Xiao ""Annie"" Zheng at Century Homes Realty Group LLC","34-36 Union St, Flushing, NY 11354, United States",40.7659029,-73.82791689999999,房地产公司,"Flushing, NY",3
Katrina Wang -Chase Global Realty Agent 纽约地产销冠,"140-75 Ash Ave # 2e, Flushing, NY 11355, United States",40.7563492,-73.82212539999999,房地产公司,"Flushing, NY",3
Sze Guan Tan Real Estate Salesperson,"136-20 38th Ave #3e, Flushing, NY 11354, United States",40.7609223,-73.8300252,房地产公司,"Flushing, NY",3
金牌地产经纪 Lin Li NY Realtor - B Square Realty,"136-20 38th Ave #3e, Flushing, NY 11354, United States",40.7609223,-73.8300252,房地产公司,"Flushing, NY",3
BARBIE LI REAL ESTATE TEAM 纽约地产团队,"136-20 38th Ave APT 3E, Flushing, NY 11354, United States",40.7607334,-73.8294727,房地产公司,"Flushing, NY",3
Guo & Associates inc.,"19-02 Whitestone Expy #402, Flushing, NY 11357, United States",40.7821524,-73.8260877,房地产公司,"Flushing, NY",3
Prospes Real Estate Corp 凯盛地产,"Back Office, 198-08 33rd Ave, Flushing, NY 11358, United States",40.7674737,-73.78998949999999,房地产公司,"Flushing, NY",3
Flushing Kent Realty Management LLC,"13648 39th Ave Entire Second Floor, Flushing, NY 11354, United States",40.7604827,-73.8286081,房地产公司,"Flushing, NY",3
"Wei Lin, Chase Global Realty Corp","14075 Ash Ave ofc 2e, Flushing, NY 11355, United States",40.7565166,-73.82177159999999,房地产公司,"Flushing, NY",3
Modern Chinese School (Office),"13639 41st Ave #1A, Flushing, NY 11355, United States",40.7589604,-73.8282211,中文学校,"Flushing, NY",3
Modern Chinese School,"14480 Barclay Ave, Flushing, NY 11355, United States",40.7603203,-73.8182716,中文学校,"Flushing, NY",3
Flushing Chinese School,"41-60 Kissena Blvd, Flushing, NY 11355, United States",40.7571316,-73.8281808,中文学校,"Flushing, NY",3
Wei Bo Learning School K- G12教育机构,"136-40 39th Ave Suite 602, Flushing, NY 11354, United States",40.7604518,-73.82881119999999,中文学校,"Flushing, NY",3
Huan-Yu Education Center,"42-11 158th St, Flushing, NY 11358, United States",40.7604873,-73.8074927,中文学校,"Flushing, NY",3
Excellent Chinese Learning School 卓越中文学校,"113-15 76th Rd, Forest Hills, NY 11375, United States",40.7182834,-73.8338469,中文学校,"Flushing, NY",3
New York Chinese School,"62 Mott St 3rd floor, New York, NY 10013, United States",40.7159896,-73.998024,中文学校,"Flushing, NY",3
Fresh Meadows Chinese School,"51-60 Marathon Pkwy, Douglaston, NY 11362, United States",40.7626602,-73.7339125,中文学校,"Flushing, NY",3
Golden Dream 金梦想教育中心 - 皇后区补习班 法拉盛课后班 补习学校 夏令营 幼儿班 艺术学校 舞蹈培训 美术老师 培训 班 数学 英语学校 中文班 课后辅导 学校 老师 小班教学 蛋糕烘焙 珠心算 推荐,"146-49 Horace Harding Expy, Flushing, NY 11355, United States",40.7415452,-73.8217346,中文学校,"Flushing, NY",3
Angie’s Academy,"132-49 41st Rd, Flushing, NY 11355, United States",40.75638319999999,-73.8320581,中文学校,"Flushing, NY",3
Flushing Chinese School,"41-60 Kissena Blvd, Flushing, NY 11355, United States",40.7571316,-73.8281808,华人学校,"Flushing, NY",3
Modern Chinese School (Office),"13639 41st Ave #1A, Flushing, NY 11355, United States",40.7589604,-73.8282211,华人学校,"Flushing, NY",3
Modern Chinese School,"14480 Barclay Ave, Flushing, NY 11355, United States",40.7603203,-73.8182716,华人学校,"Flushing, NY",3
Wei Bo Learning School K- G12教育机构,"136-40 39th Ave Suite 602, Flushing, NY 11354, United States",40.7604518,-73.82881119999999,华人学校,"Flushing, NY",3
eMath prep school 成龙补习班,"41-60 Kissena Blvd, Flushing, NY 11355, United States",40.7574522,-73.8281314,补习班,"Flushing, NY",3
必昇補習班 IVY ROAD PREP,"43-44 Kissena Blvd lobby a, Flushing, NY 11355, United States",40.7539936,-73.8241243,补习班,"Flushing, NY",3
Ai Plus Learning Center - 金銘學習中心,"41-23 150th St, Flushing, NY 11355, United States",40.7621678,-73.8134864,补习班,"Flushing, NY",3
AUSA 青云补习,"137-03 Northern Blvd #2FL, Flushing, NY 11354, United States",40.763449,-73.8311784,补习班,"Flushing, NY",3
New Turbo Education Center,"38-08 Union St #12a, Flushing, NY 11354, United States",40.7611905,-73.82775649999999,补习班,"Flushing, NY",3
Accelerate Academy,"36-50 Main St 4th floor, Flushing, NY 11354, United States",40.7617942,-73.831558,补习班,"Flushing, NY",3
GPS Academy (Ling Hang International Education),"36-25 Main St #2F, Flushing, NY 11354, United States",40.76254,-73.831501,补习班,"Flushing, NY",3
杰出补习班 Nationwide Master,"37-20 Prince St #4b, Flushing, NY 11354, United States",40.7602126,-73.8330397,补习班,"Flushing, NY",3
声望教育 Prestigious Tutors,"136-68 Roosevelt Ave #903, Flushing, NY 11354, United States",40.760037,-73.8277155,补习班,"Flushing, NY",3
得益补习deyibuxi,"142-09 37th Ave 1st floor, Flushing, NY 11354, United States",40.76271,-73.82719200000001,补习班,"Flushing, NY",3
诚信课后辅导中心 Chengxin Tutoring Center/After school/1对1私人家教/SHSAT/State Test/州考/接送/小班制,"142-04 Bayside Ave Suite 10UA, Flushing, NY 11354, United States",40.7699629,-73.8262419,补习班,"Flushing, NY",3
ABCMath 學府,"43-55 Kissena Blvd, Flushing, NY 11355, United States",40.7545034,-73.8228376,补习班,"Flushing, NY",3
DEYI Tutoring 得益英数课后补习,"45-05 Francis Lewis Blvd, Flushing, NY 11361, United States",40.756581,-73.78233999999999,补习班,"Flushing, NY",3
E Global Learning 易学教育中心 课后提高班/周末班/兴趣班/暑期班 纽约法拉盛补习学校,"43-17 Union St, Flushing, NY 11355, United States",40.7543687,-73.82122749999999,补习班,"Flushing, NY",3
Chinese Community Center of Flushing,"4317 Union St level c, Flushing, NY 11355, United States",40.754302,-73.8211513,华人媒体,"Flushing, NY",3
纽约金钥匙广告网站设计公司,"142-38 37th Ave Ste 2g, Flushing, NY 11354, United States",40.7626074,-73.8260014,华人媒体,"Flushing, NY",3
法拉盛旅行社 中山国际旅游－法拉盛 中国 旅行社 代办签证 订机票 旅游 旅行 公司 机票 旅游社/ best;travel agency;top;travel;tour;companies;ticketing;agency;services,"39-15 Main St #509, Flushing, NY 11354, United States",40.75983340000001,-73.8299883,华人媒体,"Flushing, NY",3
Flushing Chinese Business Association,"4048 Main St #302, Flushing, NY 11354, United States",40.7583245,-73.8297542,华人媒体,"Flushing, NY",3
Milli Media 米粒传媒 网络营销推广/设计/广告/网站建设/活动策划/SEO/印刷 纽约最好广告公司,"130-30 31st Ave Room704, Flushing, NY 11354, United States",40.7698322,-73.8390617,华人媒体,"Flushing, NY",3
纽约华鼎翻译公证（法拉盛缅街）,"135-25 40th Rd #2fl, Flushing, NY 11354, United States",40.7588178,-73.8307228,华人媒体,"Flushing, NY",3
Modern Chinese School (Office),"13639 41st Ave #1A, Flushing, NY 11355, United States",40.7589604,-73.8282211,华人媒体,"Flushing, NY",3
Talent Communications Group,"3719 Main St #3, Flushing, NY 11354, United States",40.7611256,-73.83073639999999,华人媒体,"Flushing, NY",3
文景假期WenJing 法拉盛店,"40-06 Main St rm 3a, Flushing, NY 11354, United States",40.759321,-73.830216,华人媒体,"Flushing, NY",3
纽约华美电召车,"134-14 Northern Blvd, Flushing, NY 11354, United States",40.7623966,-73.834313,华人媒体,"Flushing, NY",3
Mchat Media 纽约领客传媒,"30-62 Whitestone Expy #2/FL, Flushing, NY 11354, United States",40.7697169,-73.8370714,华人媒体,"Flushing, NY",3
Chinese Radio Network,"13311 41st Rd, Flushing, NY 11355, United States",40.7568051,-73.831085,华人媒体,"Flushing, NY",3
法拉盛盗梦空间xM谋已久剧本杀Inception Flushing,"32-16 137th St, Flushing, NY 11354, United States",40.7675011,-73.83099779999999,华人媒体,"Flushing, NY",3
纽约鼎688广告,"2FL, 149-11 41st Ave, Flushing, NY 11355, United States",40.7623162,-73.8154611,华人媒体,"Flushing, NY",3
KOREAN MEDIA GROUP,"45-16 162nd St #201, Flushing, NY 11358, United States",40.7558506,-73.8048048,华人媒体,"Flushing, NY",3
Flushing Chinese Baptist Church,"154-29 65th Ave, Flushing, NY 11367, United States",40.7372814,-73.8134896,华人媒体,"Flushing, NY",3
中文消息通,"138-06 35th Ave, Flushing, NY 11354, United States",40.764904,-73.8286959,华人媒体,"Flushing, NY",3
뉴욕한인커뮤니티 미국한인커뮤니티 미국구인구직 무료영화보기 뉴욕커뮤니티,"3611 Bowne St, Flushing, NY 11354, United States",40.764097,-73.82551099999999,华人媒体,"Flushing, NY",3
World Journal,"141-07 20th Ave 2 fl, College Point, NY 11357, United States",40.782177,-73.82729479999999,中文报纸,"Flushing, NY",3
唐人街生活网,"157-03 Horace Harding Expy, Flushing, NY 11358, United States",40.739056,-73.8111346,中文报纸,"Flushing, NY",3
中文消息通,"138-06 35th Ave, Flushing, NY 11354, United States",40.764904,-73.8286959,中文报纸,"Flushing, NY",3
Sinovision,"3447 Collins Pl, Flushing, NY 11354, United States",40.7643286,-73.83509,中文报纸,"Flushing, NY",3
Modern Chinese School (Office),"13639 41st Ave #1A, Flushing, NY 11355, United States",40.7589604,-73.8282211,中文报纸,"Flushing, NY",3
Asian American Times Inc,"13525 40th Rd #3, Flushing, NY 11354, United States",40.7588032,-73.83075889999999,中文报纸,"Flushing, NY",3
纽约皇后印刷-Queens Printing,"3702 Main St Suite F6, Flushing, NY 11354, United States",40.7613205,-73.831327,中文报纸,"Flushing, NY",3
World Journal,"141-07 20th Ave 2 fl, College Point, NY 11357, United States",40.782177,-73.82729479999999,华人日报,"Flushing, NY",3
Zhong US Supermarket Inc,"5911 Main St, Flushing, NY 11355, United States",40.7433895,-73.8254036,华人日报,"Flushing, NY",3
World Journal Bookstore,"141-07 20th Ave, College Point, NY 11357, United States",40.782177,-73.82729479999999,华人日报,"Flushing, NY",3
法拉盛旅行社 中山国际旅游－法拉盛 中国 旅行社 代办签证 订机票 旅游 旅行 公司 机票 旅游社/ best;travel agency;top;travel;tour;companies;ticketing;agency;services,"39-15 Main St #509, Flushing, NY 11354, United States",40.75983340000001,-73.8299883,华人日报,"Flushing, NY",3
纽约华人服务中心,"41-25 Kissena Blvd #115, Flushing, NY 11355, United States",40.7582704,-73.8284245,华人日报,"Flushing, NY",3
Flushing Chinese Business Association,"4048 Main St #302, Flushing, NY 11354, United States",40.7583245,-73.8297542,华人日报,"Flushing, NY",3
纽约华鼎翻译公证（法拉盛缅街）,"135-25 40th Rd #2fl, Flushing, NY 11354, United States",40.7588178,-73.8307228,华人日报,"Flushing, NY",3
纽约华人报税会计师事务所,"3712 Prince St UNIT 8C, Flushing, NY 11354, United States",40.7604178,-73.8331616,华人日报,"Flushing, NY",3
世界单身联谊会－婚恋交友、征婚择偶平台／婚恋网 婚介网,"3370 Prince St, Flushing, NY 11354, United States",40.7646158,-73.8339115,华人日报,"Flushing, NY",3
Flushing,"Flushing, Queens, NY, USA",40.7647238,-73.8306716,华人日报,"Flushing, NY",3
Chang Jiang Supermarket,"41-41 Kissena Blvd, Flushing, NY 11355, United States",40.7579426,-73.8281022,华人日报,"Flushing, NY",3
美中华人服务中心,"41-25 Kissena Blvd Suite 104, Flushing, NY 11355, United States",40.7583505,-73.8283123,华人日报,"Flushing, NY",3
纽约金钥匙广告网站设计公司,"142-38 37th Ave Ste 2g, Flushing, NY 11354, United States",40.7626074,-73.8260014,华人日报,"Flushing, NY",3
华晟美国,"3915 Main St Suite 211, Flushing, NY 11354, United States",40.7598588,-73.82997759999999,华人日报,"Flushing, NY",3
Xinlongxing Supermarket,"135-35 Roosevelt Ave, Flushing, NY 11354, United States",40.7595051,-73.8307772,华人日报,"Flushing, NY",3
Chinese Investors,"136-33 37th Ave, Flushing, NY 11354, United States",40.7622489,-73.8300064,华人日报,"Flushing, NY",3
文景假期WenJing 法拉盛店,"40-06 Main St rm 3a, Flushing, NY 11354, United States",40.759321,-73.830216,华人日报,"Flushing, NY",3
创未来管理会计师楼－FUTURE CREATION INTERNATIONAL CORP,"39-15 Main St #418, Flushing, NY 11354, United States",40.7598054,-73.8300673,华人日报,"Flushing, NY",3
法拉盛公司,"137-36 Leavitt St, Flushing, NY 11354, United States",40.7646252,-73.82909269999999,华人日报,"Flushing, NY",3
华美入籍 纽约 入籍培训 移民入籍中心／入籍考试 入籍 美国入籍考试 入籍培训班 入籍面试 材料 攻略 申请／法拉盛 入籍班 美国入籍 美国公民入籍 移民入籍 入籍美国,"135-27 38th Ave #1-127, Flushing, NY 11354, United States",40.7606608,-73.8318453,华人日报,"Flushing, NY",3
Sing Tao Daily,"188 Lafayette St, New York, NY 10013, United States",40.7210486,-73.9984403,星岛日报,"Flushing, NY",3
Industrial and Commercial Bank of China (USA) NA,"202 Canal St Suite 500, New York, NY 10013, United States",40.7168081,-73.99858329999999,Chinese bank,"Chinatown Manhattan, NY",3
Cathay Bank,"45 E Broadway, New York, NY 10002, United States",40.7134661,-73.9959282,Chinese bank,"Chinatown Manhattan, NY",3
HSBC Bank,"150 Canal St, New York, NY 10013, United States",40.7161613,-73.9964622,Chinese bank,"Chinatown Manhattan, NY",3
Flushing Bank,"183 Canal St, New York, NY 10013, United States",40.7169478,-73.9975547,Chinese bank,"Chinatown Manhattan, NY",3
Abacus Federal Savings Bank 国宝银行 曼哈顿 | 商业 房屋 贷款 利率 | 储蓄 支票 账户 存款 利息,"6 Bowery, New York, NY 10013, United States",40.7143379,-73.9975979,Chinese bank,"Chinatown Manhattan, NY",3
Chase Bank,"180 Canal St, New York, NY 10013, United States",40.7166221,-73.99772709999999,Chinese bank,"Chinatown Manhattan, NY",3
Royal Business Bank,"179 Canal St, New York, NY 10013, United States",40.7168583,-73.9974063,Chinese bank,"Chinatown Manhattan, NY",3
East West Bank,"208 Canal St, New York, NY 10013, United States",40.7169822,-73.9988798,Chinese bank,"Chinatown Manhattan, NY",3
Citi,"164 Canal St, New York, NY 10013, United States",40.7164233,-73.9972749,Chinese bank,"Chinatown Manhattan, NY",3
Bank of China,"1045 6th Ave, New York, NY 10018, United States",40.7534084,-73.9854684,Chinese bank,"Chinatown Manhattan, NY",3
Cathay Bank,"159 Canal St, New York, NY 10013, United States",40.716553,-73.99655969999999,Chinese bank,"Chinatown Manhattan, NY",3
TD Bank,"155 Canal St, New York, NY 10013, United States",40.71644250000001,-73.9961845,Chinese bank,"Chinatown Manhattan, NY",3
China Acupuncture Center,"139 Canal St Suite #308, New York, NY 10002, United States",40.7162689,-73.9954578,Chinese bank,"Chinatown Manhattan, NY",3
United Orient Bank,"185 Canal St # 4, New York, NY 10013, United States",40.7170893,-73.9977215,Chinese bank,"Chinatown Manhattan, NY",3
TD Bank,"250 Canal St, New York, NY 10013, United States",40.7181945,-74.000479,Chinese bank,"Chinatown Manhattan, NY",3
Citi,"2 Mott St, New York, NY 10013, United States",40.7138408,-73.9985173,Chinese bank,"Chinatown Manhattan, NY",3
Chase Bank,"231 Grand St, New York, NY 10013, United States",40.7184527,-73.9951604,Chinese bank,"Chinatown Manhattan, NY",3
Chase Bank,"221 Canal St, New York, NY 10013, United States",40.7178758,-73.9993386,Chinese bank,"Chinatown Manhattan, NY",3
Eastbank,"183 Centre St # 2, New York, NY 10013, United States",40.71834990000001,-73.9998643,Chinese bank,"Chinatown Manhattan, NY",3
Mei Lai Wah,"62 Bayard St, New York, NY 10013, United States",40.7154856,-73.9978853,Chinese bank,"Chinatown Manhattan, NY",3
Kinyu Realty and Management Corp.,"2 Allen St UNIT 3F, New York, NY 10002, United States",40.71451560000001,-73.99234419999999,Chinese real estate,"Chinatown Manhattan, NY",3
"LoHo Realty, Inc.","397 Grand St, New York, NY 10002, United States",40.7159025,-73.9874926,Chinese real estate,"Chinatown Manhattan, NY",3
Chinatown Apartments Inc,"Confucius Plaza, 33 Bowery, New York, NY 10002, United States",40.7147797,-73.9964212,Chinese real estate,"Chinatown Manhattan, NY",3
Great China International Tours,"139 Canal St, New York, NY 10002, United States",40.7162491,-73.9954133,Chinese real estate,"Chinatown Manhattan, NY",3
New Golden Age Realty,"9 E Broadway 2nd Fl, New York, NY 10038, United States",40.71323870000001,-73.9975427,Chinese real estate,"Chinatown Manhattan, NY",3
Chinatown Partnership Local Development Corporation,"217 Park Row #9, New York, NY 10038, United States",40.7130567,-73.99868649999999,Chinese real estate,"Chinatown Manhattan, NY",3
Confucius Plaza,"10 Confucius Plz, New York, NY 10002, United States",40.7147169,-73.9958123,Chinese real estate,"Chinatown Manhattan, NY",3
安家纽约陈东——纽约资深地产顾问,"1460 Broadway, New York, NY 10036, United States",40.7551279,-73.9861749,Chinese real estate,"Chinatown Manhattan, NY",3
Chinatown Brokerage House Inc.,"191 Canal St #403, New York, NY 10013, United States",40.7171222,-73.9979748,Chinese real estate,"Chinatown Manhattan, NY",3
New York Chinese School,"62 Mott St 3rd floor, New York, NY 10013, United States",40.7159896,-73.998024,Chinese school,"Chinatown Manhattan, NY",3
Transfiguration Chinese School,"29 Mott St, New York, NY 10013, United States",40.7148035,-73.9991172,Chinese school,"Chinatown Manhattan, NY",3
Chinese Language Academy of New York Wall St.,"48 Wall St #1100, New York, NY 10005, United States",40.7065569,-74.00904919999999,Chinese school,"Chinatown Manhattan, NY",3
Sishu Mandarin Chinese Language School,"22 Beaver St 3rd Floor, New York, NY 10004, United States",40.7049396,-74.0121983,Chinese school,"Chinatown Manhattan, NY",3
Shuang Wen Academy Network (SWAN),"90 Bowery 2nd floor, Chinatown, NY 10013, United States",40.71751099999999,-73.995666,Chinese school,"Chinatown Manhattan, NY",3
Chinatown Information Kiosk,"101 Baxter St, New York, NY 10013, United States",40.7173952,-73.9992858,Chinese media,"Chinatown Manhattan, NY",3
Welcome to Chinatown,"115 Bowery, New York, NY 10002, United States",40.7179183,-73.9947857,Chinese media,"Chinatown Manhattan, NY",3
New York Chinese Community Center,"62 Mott St, New York, NY 10013, United States",40.7160503,-73.9981392,Chinese media,"Chinatown Manhattan, NY",3
Think!Chinatown,"1 Pike St, New York, NY 10002, United States",40.7142846,-73.992356,Chinese media,"Chinatown Manhattan, NY",3
Sing Tao Daily,"188 Lafayette St, New York, NY 10013, United States",40.7210486,-73.9984403,Chinese media,"Chinatown Manhattan, NY",3
Chinatown Supermarket of Manhattan 新中華超市,"109 E Broadway, New York, NY 10002, United States",40.71369869999999,-73.9928845,Chinese media,"Chinatown Manhattan, NY",3
Museum of Chinese in America,"215 Centre St, New York, NY 10013, United States",40.7193785,-73.99905059999999,Chinese media,"Chinatown Manhattan, NY",3
New Oriental Gallery 新東方畫廊 J.W Trading inc Frame store,"205 Grand St B, New York, NY 10013, United States",40.7188162,-73.996492,Chinese media,"Chinatown Manhattan, NY",3
Chinatown Night Market,"Forsyth St &, Canal St, New York, NY 10002, United States",40.7154005,-73.9945749,Chinese media,"Chinatown Manhattan, NY",3
China Town Internet Cafe,"75 Eldridge St, New York, NY 10002, United States",40.7169184,-73.99271879999999,Chinese media,"Chinatown Manhattan, NY",3
New York Mart,"128 Mott St, New York, NY 10013, United States",40.71850389999999,-73.9966318,Chinese media,"Chinatown Manhattan, NY",3
Chinatown,"Chinatown, New York, NY, USA",40.7157509,-73.9970307,Chinese media,"Chinatown Manhattan, NY",3
Mei Lai Wah,"62 Bayard St, New York, NY 10013, United States",40.7154856,-73.9978853,Chinese media,"Chinatown Manhattan, NY",3
Myanmar Chinese Association of New York,"100 Bowery 4th floor, New York, NY 10013, United States",40.717777,-73.995468,Chinese media,"Chinatown Manhattan, NY",3
DCTV,"87 Lafayette St, New York, NY 10013, United States",40.7172875,-74.0012227,Chinese media,"Chinatown Manhattan, NY",3
Noodle Village,"70 Mott St, New York, NY 10013, United States",40.7162331,-73.99797219999999,Chinese media,"Chinatown Manhattan, NY",3
Kam Hing Coffee Shop,"118 Baxter St, New York, NY 10013, United States",40.7179794,-73.9992065,Chinese media,"Chinatown Manhattan, NY",3
Chinatown,"74 Bayard St, New York, NY 10013, United States",40.7159846,-73.9981791,Chinese media,"Chinatown Manhattan, NY",3
Nom Wah Tea Parlor,"13 Doyers St, New York, NY 10013, United States",40.7145089,-73.998188,Chinese media,"Chinatown Manhattan, NY",3
Sun Sai Gai,"220 Canal St, New York, NY 10013, United States",40.7172288,-73.9993918,Chinese media,"Chinatown Manhattan, NY",3
Sing Tao Daily,"188 Lafayette St, New York, NY 10013, United States",40.7210486,-73.9984403,Chinese newspaper,"Chinatown Manhattan, NY",3
Industrial and Commercial Bank of China (USA) NA,"202 Canal St Suite 500, New York, NY 10013, United States",40.7168081,-73.99858329999999,华人银行,"Chinatown Manhattan, NY",3
East West Bank,"77 Bowery, New York, NY 10002, United States",40.7166538,-73.9954791,华人银行,"Chinatown Manhattan, NY",3
Cathay Bank,"45 E Broadway, New York, NY 10002, United States",40.7134661,-73.9959282,华人银行,"Chinatown Manhattan, NY",3
Royal Business Bank,"179 Canal St, New York, NY 10013, United States",40.7168583,-73.9974063,华人银行,"Chinatown Manhattan, NY",3
Cathay Bank,"159 Canal St, New York, NY 10013, United States",40.716553,-73.99655969999999,华人银行,"Chinatown Manhattan, NY",3
Abacus Federal Savings Bank 国宝银行 曼哈顿 | 商业 房屋 贷款 利率 | 储蓄 支票 账户 存款 利息,"6 Bowery, New York, NY 10013, United States",40.7143379,-73.9975979,华人银行,"Chinatown Manhattan, NY",3
Bank of China,"1045 6th Ave, New York, NY 10018, United States",40.7534084,-73.9854684,华人银行,"Chinatown Manhattan, NY",3
Great Eastern Bank,"16 E Broadway # 1, New York, NY 10002, United States",40.7136003,-73.99724499999999,华人银行,"Chinatown Manhattan, NY",3
International Commercial Bankof China,"65 Liberty St, New York, NY 10005, United States",40.7089574,-74.0098043,华人银行,"Chinatown Manhattan, NY",3
HSBC Bank,"150 Canal St, New York, NY 10013, United States",40.7161613,-73.9964622,华人银行,"Chinatown Manhattan, NY",3
East West Bank,"208 Canal St, New York, NY 10013, United States",40.7169822,-73.9988798,华人银行,"Chinatown Manhattan, NY",3
Flushing Bank,"183 Canal St, New York, NY 10013, United States",40.7169478,-73.9975547,华人银行,"Chinatown Manhattan, NY",3
United Orient Bank,"10 Chatham Square, New York, NY 10038, United States",40.713985,-73.9979477,华人银行,"Chinatown Manhattan, NY",3
TD Bank,"250 Canal St, New York, NY 10013, United States",40.7181945,-74.000479,华人银行,"Chinatown Manhattan, NY",3
CTBC Bank,"521 5th Ave 11th floor, New York, NY 10175, United States",40.7541286,-73.97982879999999,华人银行,"Chinatown Manhattan, NY",3
Hanover Bank,"109 Bowery, New York, NY 10002, United States",40.7177106,-73.9949056,华人银行,"Chinatown Manhattan, NY",3
TD Bank,"155 Canal St, New York, NY 10013, United States",40.71644250000001,-73.9961845,华人银行,"Chinatown Manhattan, NY",3
Bank of China,"42-35 Main St, Flushing, NY 11355, United States",40.7545285,-73.82758749999999,华人银行,"Chinatown Manhattan, NY",3
Eastbank,"183 Centre St # 2, New York, NY 10013, United States",40.71834990000001,-73.9998643,华人银行,"Chinatown Manhattan, NY",3
Citi,"164 Canal St, New York, NY 10013, United States",40.7164233,-73.9972749,华人银行,"Chinatown Manhattan, NY",3
Industrial and Commercial Bank of China (USA) NA,"202 Canal St Suite 500, New York, NY 10013, United States",40.7168081,-73.99858329999999,中资银行,"Chinatown Manhattan, NY",3
Bank of China,"1045 6th Ave, New York, NY 10018, United States",40.7534084,-73.9854684,中资银行,"Chinatown Manhattan, NY",3
Cathay Bank,"45 E Broadway, New York, NY 10002, United States",40.7134661,-73.9959282,中资银行,"Chinatown Manhattan, NY",3
Cathay Bank,"159 Canal St, New York, NY 10013, United States",40.716553,-73.99655969999999,中资银行,"Chinatown Manhattan, NY",3
CTBC Bank,"521 5th Ave 11th floor, New York, NY 10175, United States",40.7541286,-73.97982879999999,中资银行,"Chinatown Manhattan, NY",3
Chase Bank,"180 Canal St, New York, NY 10013, United States",40.7166221,-73.99772709999999,中资银行,"Chinatown Manhattan, NY",3
International Commercial Bankof China,"65 Liberty St, New York, NY 10005, United States",40.7089574,-74.0098043,中资银行,"Chinatown Manhattan, NY",3
Bank of China,"42-35 Main St, Flushing, NY 11355, United States",40.7545285,-73.82758749999999,中资银行,"Chinatown Manhattan, NY",3
Great Eastern Bank,"16 E Broadway # 1, New York, NY 10002, United States",40.7136003,-73.99724499999999,中资银行,"Chinatown Manhattan, NY",3
HSBC Bank,"150 Canal St, New York, NY 10013, United States",40.7161613,-73.9964622,中资银行,"Chinatown Manhattan, NY",3
Royal Business Bank,"179 Canal St, New York, NY 10013, United States",40.7168583,-73.9974063,中资银行,"Chinatown Manhattan, NY",3
Flushing Bank,"183 Canal St, New York, NY 10013, United States",40.7169478,-73.9975547,中资银行,"Chinatown Manhattan, NY",3
Citi,"2 Mott St, New York, NY 10013, United States",40.7138408,-73.9985173,中资银行,"Chinatown Manhattan, NY",3
TD Bank,"155 Canal St, New York, NY 10013, United States",40.71644250000001,-73.9961845,中资银行,"Chinatown Manhattan, NY",3
East West Bank,"77 Bowery, New York, NY 10002, United States",40.7166538,-73.9954791,中资银行,"Chinatown Manhattan, NY",3
East West Bank,"208 Canal St, New York, NY 10013, United States",40.7169822,-73.9988798,中资银行,"Chinatown Manhattan, NY",3
TD Bank,"250 Canal St, New York, NY 10013, United States",40.7181945,-74.000479,中资银行,"Chinatown Manhattan, NY",3
Chase Bank,"231 Grand St, New York, NY 10013, United States",40.7184527,-73.9951604,中资银行,"Chinatown Manhattan, NY",3
Bank of America Financial Center,"50 Bayard St, New York, NY 10013, United States",40.7153629,-73.99695419999999,中资银行,"Chinatown Manhattan, NY",3
United Orient Bank,"10 Chatham Square, New York, NY 10038, United States",40.713985,-73.9979477,中资银行,"Chinatown Manhattan, NY",3
Bank of China,"1045 6th Ave, New York, NY 10018, United States",40.7534084,-73.9854684,中国银行,"Chinatown Manhattan, NY",3
Industrial and Commercial Bank of China (USA) NA,"202 Canal St Suite 500, New York, NY 10013, United States",40.7168081,-73.99858329999999,中国银行,"Chinatown Manhattan, NY",3
Cathay Bank,"159 Canal St, New York, NY 10013, United States",40.716553,-73.99655969999999,中国银行,"Chinatown Manhattan, NY",3
Emma Hao Team 纽约首席华语地产经纪团队 (Douglas Elliman Real Estate),"1934 Broadway, New York, NY 10023, United States",40.7727418,-73.98185099999999,华人地产,"Chinatown Manhattan, NY",3
曼哈顿唐人街,"17 Elizabeth St, New York, NY 10013, United States",40.7160062,-73.9975785,华人地产,"Chinatown Manhattan, NY",3
地产经纪人郭女士,"211 E 43rd St 24th floor, New York, NY 10017, United States",40.7512735,-73.973158,华人地产,"Chinatown Manhattan, NY",3
Chinatown Partnership Local Development Corporation,"217 Park Row #9, New York, NY 10038, United States",40.7130567,-73.99868649999999,华人地产,"Chinatown Manhattan, NY",3
【家禾置业】房地产公司-Jiahe Realty Inc.,"136-16 35th Ave STE 1A, Flushing, NY 11354, United States",40.764646,-73.8299333,华人地产,"Chinatown Manhattan, NY",3
纽约房地产网 | 地产经纪 | 房屋出租 | 房屋出售 | 房屋买卖 |房地产信息中心,"3707 147th St #3D, Flushing, NY 11354, United States",40.7645312,-73.8190084,华人地产,"Chinatown Manhattan, NY",3
Dana Team Long Island Real Estate 长岛华人地产经纪团队房地产中介,"45 N Station Plaza Suite #310, Great Neck, NY 11021, United States",40.7879574,-73.7257657,华人地产,"Chinatown Manhattan, NY",3
Chinatown Brokerage House Inc.,"191 Canal St #403, New York, NY 10013, United States",40.7171222,-73.9979748,华人地产,"Chinatown Manhattan, NY",3
永喜大厦,"23 E Broadway, New York, NY 10002, United States",40.713385,-73.99691510000001,华人地产,"Chinatown Manhattan, NY",3
Great China International Tours,"139 Canal St, New York, NY 10002, United States",40.7162491,-73.9954133,华人地产,"Chinatown Manhattan, NY",3
Chinatown Brokerage House Inc.,"191 Canal St #403, New York, NY 10013, United States",40.7171222,-73.9979748,房产中介,"Chinatown Manhattan, NY",3
Kinyu Realty and Management Corp.,"2 Allen St UNIT 3F, New York, NY 10002, United States",40.71451560000001,-73.99234419999999,房产中介,"Chinatown Manhattan, NY",3
Confucius Plaza,"1-9 Bowery, New York, NY 10002, United States",40.7142161,-73.9971182,房产中介,"Chinatown Manhattan, NY",3
地产经纪人郭女士,"211 E 43rd St 24th floor, New York, NY 10017, United States",40.7512735,-73.973158,房产中介,"Chinatown Manhattan, NY",3
纽约地产 纽约房产 纽约地产经纪／纽约学区房 纽约二手房 纽约房地产／纽约房屋买卖 纽约法拍屋 纽约房产中介 纽约地产中介,"210 Targee St, Staten Island, NY 10304, United States",40.6219921,-74.084288,房产中介,"Chinatown Manhattan, NY",3
纽约房地产网 | 地产经纪 | 房屋出租 | 房屋出售 | 房屋买卖 |房地产信息中心,"3707 147th St #3D, Flushing, NY 11354, United States",40.7645312,-73.8190084,房产中介,"Chinatown Manhattan, NY",3
建 峰 地产,"131-08 40th Rd, Flushing, NY 11354, United States",40.7557617,-73.8361704,房产中介,"Chinatown Manhattan, NY",3
Fang Fang Realty Inc. 芳芳地產,"816 59th St #2FL, Brooklyn, NY 11220, United States",40.6356256,-74.0086689,房产中介,"Chinatown Manhattan, NY",3
"New York Property Agent, Weimin Tan","641 Lexington Ave 22nd floor, New York, NY 10022, United States",40.7589852,-73.9701907,房产中介,"Chinatown Manhattan, NY",3
纽约环球地产-代理房屋买卖，出租，商业用地买卖，法拍屋,"39-07 Prince St, Flushing, NY 11354, United States",40.7594773,-73.83205,房产中介,"Chinatown Manhattan, NY",3
"EILEEN HSU, REALTOR","111 5th Ave 7th Floor, New York, NY 10003, United States",40.7384502,-73.9912013,房产中介,"Chinatown Manhattan, NY",3
Kinyu Realty and Management Corp.,"2 Allen St UNIT 3F, New York, NY 10002, United States",40.71451560000001,-73.99234419999999,房地产公司,"Chinatown Manhattan, NY",3
Jerry Wang Real Estate Broker 紐約房產經紀仲介 Fact Real Estate,"1120 6th Ave #4069, New York, NY 10036, United States",40.7557701,-73.98317349999999,房地产公司,"Chinatown Manhattan, NY",3
Chase Global M Realty,"141 Canal St, New York, NY 10002, United States",40.7162921,-73.9954372,房地产公司,"Chinatown Manhattan, NY",3
Chinatown Brokerage House Inc.,"191 Canal St #403, New York, NY 10013, United States",40.7171222,-73.9979748,房地产公司,"Chinatown Manhattan, NY",3
安家纽约陈东——纽约资深地产顾问,"1460 Broadway, New York, NY 10036, United States",40.7551279,-73.9861749,房地产公司,"Chinatown Manhattan, NY",3
"LoHo Realty, Inc.","397 Grand St, New York, NY 10002, United States",40.7159025,-73.9874926,房地产公司,"Chinatown Manhattan, NY",3
纽约福临门地产,"295 Madison Ave, New York, NY 10017, United States",40.7517948,-73.9798821,房地产公司,"Chinatown Manhattan, NY",3
地产经纪人郭女士,"211 E 43rd St 24th floor, New York, NY 10017, United States",40.7512735,-73.973158,房地产公司,"Chinatown Manhattan, NY",3
Chinatown Partnership Local Development Corporation,"217 Park Row #9, New York, NY 10038, United States",40.7130567,-73.99868649999999,房地产公司,"Chinatown Manhattan, NY",3
纽约房地产网 | 地产经纪 | 房屋出租 | 房屋出售 | 房屋买卖 |房地产信息中心,"3707 147th St #3D, Flushing, NY 11354, United States",40.7645312,-73.8190084,房地产公司,"Chinatown Manhattan, NY",3
REAL New York,"164 Ludlow St 1st Floor, New York, NY 10002, United States",40.7213064,-73.98740579999999,房地产公司,"Chinatown Manhattan, NY",3
The Team B-纽约专业房地产置业安家团队,"138 E 50th St #30B, New York, NY 10022, United States",40.7560086,-73.9717539,房地产公司,"Chinatown Manhattan, NY",3
【家禾置业】房地产公司-Jiahe Realty Inc.,"136-16 35th Ave STE 1A, Flushing, NY 11354, United States",40.764646,-73.8299333,房地产公司,"Chinatown Manhattan, NY",3
纽约地产 纽约房产 纽约地产经纪／纽约学区房 纽约二手房 纽约房地产／纽约房屋买卖 纽约法拍屋 纽约房产中介 纽约地产中介,"210 Targee St, Staten Island, NY 10304, United States",40.6219921,-74.084288,房地产公司,"Chinatown Manhattan, NY",3
建 峰 地产,"131-08 40th Rd, Flushing, NY 11354, United States",40.7557617,-73.8361704,房地产公司,"Chinatown Manhattan, NY",3
YEUNG 楊 REAL ESTATE DEVELOPMENT,"100 E Broadway, New York, NY 10002, United States",40.7139708,-73.9932166,房地产公司,"Chinatown Manhattan, NY",3
New York Chinese School,"62 Mott St 3rd floor, New York, NY 10013, United States",40.7159896,-73.998024,中文学校,"Chinatown Manhattan, NY",3
Shuang Wen Academy Network (SWAN),"90 Bowery 2nd floor, Chinatown, NY 10013, United States",40.71751099999999,-73.995666,中文学校,"Chinatown Manhattan, NY",3
New York Chinese School,"62 Mott St 3rd floor, New York, NY 10013, United States",40.7159896,-73.998024,华人学校,"Chinatown Manhattan, NY",3
Transfiguration Chinese School,"29 Mott St, New York, NY 10013, United States",40.7148035,-73.9991172,华人学校,"Chinatown Manhattan, NY",3
Shuang Wen Academy Network (SWAN),"90 Bowery 2nd floor, Chinatown, NY 10013, United States",40.71751099999999,-73.995666,华人学校,"Chinatown Manhattan, NY",3
大华补习班,"158 Hester St, New York, NY 10013, United States",40.7176304,-73.9967613,补习班,"Chinatown Manhattan, NY",3
Citiwide Tutoring Prep Academy,"230 Grand St, New York, NY 10013, United States",40.7187888,-73.9950885,补习班,"Chinatown Manhattan, NY",3
Excel After School Academy,"98 Mott St # 4, New York, NY 10013, United States",40.7171726,-73.9972861,补习班,"Chinatown Manhattan, NY",3
Museum of Chinese in America,"215 Centre St, New York, NY 10013, United States",40.7193785,-73.99905059999999,华人媒体,"Chinatown Manhattan, NY",3
Chinatown Information Kiosk,"101 Baxter St, New York, NY 10013, United States",40.7173952,-73.9992858,华人媒体,"Chinatown Manhattan, NY",3
曼哈顿唐人街,"17 Elizabeth St, New York, NY 10013, United States",40.7160062,-73.9975785,华人媒体,"Chinatown Manhattan, NY",3
Think!Chinatown,"1 Pike St, New York, NY 10002, United States",40.7142846,-73.992356,华人媒体,"Chinatown Manhattan, NY",3
Greater Chinatown Community Association,"6 Doyers St, New York, NY 10013, United States",40.714453,-73.9979012,华人媒体,"Chinatown Manhattan, NY",3
唐人街生活网,"157-03 Horace Harding Expy, Flushing, NY 11358, United States",40.739056,-73.8111346,华人媒体,"Chinatown Manhattan, NY",3
Chinese Chamber of Commerce,"Confucius Plaza, 33 Bowery # C202, New York, NY 10002, United States",40.7147797,-73.9964038,华人媒体,"Chinatown Manhattan, NY",3
Chinatown NYC,"120 E Broadway, New York, NY 10002, United States",40.7140631,-73.9922783,华人媒体,"Chinatown Manhattan, NY",3
Oriental Culture Enterprises Co. Inc. (Eastern Bookstore),"13 - 17 Elizabeth St 2nd floor, New York, NY 10013, United States",40.7159525,-73.9974838,中文报纸,"Chinatown Manhattan, NY",3
Welcome to Chinatown,"115 Bowery, New York, NY 10002, United States",40.7179183,-73.9947857,中文报纸,"Chinatown Manhattan, NY",3
New York Mart,"128 Mott St, New York, NY 10013, United States",40.71850389999999,-73.9966318,中文报纸,"Chinatown Manhattan, NY",3
Museum of Chinese in America,"215 Centre St, New York, NY 10013, United States",40.7193785,-73.99905059999999,中文报纸,"Chinatown Manhattan, NY",3
East Broadway Mall,"88 E Broadway, New York, NY 10002, United States",40.7138367,-73.9941774,中文报纸,"Chinatown Manhattan, NY",3
曼哈顿唐人街,"17 Elizabeth St, New York, NY 10013, United States",40.7160062,-73.9975785,中文报纸,"Chinatown Manhattan, NY",3
August Gatherings,"266 Canal St, New York, NY 10013, United States",40.7186116,-74.0012532,中文报纸,"Chinatown Manhattan, NY",3
Sing Tao Daily,"188 Lafayette St, New York, NY 10013, United States",40.7210486,-73.9984403,中文报纸,"Chinatown Manhattan, NY",3
Xi Ne Du 喺呢度,"43 Bayard St, New York, NY 10013, United States",40.7150341,-73.9970448,中文报纸,"Chinatown Manhattan, NY",3
Chinese Staff & Workers’ Association,"345 Grand St #1W, New York, NY 10002, United States",40.7167968,-73.9897204,中文报纸,"Chinatown Manhattan, NY",3
Columbus Park,"Mulberry Street &, Baxter St, New York, NY 10013, United States",40.7155504,-74.00004229999999,中文报纸,"Chinatown Manhattan, NY",3
Chinese Chamber of Commerce,"Confucius Plaza, 33 Bowery # C202, New York, NY 10002, United States",40.7147797,-73.9964038,中文报纸,"Chinatown Manhattan, NY",3
Chinatown NYC,"120 E Broadway, New York, NY 10002, United States",40.7140631,-73.9922783,中文报纸,"Chinatown Manhattan, NY",3
Chinatown Supermarket of Manhattan 新中華超市,"109 E Broadway, New York, NY 10002, United States",40.71369869999999,-73.9928845,华人日报,"Chinatown Manhattan, NY",3
New York Chinese Community Center,"62 Mott St, New York, NY 10013, United States",40.7160503,-73.9981392,华人日报,"Chinatown Manhattan, NY",3
Jing Fong,"202 Centre St, New York, NY 10013, United States",40.7188949,-73.99907739999999,华人日报,"Chinatown Manhattan, NY",3
曼哈顿唐人街,"17 Elizabeth St, New York, NY 10013, United States",40.7160062,-73.9975785,华人日报,"Chinatown Manhattan, NY",3
Chinatown Information Kiosk,"101 Baxter St, New York, NY 10013, United States",40.7173952,-73.9992858,华人日报,"Chinatown Manhattan, NY",3
Sing Tao Daily,"188 Lafayette St, New York, NY 10013, United States",40.7210486,-73.9984403,华人日报,"Chinatown Manhattan, NY",3
Sing Tao Daily,"188 Lafayette St, New York, NY 10013, United States",40.7210486,-73.9984403,星岛日报,"Chinatown Manhattan, NY",3
Bank of China,"42-35 Main St, Flushing, NY 11355, United States",40.7545285,-73.82758749999999,Chinese bank,"Elmhurst, NY",3
Amerasia Bank,"86-26 Broadway, Elmhurst, NY 11373, United States",40.7378295,-73.8773515,Chinese bank,"Elmhurst, NY",3
Cathay Bank,"82-62 Broadway, Elmhurst, NY 11373, United States",40.74166659999999,-73.8812117,Chinese bank,"Elmhurst, NY",3
Citizens,"8703 Queens Blvd, Elmhurst, NY 11373, United States",40.7357663,-73.8755517,Chinese bank,"Elmhurst, NY",3
Royal Business Bank,"86 -55 Broadway, Elmhurst, NY 11373, United States",40.7370668,-73.87723989999999,Chinese bank,"Elmhurst, NY",3
Flushing Bank,"85-15 Queens Blvd, Elmhurst, NY 11373, United States",40.73734700000001,-73.87764,Chinese bank,"Elmhurst, NY",3
Industrial and Commercial Bank of China (USA) NA,"39-02 Main St, Flushing, NY 11354, United States",40.7600805,-73.8305742,Chinese bank,"Elmhurst, NY",3
Bank of China,"1045 6th Ave, New York, NY 10018, United States",40.7534084,-73.9854684,Chinese bank,"Elmhurst, NY",3
Agricultural Bank of China,"277 Park Ave, New York, NY 10172, United States",40.7554089,-73.9746353,Chinese bank,"Elmhurst, NY",3
Chase Bank,"8921 Queens Blvd, Elmhurst, NY 11373, United States",40.73481839999999,-73.8736219,Chinese bank,"Elmhurst, NY",3
Chase Bank,"79-06 Broadway, Elmhurst, NY 11373, United States",40.7441092,-73.8857476,Chinese bank,"Elmhurst, NY",3
Chinese American Real Estate Association,"136-20 38th Ave #11a, Flushing, NY 11354, United States",40.7607693,-73.8298336,Chinese real estate,"Elmhurst, NY",3
"Min Chen, Winzone Realty Inc","8115 Queens Blvd #2a, Elmhurst, NY 11373, United States",40.7380783,-73.881492,Chinese real estate,"Elmhurst, NY",3
"Wen Chen, Wing Fung Home Realty Grp Inc","8622 Broadway, Elmhurst, NY 11373, United States",40.7379217,-73.8773386,Chinese real estate,"Elmhurst, NY",3
Empire Fine Homes,"98-05 Astoria Blvd Second Floor, East Elmhurst, NY 11369, United States",40.762473,-73.8710481,Chinese real estate,"Elmhurst, NY",3
N & H Realty Group,"66-47 Grand Ave 2nd Fl, Queens, NY 11378, United States",40.72505659999999,-73.8973951,Chinese real estate,"Elmhurst, NY",3
Yano Realty,"5610 94th St, Elmhurst, NY 11373, United States",40.7365205,-73.8678862,Chinese real estate,"Elmhurst, NY",3
"Jimmy Liu, Century 21 Sunshine Realty","8444 Grand Ave, Elmhurst, NY 11373, United States",40.7343426,-73.8824614,Chinese real estate,"Elmhurst, NY",3
CENTURY 21 Sunshine,"84-44 Grand Ave, Elmhurst, NY 11373, United States",40.7344203,-73.8825427,Chinese real estate,"Elmhurst, NY",3
Modern Chinese School (Office),"13639 41st Ave #1A, Flushing, NY 11355, United States",40.7589604,-73.8282211,Chinese school,"Elmhurst, NY",3
Modern Chinese School,"14480 Barclay Ave, Flushing, NY 11355, United States",40.7603203,-73.8182716,Chinese school,"Elmhurst, NY",3
New York Chinese School,"62 Mott St 3rd floor, New York, NY 10013, United States",40.7159896,-73.998024,Chinese school,"Elmhurst, NY",3
Fresh Meadows Chinese School,"51-60 Marathon Pkwy, Douglaston, NY 11362, United States",40.7626602,-73.7339125,Chinese school,"Elmhurst, NY",3
Ming Yuan Chinese School,"526 59th St, Brooklyn, NY 11220, United States",40.6386905,-74.0146219,Chinese school,"Elmhurst, NY",3
Mandarin Superstars,"8110 35th Ave, Jackson Heights, NY 11372, United States",40.7516373,-73.8850423,Chinese school,"Elmhurst, NY",3
Northern Westchester Chinese School,"444 Pleasantville Rd, Briarcliff Manor, NY 10510, United States",41.13424240000001,-73.8126822,Chinese school,"Elmhurst, NY",3
Shuang Wen Academy Network (SWAN),"90 Bowery 2nd floor, Chinatown, NY 10013, United States",40.71751099999999,-73.995666,Chinese school,"Elmhurst, NY",3
International Dachengdao Kung Fu,"84 07 Broadway, Elmhurst, NY 11373, United States",40.7399429,-73.87820669999999,Chinese school,"Elmhurst, NY",3
The Reformed Church of Newtown,"85-15 Broadway, Elmhurst, NY 11373, United States",40.739156,-73.8773666,Chinese school,"Elmhurst, NY",3
Rockland Chinese School,"470 Western Hwy S, Orangeburg, NY 10962, United States",41.0471953,-73.9506378,Chinese school,"Elmhurst, NY",3
New York Music School & Academy 纽约音乐学校和音乐培训,"85-23 Broadway 1st floor, Elmhurst, NY 11373, United States",40.73890600000001,-73.877335,Chinese school,"Elmhurst, NY",3
BeAbove Cornish,"8338 Cornish Ave, Elmhurst, NY 11373, United States",40.74068,-73.880289199999993,Chinese school,"Elmhurst, NY",3
New York Chinese Seventh-day Adventist Church,"7606 41st Ave, Elmhurst, NY 11373, United States",40.7452942,-73.8887981,Chinese school,"Elmhurst, NY",3
Happy Stony Noodle,"83-47 Dongan Ave, Elmhurst, NY 11373, United States",40.7404886,-73.8796519,Chinese school,"Elmhurst, NY",3
Deshi Driving School,"40-45 75th St 1st Floor, Elmhurst, NY 11373, United States",40.7456337,-73.89000159999999,Chinese school,"Elmhurst, NY",3
Taiwanese Gourmet,"8402 Broadway, Elmhurst, NY 11373, United States",40.7398374,-73.87877189999999,Chinese school,"Elmhurst, NY",3
Shun Wang,"81-25 Broadway, Elmhurst, NY 11373, United States",40.7431411,-73.8830392,Chinese school,"Elmhurst, NY",3
Five Loaves & Two Fishes,"82-72 Broadway, Elmhurst, NY 11373, United States",40.7413897,-73.88139100000001,Chinese school,"Elmhurst, NY",3
High Asia Research Center,"41-34 75th St, Elmhurst, NY 11373, United States",40.7443602,-73.8901941,Chinese media,"Elmhurst, NY",3
Q Town Asian Cuisine Inc.,"82-87, 82-87 Broadway, Elmhurst, NY 11373, United States",40.7414539,-73.88025189999999,Chinese media,"Elmhurst, NY",3
Fu Fan,"8505 Whitney Ave, Elmhurst, NY 11373, United States",40.741515,-73.880049,Chinese media,"Elmhurst, NY",3
SeasonFresh Supermarket,"4510 83rd St, Elmhurst, NY 11373, United States",40.7415405,-73.8818486,Chinese media,"Elmhurst, NY",3
82 Market Inc,"4017 82nd St, Elmhurst, NY 11373, United States",40.7470964,-73.8836334,Chinese media,"Elmhurst, NY",3
"Na Rath Restauran, Catering & Flowers","United States, New York, Elmhurst, Whitney Ave, US NY Elmhurst邮政编码: 11373",40.7417215,-73.87864569999999,Chinese media,"Elmhurst, NY",3
Queens Public Library at Elmhurst,"86-07 Broadway, Elmhurst, NY 11373, United States",40.73843040000001,-73.8770931,Chinese media,"Elmhurst, NY",3
Freedom Dove,"9053 Corona Ave., Flushing, NY 11373, United States",40.7424539,-73.87393569999999,Chinese media,"Elmhurst, NY",3
Taste of China,"8026 Baxter Ave, Elmhurst, NY 11373, United States",40.7446281,-73.8845192,Chinese media,"Elmhurst, NY",3
World Journal,"141-07 20th Ave 2 fl, College Point, NY 11357, United States",40.782177,-73.82729479999999,Chinese newspaper,"Elmhurst, NY",3
SeasonFresh Supermarket,"4510 83rd St, Elmhurst, NY 11373, United States",40.7415405,-73.8818486,Chinese newspaper,"Elmhurst, NY",3
D & Z Supermarket,"77-00 Queens Blvd, Elmhurst, NY 11373, United States",40.7380883,-73.88631649999999,Chinese newspaper,"Elmhurst, NY",3
Broadway Snacks,"86-10 Justice Ave, Elmhurst, NY 11373, United States",40.7375785,-73.8767836,Chinese newspaper,"Elmhurst, NY",3
大众超市,"7700 New York 25 Service, Elmhurst, NY 11373, United States",40.7374932,-73.8863738,Chinese newspaper,"Elmhurst, NY",3
New Lin's Kitchen,"70-24 35th Ave, Jackson Heights, NY 11372, United States",40.7505506,-73.89490339999999,Chinese newspaper,"Elmhurst, NY",3
US Supermarket,"82-66 Broadway, Elmhurst, NY 11373, United States",40.7416231,-73.8815814,Chinese newspaper,"Elmhurst, NY",3
Li Li,"83-06 Grand Ave, Elmhurst, NY 11373, United States",40.7332002,-73.8838406,Chinese newspaper,"Elmhurst, NY",3
Q Town Asian Cuisine Inc.,"82-87, 82-87 Broadway, Elmhurst, NY 11373, United States",40.7414539,-73.88025189999999,Chinese newspaper,"Elmhurst, NY",3
Queens Seafood Restaurant,"82-22 45th Ave, Elmhurst, NY 11373, United States",40.7416246,-73.8821119,Chinese newspaper,"Elmhurst, NY",3
China Daily USA,"1500 Broadway, New York, NY 10036, United States",40.7567648,-73.9857195,Chinese newspaper,"Elmhurst, NY",3
Royal Business Bank,"86 -55 Broadway, Elmhurst, NY 11373, United States",40.7370668,-73.87723989999999,华人银行,"Elmhurst, NY",3
Cathay Bank,"82-62 Broadway, Elmhurst, NY 11373, United States",40.74166659999999,-73.8812117,华人银行,"Elmhurst, NY",3
Amerasia Bank,"86-26 Broadway, Elmhurst, NY 11373, United States",40.7378295,-73.8773515,华人银行,"Elmhurst, NY",3
Flushing Bank,"85-15 Queens Blvd, Elmhurst, NY 11373, United States",40.73734700000001,-73.87764,华人银行,"Elmhurst, NY",3
Bank of America Financial Center,"8901 Queens Blvd, Elmhurst, NY 11373, United States",40.7349659,-73.8739284,华人银行,"Elmhurst, NY",3
Citizens,"8703 Queens Blvd, Elmhurst, NY 11373, United States",40.7357663,-73.8755517,华人银行,"Elmhurst, NY",3
Chase Bank,"8921 Queens Blvd, Elmhurst, NY 11373, United States",40.73481839999999,-73.8736219,华人银行,"Elmhurst, NY",3
Chase Bank,"79-06 Broadway, Elmhurst, NY 11373, United States",40.7441092,-73.8857476,华人银行,"Elmhurst, NY",3
CTBC Bank,"41-99 Main St, Flushing, NY 11355, United States",40.7555918,-73.8281173,华人银行,"Elmhurst, NY",3
Citi,"8711 Queens Blvd, Elmhurst, NY 11373, United States",40.7356595,-73.87535009999999,华人银行,"Elmhurst, NY",3
ATM,"79-01 Broadway, Elmhurst, NY 11373, United States",40.7450725,-73.8857803,华人银行,"Elmhurst, NY",3
Bank of China,"1045 6th Ave, New York, NY 10018, United States",40.7534084,-73.9854684,华人银行,"Elmhurst, NY",3
Cathay Bank,"40 - 14/16, 40-14 Main St, Flushing, NY 11354, United States",40.7590886,-73.8302932,华人银行,"Elmhurst, NY",3
Abacus Federal Savings Bank,"36-30 Main St, Flushing, NY 11354, United States",40.7623173,-73.8317804,华人银行,"Elmhurst, NY",3
ATM,"8335 Broadway # 3, Elmhurst, NY 11373, United States",40.7406286,-73.8790509,华人银行,"Elmhurst, NY",3
Ridgewood Savings Bank,"74-25 Grand Ave, Elmhurst, NY 11373, United States",40.7311327,-73.8872951,华人银行,"Elmhurst, NY",3
Cathay Bank,"82-62 Broadway, Elmhurst, NY 11373, United States",40.74166659999999,-73.8812117,中资银行,"Elmhurst, NY",3
Royal Business Bank,"86 -55 Broadway, Elmhurst, NY 11373, United States",40.7370668,-73.87723989999999,中资银行,"Elmhurst, NY",3
Amerasia Bank,"86-26 Broadway, Elmhurst, NY 11373, United States",40.7378295,-73.8773515,中资银行,"Elmhurst, NY",3
Flushing Bank,"85-15 Queens Blvd, Elmhurst, NY 11373, United States",40.73734700000001,-73.87764,中资银行,"Elmhurst, NY",3
Bank of China,"42-35 Main St, Flushing, NY 11355, United States",40.7545285,-73.82758749999999,中资银行,"Elmhurst, NY",3
Bank of America Financial Center,"8901 Queens Blvd, Elmhurst, NY 11373, United States",40.7349659,-73.8739284,中资银行,"Elmhurst, NY",3
CTBC Bank,"41-99 Main St, Flushing, NY 11355, United States",40.7555918,-73.8281173,中资银行,"Elmhurst, NY",3
TD Bank,"7801 Queens Blvd, Elmhurst, NY 11373, United States",40.738801,-73.88505310000001,中资银行,"Elmhurst, NY",3
Chase Bank,"8921 Queens Blvd, Elmhurst, NY 11373, United States",40.73481839999999,-73.8736219,中资银行,"Elmhurst, NY",3
Chase Bank,"79-06 Broadway, Elmhurst, NY 11373, United States",40.7441092,-73.8857476,中资银行,"Elmhurst, NY",3
Bank of China,"1045 6th Ave, New York, NY 10018, United States",40.7534084,-73.9854684,中资银行,"Elmhurst, NY",3
Bank of China,"42-35 Main St, Flushing, NY 11355, United States",40.7545285,-73.82758749999999,中国银行,"Elmhurst, NY",3
Cathay Bank,"82-62 Broadway, Elmhurst, NY 11373, United States",40.74166659999999,-73.8812117,中国银行,"Elmhurst, NY",3
Bank of China,"1045 6th Ave, New York, NY 10018, United States",40.7534084,-73.9854684,中国银行,"Elmhurst, NY",3
建 峰 地产,"131-08 40th Rd, Flushing, NY 11354, United States",40.7557617,-73.8361704,华人地产,"Elmhurst, NY",3
【家禾置业】房地产公司-Jiahe Realty Inc.,"136-16 35th Ave STE 1A, Flushing, NY 11354, United States",40.764646,-73.8299333,华人地产,"Elmhurst, NY",3
Dana Team Long Island Real Estate 长岛华人地产经纪团队房地产中介,"45 N Station Plaza Suite #310, Great Neck, NY 11021, United States",40.7879574,-73.7257657,华人地产,"Elmhurst, NY",3
纽约房地产网 | 地产经纪 | 房屋出租 | 房屋出售 | 房屋买卖 |房地产信息中心,"3707 147th St #3D, Flushing, NY 11354, United States",40.7645312,-73.8190084,华人地产,"Elmhurst, NY",3
"Min Chen, Winzone Realty Inc","8115 Queens Blvd #2a, Elmhurst, NY 11373, United States",40.7380783,-73.881492,华人地产,"Elmhurst, NY",3
Chinese American Real Estate Association,"136-20 38th Ave #11a, Flushing, NY 11354, United States",40.7607693,-73.8298336,华人地产,"Elmhurst, NY",3
新泽西金牌地产经纪 尹成武 Jason Yin,"27 Bleeker St, Millburn, NJ 07041, United States",40.7157279,-74.3060495,华人地产,"Elmhurst, NY",3
Emma Hao Team 纽约首席华语地产经纪团队 (Douglas Elliman Real Estate),"1934 Broadway, New York, NY 10023, United States",40.7727418,-73.98185099999999,华人地产,"Elmhurst, NY",3
纽约环球地产-代理房屋买卖，出租，商业用地买卖，法拍屋,"39-07 Prince St, Flushing, NY 11354, United States",40.7594773,-73.83205,华人地产,"Elmhurst, NY",3
纽约地产 纽约房产 纽约地产经纪／纽约学区房 纽约二手房 纽约房地产／纽约房屋买卖 纽约法拍屋 纽约房产中介 纽约地产中介,"210 Targee St, Staten Island, NY 10304, United States",40.6219921,-74.084288,华人地产,"Elmhurst, NY",3
Happy 8 Realty,"6053 Woodhaven Blvd, Rego Park, NY 11374, United States",40.7302393,-73.8712353,华人地产,"Elmhurst, NY",3
地产经纪人郭女士,"211 E 43rd St 24th floor, New York, NY 10017, United States",40.7512735,-73.973158,华人地产,"Elmhurst, NY",3
City Homes Realty Group,"32-41 Junction Blvd, East Elmhurst, NY 11369, United States",40.7574767,-73.8738187,华人地产,"Elmhurst, NY",3
"Wen Chen, Wing Fung Home Realty Grp Inc","8622 Broadway, Elmhurst, NY 11373, United States",40.7379217,-73.8773386,华人地产,"Elmhurst, NY",3
CENTURY 21 Sunshine,"84-44 Grand Ave, Elmhurst, NY 11373, United States",40.7344203,-73.8825427,华人地产,"Elmhurst, NY",3
"LAN & ASSOCIATES, P.C.","3901 Main St #5/Fl, Flushing, NY 11354, United States",40.76016449999999,-73.8300113,华人地产,"Elmhurst, NY",3
Law Offices of Xuejie Wong PLLC 中华律师楼,"136-20 38th Ave #9i, Flushing, NY 11354, United States",40.7609223,-73.8300252,华人地产,"Elmhurst, NY",3
鼎略税务 DL LAW GROUP PLLC,"38-08 Union St #12C, Flushing, NY 11354, United States",40.7611905,-73.82775649999999,华人地产,"Elmhurst, NY",3
Empire Fine Homes,"98-05 Astoria Blvd Second Floor, East Elmhurst, NY 11369, United States",40.762473,-73.8710481,华人地产,"Elmhurst, NY",3
"Zhen Hu Realtor | Key Impact Realty Group, Inc. - Queens, NY - Real Estate Agent","131-06 40th Rd 4 fl, Flushing, NY 11354, United States",40.7557128,-73.836207,华人地产,"Elmhurst, NY",3
"NycHomeFinders at Winzone Realty, Inc","81-15 Queens Blvd Suite 215, Elmhurst, NY 11377, United States",40.7380581,-73.8816611,房产中介,"Elmhurst, NY",3
City Homes Realty Group,"32-41 Junction Blvd, East Elmhurst, NY 11369, United States",40.7574767,-73.8738187,房产中介,"Elmhurst, NY",3
纽约房地产网 | 地产经纪 | 房屋出租 | 房屋出售 | 房屋买卖 |房地产信息中心,"3707 147th St #3D, Flushing, NY 11354, United States",40.7645312,-73.8190084,房产中介,"Elmhurst, NY",3
Happy 8 Realty,"6053 Woodhaven Blvd, Rego Park, NY 11374, United States",40.7302393,-73.8712353,房产中介,"Elmhurst, NY",3
纽约地产 纽约房产 纽约地产经纪／纽约学区房 纽约二手房 纽约房地产／纽约房屋买卖 纽约法拍屋 纽约房产中介 纽约地产中介,"210 Targee St, Staten Island, NY 10304, United States",40.6219921,-74.084288,房产中介,"Elmhurst, NY",3
CENTURY 21 Sunshine,"84-44 Grand Ave, Elmhurst, NY 11373, United States",40.7344203,-73.8825427,房产中介,"Elmhurst, NY",3
New York Choice Real Estate Inc,"8009 Northern Blvd, Flushing, NY 11372, United States",40.7556364,-73.886839,房产中介,"Elmhurst, NY",3
Empire Fine Homes,"98-05 Astoria Blvd Second Floor, East Elmhurst, NY 11369, United States",40.762473,-73.8710481,房产中介,"Elmhurst, NY",3
纽约环球地产-代理房屋买卖，出租，商业用地买卖，法拍屋,"39-07 Prince St, Flushing, NY 11354, United States",40.7594773,-73.83205,房产中介,"Elmhurst, NY",3
建 峰 地产,"131-08 40th Rd, Flushing, NY 11354, United States",40.7557617,-73.8361704,房产中介,"Elmhurst, NY",3
地产经纪人郭女士,"211 E 43rd St 24th floor, New York, NY 10017, United States",40.7512735,-73.973158,房产中介,"Elmhurst, NY",3
PROPERTIES LOGAN REAL ESTATE,"40-26 82nd St 2nd Flr, Elmhurst, NY 11373, United States",40.7468,-73.88404899999999,房产中介,"Elmhurst, NY",3
Yan Lin,"26 76th St, Elmhurst, NY 11373, United States",40.7483298,-73.8899818,房地产公司,"Elmhurst, NY",3
City Homes Realty Group,"32-41 Junction Blvd, East Elmhurst, NY 11369, United States",40.7574767,-73.8738187,房地产公司,"Elmhurst, NY",3
GRAND CORNER REALTY,"8637 Grand Ave, Elmhurst, NY 11373, United States",40.7361753,-73.8793929,房地产公司,"Elmhurst, NY",3
Abraham Ortiz Real Estate,"8115 Queens Blvd Ste 2A, Elmhurst, NY 11373, United States",40.73808409999999,-73.8816447,房地产公司,"Elmhurst, NY",3
【家禾置业】房地产公司-Jiahe Realty Inc.,"136-16 35th Ave STE 1A, Flushing, NY 11354, United States",40.764646,-73.8299333,房地产公司,"Elmhurst, NY",3
8808 Justice Ave Tower Sales Gallery,"8808 Justice Ave, Elmhurst, NY 11373, United States",40.7366205,-73.87528429999999,房地产公司,"Elmhurst, NY",3
Happy 8 Realty,"6053 Woodhaven Blvd, Rego Park, NY 11374, United States",40.7302393,-73.8712353,房地产公司,"Elmhurst, NY",3
Yano Realty,"5610 94th St, Elmhurst, NY 11373, United States",40.7365205,-73.8678862,房地产公司,"Elmhurst, NY",3
Ian Alexander Realty Group,"8337 St James Ave, Elmhurst, NY 11373, United States",40.7398904,-73.879341,房地产公司,"Elmhurst, NY",3
CENTURY 21 Sunshine,"84-44 Grand Ave, Elmhurst, NY 11373, United States",40.7344203,-73.8825427,房地产公司,"Elmhurst, NY",3
纽约房地产网 | 地产经纪 | 房屋出租 | 房屋出售 | 房屋买卖 |房地产信息中心,"3707 147th St #3D, Flushing, NY 11354, United States",40.7645312,-73.8190084,房地产公司,"Elmhurst, NY",3
纽约地产 纽约房产 纽约地产经纪／纽约学区房 纽约二手房 纽约房地产／纽约房屋买卖 纽约法拍屋 纽约房产中介 纽约地产中介,"210 Targee St, Staten Island, NY 10304, United States",40.6219921,-74.084288,房地产公司,"Elmhurst, NY",3
Queens Home Team at Keller Williams Realty Landmark II,"75-35 31st Ave Suite 202, East Elmhurst, NY 11370, United States",40.7547077,-73.89510469999999,房地产公司,"Elmhurst, NY",3
Sool Realty Corporation,"4028 Junction Blvd, Corona, NY 11368, United States",40.748393,-73.86905879999999,房地产公司,"Elmhurst, NY",3
"Min Chen, Winzone Realty Inc","8115 Queens Blvd #2a, Elmhurst, NY 11373, United States",40.7380783,-73.881492,房地产公司,"Elmhurst, NY",3
Amanda Li at Winzone Realty Inc.,"81-15 Queens Blvd Ste 2A, Elmhurst, NY 11373, United States",40.7379626,-73.881743,房地产公司,"Elmhurst, NY",3
Brian G. Sucuzhanay,"8115 Queens Blvd, Elmhurst, NY 11373, United States",40.7380642,-73.8816042,房地产公司,"Elmhurst, NY",3
纽约环球地产-代理房屋买卖，出租，商业用地买卖，法拍屋,"39-07 Prince St, Flushing, NY 11354, United States",40.7594773,-73.83205,房地产公司,"Elmhurst, NY",3
U.S. HOME SERVICES,"10114 Astoria Blvd, East Elmhurst, NY 11369, United States",40.761504,-73.867704,房地产公司,"Elmhurst, NY",3
Empire Fine Homes,"98-05 Astoria Blvd Second Floor, East Elmhurst, NY 11369, United States",40.762473,-73.8710481,房地产公司,"Elmhurst, NY",3
Modern Chinese School (Office),"13639 41st Ave #1A, Flushing, NY 11355, United States",40.7589604,-73.8282211,中文学校,"Elmhurst, NY",3
Excellent Chinese Learning School 卓越中文学校,"113-15 76th Rd, Forest Hills, NY 11375, United States",40.7182834,-73.8338469,中文学校,"Elmhurst, NY",3
Modern Chinese School,"14480 Barclay Ave, Flushing, NY 11355, United States",40.7603203,-73.8182716,中文学校,"Elmhurst, NY",3
Flushing Chinese School,"41-60 Kissena Blvd, Flushing, NY 11355, United States",40.7571316,-73.8281808,中文学校,"Elmhurst, NY",3
New York Chinese School,"62 Mott St 3rd floor, New York, NY 10013, United States",40.7159896,-73.998024,中文学校,"Elmhurst, NY",3
Fresh Meadows Chinese School,"51-60 Marathon Pkwy, Douglaston, NY 11362, United States",40.7626602,-73.7339125,中文学校,"Elmhurst, NY",3
新鮮的草原中文学校,"77-28 173rd St, Flushing, NY 11366, United States",40.7246132,-73.7961785,中文学校,"Elmhurst, NY",3
Ming Yuan Chinese School,"526 59th St, Brooklyn, NY 11220, United States",40.6386905,-74.0146219,中文学校,"Elmhurst, NY",3
Huaxia New York Central Chinese School 华夏纽约中心学校,"75 Grasslands Rd, Valhalla, NY 10595, United States",41.067482,-73.7894285,中文学校,"Elmhurst, NY",3
Huaxia Chinese School of Greater New York - 华夏大纽约中文学校,"200 White Oak Ln, Scarsdale, NY 10583, United States",41.0019348,-73.81139550000002,中文学校,"Elmhurst, NY",3
New York Music School & Academy 纽约音乐学校和音乐培训,"85-23 Broadway 1st floor, Elmhurst, NY 11373, United States",40.73890600000001,-73.877335,中文学校,"Elmhurst, NY",3
Modern Chinese School (Office),"13639 41st Ave #1A, Flushing, NY 11355, United States",40.7589604,-73.8282211,华人学校,"Elmhurst, NY",3
Flushing Chinese School,"41-60 Kissena Blvd, Flushing, NY 11355, United States",40.7571316,-73.8281808,华人学校,"Elmhurst, NY",3
Modern Chinese School,"14480 Barclay Ave, Flushing, NY 11355, United States",40.7603203,-73.8182716,华人学校,"Elmhurst, NY",3
New York Chinese School,"62 Mott St 3rd floor, New York, NY 10013, United States",40.7159896,-73.998024,华人学校,"Elmhurst, NY",3
Excellent Chinese Learning School 卓越中文学校,"113-15 76th Rd, Forest Hills, NY 11375, United States",40.7182834,-73.8338469,华人学校,"Elmhurst, NY",3
Advantage Academy,"61-10 183rd St, Fresh Meadows, NY 11365, United States",40.738968,-73.79097089999999,华人学校,"Elmhurst, NY",3
Ming Yuan Chinese School,"526 59th St, Brooklyn, NY 11220, United States",40.6386905,-74.0146219,华人学校,"Elmhurst, NY",3
新鮮的草原中文学校,"77-28 173rd St, Flushing, NY 11366, United States",40.7246132,-73.7961785,华人学校,"Elmhurst, NY",3
Huaxia New York Central Chinese School 华夏纽约中心学校,"75 Grasslands Rd, Valhalla, NY 10595, United States",41.067482,-73.7894285,华人学校,"Elmhurst, NY",3
KON GEN INTERNATIONAL PRESCHOOL,"196-25 42nd Ave, Flushing, NY 11358, United States",40.759952,-73.7849772,华人学校,"Elmhurst, NY",3
Success Prep Education Center,"8829 51st Ave #1A, Elmhurst, NY 11373, United States",40.739545,-73.8746863,补习班,"Elmhurst, NY",3
"The Scholars Corner, LLC Tutoring Center","8037 Broadway, Elmhurst, NY 11373, United States",40.74363049999999,-73.8840508,补习班,"Elmhurst, NY",3
Topway Prep,"85-08 Grand Ave, Elmhurst, NY 11373, United States",40.7349618,-73.881725,补习班,"Elmhurst, NY",3
必昇補習班 IVY ROAD PREP,"43-44 Kissena Blvd lobby a, Flushing, NY 11355, United States",40.7539936,-73.8241243,补习班,"Elmhurst, NY",3
Kumon Math and Reading Center of Elmhurst,"90-22 Corona Ave., Elmhurst, NY 11373, United States",40.7416615,-73.87456089999999,补习班,"Elmhurst, NY",3
Ai Plus Learning Center - 金銘學習中心,"41-23 150th St, Flushing, NY 11355, United States",40.7621678,-73.8134864,补习班,"Elmhurst, NY",3
AimPlus Education,"3438 Bell Blvd Floor 1, Bayside, NY 11361, United States",40.7693745,-73.7742846,补习班,"Elmhurst, NY",3
Hua Rong,"8323 Broadway #1, Flushing, NY 11373, United States",40.740866,-73.879192,华人媒体,"Elmhurst, NY",3
World Journal,"141-07 20th Ave 2 fl, College Point, NY 11357, United States",40.782177,-73.82729479999999,中文报纸,"Elmhurst, NY",3
US Supermarket,"82-66 Broadway, Elmhurst, NY 11373, United States",40.7416231,-73.8815814,中文报纸,"Elmhurst, NY",3
US Supermarket,"82-66 Broadway, Elmhurst, NY 11373, United States",40.7416231,-73.8815814,华人日报,"Elmhurst, NY",3
FunChineseNYC,"88-15 W 53rd St 1st floor, Elmhurst, NY 11373, United States",40.7612338,-73.9775174,华人日报,"Elmhurst, NY",3
Sing Tao Daily,"188 Lafayette St, New York, NY 10013, United States",40.7210486,-73.9984403,星岛日报,"Elmhurst, NY",3
Singye Store Inc.,"40-08 76th St, Elmhurst, NY 11373, United States",40.746677,-73.88980049999999,星岛日报,"Elmhurst, NY",3
"Industrial and Commercial Bank of China (USA) NA, Brooklyn Branch","5714 8th Ave, Brooklyn, NY 11220, United States",40.6369696,-74.00823919999999,Chinese bank,"Sunset Park, NY",3
TD Bank,"987 4th Ave, Brooklyn, NY 11232, United States",40.6525154,-74.0055459,Chinese bank,"Sunset Park, NY",3
China Trust Bank,"5413 8th Ave, Brooklyn, NY 11220, United States",40.6385081,-74.0062337,Chinese bank,"Sunset Park, NY",3
Fang Fang Realty Inc. 芳芳地產,"816 59th St #2FL, Brooklyn, NY 11220, United States",40.6356256,-74.0086689,Chinese real estate,"Sunset Park, NY",3
"Huang & Associates, PC Chinese lawyer/Chinese speaking attorney/黄真律师/律师楼/律师事务所/布鲁克林律师楼/八大道律师/会英文国语粤语","6402 8th Ave #405, Brooklyn, NY 11220, United States",40.6332854,-74.0122981,Chinese real estate,"Sunset Park, NY",3
Yukie Zhang,"2308 Coney Island Ave 2nd FL, Brooklyn, NY 11223, United States",40.6008246,-73.9615688,Chinese real estate,"Sunset Park, NY",3
E House Realty & Management,"6005 7th Ave, Brooklyn, NY 11220, United States",40.6365476,-74.0118474,Chinese real estate,"Sunset Park, NY",3
House Key Realty Llc.,"6012 5th Ave, Brooklyn, NY 11220, United States",40.6393907,-74.0164741,Chinese real estate,"Sunset Park, NY",3
"WEITIAN LI & ASSOCIATES, P.C. | 李伟天律师事务所 | Chinese Law Office | Real Estate Lawyer","8 Bay 35th St Suite A, Brooklyn, NY 11214, United States",40.599539,-73.990538,Chinese real estate,"Sunset Park, NY",3
"8th Avenue Chinatown, Brooklyn, NY","5515 8th Ave # C2, Brooklyn, NY 11220, United States",40.6377802,-74.0069766,Chinese real estate,"Sunset Park, NY",3
Law Offices of Oliver Zhou,"749 61st St Suite 501, Brooklyn, NY 11220, United States",40.6356499,-74.0110861,Chinese real estate,"Sunset Park, NY",3
City View NY Real Estate Corp,"4019 8th Ave, Brooklyn, NY 11232, United States",40.6462586,-73.9981689,Chinese real estate,"Sunset Park, NY",3
Chuan Tian Xia,"5502 7th Ave, Brooklyn, NY 11220, United States",40.6396177,-74.0090711,Chinese real estate,"Sunset Park, NY",3
鼎泰轩 Din's Kitchen,"5210 7th Ave, Brooklyn, NY 11220, United States",40.6411904,-74.0074404,Chinese real estate,"Sunset Park, NY",3
FirstService Residential Brooklyn,"132 32nd St Suite 412, Brooklyn, NY 11232, United States",40.6566363,-74.0025347,Chinese real estate,"Sunset Park, NY",3
Sunset Industrial Park,"50 20th St # 1, Brooklyn, NY 11232, United States",40.6662072,-74.0005374,Chinese real estate,"Sunset Park, NY",3
Billy Apter,"261 4th Ave, Brooklyn, NY 11215, United States",40.675793,-73.9839296,Chinese real estate,"Sunset Park, NY",3
RE/MAX Real Estate Professionals,"261 4th Ave, Brooklyn, NY 11215, United States",40.6758229,-73.9839172,Chinese real estate,"Sunset Park, NY",3
RE/MAX Real Estate Professionals,"8402 20th Ave, Brooklyn, NY 11214, United States",40.605818,-73.9973208,Chinese real estate,"Sunset Park, NY",3
"LoHo Realty, Inc.","397 Grand St, New York, NY 10002, United States",40.7159025,-73.9874926,Chinese real estate,"Sunset Park, NY",3
Garden View Realty,"442 53rd St, Brooklyn, NY 11220, United States",40.6440157,-74.0132471,Chinese real estate,"Sunset Park, NY",3
Ming Yuan Chinese School,"526 59th St, Brooklyn, NY 11220, United States",40.6386905,-74.0146219,Chinese school,"Sunset Park, NY",3
Brooklyn Chinese - American Association Early Childhood Education Center,"871 50th St, Brooklyn, NY 11219, United States",40.6401115,-74.00178079999999,Chinese school,"Sunset Park, NY",3
New York Chinese School,"62 Mott St 3rd floor, New York, NY 10013, United States",40.7159896,-73.998024,Chinese school,"Sunset Park, NY",3
Brooklyn Chinese-American Association Day Care Center,"5002 8th Ave, Brooklyn, NY 11220, United States",40.6411478,-74.00396119999999,Chinese school,"Sunset Park, NY",3
Sishu Mandarin Chinese Language School,"22 Beaver St 3rd Floor, New York, NY 10004, United States",40.7049396,-74.0121983,Chinese school,"Sunset Park, NY",3
Brooklyn Chinese American Association,"812 54th St #1, Brooklyn, NY 11220, United States",40.638565,-74.0057369,Chinese school,"Sunset Park, NY",3
LEEP Dual Language Academy Charter School,"5323 5th Ave, Brooklyn, NY 11220, United States",40.6428259,-74.0122554,Chinese school,"Sunset Park, NY",3
Modern Chinese School,"14480 Barclay Ave, Flushing, NY 11355, United States",40.7603203,-73.8182716,Chinese school,"Sunset Park, NY",3
成龙补习班/布禄崙中文学校,"829 60th St, Brooklyn, NY 11220, United States",40.63514989999999,-74.0086953,Chinese school,"Sunset Park, NY",3
Brooklyn Chinese American Association Day Care,"713 43rd St, Brooklyn, NY 11232, United States",40.6462075,-74.001278,Chinese school,"Sunset Park, NY",3
Excellent Chinese Learning School 卓越中文学校,"113-15 76th Rd, Forest Hills, NY 11375, United States",40.7182834,-73.8338469,Chinese school,"Sunset Park, NY",3
Sunset School of Cultural Learning,"270 59th St, Brooklyn, NY 11220, United States",40.6428962,-74.02067869999999,Chinese school,"Sunset Park, NY",3
Sing Tao Newspaper NY Ltd,"5510 8th Ave #202, Brooklyn, NY 11220, United States",40.6381891,-74.00697149999999,Chinese media,"Sunset Park, NY",3
Brooklyn Chinese-American Association Office,"4204 8th Ave, Brooklyn, NY 11232, United States",40.6455564,-73.999298,Chinese media,"Sunset Park, NY",3
CHF Chinese Restaurant,"5411 5th Ave, Brooklyn, NY 11220, United States",40.64257449999999,-74.0127734,Chinese media,"Sunset Park, NY",3
Chuan Tian Xia,"5502 7th Ave, Brooklyn, NY 11220, United States",40.6396177,-74.0090711,Chinese media,"Sunset Park, NY",3
China Delight,"4009 5th Ave, Brooklyn, NY 11232, United States",40.6504274,-74.0045962,Chinese media,"Sunset Park, NY",3
Sing Tao Newspaper NY Ltd,"5510 8th Ave #202, Brooklyn, NY 11220, United States",40.6381891,-74.00697149999999,Chinese newspaper,"Sunset Park, NY",3
East West Bank,"5801 8th Ave, Brooklyn, NY 11220, United States",40.636422,-74.0082398,华人银行,"Sunset Park, NY",3
"Industrial and Commercial Bank of China (USA) NA, Brooklyn Branch","5714 8th Ave, Brooklyn, NY 11220, United States",40.6369696,-74.00823919999999,华人银行,"Sunset Park, NY",3
Royal Business Bank,"5503 8th Ave, Brooklyn, NY 11220, United States",40.6381083,-74.0066475,华人银行,"Sunset Park, NY",3
CTBC Bank,"5418 8th Ave, Brooklyn, NY 11220, United States",40.6385622,-74.0065848,华人银行,"Sunset Park, NY",3
Cathay Bank,"5402 8th Ave, Brooklyn, NY 11220, United States",40.6388753,-74.0062626,华人银行,"Sunset Park, NY",3
East West Bank,"1322-1328 Avenue U, Brooklyn, NY 11229, United States",40.5985681,-73.9574825,华人银行,"Sunset Park, NY",3
The Bank of East Asia,"5714 8th Ave, Brooklyn, NY 11220, United States",40.63697639999999,-74.00823199999999,华人银行,"Sunset Park, NY",3
Brooklyn Chinese America Association,"5002 8th Ave, Brooklyn, NY 11220, United States",40.64116560000001,-74.0039994,华人银行,"Sunset Park, NY",3
Chase Bank,"5423 8th Ave, Brooklyn, NY 11220, United States",40.6382868,-74.00633429999999,华人银行,"Sunset Park, NY",3
Bank of China,"1045 6th Ave, New York, NY 10018, United States",40.7534084,-73.9854684,华人银行,"Sunset Park, NY",3
East West Bank,"77 Bowery, New York, NY 10002, United States",40.7166538,-73.9954791,华人银行,"Sunset Park, NY",3
Bank of America Financial Center,"5521 8th Ave, Brooklyn, NY 11220, United States",40.6378607,-74.0067469,华人银行,"Sunset Park, NY",3
ATM Cathay Bank,"5402 8th Ave, Brooklyn, NY 11220, United States",40.6388742,-74.0062639,华人银行,"Sunset Park, NY",3
China Trust Bank,"5413 8th Ave, Brooklyn, NY 11220, United States",40.6385081,-74.0062337,华人银行,"Sunset Park, NY",3
"Industrial and Commercial Bank of China (USA) NA, Brooklyn Branch","5714 8th Ave, Brooklyn, NY 11220, United States",40.6369696,-74.00823919999999,中资银行,"Sunset Park, NY",3
East West Bank,"5801 8th Ave, Brooklyn, NY 11220, United States",40.636422,-74.0082398,中资银行,"Sunset Park, NY",3
Cathay Bank,"5402 8th Ave, Brooklyn, NY 11220, United States",40.6388753,-74.0062626,中资银行,"Sunset Park, NY",3
CTBC Bank,"5418 8th Ave, Brooklyn, NY 11220, United States",40.6385622,-74.0065848,中资银行,"Sunset Park, NY",3
The Bank of East Asia,"5714 8th Ave, Brooklyn, NY 11220, United States",40.63697639999999,-74.00823199999999,中资银行,"Sunset Park, NY",3
Chase Bank,"5423 8th Ave, Brooklyn, NY 11220, United States",40.6382868,-74.00633429999999,中资银行,"Sunset Park, NY",3
First American International Bank,"4101 8th Ave, Brooklyn, NY 11232, United States",40.6459504,-73.99830639999999,中资银行,"Sunset Park, NY",3
Bank of China,"1045 6th Ave, New York, NY 10018, United States",40.7534084,-73.9854684,中资银行,"Sunset Park, NY",3
Citi,"5324 5th Ave, Brooklyn, NY 11220, United States",40.6430861,-74.0127431,中资银行,"Sunset Park, NY",3
CTBC Bank,"521 5th Ave 11th floor, New York, NY 10175, United States",40.7541286,-73.97982879999999,中资银行,"Sunset Park, NY",3
Bank of America Financial Center,"5521 8th Ave, Brooklyn, NY 11220, United States",40.6378607,-74.0067469,中资银行,"Sunset Park, NY",3
"Industrial and Commercial Bank of China (USA) NA, Brooklyn Branch","5714 8th Ave, Brooklyn, NY 11220, United States",40.6369696,-74.00823919999999,中国银行,"Sunset Park, NY",3
CTBC Bank,"5418 8th Ave, Brooklyn, NY 11220, United States",40.6385622,-74.0065848,中国银行,"Sunset Park, NY",3
Bank of China,"1045 6th Ave, New York, NY 10018, United States",40.7534084,-73.9854684,中国银行,"Sunset Park, NY",3
The Bank of East Asia,"5714 8th Ave, Brooklyn, NY 11220, United States",40.63697639999999,-74.00823199999999,中国银行,"Sunset Park, NY",3
China Trust Bank,"5413 8th Ave, Brooklyn, NY 11220, United States",40.6385081,-74.0062337,中国银行,"Sunset Park, NY",3
East West Bank,"5801 8th Ave, Brooklyn, NY 11220, United States",40.636422,-74.0082398,中国银行,"Sunset Park, NY",3
Royal Business Bank,"5503 8th Ave, Brooklyn, NY 11220, United States",40.6381083,-74.0066475,中国银行,"Sunset Park, NY",3
Fang Fang Realty Inc. 芳芳地產,"816 59th St #2FL, Brooklyn, NY 11220, United States",40.6356256,-74.0086689,华人地产,"Sunset Park, NY",3
RE/MAX Team 恒富地产,"6212 5th Ave, Brooklyn, NY 11220, United States",40.638243,-74.0178789,华人地产,"Sunset Park, NY",3
Law Office of Steven F. Pugliese,"819 59th St #1Floor, Brooklyn, NY 11220, United States",40.6358954,-74.0083111,华人地产,"Sunset Park, NY",3
新泽西金牌地产经纪 尹成武 Jason Yin,"27 Bleeker St, Millburn, NJ 07041, United States",40.7157279,-74.3060495,华人地产,"Sunset Park, NY",3
House Key Realty Llc.,"6012 5th Ave, Brooklyn, NY 11220, United States",40.6393907,-74.0164741,华人地产,"Sunset Park, NY",3
Sunset Park RE,"5215 7th Ave, Brooklyn, NY 11220, United States",40.6409055,-74.0073082,华人地产,"Sunset Park, NY",3
Dana Team Long Island Real Estate 长岛华人地产经纪团队房地产中介,"45 N Station Plaza Suite #310, Great Neck, NY 11021, United States",40.7879574,-73.7257657,华人地产,"Sunset Park, NY",3
Emma Hao Team 纽约首席华语地产经纪团队 (Douglas Elliman Real Estate),"1934 Broadway, New York, NY 10023, United States",40.7727418,-73.98185099999999,华人地产,"Sunset Park, NY",3
纽约地产 纽约房产 纽约地产经纪／纽约学区房 纽约二手房 纽约房地产／纽约房屋买卖 纽约法拍屋 纽约房产中介 纽约地产中介,"210 Targee St, Staten Island, NY 10304, United States",40.6219921,-74.084288,华人地产,"Sunset Park, NY",3
Parkview Terrace Realty,"5215 7th Ave, Brooklyn, NY 11220, United States",40.6408666,-74.0072368,华人地产,"Sunset Park, NY",3
Sunset Park,"7th Avenue &, 43rd St, Brooklyn, NY 11232, United States",40.6479517,-74.0037443,华人地产,"Sunset Park, NY",3
"Huang & Associates, PC Chinese lawyer/Chinese speaking attorney/黄真律师/律师楼/律师事务所/布鲁克林律师楼/八大道律师/会英文国语粤语","6402 8th Ave #405, Brooklyn, NY 11220, United States",40.6332854,-74.0122981,华人地产,"Sunset Park, NY",3
City View NY Real Estate Corp,"4019 8th Ave, Brooklyn, NY 11232, United States",40.6462586,-73.9981689,华人地产,"Sunset Park, NY",3
地产经纪人郭女士,"211 E 43rd St 24th floor, New York, NY 10017, United States",40.7512735,-73.973158,华人地产,"Sunset Park, NY",3
Fang Fang Realty Inc. 芳芳地產,"816 59th St #2FL, Brooklyn, NY 11220, United States",40.6356256,-74.0086689,房产中介,"Sunset Park, NY",3
RE/MAX Team 恒富地产,"6212 5th Ave, Brooklyn, NY 11220, United States",40.638243,-74.0178789,房产中介,"Sunset Park, NY",3
E House Realty & Management,"6005 7th Ave, Brooklyn, NY 11220, United States",40.6365476,-74.0118474,房产中介,"Sunset Park, NY",3
Parkview Terrace Realty,"5215 7th Ave, Brooklyn, NY 11220, United States",40.6408666,-74.0072368,房产中介,"Sunset Park, NY",3
Sunset Park RE,"5215 7th Ave, Brooklyn, NY 11220, United States",40.6409055,-74.0073082,房产中介,"Sunset Park, NY",3
House Key Realty Llc.,"6012 5th Ave, Brooklyn, NY 11220, United States",40.6393907,-74.0164741,房产中介,"Sunset Park, NY",3
Bayshine Real Estate Corp.,"748 60th St, Brooklyn, NY 11220, United States",40.6359962,-74.01065849999999,房产中介,"Sunset Park, NY",3
Coldwell Banker Reliable Real Estate,"7428 5th Ave, Brooklyn, NY 11209, United States",40.6298106,-74.0228099,房产中介,"Sunset Park, NY",3
Destination Real Estate,"700 5th Ave, Brooklyn, NY 11215, United States",40.6611542,-73.9939381,房产中介,"Sunset Park, NY",3
City View NY Real Estate Corp,"4019 8th Ave, Brooklyn, NY 11232, United States",40.6462586,-73.9981689,房产中介,"Sunset Park, NY",3
Dorsa Group Realty,"155 Bay Ridge Ave Suite 5, Brooklyn, NY 11220, United States",40.6371299,-74.0301951,房产中介,"Sunset Park, NY",3
"Huang & Associates, PC Chinese lawyer/Chinese speaking attorney/黄真律师/律师楼/律师事务所/布鲁克林律师楼/八大道律师/会英文国语粤语","6402 8th Ave #405, Brooklyn, NY 11220, United States",40.6332854,-74.0122981,房产中介,"Sunset Park, NY",3
Hometown Properties Real Estate,"8114 3rd Ave, Brooklyn, NY 11209, United States",40.6267122,-74.0299702,房产中介,"Sunset Park, NY",3
Rahme Team at Compass,"375 Schermerhorn St, Brooklyn, NY 11217, United States",40.6868705,-73.9798843,房产中介,"Sunset Park, NY",3
Peace of Mind Realty,"643 Decatur St, Brooklyn, NY 11233, United States",40.6834564,-73.917558,房产中介,"Sunset Park, NY",3
Bay Sun Realty Inc,"1407 W 8th St, Brooklyn, NY 11204, United States",40.61253689999999,-73.9823735,房产中介,"Sunset Park, NY",3
Superior Realty Co,"1344 43rd St, Brooklyn, NY 11219, United States",40.6374028,-73.9872573,房产中介,"Sunset Park, NY",3
Yossi Stern Construction & Real Estate Management,"1486 Union St, Brooklyn, NY 11213, United States",40.6682072,-73.9405051,房产中介,"Sunset Park, NY",3
Brooklyn Real Estate News,"295 Broadway, Brooklyn, NY 11236, United States",40.7086241,-73.9580209,房产中介,"Sunset Park, NY",3
Fang Fang Realty Inc. 芳芳地產,"816 59th St #2FL, Brooklyn, NY 11220, United States",40.6356256,-74.0086689,房地产公司,"Sunset Park, NY",3
Old Brooklyn Real Estate Inc,"266 47th St, Brooklyn, NY 11220, United States",40.649626,-74.01371639999999,房地产公司,"Sunset Park, NY",3
RE/MAX Team 恒富地产,"6212 5th Ave, Brooklyn, NY 11220, United States",40.638243,-74.0178789,房地产公司,"Sunset Park, NY",3
E House Realty & Management,"6005 7th Ave, Brooklyn, NY 11220, United States",40.6365476,-74.0118474,房地产公司,"Sunset Park, NY",3
Parkview Terrace Realty,"5215 7th Ave, Brooklyn, NY 11220, United States",40.6408666,-74.0072368,房地产公司,"Sunset Park, NY",3
Sunset Park RE,"5215 7th Ave, Brooklyn, NY 11220, United States",40.6409055,-74.0073082,房地产公司,"Sunset Park, NY",3
D'Finest Realty,"Brooklyn, NY 11232, United States",40.65221469999999,-74.0063335,房地产公司,"Sunset Park, NY",3
House Key Realty Llc.,"6012 5th Ave, Brooklyn, NY 11220, United States",40.6393907,-74.0164741,房地产公司,"Sunset Park, NY",3
Ritz Realty,"677 56th St, Brooklyn, NY 11220, United States",40.6393213,-74.0095875,房地产公司,"Sunset Park, NY",3
City View NY Real Estate Corp,"4019 8th Ave, Brooklyn, NY 11232, United States",40.6462586,-73.9981689,房地产公司,"Sunset Park, NY",3
LIX REAL ESTATE,"159 20th St #1b, Brooklyn, NY 11232, United States",40.6637757,-73.99557949999999,房地产公司,"Sunset Park, NY",3
Avadi Realty,"675 6th Ave, Brooklyn, NY 11215, United States",40.6609975,-73.9900208,房地产公司,"Sunset Park, NY",3
H.L. Dynasty Real Estate Corp.,"758 4th Ave, Brooklyn, NY 11232, United States",40.660695,-73.9981365,房地产公司,"Sunset Park, NY",3
E-House Realty & Management Inc.,"Brooklyn, NY 11219, United States",40.6280446,-74.0063481,房地产公司,"Sunset Park, NY",3
Superior Realty Co,"1344 43rd St, Brooklyn, NY 11219, United States",40.6374028,-73.9872573,房地产公司,"Sunset Park, NY",3
LCCW Realty Inc,"5602 8th Ave, Brooklyn, NY 11220, United States",40.6377563,-74.0074271,房地产公司,"Sunset Park, NY",3
Go EZ Realty,"4905 4th Ave Suite #1, Brooklyn, NY 11220, United States",40.6467629,-74.0119637,房地产公司,"Sunset Park, NY",3
Capital Home Realty,"829 57th St # 3f, Brooklyn, NY 11220, United States",40.6368412,-74.0068799,房地产公司,"Sunset Park, NY",3
Citynest Group - Real Estate,"506 5th Ave 2nd floor, Brooklyn, NY 11215, United States",40.667212,-73.988269,房地产公司,"Sunset Park, NY",3
纽约 布鲁克林,"975 40th St, Brooklyn, NY 11219, United States",40.6443272,-73.9936554,房地产公司,"Sunset Park, NY",3
成龙补习班/布禄崙中文学校,"829 60th St, Brooklyn, NY 11220, United States",40.63514989999999,-74.0086953,中文学校,"Sunset Park, NY",3
Ming Yuan Chinese School,"526 59th St, Brooklyn, NY 11220, United States",40.6386905,-74.0146219,中文学校,"Sunset Park, NY",3
Ming Yuan Chinese School,"526 59th St, Brooklyn, NY 11220, United States",40.6386905,-74.0146219,华人学校,"Sunset Park, NY",3
成龙补习班/布禄崙中文学校,"829 60th St, Brooklyn, NY 11220, United States",40.63514989999999,-74.0086953,华人学校,"Sunset Park, NY",3
Brooklyn Chinese-American Association Office,"4204 8th Ave, Brooklyn, NY 11232, United States",40.6455564,-73.999298,华人学校,"Sunset Park, NY",3
Brooklyn Chinese America Association,"5002 8th Ave, Brooklyn, NY 11220, United States",40.64116560000001,-74.0039994,华人学校,"Sunset Park, NY",3
New York Chinese School,"62 Mott St 3rd floor, New York, NY 10013, United States",40.7159896,-73.998024,华人学校,"Sunset Park, NY",3
Brooklyn Chinese - American Association Early Childhood Education Center,"871 50th St, Brooklyn, NY 11219, United States",40.6401115,-74.00178079999999,华人学校,"Sunset Park, NY",3
Modern Chinese School,"14480 Barclay Ave, Flushing, NY 11355, United States",40.7603203,-73.8182716,华人学校,"Sunset Park, NY",3
Modern Chinese School (Office),"13639 41st Ave #1A, Flushing, NY 11355, United States",40.7589604,-73.8282211,华人学校,"Sunset Park, NY",3
Sunset School of Cultural Learning,"270 59th St, Brooklyn, NY 11220, United States",40.6428962,-74.02067869999999,华人学校,"Sunset Park, NY",3
林師傅駕校,"5404 8th Ave, Brooklyn, NY 11220, United States",40.6388264,-74.00631330000002,华人学校,"Sunset Park, NY",3
成龙补习班/布禄崙中文学校,"829 60th St, Brooklyn, NY 11220, United States",40.63514989999999,-74.0086953,补习班,"Sunset Park, NY",3
Angel Advantage Center [8th Ave Branch],"825 57th St Suite 101, Brooklyn, NY 11220, United States",40.6368854,-74.0069213,补习班,"Sunset Park, NY",3
Emath,"829 60th St, Brooklyn, NY 11220, United States",40.6352694,-74.0085977,补习班,"Sunset Park, NY",3
Sunset Park,"7th Avenue &, 43rd St, Brooklyn, NY 11232, United States",40.6479517,-74.0037443,华人媒体,"Sunset Park, NY",3
Brooklyn Chinese-American Association Office,"4204 8th Ave, Brooklyn, NY 11232, United States",40.6455564,-73.999298,华人媒体,"Sunset Park, NY",3
Sing Tao Newspaper NY Ltd,"5510 8th Ave #202, Brooklyn, NY 11220, United States",40.6381891,-74.00697149999999,中文报纸,"Sunset Park, NY",3
Brooklyn Chinese America Association,"5002 8th Ave, Brooklyn, NY 11220, United States",40.64116560000001,-74.0039994,华人日报,"Sunset Park, NY",3
Sunset Park,"7th Avenue &, 43rd St, Brooklyn, NY 11232, United States",40.6479517,-74.0037443,华人日报,"Sunset Park, NY",3
Kuan Sing Food Market Inc.,"5712 8th Ave, Brooklyn, NY 11220, United States",40.6370251,-74.0081825,华人日报,"Sunset Park, NY",3
Chinese-American Planning Council - Brooklyn Community Service,"4101 8th Ave, Brooklyn, NY 11232, United States",40.645924,-73.9982646,华人日报,"Sunset Park, NY",3
Hainan Chicken House | 海南鸡记,"4807 8th Ave, Brooklyn, NY 11220, United States",40.6419485,-74.0026598,华人日报,"Sunset Park, NY",3
Brooklyn Chinese American Association,"812 54th St #1, Brooklyn, NY 11220, United States",40.638565,-74.0057369,华人日报,"Sunset Park, NY",3
Tzu Chi USA Brooklyn Service Center,"513 57th St, Brooklyn, NY 11220, United States",40.64101710000001,-74.0138904,华人日报,"Sunset Park, NY",3
Brooklyn Chinese-American Association Office,"4204 8th Ave, Brooklyn, NY 11232, United States",40.6455564,-73.999298,华人日报,"Sunset Park, NY",3
Brooklyn Chinese American Association,"7207 8th Ave, Brooklyn, NY 11228, United States",40.6284109,-74.01671759999999,华人日报,"Sunset Park, NY",3
Sunset Park BID,"5116 5th Ave #3, Brooklyn, NY 11220, United States",40.6443252,-74.0113338,华人日报,"Sunset Park, NY",3
"Chinese American Sunshine House, Inc.","837 58th St #3, Brooklyn, NY 11220, United States",40.6361686,-74.0073118,华人日报,"Sunset Park, NY",3
You Jia Food INC. Grocery,"4702 7th Ave, Brooklyn, NY 11220, United States",40.6441724,-74.0045392,华人日报,"Sunset Park, NY",3
Brooklyn Chinese-American Association Eighth Avenue Senior Citizens Center,"5007 7th Ave, Brooklyn, NY 11220, United States",40.64218630000001,-74.0060044,华人日报,"Sunset Park, NY",3
New York City Brooklyn Sign Language Congregation,"517 46th St, Brooklyn, NY 11220, United States",40.6471497,-74.007446,华人日报,"Sunset Park, NY",3
Sing Tao Newspaper NY Ltd,"5510 8th Ave #202, Brooklyn, NY 11220, United States",40.6381891,-74.00697149999999,华人日报,"Sunset Park, NY",3
Sunset Park,"7th Avenue &, 43rd St, Brooklyn, NY 11232, United States",40.6479517,-74.0037443,星岛日报,"Sunset Park, NY",3
