{
"type": "FeatureCollection",
"name": "L1",
"crs": { "type": "name", "properties": { "name": "urn:ogc:def:crs:OGC:1.3:CRS84" } },
"features": [
{ "type": "Feature", "properties": { "Business_Name": "3DESSERT", "Neighborhood": "Flushing", "Address": "136-20 Roosevelt Ave #010, Flushing, NY 11354, United States", "Geocode_Status": "Success" }, "geometry": { "type": "Point", "coordinates": [ -73.8291343, 40.7593046 ] } },
{ "type": "Feature", "properties": { "Business_Name": "Snack curator", "Neighborhood": "Flushing", "Address": "19808 33rd Ave, Bayside, NY 11358, United States", "Geocode_Status": "Success" }, "geometry": { "type": "Point", "coordinates": [ -73.7899522, 40.7674089 ] } },
{ "type": "Feature", "properties": { "Business_Name": "Fish With You", "Neighborhood": "Flushing", "Address": "135-25a 40th Rd, Flushing, NY 11354, United States", "Geocode_Status": "Success" }, "geometry": { "type": "Point", "coordinates": [ -73.8307877, 40.7588327 ] } },
{ "type": "Feature", "properties": { "Business_Name": "Niuddo", "Neighborhood": "Flushing", "Address": "41-42 Main St, Flushing, NY 11355, United States", "Geocode_Status": "Success" }, "geometry": { "type": "Point", "coordinates": [ -73.8291138, 40.7569879 ] } },
{ "type": "Feature", "properties": { "Business_Name": "Fat Bro BBQ", "Neighborhood": "Flushing", "Address": "142-41 Roosevelt Ave, Flushing, NY 11354, United States", "Geocode_Status": "Success" }, "geometry": { "type": "Point", "coordinates": [ -73.8248896, 40.7610236 ] } },
{ "type": "Feature", "properties": { "Business_Name": "HWARAK KOREAN CHICKEN (Flushing)", "Neighborhood": "Flushing", "Address": "136-95 Roosevelt Ave, Flushing, NY 11354, United States", "Geocode_Status": "Success" }, "geometry": { "type": "Point", "coordinates": [ -73.826797, 40.7605248 ] } },
{ "type": "Feature", "properties": { "Business_Name": "Wan Hao", "Neighborhood": "Flushing", "Address": "41-42 College Point Blvd #1B, Flushing, NY 11355, United States", "Geocode_Status": "Success" }, "geometry": { "type": "Point", "coordinates": [ -73.8334803, 40.7551426 ] } },
{ "type": "Feature", "properties": { "Business_Name": "Tian Fu Spicy Pot Flushing", "Neighborhood": "Flushing", "Address": "136-20 Roosevelt Ave #2m, Flushing, NY 11354, United States", "Geocode_Status": "Success" }, "geometry": { "type": "Point", "coordinates": [ -73.8294, 40.7592 ] } },
{ "type": "Feature", "properties": { "Business_Name": "Yi Fang", "Neighborhood": "Flushing", "Address": "135-37 40th Rd, Flushing, NY 11354, United States", "Geocode_Status": "Success" }, "geometry": { "type": "Point", "coordinates": [ -73.8302973, 40.7589355 ] } },
{ "type": "Feature", "properties": { "Business_Name": "K-POP Chicken", "Neighborhood": "Flushing", "Address": "149-06 Northern Blvd, Flushing, NY 11354, United States", "Geocode_Status": "Success" }, "geometry": { "type": "Point", "coordinates": [ -73.8168639, 40.7651402 ] } },
{ "type": "Feature", "properties": { "Business_Name": "Fu Yuan", "Neighborhood": "Flushing", "Address": "135-43 Roosevelt Ave, Flushing, NY 11354, United States", "Geocode_Status": "Success" }, "geometry": { "type": "Point", "coordinates": [ -73.8306215, 40.7595514 ] } },
{ "type": "Feature", "properties": { "Business_Name": "Henan Huimian", "Neighborhood": "Flushing", "Address": "136-31 41st Ave, Flushing, NY 11355, United States", "Geocode_Status": "Success" }, "geometry": { "type": "Point", "coordinates": [ -73.8284962, 40.759021 ] } },
{ "type": "Feature", "properties": { "Business_Name": "Pho Hoang", "Neighborhood": "Flushing", "Address": "41-01 Kissena Blvd, Flushing, NY 11355, United States", "Geocode_Status": "Success" }, "geometry": { "type": "Point", "coordinates": [ -73.8290597, 40.7583937 ] } },
{ "type": "Feature", "properties": { "Business_Name": "Meng Jing", "Neighborhood": "Flushing", "Address": "136-17 37th Ave, Flushing, NY 11354, United States", "Geocode_Status": "Success" }, "geometry": { "type": "Point", "coordinates": [ -73.8336825, 40.758966 ] } },
{ "type": "Feature", "properties": { "Business_Name": "Mango Mango", "Neighborhood": "Flushing", "Address": "136-28 39th Ave, Flushing, NY 11354, United States", "Geocode_Status": "Success" }, "geometry": { "type": "Point", "coordinates": [ -73.8292432, 40.7603449 ] } },
{ "type": "Feature", "properties": { "Business_Name": "Corner 28", "Neighborhood": "Flushing", "Address": "135-24 40th Rd, Flushing, NY 11354, United States", "Geocode_Status": "Success" }, "geometry": { "type": "Point", "coordinates": [ -73.8306822, 40.7585755 ] } },
{ "type": "Feature", "properties": { "Business_Name": "Apollo Bakery", "Neighborhood": "Flushing", "Address": "135-36 39th Ave, Flushing, NY 11354, United States", "Geocode_Status": "Success" }, "geometry": { "type": "Point", "coordinates": [ -73.8310966, 40.7600036 ] } },
{ "type": "Feature", "properties": { "Business_Name": "Taipei Hong", "Neighborhood": "Flushing", "Address": "136-55 Roosevelt Ave, Flushing, NY 11354, United States", "Geocode_Status": "Success" }, "geometry": { "type": "Point", "coordinates": [ -73.8282233, 40.7602681 ] } },
{ "type": "Feature", "properties": { "Business_Name": "Xian Food", "Neighborhood": "Flushing", "Address": "41-10 Main St, Flushing, NY 11355, United States", "Geocode_Status": "Success" }, "geometry": { "type": "Point", "coordinates": [ -73.8296542, 40.7578699 ] } },
{ "type": "Feature", "properties": { "Business_Name": "Royal Queen", "Neighborhood": "Flushing", "Address": "136-20 Roosevelt Ave 3rd floor, Queens, NY 11354, United States", "Geocode_Status": "Success" }, "geometry": { "type": "Point", "coordinates": [ -73.8291601, 40.7594017 ] } },
{ "type": "Feature", "properties": { "Business_Name": "Qingdao restaurant", "Neighborhood": "Flushing", "Address": "40-46 Main St, Flushing, NY 11354, United States", "Geocode_Status": "Success" }, "geometry": { "type": "Point", "coordinates": [ -73.8297651, 40.7583559 ] } },
{ "type": "Feature", "properties": { "Business_Name": "Mala Dry Pot", "Neighborhood": "Flushing", "Address": "135-5 Roosevelt Ave, Flushing, NY 11354, United States", "Geocode_Status": "Success" }, "geometry": { "type": "Point", "coordinates": [ -73.8316554, 40.7591696 ] } },
{ "type": "Feature", "properties": { "Business_Name": "Jiaozhen", "Neighborhood": "Flushing", "Address": "37-12 Main St, Flushing, NY 11354, United States", "Geocode_Status": "Success" }, "geometry": { "type": "Point", "coordinates": [ -73.8310692, 40.7611072 ] } },
{ "type": "Feature", "properties": { "Business_Name": "Bobo Yeah", "Neighborhood": "Flushing", "Address": "149-44 41st Ave, Flushing, NY 11355, United States", "Geocode_Status": "Success" }, "geometry": { "type": "Point", "coordinates": [ -73.8142647, 40.7623832 ] } },
{ "type": "Feature", "properties": { "Business_Name": "Roosevelt BBQ", "Neighborhood": "Flushing", "Address": "136-88 Roosevelt Ave, Flushing, NY 11354, United States", "Geocode_Status": "Success" }, "geometry": { "type": "Point", "coordinates": [ -73.8269517, 40.760168 ] } },
{ "type": "Feature", "properties": { "Business_Name": "Maxi's Noodle", "Neighborhood": "Flushing", "Address": "135-11 38th Ave, Flushing, NY 11354, United States", "Geocode_Status": "Success" }, "geometry": { "type": "Point", "coordinates": [ -73.8322148, 40.7604397 ] } },
{ "type": "Feature", "properties": { "Business_Name": "Che Li", "Neighborhood": "Flushing", "Address": "133-42 39th Ave STE 102, Queens, NY 11354, United States", "Geocode_Status": "Success" }, "geometry": { "type": "Point", "coordinates": [ -73.83262, 40.7595081 ] } },
{ "type": "Feature", "properties": { "Business_Name": "Wong Nutrition", "Neighborhood": "Flushing", "Address": "133-51 Roosevelt Ave suite, Flushing, NY 11354, United States", "Geocode_Status": "Success" }, "geometry": { "type": "Point", "coordinates": [ -73.8326111, 40.7588958 ] } },
{ "type": "Feature", "properties": { "Business_Name": "Tantou Wang's", "Neighborhood": "Flushing", "Address": "4118 Main St, Flushing, NY 11354, United States", "Geocode_Status": "Success" }, "geometry": { "type": "Point", "coordinates": [ -73.8294209, 40.7576601 ] } },
{ "type": "Feature", "properties": { "Business_Name": "GAN-HOO BBQ", "Neighborhood": "Flushing", "Address": "3702 Main St 2nd FLOOR, Flushing, NY 11354, United States", "Geocode_Status": "Success" }, "geometry": { "type": "Point", "coordinates": [ -73.8316475, 40.7612869 ] } },
{ "type": "Feature", "properties": { "Business_Name": "Sheng Dian", "Neighborhood": "Flushing", "Address": "41-40 Main St, Flushing, NY 11355, United States", "Geocode_Status": "Success" }, "geometry": { "type": "Point", "coordinates": [ -73.8291611, 40.7570681 ] } },
{ "type": "Feature", "properties": { "Business_Name": "zhengxinfood", "Neighborhood": "Flushing", "Address": "40-33 Main St 1 FL, Flushing, NY 11354, United States", "Geocode_Status": "Success" }, "geometry": { "type": "Point", "coordinates": [ -73.8291003, 40.7587575 ] } },
{ "type": "Feature", "properties": { "Business_Name": "Hanhan Noodle House", "Neighborhood": "Flushing", "Address": "135-45 Roosevelt Ave, Flushing, NY 11354, United States", "Geocode_Status": "Success" }, "geometry": { "type": "Point", "coordinates": [ -73.8305339, 40.7595848 ] } },
{ "type": "Feature", "properties": { "Business_Name": "Yukun meat pie", "Neighborhood": "Flushing", "Address": "136-21 Roosevelt Ave # A1, Flushing, NY 11354, United States", "Geocode_Status": "Success" }, "geometry": { "type": "Point", "coordinates": [ -73.8293434, 40.7599986 ] } },
{ "type": "Feature", "properties": { "Business_Name": "Bearin Wheel Pie", "Neighborhood": "Flushing", "Address": "136-21 Roosevelt Ave, Flushing, NY 11354, United States", "Geocode_Status": "Success" }, "geometry": { "type": "Point", "coordinates": [ -73.8293434, 40.7599986 ] } },
{ "type": "Feature", "properties": { "Business_Name": "Zhengzhou Nutritions Noodles", "Neighborhood": "Flushing", "Address": "136-17 41st Ave, Flushing, NY 11355, United States", "Geocode_Status": "Success" }, "geometry": { "type": "Point", "coordinates": [ -73.8289625, 40.7588005 ] } },
{ "type": "Feature", "properties": { "Business_Name": "Shanghai You Garden", "Neighborhood": "Flushing", "Address": "135-33 40th Rd, Flushing, NY 11354, United States", "Geocode_Status": "Success" }, "geometry": { "type": "Point", "coordinates": [ -73.8304711, 40.7588918 ] } },
{ "type": "Feature", "properties": { "Business_Name": "BILIN", "Neighborhood": "Flushing", "Address": "3017 Stratton St, Flushing, NY 11354, United States", "Geocode_Status": "Success" }, "geometry": { "type": "Point", "coordinates": [ -73.8342737, 40.7696141 ] } },
{ "type": "Feature", "properties": { "Business_Name": "QUICITOP", "Neighborhood": "Flushing", "Address": "135-24 40th Rd, Flushing, NY 11354, United States", "Geocode_Status": "Success" }, "geometry": { "type": "Point", "coordinates": [ -73.830645, 40.758496 ] } },
{ "type": "Feature", "properties": { "Business_Name": "King Crab House", "Neighborhood": "Flushing", "Address": "135-11 40th Rd, Flushing, NY 11354, United States", "Geocode_Status": "Success" }, "geometry": { "type": "Point", "coordinates": [ -73.8312527, 40.7586733 ] } },
{ "type": "Feature", "properties": { "Business_Name": "Wonjo Tofu House", "Neighborhood": "Flushing", "Address": "136-17 39th Ave, Flushing, NY 11354, United States", "Geocode_Status": "Success" }, "geometry": { "type": "Point", "coordinates": [ -73.8294657, 40.7608999 ] } },
{ "type": "Feature", "properties": { "Business_Name": "Xiaowei Duck Neck", "Neighborhood": "Flushing", "Address": "136-55 Roosevelt Ave, Flushing, NY 11354, United States", "Geocode_Status": "Success" }, "geometry": { "type": "Point", "coordinates": [ -73.8281813, 40.760181 ] } },
{ "type": "Feature", "properties": { "Business_Name": "Mochiido", "Neighborhood": "Flushing", "Address": "135-15 40th Rd, Flushing, NY 11354, United States", "Geocode_Status": "Success" }, "geometry": { "type": "Point", "coordinates": [ -73.8310691, 40.7588497 ] } },
{ "type": "Feature", "properties": { "Business_Name": "Moge Tea", "Neighborhood": "Flushing", "Address": "38-03 Main St, Flushing, NY 11354, United States", "Geocode_Status": "Success" }, "geometry": { "type": "Point", "coordinates": [ -73.8305589, 40.7607802 ] } },
{ "type": "Feature", "properties": { "Business_Name": "Jiyou Braised Food", "Neighborhood": "Flushing", "Address": "133-36 37th Ave G17, Flushing, NY 11354, United States", "Geocode_Status": "Success" }, "geometry": { "type": "Point", "coordinates": [ -73.8337137, 40.7602825 ] } },
{ "type": "Feature", "properties": { "Business_Name": "Fuzhou delicious food", "Neighborhood": "Flushing", "Address": "40-09 Prince St, Flushing, NY 11354, United States", "Geocode_Status": "Success" }, "geometry": { "type": "Point", "coordinates": [ -73.8314568, 40.7584802 ] } },
{ "type": "Feature", "properties": { "Business_Name": "Nut Orchard Inc", "Neighborhood": "Flushing", "Address": "41-22 Main St, Flushing, NY 11355, United States", "Geocode_Status": "Success" }, "geometry": { "type": "Point", "coordinates": [ -73.8294175, 40.7575812 ] } },
{ "type": "Feature", "properties": { "Business_Name": "Northern dumpling House", "Neighborhood": "Flushing", "Address": "41-22 Main St, Flushing, NY 11355, United States", "Geocode_Status": "Success" }, "geometry": { "type": "Point", "coordinates": [ -73.8294138, 40.7575715 ] } },
{ "type": "Feature", "properties": { "Business_Name": "Tai Pan Bakery", "Neighborhood": "Flushing", "Address": "37-25 Main St, Flushing, NY 11354, United States", "Geocode_Status": "Success" }, "geometry": { "type": "Point", "coordinates": [ -73.8307122, 40.7610794 ] } },
{ "type": "Feature", "properties": { "Business_Name": "Susuru", "Neighborhood": "Flushing", "Address": "33-19 36th Ave, Long Island City, NY 11106, United States", "Geocode_Status": "Success" }, "geometry": { "type": "Point", "coordinates": [ -73.9273636, 40.7556939 ] } },
{ "type": "Feature", "properties": { "Business_Name": "Spot Dessert Bar", "Neighborhood": "Flushing", "Address": "39-16 Prince St, Flushing, NY 11354, United States", "Geocode_Status": "Success" }, "geometry": { "type": "Point", "coordinates": [ -73.8322459, 40.7591025 ] } },
{ "type": "Feature", "properties": { "Business_Name": "DongLaiShun", "Neighborhood": "Flushing", "Address": "133-36 37th Ave, Flushing, NY 11354, United States", "Geocode_Status": "Success" }, "geometry": { "type": "Point", "coordinates": [ -73.8335025, 40.7602944 ] } },
{ "type": "Feature", "properties": { "Business_Name": "Iki Japanese Cuisine", "Neighborhood": "Flushing", "Address": "133-42 39th Ave h04, Flushing, NY 11354, United States", "Geocode_Status": "Success" }, "geometry": { "type": "Point", "coordinates": [ -73.8327012, 40.7594822 ] } },
{ "type": "Feature", "properties": { "Business_Name": "weizhjia", "Neighborhood": "Flushing", "Address": "133-36 37th Ave G17, Flushing, NY 11354, United States", "Geocode_Status": "Success" }, "geometry": { "type": "Point", "coordinates": [ -73.8337137, 40.7602825 ] } },
{ "type": "Feature", "properties": { "Business_Name": "TEAPULSE", "Neighborhood": "Flushing", "Address": "37-17 Prince St, Flushing, NY 11354, United States", "Geocode_Status": "Success" }, "geometry": { "type": "Point", "coordinates": [ -73.8325991, 40.7604211 ] } },
{ "type": "Feature", "properties": { "Business_Name": "Laochengdu", "Neighborhood": "Flushing", "Address": "37-17 Prince St, Flushing, NY 11354, United States", "Geocode_Status": "Success" }, "geometry": { "type": "Point", "coordinates": [ -73.8325185, 40.7603491 ] } },
{ "type": "Feature", "properties": { "Business_Name": "KimGaNae", "Neighborhood": "Flushing", "Address": "39-12 Union St, Flushing, NY 11354, United States", "Geocode_Status": "Success" }, "geometry": { "type": "Point", "coordinates": [ -73.826941, 40.760719 ] } },
{ "type": "Feature", "properties": { "Business_Name": "Kungfu Tea", "Neighborhood": "Flushing", "Address": "Store #7, 136-20 38th Ave, Flushing, NY 11354, United States", "Geocode_Status": "Success" }, "geometry": { "type": "Point", "coordinates": [ -73.8294896, 40.7607457 ] } },
{ "type": "Feature", "properties": { "Business_Name": "Y Space BBQ", "Neighborhood": "Flushing", "Address": "138-25 39th Ave, Flushing, NY 11354, United States", "Geocode_Status": "Success" }, "geometry": { "type": "Point", "coordinates": [ -73.8280482, 40.7609319 ] } },
{ "type": "Feature", "properties": { "Business_Name": "Tong Xuan You Pin", "Neighborhood": "Flushing", "Address": "4112A Main St, Flushing, NY 11355, United States", "Geocode_Status": "Success" }, "geometry": { "type": "Point", "coordinates": [ -73.8296227, 40.7577816 ] } },
{ "type": "Feature", "properties": { "Business_Name": "Mountain House", "Neighborhood": "Flushing", "Address": "3916 Prince St g03, Flushing, NY 11354, United States", "Geocode_Status": "Success" }, "geometry": { "type": "Point", "coordinates": [ -73.8322754, 40.7593424 ] } },
{ "type": "Feature", "properties": { "Business_Name": "Chongqing Zaier", "Neighborhood": "Flushing", "Address": "136-20 Roosevelt Ave, Flushing, NY 11354, United States", "Geocode_Status": "Success" }, "geometry": { "type": "Point", "coordinates": [ -73.829133, 40.759346 ] } },
{ "type": "Feature", "properties": { "Business_Name": "PanBao66", "Neighborhood": "Flushing", "Address": "136-20 Roosevelt Ave #29, Flushing, NY 11354, United States", "Geocode_Status": "Success" }, "geometry": { "type": "Point", "coordinates": [ -73.829053, 40.759321 ] } },
{ "type": "Feature", "properties": { "Business_Name": "Kunfu Tea", "Neighborhood": "Flushing", "Address": "Store #7, 136-20 38th Ave, Flushing, NY 11354, United States", "Geocode_Status": "Success" }, "geometry": { "type": "Point", "coordinates": [ -73.8294896, 40.7607457 ] } },
{ "type": "Feature", "properties": { "Business_Name": "Meng's Kitchen", "Neighborhood": "Flushing", "Address": "136-20 Roosevelt Ave #27, Flushing, NY 11354, United States", "Geocode_Status": "Success" }, "geometry": { "type": "Point", "coordinates": [ -73.8291343, 40.7593046 ] } },
{ "type": "Feature", "properties": { "Business_Name": "Mr Fat", "Neighborhood": "Flushing", "Address": "Foot Court #6, 133-35, Roosevelt Ave, Flushing, NY 11354, United States", "Geocode_Status": "Success" }, "geometry": { "type": "Point", "coordinates": [ -73.8330591, 40.7587137 ] } },
{ "type": "Feature", "properties": { "Business_Name": "Fat Donglai", "Neighborhood": "Flushing", "Address": "41-82 Main St, Flushing, NY 11355, United States", "Geocode_Status": "Success" }, "geometry": { "type": "Point", "coordinates": [ -73.8285697, 40.7556609 ] } },
{ "type": "Feature", "properties": { "Business_Name": "Nai Brother", "Neighborhood": "Flushing", "Address": "135-03A Roosevelt Ave, Flushing, NY 11354, United States", "Geocode_Status": "Success" }, "geometry": { "type": "Point", "coordinates": [ -73.8317323, 40.7591916 ] } },
{ "type": "Feature", "properties": { "Business_Name": "Shi Yue", "Neighborhood": "Flushing", "Address": "136-14 38th Ave, Flushing, NY 11354, United States", "Geocode_Status": "Success" }, "geometry": { "type": "Point", "coordinates": [ -73.8301546, 40.7609211 ] } },
{ "type": "Feature", "properties": { "Business_Name": "Champion Pizza", "Neighborhood": "Flushing", "Address": "136-31 Roosevelt Ave, Flushing, NY 11354, United States", "Geocode_Status": "Success" }, "geometry": { "type": "Point", "coordinates": [ -73.8289862, 40.7600046 ] } },
{ "type": "Feature", "properties": { "Business_Name": "Friend House", "Neighborhood": "Flushing", "Address": "137-16 Northern Blvd, Flushing, NY 11354, United States", "Geocode_Status": "Success" }, "geometry": { "type": "Point", "coordinates": [ -73.8303549, 40.763065 ] } },
{ "type": "Feature", "properties": { "Business_Name": "Old Captain' s Dumpling", "Neighborhood": "Flushing", "Address": "135-23 40th Rd, Flushing, NY 11354, United States", "Geocode_Status": "Success" }, "geometry": { "type": "Point", "coordinates": [ -73.8307351, 40.7587703 ] } },
{ "type": "Feature", "properties": { "Business_Name": "Malay Restaurant", "Neighborhood": "Flushing", "Address": "135-17 40th Rd, Flushing, NY 11354, United States", "Geocode_Status": "Success" }, "geometry": { "type": "Point", "coordinates": [ -73.8308939, 40.7586937 ] } },
{ "type": "Feature", "properties": { "Business_Name": "Fresh Sushi", "Neighborhood": "Flushing", "Address": "135-24 40th Rd, Flushing, NY 11354, United States", "Geocode_Status": "Success" }, "geometry": { "type": "Point", "coordinates": [ -73.830645, 40.758496 ] } },
{ "type": "Feature", "properties": { "Business_Name": "Ming Wei", "Neighborhood": "Flushing", "Address": "40-52 Main St, Queens, NY 11354, United States", "Geocode_Status": "Success" }, "geometry": { "type": "Point", "coordinates": [ -73.8297312, 40.7581905 ] } },
{ "type": "Feature", "properties": { "Business_Name": "Alley 41", "Neighborhood": "Flushing", "Address": "136-45 41st Ave, Flushing, NY 11355, United States", "Geocode_Status": "Success" }, "geometry": { "type": "Point", "coordinates": [ -73.8279815, 40.7590105 ] } },
{ "type": "Feature", "properties": { "Business_Name": "OH K-DOG", "Neighborhood": "Flushing", "Address": "136-17 39th Ave, Flushing, NY 11354, United States", "Geocode_Status": "Success" }, "geometry": { "type": "Point", "coordinates": [ -73.8298122, 40.760574 ] } },
{ "type": "Feature", "properties": { "Business_Name": "Cuigu Cup", "Neighborhood": "Flushing", "Address": "13617 39th Ave, Flushing, NY 11354, United States", "Geocode_Status": "Success" }, "geometry": { "type": "Point", "coordinates": [ -73.8294676, 40.7609026 ] } },
{ "type": "Feature", "properties": { "Business_Name": "Sundaes best", "Neighborhood": "Flushing", "Address": "136-17 39th Ave, Flushing, NY 11354, United States", "Geocode_Status": "Success" }, "geometry": { "type": "Point", "coordinates": [ -73.8296874, 40.7607759 ] } },
{ "type": "Feature", "properties": { "Business_Name": "A bite of Fuzhou", "Neighborhood": "Flushing", "Address": "41-30 41st Rd, Flushing, NY 11355, United States", "Geocode_Status": "Success" }, "geometry": { "type": "Point", "coordinates": [ -73.8294139, 40.757288 ] } },
{ "type": "Feature", "properties": { "Business_Name": "Dreamates", "Neighborhood": "Flushing", "Address": "133-35, 11354 Roosevelt Ave, Flushing, NY 11354, United States", "Geocode_Status": "Success" }, "geometry": { "type": "Point", "coordinates": [ -73.8331334, 40.7588367 ] } },
{ "type": "Feature", "properties": { "Business_Name": "CoocoocachooÂ·Tangram", "Neighborhood": "Flushing", "Address": "133-33 39th Ave, Flushing, NY 11354, United States", "Geocode_Status": "Success" }, "geometry": { "type": "Point", "coordinates": [ -73.8337541, 40.7600622 ] } },
{ "type": "Feature", "properties": { "Business_Name": "Mr. Dong", "Neighborhood": "Flushing", "Address": "136-70 Roosevelt Ave, Flushing, NY 11354, United States", "Geocode_Status": "Success" }, "geometry": { "type": "Point", "coordinates": [ -73.8274772, 40.7600431 ] } },
{ "type": "Feature", "properties": { "Business_Name": "Shakaraka Bakery", "Neighborhood": "Flushing", "Address": "136-76 Roosevelt Ave, Flushing, NY 11354, United States", "Geocode_Status": "Success" }, "geometry": { "type": "Point", "coordinates": [ -73.8273423, 40.760089 ] } },
{ "type": "Feature", "properties": { "Business_Name": "Shakalaka Bakery", "Neighborhood": "Flushing", "Address": "136-76 Roosevelt Ave, Flushing, NY 11354, United States", "Geocode_Status": "Success" }, "geometry": { "type": "Point", "coordinates": [ -73.8273423, 40.760089 ] } },
{ "type": "Feature", "properties": { "Business_Name": "River Sushi", "Neighborhood": "Flushing", "Address": "37-18 Main St, Flushing, NY 11354, United States", "Geocode_Status": "Success" }, "geometry": { "type": "Point", "coordinates": [ -73.8311552, 40.7609474 ] } },
{ "type": "Feature", "properties": { "Business_Name": "Beijing Hotpot", "Neighborhood": "Flushing", "Address": "39-16 Prince St G02, Flushing, NY 11354, United States", "Geocode_Status": "Success" }, "geometry": { "type": "Point", "coordinates": [ -73.8326151, 40.7591841 ] } },
{ "type": "Feature", "properties": { "Business_Name": "Mr. Bear", "Neighborhood": "Flushing", "Address": "39-16 Prince St, Flushing, NY 11354, United States", "Geocode_Status": "Success" }, "geometry": { "type": "Point", "coordinates": [ -73.8322758, 40.7593433 ] } },
{ "type": "Feature", "properties": { "Business_Name": "Liuyishou Hotpot", "Neighborhood": "Flushing", "Address": "136-76 39th Ave, Flushing, NY 11354, United States", "Geocode_Status": "Success" }, "geometry": { "type": "Point", "coordinates": [ -73.8276729, 40.7607682 ] } },
{ "type": "Feature", "properties": { "Business_Name": "Haidilao Hotpot", "Neighborhood": "Flushing", "Address": "138-23 39th Ave, Flushing, NY 11354, United States", "Geocode_Status": "Success" }, "geometry": { "type": "Point", "coordinates": [ -73.8280583, 40.7613242 ] } },
{ "type": "Feature", "properties": { "Business_Name": "Jiang Nan", "Neighborhood": "Flushing", "Address": "133-42 39th Ave STE 101, Flushing, NY 11354, United States", "Geocode_Status": "Success" }, "geometry": { "type": "Point", "coordinates": [ -73.8327061, 40.7594412 ] } },
{ "type": "Feature", "properties": { "Business_Name": "Shuangxi Dumpling", "Neighborhood": "Flushing", "Address": "39-16 Prince St #104, Flushing, NY 11354, United States", "Geocode_Status": "Success" }, "geometry": { "type": "Point", "coordinates": [ -73.8324111, 40.7595745 ] } },
{ "type": "Feature", "properties": { "Business_Name": "Spicy MaMa", "Neighborhood": "Flushing", "Address": "41-28 Main St, Flushing, NY 11355, United States", "Geocode_Status": "Success" }, "geometry": { "type": "Point", "coordinates": [ -73.8294097, 40.75729 ] } },
{ "type": "Feature", "properties": { "Business_Name": "Ginza Don", "Neighborhood": "Flushing", "Address": "41-28 Main St T2, Flushing, NY 11355, United States", "Geocode_Status": "Success" }, "geometry": { "type": "Point", "coordinates": [ -73.829469, 40.7572628 ] } },
{ "type": "Feature", "properties": { "Business_Name": "Good Coconut", "Neighborhood": "Flushing", "Address": "41-28 Main St T6, Flushing, NY 11354, United States", "Geocode_Status": "Success" }, "geometry": { "type": "Point", "coordinates": [ -73.8294161, 40.7572028 ] } },
{ "type": "Feature", "properties": { "Business_Name": "Yuan Yang", "Neighborhood": "Flushing", "Address": "38-14 Prince St, Flushing, NY 11354, United States", "Geocode_Status": "Success" }, "geometry": { "type": "Point", "coordinates": [ -73.8326264, 40.7598214 ] } },
{ "type": "Feature", "properties": { "Business_Name": "Yin Ji Chang Fen", "Neighborhood": "Flushing", "Address": "38-12 Prince St, Flushing, NY 11354, United States", "Geocode_Status": "Success" }, "geometry": { "type": "Point", "coordinates": [ -73.8326465, 40.7598593 ] } },
{ "type": "Feature", "properties": { "Business_Name": "Tianjin Sugar Fried Chestnuts", "Neighborhood": "Flushing", "Address": "135-02-6, Roosevelt Ave, Flushing, NY 11354, United States", "Geocode_Status": "Success" }, "geometry": { "type": "Point", "coordinates": [ -73.8316234, 40.7587421 ] } },
{ "type": "Feature", "properties": { "Business_Name": "Tsaocha", "Neighborhood": "Flushing", "Address": "38-04 Prince St, Flushing, NY 11354, United States", "Geocode_Status": "Success" }, "geometry": { "type": "Point", "coordinates": [ -73.8327755, 40.7599915 ] } },
{ "type": "Feature", "properties": { "Business_Name": "Little store", "Neighborhood": "Flushing", "Address": "127th St, Flushing, NY 11354, United States", "Geocode_Status": "Success" }, "geometry": { "type": "Point", "coordinates": [ -73.8415663, 40.7755585 ] } },
{ "type": "Feature", "properties": { "Business_Name": "Zhenmeiwei Dumpling", "Neighborhood": "Flushing", "Address": "41-42A Main St, Flushing, NY 11355, United States", "Geocode_Status": "Success" }, "geometry": { "type": "Point", "coordinates": [ -73.8291138, 40.7569879 ] } },
{ "type": "Feature", "properties": { "Business_Name": "Chung moo", "Neighborhood": "Flushing", "Address": "39-04 Union St, Flushing, NY 11354, United States", "Geocode_Status": "Success" }, "geometry": { "type": "Point", "coordinates": [ -73.8269949, 40.7607975 ] } },
{ "type": "Feature", "properties": { "Business_Name": "Morning Bakery", "Neighborhood": "Flushing", "Address": "40-30 Union St, Flushing, NY 11354, United States", "Geocode_Status": "Success" }, "geometry": { "type": "Point", "coordinates": [ -73.8263229, 40.7595487 ] } },
{ "type": "Feature", "properties": { "Business_Name": "Mamie's YogurtÂ·Tangram", "Neighborhood": "Flushing", "Address": "133-36 37th Ave unit f 15, Flushing, NY 11354, United States", "Geocode_Status": "Success" }, "geometry": { "type": "Point", "coordinates": [ -73.8335025, 40.7602944 ] } },
{ "type": "Feature", "properties": { "Business_Name": "Na Tart", "Neighborhood": "Flushing", "Address": "133-36 37th Ave, Flushing, NY 11354, United States", "Geocode_Status": "Success" }, "geometry": { "type": "Point", "coordinates": [ -73.833996, 40.7600539 ] } },
{ "type": "Feature", "properties": { "Business_Name": "Soft SwerveÂ·Tangram", "Neighborhood": "Flushing", "Address": "Tangram Food Court, 37-12 Prince St, Flushing, NY 11354, United States", "Geocode_Status": "Success" }, "geometry": { "type": "Point", "coordinates": [ -73.8331616, 40.7604178 ] } },
{ "type": "Feature", "properties": { "Business_Name": "Congee Village", "Neighborhood": "Flushing", "Address": "36-36 Prince St, Flushing, NY 11354, United States", "Geocode_Status": "Success" }, "geometry": { "type": "Point", "coordinates": [ -73.8330579, 40.7610111 ] } },
{ "type": "Feature", "properties": { "Business_Name": "698 Cafe", "Neighborhood": "Flushing", "Address": "39-07 Prince St, Flushing, NY 11354, United States", "Geocode_Status": "Success" }, "geometry": { "type": "Point", "coordinates": [ -73.8320321, 40.7594624 ] } },
{ "type": "Feature", "properties": { "Business_Name": "Haagen-Dazs", "Neighborhood": "Flushing", "Address": "The Shop at SkyView Center, 4024 College Point Blvd, Flushing, NY 11354, United States", "Geocode_Status": "Success" }, "geometry": { "type": "Point", "coordinates": [ -73.8345952, 40.7577043 ] } },
{ "type": "Feature", "properties": { "Business_Name": "Cousin Snail Noodle", "Neighborhood": "Flushing", "Address": "136-21 Roosevelt Ave #3b, Flushing, NY 11354, United States", "Geocode_Status": "Success" }, "geometry": { "type": "Point", "coordinates": [ -73.8293434, 40.7599986 ] } },
{ "type": "Feature", "properties": { "Business_Name": "piaoxiangyuan", "Neighborhood": "Flushing", "Address": "133-35 Roosevelt Ave #19, Flushing, NY 11354, United States", "Geocode_Status": "Success" }, "geometry": { "type": "Point", "coordinates": [ -73.8331334, 40.7588367 ] } },
{ "type": "Feature", "properties": { "Business_Name": "Longmen", "Neighborhood": "Flushing", "Address": "135-19 40th Rd, Flushing, NY 11354, United States", "Geocode_Status": "Success" }, "geometry": { "type": "Point", "coordinates": [ -73.8308412, 40.758714 ] } },
{ "type": "Feature", "properties": { "Business_Name": "Thaihee", "Neighborhood": "Flushing", "Address": "133-33 39th Ave G19, Flushing, NY 11354, United States", "Geocode_Status": "Success" }, "geometry": { "type": "Point", "coordinates": [ -73.8337928, 40.7598855 ] } },
{ "type": "Feature", "properties": { "Business_Name": "Kyuramen", "Neighborhood": "Flushing", "Address": "133-42 37th Ave, Queens, NY 11354, United States", "Geocode_Status": "Success" }, "geometry": { "type": "Point", "coordinates": [ -73.8334235, 40.7605748 ] } },
{ "type": "Feature", "properties": { "Business_Name": "RELAGUNTANG", "Neighborhood": "Flushing", "Address": "133-30 39th Ave, Flushing, NY 11354, United States", "Geocode_Status": "Success" }, "geometry": { "type": "Point", "coordinates": [ -73.8333631, 40.7591397 ] } },
{ "type": "Feature", "properties": { "Business_Name": "Red House Restaurant", "Neighborhood": "Flushing", "Address": "36-36 Prince St, Flushing, NY 11354, United States", "Geocode_Status": "Success" }, "geometry": { "type": "Point", "coordinates": [ -73.8330431, 40.7611101 ] } },
{ "type": "Feature", "properties": { "Business_Name": "TaierÂ·Tangram", "Neighborhood": "Flushing", "Address": "133-33 39th Ave, Flushing, NY 11354, United States", "Geocode_Status": "Success" }, "geometry": { "type": "Point", "coordinates": [ -73.8337541, 40.7600622 ] } },
{ "type": "Feature", "properties": { "Business_Name": "I'Milky 沐白", "Neighborhood": "Flushing", "Address": "Tangram Food Court (FH3, 133-36 37th Ave, Flushing, NY 11354, United States", "Geocode_Status": "Success" }, "geometry": { "type": "Point", "coordinates": [ -73.8335025, 40.7602944 ] } },
{ "type": "Feature", "properties": { "Business_Name": "JuqiÂ·Tangram", "Neighborhood": "Flushing", "Address": "133-33 39th Ave, Flushing, NY 11354, United States", "Geocode_Status": "Success" }, "geometry": { "type": "Point", "coordinates": [ -73.8337541, 40.7600622 ] } },
{ "type": "Feature", "properties": { "Business_Name": "Yuan Wei Bun", "Neighborhood": "Flushing", "Address": "134-16 36th Rd unit s1, Flushing, NY 11354, United States", "Geocode_Status": "Success" }, "geometry": { "type": "Point", "coordinates": [ -73.8331971, 40.761422 ] } },
{ "type": "Feature", "properties": { "Business_Name": "Yasubee Authentic Ramen", "Neighborhood": "Flushing", "Address": "136-17 39th Ave, Queens, NY 11354, United States", "Geocode_Status": "Success" }, "geometry": { "type": "Point", "coordinates": [ -73.8296874, 40.7607759 ] } },
{ "type": "Feature", "properties": { "Business_Name": "TKK Fried Chicken", "Neighborhood": "Flushing", "Address": "136-20 38th Ave Store #7, Flushing, NY 11354, United States", "Geocode_Status": "Success" }, "geometry": { "type": "Point", "coordinates": [ -73.8294257, 40.7607272 ] } },
{ "type": "Feature", "properties": { "Business_Name": "Dong Yue Restaurant", "Neighborhood": "Flushing", "Address": "136-14 38th Ave, Flushing, NY 11354, United States", "Geocode_Status": "Success" }, "geometry": { "type": "Point", "coordinates": [ -73.8301546, 40.7609211 ] } },
{ "type": "Feature", "properties": { "Business_Name": "Yu Lao Tou", "Neighborhood": "Flushing", "Address": "133-35 Roosevelt Ave, Flushing, NY 11354, United States", "Geocode_Status": "Success" }, "geometry": { "type": "Point", "coordinates": [ -73.8330591, 40.7587137 ] } },
{ "type": "Feature", "properties": { "Business_Name": "Dot Tea", "Neighborhood": "Flushing", "Address": "38-04 Prince St, Flushing, NY 11354, United States", "Geocode_Status": "Success" }, "geometry": { "type": "Point", "coordinates": [ -73.8327755, 40.7599915 ] } },
{ "type": "Feature", "properties": { "Business_Name": "Sweet Cats", "Neighborhood": "Flushing", "Address": "35-21 Farrington St, Flushing, NY 11354, United States", "Geocode_Status": "Success" }, "geometry": { "type": "Point", "coordinates": [ -73.8312474, 40.7638695 ] } },
{ "type": "Feature", "properties": { "Business_Name": "Shaji bbq", "Neighborhood": "Flushing", "Address": "4173a Bowne St, Flushing, NY 11355, United States", "Geocode_Status": "Success" }, "geometry": { "type": "Point", "coordinates": [ -73.8225268, 40.7576763 ] } },
{ "type": "Feature", "properties": { "Business_Name": "Szechwan Restaurant", "Neighborhood": "Flushing", "Address": "133-47 Roosevelt Ave, Flushing, NY 11354, United States", "Geocode_Status": "Success" }, "geometry": { "type": "Point", "coordinates": [ -73.8326858, 40.7588619 ] } },
{ "type": "Feature", "properties": { "Business_Name": "Chan Bai Mei", "Neighborhood": "Flushing", "Address": "136-21 Roosevelt Ave, Queens, NY 11354, United States", "Geocode_Status": "Success" }, "geometry": { "type": "Point", "coordinates": [ -73.8293434, 40.7599986 ] } },
{ "type": "Feature", "properties": { "Business_Name": "Ou Shang Teriyaki", "Neighborhood": "Flushing", "Address": "136-20 Roosevelt Ave STE 31, Queens, NY 11354, United States", "Geocode_Status": "Success" }, "geometry": { "type": "Point", "coordinates": [ -73.8291343, 40.7593046 ] } },
{ "type": "Feature", "properties": { "Business_Name": "Sichuan & Chongqing House", "Neighborhood": "Flushing", "Address": "133-47 Roosevelt Ave, Flushing, NY 11354, United States", "Geocode_Status": "Success" }, "geometry": { "type": "Point", "coordinates": [ -73.8326858, 40.7588619 ] } },
{ "type": "Feature", "properties": { "Business_Name": "Yu Lin Diner", "Neighborhood": "Flushing", "Address": "4235 Main St STE 1M, Flushing, NY 11355, United States", "Geocode_Status": "Success" }, "geometry": { "type": "Point", "coordinates": [ -73.8276652, 40.7546496 ] } },
{ "type": "Feature", "properties": { "Business_Name": "Lanzhou Handmade Noodle", "Neighborhood": "Flushing", "Address": "Food Court, 133-35 Roosevelt Ave #22, Flushing, NY 11354, United States", "Geocode_Status": "Success" }, "geometry": { "type": "Point", "coordinates": [ -73.8331736, 40.7586841 ] } },
{ "type": "Feature", "properties": { "Business_Name": "Chuan Meng er", "Neighborhood": "Flushing", "Address": "3822 147th St #1, Flushing, NY 11354, United States", "Geocode_Status": "Success" }, "geometry": { "type": "Point", "coordinates": [ -73.8189606, 40.7630768 ] } },
{ "type": "Feature", "properties": { "Business_Name": "Old Street Dimsum", "Neighborhood": "Flushing", "Address": "135-45 Roosevelt Ave, Flushing, NY 11354, United States", "Geocode_Status": "Success" }, "geometry": { "type": "Point", "coordinates": [ -73.8304555, 40.7596062 ] } },
{ "type": "Feature", "properties": { "Business_Name": "Cousin Snail Noodles", "Neighborhood": "Flushing", "Address": "136-21 Roosevelt Ave #3b, Flushing, NY 11354, United States", "Geocode_Status": "Success" }, "geometry": { "type": "Point", "coordinates": [ -73.8293434, 40.7599986 ] } },
{ "type": "Feature", "properties": { "Business_Name": "Mimisa Korean Kitchen", "Neighborhood": "Flushing", "Address": "136-21 Roosevelt Ave, Queens, NY 11354, United States", "Geocode_Status": "Success" }, "geometry": { "type": "Point", "coordinates": [ -73.8293434, 40.7599986 ] } },
{ "type": "Feature", "properties": { "Business_Name": "Beef B BBQ", "Neighborhood": "Flushing", "Address": "138-25 39th Ave, Flushing, NY 11354, United States", "Geocode_Status": "Success" }, "geometry": { "type": "Point", "coordinates": [ -73.8280482, 40.7609319 ] } },
{ "type": "Feature", "properties": { "Business_Name": "Mr. Tu Bakery", "Neighborhood": "Flushing", "Address": "136-29 Roosevelt Ave, Flushing, NY 11354, United States", "Geocode_Status": "Success" }, "geometry": { "type": "Point", "coordinates": [ -73.8290913, 40.7601042 ] } },
{ "type": "Feature", "properties": { "Business_Name": "Zhu's Shaxian Delicacies", "Neighborhood": "Flushing", "Address": "36-24 Union St, Flushing, NY 11354, United States", "Geocode_Status": "Success" }, "geometry": { "type": "Point", "coordinates": [ -73.828016, 40.763041 ] } },
{ "type": "Feature", "properties": { "Business_Name": "Xing Fu Tang", "Neighborhood": "Flushing", "Address": "40-52 Main St, Flushing, NY 11354, United States", "Geocode_Status": "Success" }, "geometry": { "type": "Point", "coordinates": [ -73.8296787, 40.7582153 ] } },
{ "type": "Feature", "properties": { "Business_Name": "Chu kee Dumpling", "Neighborhood": "Flushing", "Address": "40-52 Main St, Flushing, NY 11354, United States", "Geocode_Status": "Success" }, "geometry": { "type": "Point", "coordinates": [ -73.8299305, 40.7581137 ] } },
{ "type": "Feature", "properties": { "Business_Name": "RongWang Cantonese Restaurant", "Neighborhood": "Flushing", "Address": "136-51 Roosevelt Ave, Flushing, NY 11354, United States", "Geocode_Status": "Success" }, "geometry": { "type": "Point", "coordinates": [ -73.8283236, 40.7601449 ] } },
{ "type": "Feature", "properties": { "Business_Name": "Chun Yang Tea", "Neighborhood": "Flushing", "Address": "133-41 41st Ave, Flushing, NY 11355, United States", "Geocode_Status": "Success" }, "geometry": { "type": "Point", "coordinates": [ -73.8307472, 40.7577616 ] } },
{ "type": "Feature", "properties": { "Business_Name": "Chan Bai Mei 2", "Neighborhood": "Flushing", "Address": "136-21 Roosevelt Ave, Queens, NY 11354, United States", "Geocode_Status": "Success" }, "geometry": { "type": "Point", "coordinates": [ -73.8293434, 40.7599986 ] } },
{ "type": "Feature", "properties": { "Business_Name": "Sizzing Squid New World Food Court", "Neighborhood": "Flushing", "Address": "133-35 Roosevelt Ave, Flushing, NY 11354, United States", "Geocode_Status": "Success" }, "geometry": { "type": "Point", "coordinates": [ -73.8331476, 40.7586803 ] } },
{ "type": "Feature", "properties": { "Business_Name": "The Korean Restaurant New World Mall", "Neighborhood": "Flushing", "Address": "136-20 Roosevelt Ave, Flushing, NY 11354, United States", "Geocode_Status": "Success" }, "geometry": { "type": "Point", "coordinates": [ -73.8291722, 40.7593415 ] } },
{ "type": "Feature", "properties": { "Business_Name": "Laoma Malatang New World Food Court", "Neighborhood": "Flushing", "Address": "136-20 Roosevelt Ave, Flushing, NY 11354, United States", "Geocode_Status": "Success" }, "geometry": { "type": "Point", "coordinates": [ -73.8290528, 40.7593211 ] } },
{ "type": "Feature", "properties": { "Business_Name": "Shiyue Food (Flushing)", "Neighborhood": "Flushing", "Address": "136-20 Roosevelt Ave Store #20, 136-20 Roosevelt Ave #20, Flushing, NY 11354, United States", "Geocode_Status": "Success" }, "geometry": { "type": "Point", "coordinates": [ -73.8291763, 40.7595344 ] } },
{ "type": "Feature", "properties": { "Business_Name": "Lao Ke Le Shanghai Cuisine", "Neighborhood": "Flushing", "Address": "136-20 Roosevelt Ave unit 219, Flushing, NY 11354, United States", "Geocode_Status": "Success" }, "geometry": { "type": "Point", "coordinates": [ -73.8291343, 40.7593046 ] } },
{ "type": "Feature", "properties": { "Business_Name": "Zheng Gong FuÂ·New World Mall", "Neighborhood": "Flushing", "Address": "136-20 Roosevelt Ave, Flushing, NY 11354, United States", "Geocode_Status": "Success" }, "geometry": { "type": "Point", "coordinates": [ -73.8291722, 40.7593415 ] } },
{ "type": "Feature", "properties": { "Business_Name": "Boon Chu Thai Street Food", "Neighborhood": "Flushing", "Address": "136-20 Roosevelt Ave, Flushing, NY 11354, United States", "Geocode_Status": "Success" }, "geometry": { "type": "Point", "coordinates": [ -73.8291343, 40.7593046 ] } },
{ "type": "Feature", "properties": { "Business_Name": "A Zhong Noodles New world Mall", "Neighborhood": "Flushing", "Address": "136-20 Roosevelt Ave #006, Flushing, NY 11354, United States", "Geocode_Status": "Success" }, "geometry": { "type": "Point", "coordinates": [ -73.8291343, 40.7593046 ] } },
{ "type": "Feature", "properties": { "Business_Name": "Tarim Uyghur Cuisine New World Mall", "Neighborhood": "Flushing", "Address": "136-20 Roosevelt Ave, Flushing, NY 11354, United States", "Geocode_Status": "Success" }, "geometry": { "type": "Point", "coordinates": [ -73.8290528, 40.7593211 ] } },
{ "type": "Feature", "properties": { "Business_Name": "Ke Lai Qin  New World Mall", "Neighborhood": "Flushing", "Address": "136-20 Roosevelt Ave, Flushing, NY 11354, United States", "Geocode_Status": "Success" }, "geometry": { "type": "Point", "coordinates": [ -73.8291722, 40.7593415 ] } },
{ "type": "Feature", "properties": { "Business_Name": "Chong Qing Xiao Mian New World Food Court", "Neighborhood": "Flushing", "Address": "136-20 Roosevelt Ave, Flushing, NY 11354, United States", "Geocode_Status": "Success" }, "geometry": { "type": "Point", "coordinates": [ -73.829133, 40.759346 ] } },
{ "type": "Feature", "properties": { "Business_Name": "Tianjin Stir-Fried Chestnuts in Sugar (Flushing)", "Neighborhood": "Flushing", "Address": "41-41 Kissena Blvd, Flushing, NY 11355, United States", "Geocode_Status": "Success" }, "geometry": { "type": "Point", "coordinates": [ -73.8281022, 40.7579426 ] } },
{ "type": "Feature", "properties": { "Business_Name": "NY Go Go Fast Food", "Neighborhood": "Flushing", "Address": "135-46 Roosevelt Ave, Flushing, NY 11354, United States", "Geocode_Status": "Success" }, "geometry": { "type": "Point", "coordinates": [ -73.8304404, 40.7593428 ] } },
{ "type": "Feature", "properties": { "Business_Name": "TBaar Main st number 7 Subway Station", "Neighborhood": "Flushing", "Address": "135-50 Roosevelt Ave, Flushing, NY 11354, United States", "Geocode_Status": "Success" }, "geometry": { "type": "Point", "coordinates": [ -73.830353, 40.7593716 ] } },
{ "type": "Feature", "properties": { "Business_Name": "Joe's steamed rice rolls", "Neighborhood": "Flushing", "Address": "136-21 Roosevelt Ave # A1, Flushing, NY 11354, United States", "Geocode_Status": "Success" }, "geometry": { "type": "Point", "coordinates": [ -73.8292901, 40.7599817 ] } },
{ "type": "Feature", "properties": { "Business_Name": "Special Price Lunch Spring Fish Village", "Neighborhood": "Flushing", "Address": "136-21 41st Ave, Flushing, NY 11355, United States", "Geocode_Status": "Success" }, "geometry": { "type": "Point", "coordinates": [ -73.8287471, 40.758858 ] } },
{ "type": "Feature", "properties": { "Business_Name": "Shi Miao Dao Yunnan Rice Noodle", "Neighborhood": "Flushing", "Address": "59-14 Kissena Blvd, Flushing, NY 11355, United States", "Geocode_Status": "Success" }, "geometry": { "type": "Point", "coordinates": [ -73.8153244, 40.7403973 ] } },
{ "type": "Feature", "properties": { "Business_Name": "Yomie's Rice X Yogurt", "Neighborhood": "Flushing", "Address": "135-28 Roosevelt Ave Unit B, Flushing, NY 11354, United States", "Geocode_Status": "Success" }, "geometry": { "type": "Point", "coordinates": [ -73.8309482, 40.7590809 ] } },
{ "type": "Feature", "properties": { "Business_Name": "Old Luo Yang 39Ave", "Neighborhood": "Flushing", "Address": "135-42 39th Ave, Flushing, NY 11354, United States", "Geocode_Status": "Success" }, "geometry": { "type": "Point", "coordinates": [ -73.8309534, 40.7600487 ] } },
{ "type": "Feature", "properties": { "Business_Name": "Zhang Liang Spicy Hotpot", "Neighborhood": "Flushing", "Address": "13649 Roosevelt Ave, Flushing, NY 11354, United States", "Geocode_Status": "Success" }, "geometry": { "type": "Point", "coordinates": [ -73.8284243, 40.7602635 ] } },
{ "type": "Feature", "properties": { "Business_Name": "Special Dim Sum Garden", "Neighborhood": "Flushing", "Address": "135-33 40th Rd, Flushing, NY 11354, United States", "Geocode_Status": "Success" }, "geometry": { "type": "Point", "coordinates": [ -73.8304711, 40.7588918 ] } },
{ "type": "Feature", "properties": { "Business_Name": "Gui Zhou Miao Jia", "Neighborhood": "Flushing", "Address": "136-55 Roosevelt Ave, Flushing, NY 11354, United States", "Geocode_Status": "Success" }, "geometry": { "type": "Point", "coordinates": [ -73.8282242, 40.7603448 ] } },
{ "type": "Feature", "properties": { "Business_Name": "Nuan Xin Rice Roll", "Neighborhood": "Flushing", "Address": "136 - 55 Roosevelt Ave, Flushing, NY 11354, United States", "Geocode_Status": "Success" }, "geometry": { "type": "Point", "coordinates": [ -73.8281716, 40.7602851 ] } },
{ "type": "Feature", "properties": { "Business_Name": "Ru Yi  Handmade Noodle NY Food Court4", "Neighborhood": "Flushing", "Address": "41-10 Main St, Flushing, NY 11355, United States", "Geocode_Status": "Success" }, "geometry": { "type": "Point", "coordinates": [ -73.8295233, 40.7578865 ] } },
{ "type": "Feature", "properties": { "Business_Name": "My Girl", "Neighborhood": "Flushing", "Address": "41-46 Main St #1A, Flushing, NY 11355, United States", "Geocode_Status": "Success" }, "geometry": { "type": "Point", "coordinates": [ -73.82913, 40.756787 ] } },
{ "type": "Feature", "properties": { "Business_Name": "Buer Pub", "Neighborhood": "Flushing", "Address": "136-11 41st Ave, Flushing, NY 11355, United States", "Geocode_Status": "Success" }, "geometry": { "type": "Point", "coordinates": [ -73.8290764, 40.7587689 ] } },
{ "type": "Feature", "properties": { "Business_Name": "A+ overrice", "Neighborhood": "Flushing", "Address": "41-65 Bowne St, Flushing, NY 11355, United States", "Geocode_Status": "Success" }, "geometry": { "type": "Point", "coordinates": [ -73.8225619, 40.7577811 ] } },
{ "type": "Feature", "properties": { "Business_Name": "Make Mier", "Neighborhood": "Flushing", "Address": "133-35 Roosevelt Ave #1, Flushing, NY 11354, United States", "Geocode_Status": "Success" }, "geometry": { "type": "Point", "coordinates": [ -73.8330463, 40.758718 ] } },
{ "type": "Feature", "properties": { "Business_Name": "Miss Li", "Neighborhood": "Flushing", "Address": "133-35 Roosevelt Ave, Flushing, NY 11354, United States", "Geocode_Status": "Success" }, "geometry": { "type": "Point", "coordinates": [ -73.8332222, 40.7588091 ] } },
{ "type": "Feature", "properties": { "Business_Name": "Nanchang Flavor", "Neighborhood": "Flushing", "Address": "133-35 Roosevelt Ave, Flushing, NY 11354, United States", "Geocode_Status": "Success" }, "geometry": { "type": "Point", "coordinates": [ -73.8330591, 40.7587137 ] } },
{ "type": "Feature", "properties": { "Business_Name": "Genki Sushi", "Neighborhood": "Flushing", "Address": "133-35 Roosevelt Ave #17, Flushing, NY 11354, United States", "Geocode_Status": "Success" }, "geometry": { "type": "Point", "coordinates": [ -73.8331334, 40.7588367 ] } },
{ "type": "Feature", "properties": { "Business_Name": "Crab Treasure", "Neighborhood": "Flushing", "Address": "133-35 Roosevelt Ave, Flushing, NY 11354, United States", "Geocode_Status": "Success" }, "geometry": { "type": "Point", "coordinates": [ -73.8331334, 40.7588367 ] } },
{ "type": "Feature", "properties": { "Business_Name": "Home Made Soup", "Neighborhood": "Flushing", "Address": "3907 Prince St #1A, Flushing, NY 11354, United States", "Geocode_Status": "Success" }, "geometry": { "type": "Point", "coordinates": [ -73.8319877, 40.7597048 ] } },
{ "type": "Feature", "properties": { "Business_Name": "Gao Xiao Pa", "Neighborhood": "Flushing", "Address": "41-39 Kissena Blvd, Flushing, NY 11355, United States", "Geocode_Status": "Success" }, "geometry": { "type": "Point", "coordinates": [ -73.8282137, 40.7579147 ] } },
{ "type": "Feature", "properties": { "Business_Name": "Han Bin Yuan", "Neighborhood": "Flushing", "Address": "37-14 Main St, Flushing, NY 11354, United States", "Geocode_Status": "Success" }, "geometry": { "type": "Point", "coordinates": [ -73.8310382, 40.7610405 ] } },
{ "type": "Feature", "properties": { "Business_Name": "Zha Zha Beef", "Neighborhood": "Flushing", "Address": "top floor, 39-16 Prince St #209, Flushing, NY 11354, United States", "Geocode_Status": "Success" }, "geometry": { "type": "Point", "coordinates": [ -73.8322441, 40.7590931 ] } },
{ "type": "Feature", "properties": { "Business_Name": "Teazzi Tea Shop", "Neighborhood": "Flushing", "Address": "135-17 38th Ave, Flushing, NY 11354, United States", "Geocode_Status": "Success" }, "geometry": { "type": "Point", "coordinates": [ -73.8320743, 40.7604876 ] } },
{ "type": "Feature", "properties": { "Business_Name": "Original CakeÂ·Golden Mall", "Neighborhood": "Flushing", "Address": "41-28 Main St, Flushing, NY 11354, United States", "Geocode_Status": "Success" }, "geometry": { "type": "Point", "coordinates": [ -73.8292496, 40.7573287 ] } },
{ "type": "Feature", "properties": { "Business_Name": "Fish Through Door", "Neighborhood": "Flushing", "Address": "41-42 College Point Blvd #1B, Flushing, NY 11355, United States", "Geocode_Status": "Success" }, "geometry": { "type": "Point", "coordinates": [ -73.8334803, 40.7551426 ] } },
{ "type": "Feature", "properties": { "Business_Name": "Sheng Jin Food", "Neighborhood": "Flushing", "Address": "41-40 Main St, Flushing, NY 11355, United States", "Geocode_Status": "Success" }, "geometry": { "type": "Point", "coordinates": [ -73.8291611, 40.7570681 ] } },
{ "type": "Feature", "properties": { "Business_Name": "Jin Xing Bakery", "Neighborhood": "Flushing", "Address": "133-33 39th Ave unit g2, Flushing, NY 11354, United States", "Geocode_Status": "Success" }, "geometry": { "type": "Point", "coordinates": [ -73.8339633, 40.7593412 ] } },
{ "type": "Feature", "properties": { "Business_Name": "Sun Hao Market", "Neighborhood": "Flushing", "Address": "39-02 Union St unit2, Flushing, NY 11354, United States", "Geocode_Status": "Success" }, "geometry": { "type": "Point", "coordinates": [ -73.8270946, 40.7608424 ] } },
{ "type": "Feature", "properties": { "Business_Name": "Moon & Flower House", "Neighborhood": "Flushing", "Address": "40-26 Union St, Flushing, NY 11354, United States", "Geocode_Status": "Success" }, "geometry": { "type": "Point", "coordinates": [ -73.8262619, 40.7596521 ] } },
{ "type": "Feature", "properties": { "Business_Name": "Shunjia", "Neighborhood": "Flushing", "Address": "133-36 37th Ave G17, Flushing, NY 11354, United States", "Geocode_Status": "Success" }, "geometry": { "type": "Point", "coordinates": [ -73.8337137, 40.7602825 ] } },
{ "type": "Feature", "properties": { "Business_Name": "First Hand Food", "Neighborhood": "Flushing", "Address": "142-54 Roosevelt Ave, Flushing, NY 11354, United States", "Geocode_Status": "Success" }, "geometry": { "type": "Point", "coordinates": [ -73.8246422, 40.7608588 ] } },
{ "type": "Feature", "properties": { "Business_Name": "Chef Wong Bistro", "Neighborhood": "Flushing", "Address": "13553 Northern Blvd, Queens, NY 11354, United States", "Geocode_Status": "Success" }, "geometry": { "type": "Point", "coordinates": [ -73.8316327, 40.7633954 ] } },
{ "type": "Feature", "properties": { "Business_Name": "ERHOU ROAST CHICKEN", "Neighborhood": "Flushing", "Address": "35-38 Union St, Flushing, NY 11354, United States", "Geocode_Status": "Success" }, "geometry": { "type": "Point", "coordinates": [ -73.8281866, 40.7644351 ] } },
{ "type": "Feature", "properties": { "Business_Name": "Xiao Xian Dun", "Neighborhood": "Flushing", "Address": "39-16 Prince St #104, Flushing, NY 11354, United States", "Geocode_Status": "Success" }, "geometry": { "type": "Point", "coordinates": [ -73.8324111, 40.7595745 ] } },
{ "type": "Feature", "properties": { "Business_Name": "CAMP CAMP", "Neighborhood": "Flushing", "Address": "142-26 Roosevelt Ave, Flushing, NY 11354, United States", "Geocode_Status": "Success" }, "geometry": { "type": "Point", "coordinates": [ -73.825327, 40.7605455 ] } },
{ "type": "Feature", "properties": { "Business_Name": "Mr Zhou's BBQ", "Neighborhood": "Flushing", "Address": "42-83 Main St, Flushing, NY 11355, United States", "Geocode_Status": "Success" }, "geometry": { "type": "Point", "coordinates": [ -73.827042, 40.7531314 ] } },
{ "type": "Feature", "properties": { "Business_Name": "Kulu Desserts", "Neighborhood": "Flushing", "Address": "37-06 Prince St FL 1, Flushing, NY 11354, United States", "Geocode_Status": "Success" }, "geometry": { "type": "Point", "coordinates": [ -73.8329945, 40.760606 ] } },
{ "type": "Feature", "properties": { "Business_Name": "Yun Nan", "Neighborhood": "Flushing", "Address": "36-50 Main St, Flushing, NY 11354, United States", "Geocode_Status": "Success" }, "geometry": { "type": "Point", "coordinates": [ -73.831558, 40.7617942 ] } },
{ "type": "Feature", "properties": { "Business_Name": "CUPPA TEA", "Neighborhood": "Flushing", "Address": "37-12 Prince St, Flushing, NY 11354, United States", "Geocode_Status": "Success" }, "geometry": { "type": "Point", "coordinates": [ -73.8331616, 40.7604178 ] } },
{ "type": "Feature", "properties": { "Business_Name": "Chong Qing Lao Zao", "Neighborhood": "Flushing", "Address": "37-04 Prince St, Flushing, NY 11354, United States", "Geocode_Status": "Success" }, "geometry": { "type": "Point", "coordinates": [ -73.8330235, 40.7606738 ] } },
{ "type": "Feature", "properties": { "Business_Name": "Happy Lanb Hot Pot", "Neighborhood": "Flushing", "Address": "136-59 37th Ave, Flushing, NY 11354, United States", "Geocode_Status": "Success" }, "geometry": { "type": "Point", "coordinates": [ -73.828995, 40.762194 ] } },
{ "type": "Feature", "properties": { "Business_Name": "Zaab Zaab", "Neighborhood": "Flushing", "Address": "133-33 39th Ave, Flushing, NY 11354, United States", "Geocode_Status": "Success" }, "geometry": { "type": "Point", "coordinates": [ -73.8335486, 40.7596804 ] } },
{ "type": "Feature", "properties": { "Business_Name": "Da WeiÂ·Tangram", "Neighborhood": "Flushing", "Address": "133-33 39th Ave, Flushing, NY 11354, United States", "Geocode_Status": "Success" }, "geometry": { "type": "Point", "coordinates": [ -73.8337541, 40.7600622 ] } },
{ "type": "Feature", "properties": { "Business_Name": "Lee & Bai", "Neighborhood": "Flushing", "Address": "38-09 Union St, Flushing, NY 11354, United States", "Geocode_Status": "Success" }, "geometry": { "type": "Point", "coordinates": [ -73.8267764, 40.7614114 ] } },
{ "type": "Feature", "properties": { "Business_Name": "Meet Fresh", "Neighborhood": "Flushing", "Address": "133-36 37th Ave Unit F11, Flushing, NY 11354, United States", "Geocode_Status": "Success" }, "geometry": { "type": "Point", "coordinates": [ -73.8339306, 40.7601241 ] } },
{ "type": "Feature", "properties": { "Business_Name": "Nan Hotpot", "Neighborhood": "Flushing", "Address": "36-36 Prince St #106, Flushing, NY 11354, United States", "Geocode_Status": "Success" }, "geometry": { "type": "Point", "coordinates": [ -73.8329962, 40.7611754 ] } },
{ "type": "Feature", "properties": { "Business_Name": "Little Skewer", "Neighborhood": "Flushing", "Address": "103&105, 36-36 Prince St, Flushing, NY 11354, United States", "Geocode_Status": "Success" }, "geometry": { "type": "Point", "coordinates": [ -73.8331191, 40.7610248 ] } },
{ "type": "Feature", "properties": { "Business_Name": "Nonla Express", "Neighborhood": "Flushing", "Address": "133-33 39th Ave, Fh17, Flushing, NY 11354, United States", "Geocode_Status": "Success" }, "geometry": { "type": "Point", "coordinates": [ -73.8335486, 40.7596804 ] } },
{ "type": "Feature", "properties": { "Business_Name": "Money CakeÂ·Tangram", "Neighborhood": "Flushing", "Address": "FH22, 133-33 39th Ave, Flushing, NY 11354, United States", "Geocode_Status": "Success" }, "geometry": { "type": "Point", "coordinates": [ -73.8335486, 40.7596804 ] } },
{ "type": "Feature", "properties": { "Business_Name": "Strong Fire Fried Rice", "Neighborhood": "Flushing", "Address": "3619 Prince St, Queens, NY 11354, United States", "Geocode_Status": "Success" }, "geometry": { "type": "Point", "coordinates": [ -73.8327435, 40.7618164 ] } },
{ "type": "Feature", "properties": { "Business_Name": "Red House RestaurantÂ·Lunch Special", "Neighborhood": "Flushing", "Address": "36-36 Prince St, Flushing, NY 11354, United States", "Geocode_Status": "Success" }, "geometry": { "type": "Point", "coordinates": [ -73.8330431, 40.7611101 ] } },
{ "type": "Feature", "properties": { "Business_Name": "Izakaya Nana", "Neighborhood": "Flushing", "Address": "141-28 Northern Blvd, Flushing, NY 11354, United States", "Geocode_Status": "Success" }, "geometry": { "type": "Point", "coordinates": [ -73.8248229, 40.7642443 ] } },
{ "type": "Feature", "properties": { "Business_Name": "HUA TE NY INC", "Neighborhood": "Flushing", "Address": "37-20 Prince St #4C, Flushing, NY 11354, United States", "Geocode_Status": "Success" }, "geometry": { "type": "Point", "coordinates": [ -73.8330397, 40.7602126 ] } },
{ "type": "Feature", "properties": { "Business_Name": "Xin Dong Yi Feng", "Neighborhood": "Flushing", "Address": "37-14 Main St, Flushing, NY 11354, United States", "Geocode_Status": "Success" }, "geometry": { "type": "Point", "coordinates": [ -73.8310382, 40.7610405 ] } },
{ "type": "Feature", "properties": { "Business_Name": "Chuan Yue Huo Xian on Crabs", "Neighborhood": "Flushing", "Address": "133-45 Roosevelt Ave, Flushing, NY 11354, United States", "Geocode_Status": "Success" }, "geometry": { "type": "Point", "coordinates": [ -73.8327618, 40.7588362 ] } },
{ "type": "Feature", "properties": { "Business_Name": "Ya Zhai Fu Ren Zhong Mei Supermarket", "Neighborhood": "Flushing", "Address": "41-41 Kissena Blvd #102, Flushing, NY 11355, United States", "Geocode_Status": "Success" }, "geometry": { "type": "Point", "coordinates": [ -73.8281022, 40.7579426 ] } },
{ "type": "Feature", "properties": { "Business_Name": "Nan Xiang Soup Dumplings", "Neighborhood": "Flushing", "Address": "39-16 Prince St #104, Flushing, NY 11354, United States", "Geocode_Status": "Success" }, "geometry": { "type": "Point", "coordinates": [ -73.8324111, 40.7595745 ] } },
{ "type": "Feature", "properties": { "Business_Name": "SuanQ Guizhou Hot Pot", "Neighborhood": "Flushing", "Address": "39-16 Prince St G04, Flushing, NY 11354, United States", "Geocode_Status": "Success" }, "geometry": { "type": "Point", "coordinates": [ -73.8323337, 40.7593378 ] } },
{ "type": "Feature", "properties": { "Business_Name": "Mr Bear drink shop", "Neighborhood": "Flushing", "Address": "39-16 Prince St, Flushing, NY 11354, United States", "Geocode_Status": "Success" }, "geometry": { "type": "Point", "coordinates": [ -73.8322758, 40.7593433 ] } },
{ "type": "Feature", "properties": { "Business_Name": "Liu Yi Shou Mei Shi Kitchen", "Neighborhood": "Flushing", "Address": "136-76 39th Ave, Flushing, NY 11354, United States", "Geocode_Status": "Success" }, "geometry": { "type": "Point", "coordinates": [ -73.8276729, 40.7607682 ] } },
{ "type": "Feature", "properties": { "Business_Name": "Da Mu Zhi LLC", "Neighborhood": "Flushing", "Address": "133-36 37th Ave G17, Flushing, NY 11354, United States", "Geocode_Status": "Success" }, "geometry": { "type": "Point", "coordinates": [ -73.8337137, 40.7602825 ] } },
{ "type": "Feature", "properties": { "Business_Name": "WAI PO REN JIA", "Neighborhood": "Flushing", "Address": "136-77 41st Ave, Flushing, NY 11355, United States", "Geocode_Status": "Success" }, "geometry": { "type": "Point", "coordinates": [ -73.8267389, 40.7593114 ] } },
{ "type": "Feature", "properties": { "Business_Name": "Gui Zhou Mio Jia Beef Noodles", "Neighborhood": "Flushing", "Address": "136-55 Roosevelt Ave, Flushing, NY 11354, United States", "Geocode_Status": "Success" }, "geometry": { "type": "Point", "coordinates": [ -73.8282242, 40.7603448 ] } },
{ "type": "Feature", "properties": { "Business_Name": "Lao Luo Yang Barbecue", "Neighborhood": "Flushing", "Address": "135-42 39th Ave, Flushing, NY 11354, United States", "Geocode_Status": "Success" }, "geometry": { "type": "Point", "coordinates": [ -73.8309534, 40.7600487 ] } },
{ "type": "Feature", "properties": { "Business_Name": "Four Four South Country Taipei Beef Noodles", "Neighborhood": "Flushing", "Address": "38-06 Prince St, Flushing, NY 11354, United States", "Geocode_Status": "Success" }, "geometry": { "type": "Point", "coordinates": [ -73.832663, 40.7599854 ] } },
{ "type": "Feature", "properties": { "Business_Name": "Guizhou Hua Xi Wang You Yi Plaza", "Neighborhood": "Flushing", "Address": "44-35 Kissena Blvd, Flushing, NY 11355, United States", "Geocode_Status": "Success" }, "geometry": { "type": "Point", "coordinates": [ -73.8217192, 40.753257 ] } },
{ "type": "Feature", "properties": { "Business_Name": "Hot Kitchen Sichuan Style", "Neighborhood": "Flushing", "Address": "133-43 Roosevelt Ave, Flushing, NY 11354, United States", "Geocode_Status": "Success" }, "geometry": { "type": "Point", "coordinates": [ -73.8328696, 40.7588869 ] } },
{ "type": "Feature", "properties": { "Business_Name": "Liang Pi Wang", "Neighborhood": "Flushing", "Address": "133-35 Roosevelt Ave, Flushing, NY 11354, United States", "Geocode_Status": "Success" }, "geometry": { "type": "Point", "coordinates": [ -73.8330099, 40.7587245 ] } },
{ "type": "Feature", "properties": { "Business_Name": "Taste Of Shanghai", "Neighborhood": "Flushing", "Address": "39-07 Prince St #1A, Flushing, NY 11354, United States", "Geocode_Status": "Success" }, "geometry": { "type": "Point", "coordinates": [ -73.8319995, 40.7597049 ] } },
{ "type": "Feature", "properties": { "Business_Name": "Huang Jin Jiao", "Neighborhood": "Flushing", "Address": "133-35 Roosevelt Ave, Flushing, NY 11354, United States", "Geocode_Status": "Success" }, "geometry": { "type": "Point", "coordinates": [ -73.8330591, 40.7587137 ] } },
{ "type": "Feature", "properties": { "Business_Name": "Fat Cat Flatbread", "Neighborhood": "Flushing", "Address": "Foot Court #6, 133-35, Roosevelt Ave, Flushing, NY 11354, United States", "Geocode_Status": "Success" }, "geometry": { "type": "Point", "coordinates": [ -73.8330591, 40.7587137 ] } },
{ "type": "Feature", "properties": { "Business_Name": "Tian Fu King", "Neighborhood": "Flushing", "Address": "133-35 Roosevelt Ave #9, Flushing, NY 11354, United States", "Geocode_Status": "Success" }, "geometry": { "type": "Point", "coordinates": [ -73.8330971, 40.7589155 ] } },
{ "type": "Feature", "properties": { "Business_Name": "Miaomiaoya Hunan Noodle", "Neighborhood": "Flushing", "Address": "Prince St, Flushing, NY 11354, United States", "Geocode_Status": "Success" }, "geometry": { "type": "Point", "coordinates": [ -73.8330971, 40.7610347 ] } },
{ "type": "Feature", "properties": { "Business_Name": "Flower and Dessert", "Neighborhood": "Flushing", "Address": "133-40 37th Ave, Flushing, NY 11354, United States", "Geocode_Status": "Success" }, "geometry": { "type": "Point", "coordinates": [ -73.8334903, 40.7605877 ] } },
{ "type": "Feature", "properties": { "Business_Name": "Yuan Qi Soup", "Neighborhood": "Flushing", "Address": "37-14 Main St, Flushing, NY 11354, United States", "Geocode_Status": "Success" }, "geometry": { "type": "Point", "coordinates": [ -73.8310382, 40.7610405 ] } },
{ "type": "Feature", "properties": { "Business_Name": "Pa er duo", "Neighborhood": "Flushing", "Address": "133-16 39th Ave, Flushing, NY 11354, United States", "Geocode_Status": "Success" }, "geometry": { "type": "Point", "coordinates": [ -73.8338205, 40.7590431 ] } },
{ "type": "Feature", "properties": { "Business_Name": "Sing Choi Kee", "Neighborhood": "Flushing", "Address": "133-36 37th Ave #FH16, Flushing, NY 11354, United States", "Geocode_Status": "Success" }, "geometry": { "type": "Point", "coordinates": [ -73.8335025, 40.7602944 ] } },
{ "type": "Feature", "properties": { "Business_Name": "Qing Shu Tangram", "Neighborhood": "Flushing", "Address": "133-30 37th Ave, Flushing, NY 11354, United States", "Geocode_Status": "Success" }, "geometry": { "type": "Point", "coordinates": [ -73.8337597, 40.7604062 ] } },
{ "type": "Feature", "properties": { "Business_Name": "Chan Bai Mei 3  Tangram", "Neighborhood": "Flushing", "Address": "133-33 39th Ave, Flushing, NY 11354, United States", "Geocode_Status": "Success" }, "geometry": { "type": "Point", "coordinates": [ -73.8337541, 40.7600622 ] } },
{ "type": "Feature", "properties": { "Business_Name": "BUNSIK Korean street food", "Neighborhood": "Flushing", "Address": "13687 37th Ave 1st floor, Flushing, NY 11354, United States", "Geocode_Status": "Success" }, "geometry": { "type": "Point", "coordinates": [ -73.8280053, 40.7625596 ] } },
{ "type": "Feature", "properties": { "Business_Name": "Union Sushi", "Neighborhood": "Flushing", "Address": "36-30 Union St, Flushing, NY 11354, United States", "Geocode_Status": "Success" }, "geometry": { "type": "Point", "coordinates": [ -73.8279815, 40.7628544 ] } },
{ "type": "Feature", "properties": { "Business_Name": "shimenxiaochi", "Neighborhood": "Flushing", "Address": "59-14 Kissena Blvd, Flushing, NY 11355, United States", "Geocode_Status": "Success" }, "geometry": { "type": "Point", "coordinates": [ -73.8153244, 40.7403973 ] } },
{ "type": "Feature", "properties": { "Business_Name": "Jiu hao BBQ", "Neighborhood": "Flushing", "Address": "34-40 Union St, Flushing, NY 11354, United States", "Geocode_Status": "Success" }, "geometry": { "type": "Point", "coordinates": [ -73.827959, 40.7658535 ] } },
{ "type": "Feature", "properties": { "Business_Name": "Mindu Shengyan", "Neighborhood": "Flushing", "Address": "3607 Prince St, Flushing, NY 11354, United States", "Geocode_Status": "Success" }, "geometry": { "type": "Point", "coordinates": [ -73.832863, 40.762165 ] } },
{ "type": "Feature", "properties": { "Business_Name": "Ke Tea", "Neighborhood": "Flushing", "Address": "36-12 Main St #1FL, Flushing, NY 11354, United States", "Geocode_Status": "Success" }, "geometry": { "type": "Point", "coordinates": [ -73.8321563, 40.7626144 ] } },
{ "type": "Feature", "properties": { "Business_Name": "Hunan Cafe", "Neighborhood": "Flushing", "Address": "137-40 Northern Blvd, Flushing, NY 11354, United States", "Geocode_Status": "Success" }, "geometry": { "type": "Point", "coordinates": [ -73.8296845, 40.7632665 ] } },
{ "type": "Feature", "properties": { "Business_Name": "Beard Papa's", "Neighborhood": "Flushing", "Address": "40-24 College Point Blvd Unit B - 1, Flushing, NY 11354, United States", "Geocode_Status": "Success" }, "geometry": { "type": "Point", "coordinates": [ -73.8355429, 40.7574594 ] } },
{ "type": "Feature", "properties": { "Business_Name": "Xueyuan Foods", "Neighborhood": "Flushing", "Address": "133-45 Roosevelt Ave, Flushing, NY 11354, United States", "Geocode_Status": "Success" }, "geometry": { "type": "Point", "coordinates": [ -73.8327618, 40.7588362 ] } },
{ "type": "Feature", "properties": { "Business_Name": "Hey Kitchen", "Neighborhood": "Flushing", "Address": "41-08 College Point Blvd, Flushing, NY 11355, United States", "Geocode_Status": "Success" }, "geometry": { "type": "Point", "coordinates": [ -73.833814, 40.755912 ] } },
{ "type": "Feature", "properties": { "Business_Name": "Happy beef", "Neighborhood": "Flushing", "Address": "136-59 37th Ave, Flushing, NY 11354, United States", "Geocode_Status": "Success" }, "geometry": { "type": "Point", "coordinates": [ -73.828995, 40.762194 ] } },
{ "type": "Feature", "properties": { "Business_Name": "Xin La Gong Fu", "Neighborhood": "Flushing", "Address": "35-48 Union St, Flushing, NY 11354, United States", "Geocode_Status": "Success" }, "geometry": { "type": "Point", "coordinates": [ -73.8282132, 40.7642186 ] } },
{ "type": "Feature", "properties": { "Business_Name": "Hundred Taste", "Neighborhood": "Flushing", "Address": "42-35 Main St Ste 1J, Flushing, NY 11355, United States", "Geocode_Status": "Success" }, "geometry": { "type": "Point", "coordinates": [ -73.8275782, 40.7548474 ] } },
{ "type": "Feature", "properties": { "Business_Name": "TW Tea", "Neighborhood": "Flushing", "Address": "36-41 Prince St, Flushing, NY 11354, United States", "Geocode_Status": "Success" }, "geometry": { "type": "Point", "coordinates": [ -73.8327347, 40.7612517 ] } },
{ "type": "Feature", "properties": { "Business_Name": "Hunan Kitchen", "Neighborhood": "Flushing", "Address": "42-47 Main St, Flushing, NY 11355, United States", "Geocode_Status": "Success" }, "geometry": { "type": "Point", "coordinates": [ -73.827487, 40.7539621 ] } },
{ "type": "Feature", "properties": { "Business_Name": "El Gustazo Empanadas Restaurant", "Neighborhood": "Flushing", "Address": "4219 College Point Blvd, Flushing, NY 11355, United States", "Geocode_Status": "Success" }, "geometry": { "type": "Point", "coordinates": [ -73.8327515, 40.7541391 ] } },
{ "type": "Feature", "properties": { "Business_Name": "Los Marinillos", "Neighborhood": "Flushing", "Address": "141-08 Northern Blvd, Flushing, NY 11357, United States", "Geocode_Status": "Success" }, "geometry": { "type": "Point", "coordinates": [ -73.8254727, 40.7642561 ] } },
{ "type": "Feature", "properties": { "Business_Name": "8090 Taiwanese Food", "Neighborhood": "Flushing", "Address": "133-35 Roosevelt Ave, Flushing, NY 11354, United States", "Geocode_Status": "Success" }, "geometry": { "type": "Point", "coordinates": [ -73.8331044, 40.7587007 ] } },
{ "type": "Feature", "properties": { "Business_Name": "5J Cinco Jotas", "Neighborhood": "Flushing", "Address": "133-35 Roosevelt Ave, Flushing, NY 11354, United States", "Geocode_Status": "Success" }, "geometry": { "type": "Point", "coordinates": [ -73.8329934, 40.7587248 ] } },
{ "type": "Feature", "properties": { "Business_Name": "Dunhuang Lanzhou Beef Noodle", "Neighborhood": "Flushing", "Address": "136-21 37th Ave, Flushing, NY 11354, United States", "Geocode_Status": "Success" }, "geometry": { "type": "Point", "coordinates": [ -73.8303752, 40.7619076 ] } },
{ "type": "Feature", "properties": { "Business_Name": "Lamb Nourishing Stewed Noodles", "Neighborhood": "Flushing", "Address": "136-17 41st Ave, Flushing, NY 11355, United States", "Geocode_Status": "Success" }, "geometry": { "type": "Point", "coordinates": [ -73.8289625, 40.7588005 ] } },
{ "type": "Feature", "properties": { "Business_Name": "Miss Li Spicy Sour Noodle", "Neighborhood": "Flushing", "Address": "133-35 Roosevelt Ave, Flushing, NY 11354, United States", "Geocode_Status": "Success" }, "geometry": { "type": "Point", "coordinates": [ -73.8332222, 40.7588091 ] } },
{ "type": "Feature", "properties": { "Business_Name": "Classic Black Hunan Stincky Tofu", "Neighborhood": "Flushing", "Address": "39-16 Prince St #104, Flushing, NY 11354, United States", "Geocode_Status": "Success" }, "geometry": { "type": "Point", "coordinates": [ -73.8324111, 40.7595745 ] } },
{ "type": "Feature", "properties": { "Business_Name": "Happy Lemon NY Food Court", "Neighborhood": "Flushing", "Address": "133-35 Roosevelt Ave, Flushing, NY 11354, United States", "Geocode_Status": "Success" }, "geometry": { "type": "Point", "coordinates": [ -73.8331816, 40.7588037 ] } },
{ "type": "Feature", "properties": { "Business_Name": "Tai Pei Hong NY Food Court", "Neighborhood": "Flushing", "Address": "133-35 Roosevelt Ave, Flushing, NY 11354, United States", "Geocode_Status": "Success" }, "geometry": { "type": "Point", "coordinates": [ -73.8331476, 40.7586803 ] } },
{ "type": "Feature", "properties": { "Business_Name": "Ke Lai Qin  NY Food Court (Flushing)", "Neighborhood": "Flushing", "Address": "133-35 Roosevelt Ave, Flushing, NY 11354, United States", "Geocode_Status": "Success" }, "geometry": { "type": "Point", "coordinates": [ -73.8331334, 40.7588367 ] } },
{ "type": "Feature", "properties": { "Business_Name": "New York Noodle King New York Food Court", "Neighborhood": "Flushing", "Address": "133-35 Roosevelt Ave, Flushing, NY 11354, United States", "Geocode_Status": "Success" }, "geometry": { "type": "Point", "coordinates": [ -73.8331476, 40.7586803 ] } },
{ "type": "Feature", "properties": { "Business_Name": "i Swii Cafe (Flushing)", "Neighborhood": "Flushing", "Address": "133-33 39th Ave, FH1 & FH2, 133-33 39th Ave FH1, Flushing, NY 11354, United States", "Geocode_Status": "Success" }, "geometry": { "type": "Point", "coordinates": [ -73.8337541, 40.7600622 ] } },
{ "type": "Feature", "properties": { "Business_Name": "I Swii by Angry Birds Retail Cafe", "Neighborhood": "Flushing", "Address": "133-33 39th Ave, FH1 & FH2, 133-33 39th Ave FH1, Flushing, NY 11354, United States", "Geocode_Status": "Success" }, "geometry": { "type": "Point", "coordinates": [ -73.8337541, 40.7600622 ] } },
{ "type": "Feature", "properties": { "Business_Name": "Wei Ni Er Lai", "Neighborhood": "Flushing", "Address": "42-14 Bowne St, Flushing, NY 11355, United States", "Geocode_Status": "Success" }, "geometry": { "type": "Point", "coordinates": [ -73.8219416, 40.7567085 ] } },
{ "type": "Feature", "properties": { "Business_Name": "The Duo", "Neighborhood": "Flushing", "Address": "36-20 Main St, Flushing, NY 11354, United States", "Geocode_Status": "Success" }, "geometry": { "type": "Point", "coordinates": [ -73.8319663, 40.7625139 ] } },
{ "type": "Feature", "properties": { "Business_Name": "Red Mountain Noodle House (Flushing)", "Neighborhood": "Flushing", "Address": "44-13 Kissena Blvd, Flushing, NY 11355, United States", "Geocode_Status": "Success" }, "geometry": { "type": "Point", "coordinates": [ -73.8223343, 40.7537336 ] } },
{ "type": "Feature", "properties": { "Business_Name": "Li's Garden", "Neighborhood": "Flushing", "Address": "42-87 Main St, Flushing, NY 11355, United States", "Geocode_Status": "Success" }, "geometry": { "type": "Point", "coordinates": [ -73.8269805, 40.7530733 ] } },
{ "type": "Feature", "properties": { "Business_Name": "Zouji BBQ", "Neighborhood": "Flushing", "Address": "42-83 Main St, Flushing, NY 11355, United States", "Geocode_Status": "Success" }, "geometry": { "type": "Point", "coordinates": [ -73.827042, 40.7531314 ] } },
{ "type": "Feature", "properties": { "Business_Name": "Crown One", "Neighborhood": "Flushing", "Address": "34-20 Linden Pl, Flushing, NY 11354, United States", "Geocode_Status": "Success" }, "geometry": { "type": "Point", "coordinates": [ -73.8315243, 40.7658211 ] } },
{ "type": "Feature", "properties": { "Business_Name": "J's Confections", "Neighborhood": "Flushing", "Address": "34-08 Union St, Flushing, NY 11354, United States", "Geocode_Status": "Success" }, "geometry": { "type": "Point", "coordinates": [ -73.8276371, 40.7666259 ] } },
{ "type": "Feature", "properties": { "Business_Name": "ZABIHA Burger&Fries", "Neighborhood": "Flushing", "Address": "44-03 Kissena Blvd, Queens, NY 11355, United States", "Geocode_Status": "Success" }, "geometry": { "type": "Point", "coordinates": [ -73.8224167, 40.7538032 ] } },
{ "type": "Feature", "properties": { "Business_Name": "Tianfu BBQ", "Neighborhood": "Flushing", "Address": "4325 Main St, Flushing, NY 11355, United States", "Geocode_Status": "Success" }, "geometry": { "type": "Point", "coordinates": [ -73.8261731, 40.7519477 ] } },
{ "type": "Feature", "properties": { "Business_Name": "SWEET COLLISION", "Neighborhood": "Flushing", "Address": "3224 137th St, Flushing, NY 11354, United States", "Geocode_Status": "Success" }, "geometry": { "type": "Point", "coordinates": [ -73.8308214, 40.7673449 ] } },
{ "type": "Feature", "properties": { "Business_Name": "Ling Long Xuan", "Neighborhood": "Flushing", "Address": "141-41 Northern Blvd, Flushing, NY 11354, United States", "Geocode_Status": "Success" }, "geometry": { "type": "Point", "coordinates": [ -73.8242904, 40.7647152 ] } },
{ "type": "Feature", "properties": { "Business_Name": "Qing zhoufu INC", "Neighborhood": "Flushing", "Address": "37-04 Prince St, Flushing, NY 11354, United States", "Geocode_Status": "Success" }, "geometry": { "type": "Point", "coordinates": [ -73.8330235, 40.7606738 ] } },
{ "type": "Feature", "properties": { "Business_Name": "taiwan good taste", "Neighborhood": "Flushing", "Address": "157-2 45th Ave, Flushing, NY 11355, United States", "Geocode_Status": "Success" }, "geometry": { "type": "Point", "coordinates": [ -73.8090349, 40.7566445 ] } },
{ "type": "Feature", "properties": { "Business_Name": "Dong Bei Dumplings", "Neighborhood": "Flushing", "Address": "44-14 Kissena Blvd, Flushing, NY 11355, United States", "Geocode_Status": "Success" }, "geometry": { "type": "Point", "coordinates": [ -73.8225889, 40.7535051 ] } },
{ "type": "Feature", "properties": { "Business_Name": "Chill Tavern BBQ", "Neighborhood": "Flushing", "Address": "137-38 Northern Blvd, Flushing, NY 11354, United States", "Geocode_Status": "Success" }, "geometry": { "type": "Point", "coordinates": [ -73.8297077, 40.7631125 ] } },
{ "type": "Feature", "properties": { "Business_Name": "Shunjia Potato Noodle", "Neighborhood": "Flushing", "Address": "36-34 Union St, Flushing, NY 11354, United States", "Geocode_Status": "Success" }, "geometry": { "type": "Point", "coordinates": [ -73.8279335, 40.7627967 ] } },
{ "type": "Feature", "properties": { "Business_Name": "Xiang Yve Bar", "Neighborhood": "Flushing", "Address": "3626A Union St, Flushing, NY 11354, United States", "Geocode_Status": "Success" }, "geometry": { "type": "Point", "coordinates": [ -73.827978, 40.7629575 ] } },
{ "type": "Feature", "properties": { "Business_Name": "YANG JI CHON", "Neighborhood": "Flushing", "Address": "14, 31-14 Farrington St, Flushing, NY 11354, United States", "Geocode_Status": "Success" }, "geometry": { "type": "Point", "coordinates": [ -73.8337167, 40.7686983 ] } },
{ "type": "Feature", "properties": { "Business_Name": "Kong Sihk Tong", "Neighborhood": "Flushing", "Address": "42-35 Main St #1A, Flushing, NY 11355, United States", "Geocode_Status": "Success" }, "geometry": { "type": "Point", "coordinates": [ -73.8278786, 40.7549092 ] } },
{ "type": "Feature", "properties": { "Business_Name": "Gong Cha Skyview", "Neighborhood": "Flushing", "Address": "40-24 College Point Blvd, Flushing, NY 11354, United States", "Geocode_Status": "Success" }, "geometry": { "type": "Point", "coordinates": [ -73.8356399, 40.7575111 ] } },
{ "type": "Feature", "properties": { "Business_Name": "Moon Tea chicken&Ramen", "Neighborhood": "Flushing", "Address": "3542 Union St, Flushing, NY 11354, United States", "Geocode_Status": "Success" }, "geometry": { "type": "Point", "coordinates": [ -73.828251, 40.764337 ] } },
{ "type": "Feature", "properties": { "Business_Name": "Chicken Hot Pot", "Neighborhood": "Flushing", "Address": "39-16 Prince St G02, Flushing, NY 11354, United States", "Geocode_Status": "Success" }, "geometry": { "type": "Point", "coordinates": [ -73.8326151, 40.7591841 ] } },
{ "type": "Feature", "properties": { "Business_Name": "Liao Xiang Fish Rice Noodles", "Neighborhood": "Flushing", "Address": "36-34 Union St, Flushing, NY 11354, United States", "Geocode_Status": "Success" }, "geometry": { "type": "Point", "coordinates": [ -73.8279335, 40.7627967 ] } },
{ "type": "Feature", "properties": { "Business_Name": "Oceania Seafood & Bar, First French cuisine nearby", "Neighborhood": "Flushing", "Address": "35-22 Farrington St, Queens, NY 11354, United States", "Geocode_Status": "Success" }, "geometry": { "type": "Point", "coordinates": [ -73.8317519, 40.7638048 ] } },
{ "type": "Feature", "properties": { "Business_Name": "Pho Grand Main St", "Neighborhood": "Flushing", "Address": "42-35 Main St #1k, Flushing, NY 11355, United States", "Geocode_Status": "Success" }, "geometry": { "type": "Point", "coordinates": [ -73.8276612, 40.754796 ] } },
{ "type": "Feature", "properties": { "Business_Name": "Lao Yu Yuan Dumpling House", "Neighborhood": "Flushing", "Address": "4235 Main St STE 1M, Flushing, NY 11355, United States", "Geocode_Status": "Success" }, "geometry": { "type": "Point", "coordinates": [ -73.8276652, 40.7546496 ] } },
{ "type": "Feature", "properties": { "Business_Name": "Möge Tee Flushing", "Neighborhood": "Flushing", "Address": "38-03 Main St, Flushing, NY 11354, United States", "Geocode_Status": "Success" }, "geometry": { "type": "Point", "coordinates": [ -73.8305589, 40.7607802 ] } },
{ "type": "Feature", "properties": { "Business_Name": "Busy Bee Coffee & Brunch", "Neighborhood": "Flushing", "Address": "35-20 Leavitt St, Flushing, NY 11354, United States", "Geocode_Status": "Success" }, "geometry": { "type": "Point", "coordinates": [ -73.8290248, 40.7643877 ] } },
{ "type": "Feature", "properties": { "Business_Name": "Mahsil", "Neighborhood": "Flushing", "Address": "4007 150th St, Flushing, NY 11354, United States", "Geocode_Status": "Success" }, "geometry": { "type": "Point", "coordinates": [ -73.8141289, 40.763423 ] } },
{ "type": "Feature", "properties": { "Business_Name": "HANYANG CHICKEN&SANDWICH", "Neighborhood": "Flushing", "Address": "150-51 Northern Blvd, Flushing, NY 11354, United States", "Geocode_Status": "Success" }, "geometry": { "type": "Point", "coordinates": [ -73.8136671, 40.7653385 ] } },
{ "type": "Feature", "properties": { "Business_Name": "Bonjuk", "Neighborhood": "Flushing", "Address": "153-02 Northern Blvd, Flushing, NY 11354, United States", "Geocode_Status": "Success" }, "geometry": { "type": "Point", "coordinates": [ -73.8119394, 40.7646132 ] } },
{ "type": "Feature", "properties": { "Business_Name": "YeShi BBQ No.3", "Neighborhood": "Flushing", "Address": "138-25 39th Ave, Flushing, NY 11354, United States", "Geocode_Status": "Success" }, "geometry": { "type": "Point", "coordinates": [ -73.8280482, 40.7609319 ] } },
{ "type": "Feature", "properties": { "Business_Name": "Daori BBQ", "Neighborhood": "Flushing", "Address": "40-03 149th Pl, Flushing, NY 11354, United States", "Geocode_Status": "Success" }, "geometry": { "type": "Point", "coordinates": [ -73.8150206, 40.7633505 ] } },
{ "type": "Feature", "properties": { "Business_Name": "369 BBQ", "Neighborhood": "Flushing", "Address": "46-20 Kissena Blvd, Flushing, NY 11355, United States", "Geocode_Status": "Success" }, "geometry": { "type": "Point", "coordinates": [ -73.8187599, 40.7500238 ] } },
{ "type": "Feature", "properties": { "Business_Name": "Karat Confection", "Neighborhood": "Flushing", "Address": "150-17 Northern Blvd, Flushing, NY 11354, United States", "Geocode_Status": "Success" }, "geometry": { "type": "Point", "coordinates": [ -73.814415, 40.765431 ] } },
{ "type": "Feature", "properties": { "Business_Name": "Yeh's Bakery", "Neighborhood": "Flushing", "Address": "5725 Main St, Flushing, NY 11355, United States", "Geocode_Status": "Success" }, "geometry": { "type": "Point", "coordinates": [ -73.8258285, 40.745748 ] } },
{ "type": "Feature", "properties": { "Business_Name": "YUJU'S BOB SANG INC", "Neighborhood": "Flushing", "Address": "152-26 Northern Blvd, Flushing, NY 11354, United States", "Geocode_Status": "Success" }, "geometry": { "type": "Point", "coordinates": [ -73.8120963, 40.7646775 ] } },
{ "type": "Feature", "properties": { "Business_Name": "Dou Dou Kitchen", "Neighborhood": "Flushing", "Address": "42-26 College Point Blvd, Flushing, NY 11355, United States", "Geocode_Status": "Success" }, "geometry": { "type": "Point", "coordinates": [ -73.8331462, 40.7539028 ] } },
{ "type": "Feature", "properties": { "Business_Name": "Shun Jia Spicy", "Neighborhood": "Flushing", "Address": "3626A Union St, Flushing, NY 11354, United States", "Geocode_Status": "Success" }, "geometry": { "type": "Point", "coordinates": [ -73.827978, 40.7629575 ] } },
{ "type": "Feature", "properties": { "Business_Name": "Tex's Chicken & Burgers", "Neighborhood": "Flushing", "Address": "144-14 Northern Blvd, Queens, NY 11354, United States", "Geocode_Status": "Success" }, "geometry": { "type": "Point", "coordinates": [ -73.8227293, 40.7645035 ] } },
{ "type": "Feature", "properties": { "Business_Name": "MBL&Q Burger", "Neighborhood": "Flushing", "Address": "4307 Main St, Queens, NY 11355, United States", "Geocode_Status": "Success" }, "geometry": { "type": "Point", "coordinates": [ -73.8264418, 40.7523586 ] } },
{ "type": "Feature", "properties": { "Business_Name": "Kitchen 999", "Neighborhood": "Flushing", "Address": "134-38 33rd Ave, Flushing, NY 11354, United States", "Geocode_Status": "Success" }, "geometry": { "type": "Point", "coordinates": [ -73.8327717, 40.7665437 ] } },
{ "type": "Feature", "properties": { "Business_Name": "Mr Keke Ramen", "Neighborhood": "Flushing", "Address": "3420 Linden Pl 1st FL, Flushing, NY 11354, United States", "Geocode_Status": "Success" }, "geometry": { "type": "Point", "coordinates": [ -73.8315243, 40.7658211 ] } },
{ "type": "Feature", "properties": { "Business_Name": "KeKe Braised Food", "Neighborhood": "Flushing", "Address": "3420 Linden Pl 1st FL, Flushing, NY 11354, United States", "Geocode_Status": "Success" }, "geometry": { "type": "Point", "coordinates": [ -73.8315243, 40.7658211 ] } },
{ "type": "Feature", "properties": { "Business_Name": "Hahm Ji Bach", "Neighborhood": "Flushing", "Address": "40-11 149th Pl, Flushing, NY 11354, United States", "Geocode_Status": "Success" }, "geometry": { "type": "Point", "coordinates": [ -73.8149239, 40.763103 ] } },
{ "type": "Feature", "properties": { "Business_Name": "GooGongTan", "Neighborhood": "Flushing", "Address": "40-09 149th Pl #1, Flushing, NY 11354, United States", "Geocode_Status": "Success" }, "geometry": { "type": "Point", "coordinates": [ -73.8149891, 40.7631749 ] } },
{ "type": "Feature", "properties": { "Business_Name": "Kum Sung BBQ", "Neighborhood": "Flushing", "Address": "40-07 149th Pl, Flushing, NY 11354, United States", "Geocode_Status": "Success" }, "geometry": { "type": "Point", "coordinates": [ -73.8150167, 40.7632021 ] } },
{ "type": "Feature", "properties": { "Business_Name": "Mukbang", "Neighborhood": "Flushing", "Address": "40-17 150th St, Flushing, NY 11354, United States", "Geocode_Status": "Success" }, "geometry": { "type": "Point", "coordinates": [ -73.8140586, 40.7632001 ] } },
{ "type": "Feature", "properties": { "Business_Name": "Mukbabg", "Neighborhood": "Flushing", "Address": "40-17 150th St, Flushing, NY 11354, United States", "Geocode_Status": "Success" }, "geometry": { "type": "Point", "coordinates": [ -73.8140586, 40.7632001 ] } },
{ "type": "Feature", "properties": { "Business_Name": "Bao Bu Tong", "Neighborhood": "Flushing", "Address": "46-24 Kissena Blvd 1 FL, Flushing, NY 11355, United States", "Geocode_Status": "Success" }, "geometry": { "type": "Point", "coordinates": [ -73.8187866, 40.7498885 ] } },
{ "type": "Feature", "properties": { "Business_Name": "Umi Tea", "Neighborhood": "Flushing", "Address": "4341 Main St, Flushing, NY 11355, United States", "Geocode_Status": "Success" }, "geometry": { "type": "Point", "coordinates": [ -73.8257728, 40.7516043 ] } },
{ "type": "Feature", "properties": { "Business_Name": "Fantuan Express", "Neighborhood": "Flushing", "Address": "132-05 Roosevelt Ave, Flushing, NY 11354, United States", "Geocode_Status": "Success" }, "geometry": { "type": "Point", "coordinates": [ -73.8348625, 40.7583257 ] } },
{ "type": "Feature", "properties": { "Business_Name": "Wonderful Foodcourt", "Neighborhood": "Flushing", "Address": "135-15 40th Rd, Flushing, NY 11354, United States", "Geocode_Status": "Success" }, "geometry": { "type": "Point", "coordinates": [ -73.8309794, 40.7586553 ] } },
{ "type": "Feature", "properties": { "Business_Name": "Chateraise & Donuts", "Neighborhood": "Flushing", "Address": "31-25 Downing St, Flushing, NY 11354, United States", "Geocode_Status": "Success" }, "geometry": { "type": "Point", "coordinates": [ -73.8356801, 40.7685498 ] } },
{ "type": "Feature", "properties": { "Business_Name": "Pho Tan", "Neighborhood": "Flushing", "Address": "147-34b Northern Blvd, Flushing, NY 11354, United States", "Geocode_Status": "Success" }, "geometry": { "type": "Point", "coordinates": [ -73.8178092, 40.7651049 ] } },
{ "type": "Feature", "properties": { "Business_Name": "Teriyaki One", "Neighborhood": "Flushing", "Address": "30-23 Stratton St, Flushing, NY 11354, United States", "Geocode_Status": "Success" }, "geometry": { "type": "Point", "coordinates": [ -73.8342054, 40.7694828 ] } },
{ "type": "Feature", "properties": { "Business_Name": "suanxiaoqi", "Neighborhood": "Flushing", "Address": "41-19 Kissena Blvd, Flushing, NY 11355, United States", "Geocode_Status": "Success" }, "geometry": { "type": "Point", "coordinates": [ -73.8286011, 40.7582615 ] } },
{ "type": "Feature", "properties": { "Business_Name": "Charleys Philly Steaks & Wings", "Neighborhood": "Flushing", "Address": "30-11 Stratton St, Flushing, NY 11354, United States", "Geocode_Status": "Success" }, "geometry": { "type": "Point", "coordinates": [ -73.834325, 40.7698816 ] } },
{ "type": "Feature", "properties": { "Business_Name": "New Xi Top BBQ", "Neighborhood": "Flushing", "Address": "40-30 149th Pl, Flushing, NY 11354, United States", "Geocode_Status": "Success" }, "geometry": { "type": "Point", "coordinates": [ -73.8150718, 40.7625386 ] } },
{ "type": "Feature", "properties": { "Business_Name": "Youjuer BBQ", "Neighborhood": "Flushing", "Address": "45-68 Kissena Blvd, Flushing, NY 11355, United States", "Geocode_Status": "Success" }, "geometry": { "type": "Point", "coordinates": [ -73.81949, 40.7507434 ] } },
{ "type": "Feature", "properties": { "Business_Name": "Croffle House", "Neighborhood": "Flushing", "Address": "40-17 149th Pl, Flushing, NY 11354, United States", "Geocode_Status": "Success" }, "geometry": { "type": "Point", "coordinates": [ -73.8148709, 40.7629747 ] } },
{ "type": "Feature", "properties": { "Business_Name": "Deli Store", "Neighborhood": "Flushing", "Address": "44-47 Kissena Blvd, Flushing, NY 11355, United States", "Geocode_Status": "Success" }, "geometry": { "type": "Point", "coordinates": [ -73.8214119, 40.7530005 ] } },
{ "type": "Feature", "properties": { "Business_Name": "Coffee Monster", "Neighborhood": "Flushing", "Address": "149-40 41st Ave, Flushing, NY 11355, United States", "Geocode_Status": "Success" }, "geometry": { "type": "Point", "coordinates": [ -73.8143655, 40.7623546 ] } },
{ "type": "Feature", "properties": { "Business_Name": "Ditan BBQ", "Neighborhood": "Flushing", "Address": "14952 41st Ave, Flushing, NY 11355, United States", "Geocode_Status": "Success" }, "geometry": { "type": "Point", "coordinates": [ -73.8140673, 40.7624297 ] } },
{ "type": "Feature", "properties": { "Business_Name": "Fifty Bay", "Neighborhood": "Flushing", "Address": "150-50 Northern Blvd, Flushing, NY 11354, United States", "Geocode_Status": "Success" }, "geometry": { "type": "Point", "coordinates": [ -73.813259, 40.7649332 ] } },
{ "type": "Feature", "properties": { "Business_Name": "Phil & Sons", "Neighborhood": "Flushing", "Address": "5729 Main St, Flushing, NY 11355, United States", "Geocode_Status": "Success" }, "geometry": { "type": "Point", "coordinates": [ -73.82568, 40.745598 ] } },
{ "type": "Feature", "properties": { "Business_Name": "China Fun", "Neighborhood": "Flushing", "Address": "36-35 College Point Blvd, Flushing, NY 11354, United States", "Geocode_Status": "Success" }, "geometry": { "type": "Point", "coordinates": [ -73.8347436, 40.7605283 ] } },
{ "type": "Feature", "properties": { "Business_Name": "Fuzhou Shaxian", "Neighborhood": "Flushing", "Address": "36-24 Union St, Flushing, NY 11354, United States", "Geocode_Status": "Success" }, "geometry": { "type": "Point", "coordinates": [ -73.828016, 40.763041 ] } },
{ "type": "Feature", "properties": { "Business_Name": "Ying Sushi", "Neighborhood": "Flushing", "Address": "133-22 39th Ave, Flushing, NY 11354, United States", "Geocode_Status": "Success" }, "geometry": { "type": "Point", "coordinates": [ -73.833645, 40.7589929 ] } },
{ "type": "Feature", "properties": { "Business_Name": "Wang Wang Queens", "Neighborhood": "Flushing", "Address": "34-12 Union St, Flushing, NY 11354, United States", "Geocode_Status": "Success" }, "geometry": { "type": "Point", "coordinates": [ -73.8276889, 40.7665135 ] } },
{ "type": "Feature", "properties": { "Business_Name": "Singas Famous Pizza", "Neighborhood": "Flushing", "Address": "43-69 Kissena Blvd, Flushing, NY 11355, United States", "Geocode_Status": "Success" }, "geometry": { "type": "Point", "coordinates": [ -73.8228236, 40.7542097 ] } },
{ "type": "Feature", "properties": { "Business_Name": "Golden Night Restaurant", "Neighborhood": "Flushing", "Address": "14418 Northern Blvd, Flushing, NY 11354, United States", "Geocode_Status": "Success" }, "geometry": { "type": "Point", "coordinates": [ -73.8225906, 40.7644519 ] } },
{ "type": "Feature", "properties": { "Business_Name": "Golden Palace Gourmet", "Neighborhood": "Flushing", "Address": "41-20 Delong St, Flushing, NY 11355, United States", "Geocode_Status": "Success" }, "geometry": { "type": "Point", "coordinates": [ -73.8360614, 40.7543557 ] } },
{ "type": "Feature", "properties": { "Business_Name": "Jiu Xiang Ju", "Neighborhood": "Flushing", "Address": "133-36 37th Ave G17, Flushing, NY 11354, United States", "Geocode_Status": "Success" }, "geometry": { "type": "Point", "coordinates": [ -73.8337137, 40.7602825 ] } },
{ "type": "Feature", "properties": { "Business_Name": "Tasty House 18", "Neighborhood": "Flushing", "Address": "4412 Kissena Blvd, Flushing, NY 11355, United States", "Geocode_Status": "Success" }, "geometry": { "type": "Point", "coordinates": [ -73.8226858, 40.7534333 ] } },
{ "type": "Feature", "properties": { "Business_Name": "3 little pigs cafe", "Neighborhood": "Flushing", "Address": "42-18 Bowne St STE 1B, Flushing, NY 11355, United States", "Geocode_Status": "Success" }, "geometry": { "type": "Point", "coordinates": [ -73.8217011, 40.7566094 ] } },
{ "type": "Feature", "properties": { "Business_Name": "Hong Kong Style Restaurant", "Neighborhood": "Flushing", "Address": "42-35 Main St #1A, Flushing, NY 11355, United States", "Geocode_Status": "Success" }, "geometry": { "type": "Point", "coordinates": [ -73.8278786, 40.7549092 ] } },
{ "type": "Feature", "properties": { "Business_Name": "Dong Bei Da Pai Dang", "Neighborhood": "Flushing", "Address": "44-14 Kissena Blvd, Flushing, NY 11355, United States", "Geocode_Status": "Success" }, "geometry": { "type": "Point", "coordinates": [ -73.8225889, 40.7535051 ] } },
{ "type": "Feature", "properties": { "Business_Name": "Golden Wonton King", "Neighborhood": "Flushing", "Address": "154-01 Northern Blvd 1 Fl, Flushing, NY 11354, United States", "Geocode_Status": "Success" }, "geometry": { "type": "Point", "coordinates": [ -73.810726, 40.764891 ] } },
{ "type": "Feature", "properties": { "Business_Name": "BO AND GA", "Neighborhood": "Flushing", "Address": "35-02 154th St, Flushing, NY 11354, United States", "Geocode_Status": "Success" }, "geometry": { "type": "Point", "coordinates": [ -73.8110624, 40.7659367 ] } },
{ "type": "Feature", "properties": { "Business_Name": "Tianxia Asian Cuisine", "Neighborhood": "Flushing", "Address": "59-08A, Main St, Flushing, NY 11355, United States", "Geocode_Status": "Success" }, "geometry": { "type": "Point", "coordinates": [ -73.8258342, 40.7436279 ] } },
{ "type": "Feature", "properties": { "Business_Name": "CHAKRA", "Neighborhood": "Flushing", "Address": "5908 Main St, Flushing, NY 11355, United States", "Geocode_Status": "Success" }, "geometry": { "type": "Point", "coordinates": [ -73.8259335, 40.7436308 ] } },
{ "type": "Feature", "properties": { "Business_Name": "Xing Shun Da", "Neighborhood": "Flushing", "Address": "44-18 Kissena Blvd, Flushing, NY 11355, United States", "Geocode_Status": "Success" }, "geometry": { "type": "Point", "coordinates": [ -73.8224752, 40.7534264 ] } },
{ "type": "Feature", "properties": { "Business_Name": "Nurlan Uyghur Restaurant", "Neighborhood": "Flushing", "Address": "43-39 Main St, Flushing, NY 11355, United States", "Geocode_Status": "Success" }, "geometry": { "type": "Point", "coordinates": [ -73.8258925, 40.751593 ] } },
{ "type": "Feature", "properties": { "Business_Name": "Little TW Tea&Ramen", "Neighborhood": "Flushing", "Address": "3542 Union St, Flushing, NY 11354, United States", "Geocode_Status": "Success" }, "geometry": { "type": "Point", "coordinates": [ -73.828251, 40.764337 ] } },
{ "type": "Feature", "properties": { "Business_Name": "NYC Tikka Masala", "Neighborhood": "Flushing", "Address": "44-27 Kissena Blvd, Queens, NY 11355, United States", "Geocode_Status": "Success" }, "geometry": { "type": "Point", "coordinates": [ -73.8218382, 40.7534246 ] } },
{ "type": "Feature", "properties": { "Business_Name": "MUMU Bubble Tea", "Neighborhood": "Flushing", "Address": "147-32 Northern Blvd, Flushing, NY 11354, United States", "Geocode_Status": "Success" }, "geometry": { "type": "Point", "coordinates": [ -73.8180017, 40.7651564 ] } },
{ "type": "Feature", "properties": { "Business_Name": "Sarku Japan Teriyaki & Sushi Express", "Neighborhood": "Flushing", "Address": "133-38 Whitestone Expy, Flushing, NY 11354, United States", "Geocode_Status": "Success" }, "geometry": { "type": "Point", "coordinates": [ -73.8359114, 40.7688347 ] } },
{ "type": "Feature", "properties": { "Business_Name": "Marrizzang", "Neighborhood": "Flushing", "Address": "42-37 162nd St, Flushing, NY 11358, United States", "Geocode_Status": "Success" }, "geometry": { "type": "Point", "coordinates": [ -73.803855, 40.759139 ] } },
{ "type": "Feature", "properties": { "Business_Name": "Yupdduk", "Neighborhood": "Flushing", "Address": "157-22 Northern Blvd, Flushing, NY 11354, United States", "Geocode_Status": "Success" }, "geometry": { "type": "Point", "coordinates": [ -73.807586, 40.7634218 ] } },
{ "type": "Feature", "properties": { "Business_Name": "Flower Brook Mifen House Kissena Blvd", "Neighborhood": "Flushing", "Address": "44-35 Kissena Blvd, Flushing, NY 11355, United States", "Geocode_Status": "Success" }, "geometry": { "type": "Point", "coordinates": [ -73.8217218, 40.7532591 ] } },
{ "type": "Feature", "properties": { "Business_Name": "Anda Sushi", "Neighborhood": "Flushing", "Address": "60-02 Main St, Flushing, NY 11355, United States", "Geocode_Status": "Success" }, "geometry": { "type": "Point", "coordinates": [ -73.825889, 40.743054 ] } },
{ "type": "Feature", "properties": { "Business_Name": "Pelicana Chicken", "Neighborhood": "Flushing", "Address": "41-23 162nd St, Flushing, NY 11358, United States", "Geocode_Status": "Success" }, "geometry": { "type": "Point", "coordinates": [ -73.8038218, 40.7607311 ] } },
{ "type": "Feature", "properties": { "Business_Name": "Dongwon Tuna", "Neighborhood": "Flushing", "Address": "41-19 162nd St, Flushing, NY 11358, United States", "Geocode_Status": "Success" }, "geometry": { "type": "Point", "coordinates": [ -73.8036982, 40.7608008 ] } },
{ "type": "Feature", "properties": { "Business_Name": "Taste of Urumqi", "Neighborhood": "Flushing", "Address": "147 Northern Blvd, Flushing, NY 11354, United States", "Geocode_Status": "Success" }, "geometry": { "type": "Point", "coordinates": [ -73.8174918, 40.7652024 ] } },
{ "type": "Feature", "properties": { "Business_Name": "Sonamu House", "Neighborhood": "Flushing", "Address": "158-15 Northern Blvd, Flushing, NY 11358, United States", "Geocode_Status": "Success" }, "geometry": { "type": "Point", "coordinates": [ -73.8068618, 40.7634999 ] } },
{ "type": "Feature", "properties": { "Business_Name": "Double MaLaTang", "Neighborhood": "Flushing", "Address": "158-25 Northern Blvd, Flushing, NY 11358, United States", "Geocode_Status": "Success" }, "geometry": { "type": "Point", "coordinates": [ -73.806531, 40.7634139 ] } },
{ "type": "Feature", "properties": { "Business_Name": "Ziggle Tofu & Grill Fantuan Exclusive", "Neighborhood": "Flushing", "Address": "149-06 41st Ave, Flushing, NY 11355, United States", "Geocode_Status": "Success" }, "geometry": { "type": "Point", "coordinates": [ -73.8153935, 40.7619209 ] } },
{ "type": "Feature", "properties": { "Business_Name": "Joong Koog Jip", "Neighborhood": "Flushing", "Address": "149-08 41st Ave, Flushing, NY 11355, United States", "Geocode_Status": "Success" }, "geometry": { "type": "Point", "coordinates": [ -73.8153339, 40.761938 ] } },
{ "type": "Feature", "properties": { "Business_Name": "Night Market BBQ", "Neighborhood": "Flushing", "Address": "45-06 Parsons Blvd, Flushing, NY 11355, United States", "Geocode_Status": "Success" }, "geometry": { "type": "Point", "coordinates": [ -73.8155698, 40.7554069 ] } },
{ "type": "Feature", "properties": { "Business_Name": "Tart Tart Bakery", "Neighborhood": "Flushing", "Address": "147-11 45th Ave, Flushing, NY 11355, United States", "Geocode_Status": "Success" }, "geometry": { "type": "Point", "coordinates": [ -73.8149454, 40.7556757 ] } },
{ "type": "Feature", "properties": { "Business_Name": "Chuan You Dao", "Neighborhood": "Flushing", "Address": "147-10 45th Ave, Flushing, NY 11355, United States", "Geocode_Status": "Success" }, "geometry": { "type": "Point", "coordinates": [ -73.814865, 40.755423 ] } },
{ "type": "Feature", "properties": { "Business_Name": "Jiu Tou Niao", "Neighborhood": "Flushing", "Address": "41-1 Kissena Blvd, Flushing, NY 11355, United States", "Geocode_Status": "Success" }, "geometry": { "type": "Point", "coordinates": [ -73.8290491, 40.758448 ] } },
{ "type": "Feature", "properties": { "Business_Name": "Satay Malaysian Cuisine", "Neighborhood": "Flushing", "Address": "46-01 Kissena Blvd, Flushing, NY 11355, United States", "Geocode_Status": "Success" }, "geometry": { "type": "Point", "coordinates": [ -73.8187878, 40.7505749 ] } },
{ "type": "Feature", "properties": { "Business_Name": "Old Friend BBQ", "Neighborhood": "Flushing", "Address": "140-8 Holly Ave, Flushing, NY 11355, United States", "Geocode_Status": "Success" }, "geometry": { "type": "Point", "coordinates": [ -73.8187326, 40.750711 ] } },
{ "type": "Feature", "properties": { "Business_Name": "Northern Wang Mandoo", "Neighborhood": "Flushing", "Address": "152-22 Northern Blvd, Flushing, NY 11354, United States", "Geocode_Status": "Success" }, "geometry": { "type": "Point", "coordinates": [ -73.8121653, 40.7646874 ] } },
{ "type": "Feature", "properties": { "Business_Name": "LIANG PI WANGÂ·Kissena", "Neighborhood": "Flushing", "Address": "133-35 Roosevelt Ave, Flushing, NY 11354, United States", "Geocode_Status": "Success" }, "geometry": { "type": "Point", "coordinates": [ -73.8330099, 40.7587245 ] } },
{ "type": "Feature", "properties": { "Business_Name": "Night Food Restaurant", "Neighborhood": "Flushing", "Address": "39-16 Prince St #104, Flushing, NY 11354, United States", "Geocode_Status": "Success" }, "geometry": { "type": "Point", "coordinates": [ -73.8324111, 40.7595745 ] } },
{ "type": "Feature", "properties": { "Business_Name": "QK Restaurant 阿外楼", "Neighborhood": "Flushing", "Address": "46-26 Kissena Blvd, Flushing, NY 11355, United States", "Geocode_Status": "Success" }, "geometry": { "type": "Point", "coordinates": [ -73.8187595, 40.7498582 ] } },
{ "type": "Feature", "properties": { "Business_Name": "Hey Yogurt", "Neighborhood": "Flushing", "Address": "41-12 162nd St, Flushing, NY 11358, United States", "Geocode_Status": "Success" }, "geometry": { "type": "Point", "coordinates": [ -73.8040143, 40.7610343 ] } },
{ "type": "Feature", "properties": { "Business_Name": "Chef Papa", "Neighborhood": "Flushing", "Address": "42-05 162nd St, Flushing, NY 11358, United States", "Geocode_Status": "Success" }, "geometry": { "type": "Point", "coordinates": [ -73.8038972, 40.7599803 ] } },
{ "type": "Feature", "properties": { "Business_Name": "Papa Chicken", "Neighborhood": "Flushing", "Address": "147-09 45th Ave, Flushing, NY 11355, United States", "Geocode_Status": "Success" }, "geometry": { "type": "Point", "coordinates": [ -73.8150488, 40.7556809 ] } },
{ "type": "Feature", "properties": { "Business_Name": "Siam Thai", "Neighborhood": "Flushing", "Address": "157-02 Northern Blvd, Flushing, NY 11354, United States", "Geocode_Status": "Success" }, "geometry": { "type": "Point", "coordinates": [ -73.8081269, 40.7635277 ] } },
{ "type": "Feature", "properties": { "Business_Name": "Master Huang", "Neighborhood": "Flushing", "Address": "157-2 45th Ave, Flushing, NY 11355, United States", "Geocode_Status": "Success" }, "geometry": { "type": "Point", "coordinates": [ -73.8090349, 40.7566445 ] } },
{ "type": "Feature", "properties": { "Business_Name": "He Ji", "Neighborhood": "Flushing", "Address": "133-35 Roosevelt Ave, Flushing, NY 11354, United States", "Geocode_Status": "Success" }, "geometry": { "type": "Point", "coordinates": [ -73.8330591, 40.7587137 ] } },
{ "type": "Feature", "properties": { "Business_Name": "Tang Huo Kung Fu", "Neighborhood": "Flushing", "Address": "149-05 Northern Blvd, Flushing, NY 11354, United States", "Geocode_Status": "Success" }, "geometry": { "type": "Point", "coordinates": [ -73.8170707, 40.7656133 ] } },
{ "type": "Feature", "properties": { "Business_Name": "Zi Wei Xiao Chi", "Neighborhood": "Flushing", "Address": "45-70 Kissena Blvd, Flushing, NY 11355, United States", "Geocode_Status": "Success" }, "geometry": { "type": "Point", "coordinates": [ -73.819453, 40.750659 ] } },
{ "type": "Feature", "properties": { "Business_Name": "Thumbs Up Kongfu Kitchen", "Neighborhood": "Flushing", "Address": "894 70th St, Brooklyn, NY 11228, United States", "Geocode_Status": "Success" }, "geometry": { "type": "Point", "coordinates": [ -74.0132805, 40.6283602 ] } },
{ "type": "Feature", "properties": { "Business_Name": "Casserole old duck vermicelli soup", "Neighborhood": "Flushing", "Address": "133-35 Roosevelt Ave #8, Flushing, NY 11354, United States", "Geocode_Status": "Success" }, "geometry": { "type": "Point", "coordinates": [ -73.8330255, 40.7587253 ] } },
{ "type": "Feature", "properties": { "Business_Name": "Zao Men Qian Hot Pot", "Neighborhood": "Flushing", "Address": "46-09 Kissena Blvd, Flushing, NY 11355, United States", "Geocode_Status": "Success" }, "geometry": { "type": "Point", "coordinates": [ -73.8186957, 40.7505031 ] } },
{ "type": "Feature", "properties": { "Business_Name": "Delicias Pizza & Fried Chicken", "Neighborhood": "Flushing", "Address": "141-20 Holly Ave, Flushing, NY 11355, United States", "Geocode_Status": "Success" }, "geometry": { "type": "Point", "coordinates": [ -73.817328, 40.7515784 ] } },
{ "type": "Feature", "properties": { "Business_Name": "Chuan Zhuren Hot Pot & BBQ", "Neighborhood": "Flushing", "Address": "147-10 45th Ave, Flushing, NY 11355, United States", "Geocode_Status": "Success" }, "geometry": { "type": "Point", "coordinates": [ -73.814865, 40.755423 ] } },
{ "type": "Feature", "properties": { "Business_Name": "One For the Road", "Neighborhood": "Flushing", "Address": "40-25 150th St, Flushing, NY 11354, United States", "Geocode_Status": "Success" }, "geometry": { "type": "Point", "coordinates": [ -73.8139043, 40.7629503 ] } },
{ "type": "Feature", "properties": { "Business_Name": "Deng Ji Yun Nan Rice Noodle Kissena", "Neighborhood": "Flushing", "Address": "40-09 Prince St, Flushing, NY 11354, United States", "Geocode_Status": "Success" }, "geometry": { "type": "Point", "coordinates": [ -73.8315545, 40.7586691 ] } },
{ "type": "Feature", "properties": { "Business_Name": "Dry Pot Show", "Neighborhood": "Flushing", "Address": "133-36 37th Ave, Flushing, NY 11354, United States", "Geocode_Status": "Success" }, "geometry": { "type": "Point", "coordinates": [ -73.8335025, 40.7602944 ] } },
{ "type": "Feature", "properties": { "Business_Name": "Grandpa's Beef Noodle", "Neighborhood": "Flushing", "Address": "136-21 37th Ave, Flushing, NY 11354, United States", "Geocode_Status": "Success" }, "geometry": { "type": "Point", "coordinates": [ -73.8303752, 40.7619076 ] } },
{ "type": "Feature", "properties": { "Business_Name": "Maxi’s Noodle 2", "Neighborhood": "Flushing", "Address": "59-20 Main St, Flushing, NY 11355, United States", "Geocode_Status": "Success" }, "geometry": { "type": "Point", "coordinates": [ -73.8257996, 40.7433313 ] } },
{ "type": "Feature", "properties": { "Business_Name": "An Da Tea", "Neighborhood": "Flushing", "Address": "60-02 Main St, Flushing, NY 11355, United States", "Geocode_Status": "Success" }, "geometry": { "type": "Point", "coordinates": [ -73.825889, 40.743054 ] } },
{ "type": "Feature", "properties": { "Business_Name": "Yetnal Tong Dak", "Neighborhood": "Flushing", "Address": "40-24 162nd St, Flushing, NY 11358, United States", "Geocode_Status": "Success" }, "geometry": { "type": "Point", "coordinates": [ -73.8039394, 40.7619443 ] } },
{ "type": "Feature", "properties": { "Business_Name": "The Whale Tea", "Neighborhood": "Flushing", "Address": "25-25 Parsons Blvd, Flushing, NY 11354, United States", "Geocode_Status": "Success" }, "geometry": { "type": "Point", "coordinates": [ -73.8235726, 40.7759902 ] } },
{ "type": "Feature", "properties": { "Business_Name": "Java Day Cafe", "Neighborhood": "Flushing", "Address": "160-9 Northern Blvd, Flushing, NY 11358, United States", "Geocode_Status": "Success" }, "geometry": { "type": "Point", "coordinates": [ -73.8051699, 40.7629533 ] } },
{ "type": "Feature", "properties": { "Business_Name": "Beans and Malt", "Neighborhood": "Flushing", "Address": "41-02 162nd St, Queens, NY 11358, United States", "Geocode_Status": "Success" }, "geometry": { "type": "Point", "coordinates": [ -73.8040658, 40.7613164 ] } },
{ "type": "Feature", "properties": { "Business_Name": "Myung San", "Neighborhood": "Flushing", "Address": "162-21 Depot Rd, Flushing, NY 11358, United States", "Geocode_Status": "Success" }, "geometry": { "type": "Point", "coordinates": [ -73.8031074, 40.7620923 ] } },
{ "type": "Feature", "properties": { "Business_Name": "Sogongdong Tofu & BBQ", "Neighborhood": "Flushing", "Address": "156-16A Northern Blvd, Flushing, NY 11354, United States", "Geocode_Status": "Success" }, "geometry": { "type": "Point", "coordinates": [ -73.8089281, 40.7634919 ] } },
{ "type": "Feature", "properties": { "Business_Name": "Chi-Mac Zip", "Neighborhood": "Flushing", "Address": "156-28 Northern Blvd, Flushing, NY 11354, United States", "Geocode_Status": "Success" }, "geometry": { "type": "Point", "coordinates": [ -73.8087592, 40.7632644 ] } },
{ "type": "Feature", "properties": { "Business_Name": "Arirang", "Neighborhood": "Flushing", "Address": "41-04 163rd St, Flushing, NY 11358, United States", "Geocode_Status": "Success" }, "geometry": { "type": "Point", "coordinates": [ -73.8030722, 40.7613096 ] } },
{ "type": "Feature", "properties": { "Business_Name": "Fratelli's Pizzeria", "Neighborhood": "Flushing", "Address": "40-36 162nd St, Flushing, NY 11358, United States", "Geocode_Status": "Success" }, "geometry": { "type": "Point", "coordinates": [ -73.804017, 40.76158 ] } },
{ "type": "Feature", "properties": { "Business_Name": "Pho Top", "Neighborhood": "Flushing", "Address": "25-25 Parsons Blvd, Flushing, NY 11354, United States", "Geocode_Status": "Success" }, "geometry": { "type": "Point", "coordinates": [ -73.8235243, 40.776074 ] } },
{ "type": "Feature", "properties": { "Business_Name": "Sushi Wasabi", "Neighborhood": "Flushing", "Address": "158-14 Northern Blvd Suit LL1, Flushing, NY 11358, United States", "Geocode_Status": "Success" }, "geometry": { "type": "Point", "coordinates": [ -73.8067402, 40.7629299 ] } },
{ "type": "Feature", "properties": { "Business_Name": "Bake Culture Northern Blvd", "Neighborhood": "Flushing", "Address": "160-06 Northern Blvd, Flushing, NY 11358, United States", "Geocode_Status": "Success" }, "geometry": { "type": "Point", "coordinates": [ -73.8054636, 40.7627046 ] } },
{ "type": "Feature", "properties": { "Business_Name": "El Vicentino", "Neighborhood": "Flushing", "Address": "43-37 162nd St, Flushing, NY 11358, United States", "Geocode_Status": "Success" }, "geometry": { "type": "Point", "coordinates": [ -73.804241, 40.7576285 ] } },
{ "type": "Feature", "properties": { "Business_Name": "Shinpuru baking", "Neighborhood": "Flushing", "Address": "4229 162nd St, Flushing, NY 11358, United States", "Geocode_Status": "Success" }, "geometry": { "type": "Point", "coordinates": [ -73.8039409, 40.7593675 ] } },
{ "type": "Feature", "properties": { "Business_Name": "Guksu Jip", "Neighborhood": "Flushing", "Address": "160-28 Northern Blvd, Flushing, NY 11358, United States", "Geocode_Status": "Success" }, "geometry": { "type": "Point", "coordinates": [ -73.804744, 40.7623422 ] } },
{ "type": "Feature", "properties": { "Business_Name": "Kimchayul Myungpoom Galbi", "Neighborhood": "Flushing", "Address": "41-22 162nd St, Flushing, NY 11358, United States", "Geocode_Status": "Success" }, "geometry": { "type": "Point", "coordinates": [ -73.8041233, 40.7607751 ] } },
{ "type": "Feature", "properties": { "Business_Name": "18.5 Gram Coffee", "Neighborhood": "Flushing", "Address": "16101 Northern Blvd, Flushing, NY 11358, United States", "Geocode_Status": "Success" }, "geometry": { "type": "Point", "coordinates": [ -73.8044834, 40.7627048 ] } },
{ "type": "Feature", "properties": { "Business_Name": "CHEO GOD. ZIP chicken pizza", "Neighborhood": "Flushing", "Address": "160-24A Northern Blvd, Flushing, NY 11358, United States", "Geocode_Status": "Success" }, "geometry": { "type": "Point", "coordinates": [ -73.8047749, 40.7624433 ] } },
{ "type": "Feature", "properties": { "Business_Name": "Cocohodo Â· Walnut Pastry Cafe", "Neighborhood": "Flushing", "Address": "158-7 Northern Blvd, Flushing, NY 11358, United States", "Geocode_Status": "Success" }, "geometry": { "type": "Point", "coordinates": [ -73.8069811, 40.7635404 ] } },
{ "type": "Feature", "properties": { "Business_Name": "Momo Ashi Cafe", "Neighborhood": "Flushing", "Address": "147-05 45th Ave, Flushing, NY 11355, United States", "Geocode_Status": "Success" }, "geometry": { "type": "Point", "coordinates": [ -73.8151137, 40.7556055 ] } },
{ "type": "Feature", "properties": { "Business_Name": "Hwa Lung", "Neighborhood": "Flushing", "Address": "36-7 164th St, Flushing, NY 11358, United States", "Geocode_Status": "Success" }, "geometry": { "type": "Point", "coordinates": [ -73.8016924, 40.7624453 ] } },
{ "type": "Feature", "properties": { "Business_Name": "Kissena Cafe", "Neighborhood": "Flushing", "Address": "6004 Kissena Blvd, Flushing, NY 11355, United States", "Geocode_Status": "Success" }, "geometry": { "type": "Point", "coordinates": [ -73.8152941, 40.7398252 ] } },
{ "type": "Feature", "properties": { "Business_Name": "Say Hi", "Neighborhood": "Flushing", "Address": "163-08 Northern Blvd, Flushing, NY 11358, United States", "Geocode_Status": "Success" }, "geometry": { "type": "Point", "coordinates": [ -73.8025922, 40.760999 ] } },
{ "type": "Feature", "properties": { "Business_Name": "E Noodle Kissena", "Neighborhood": "Flushing", "Address": "59-08 Kissena Blvd, Flushing, NY 11355, United States", "Geocode_Status": "Success" }, "geometry": { "type": "Point", "coordinates": [ -73.8152347, 40.7404838 ] } },
{ "type": "Feature", "properties": { "Business_Name": "J & K Courmet", "Neighborhood": "Flushing", "Address": "2302 College Point Blvd, College Point, NY 11356, United States", "Geocode_Status": "Success" }, "geometry": { "type": "Point", "coordinates": [ -73.846238, 40.7785245 ] } },
{ "type": "Feature", "properties": { "Business_Name": "Maine Ocean", "Neighborhood": "Flushing", "Address": "36-09 164th St, Flushing, NY 11358, United States", "Geocode_Status": "Success" }, "geometry": { "type": "Point", "coordinates": [ -73.801615, 40.7623596 ] } },
{ "type": "Feature", "properties": { "Business_Name": "Fish Village", "Neighborhood": "Flushing", "Address": "20-07 127th St FL 3, Queens, NY 11356, United States", "Geocode_Status": "Success" }, "geometry": { "type": "Point", "coordinates": [ -73.8408955, 40.781505 ] } },
{ "type": "Feature", "properties": { "Business_Name": "Bonchon", "Neighborhood": "Flushing", "Address": "189-08 Northern Blvd, Flushing, NY 11358, United States", "Geocode_Status": "Success" }, "geometry": { "type": "Point", "coordinates": [ -73.7917011, 40.7575729 ] } },
{ "type": "Feature", "properties": { "Business_Name": "Hashi Ramen", "Neighborhood": "Flushing", "Address": "192-12 Northern Blvd, Flushing, NY 11358, United States", "Geocode_Status": "Success" }, "geometry": { "type": "Point", "coordinates": [ -73.7889, 40.7576328 ] } },
{ "type": "Feature", "properties": { "Business_Name": "Basak Chicken", "Neighborhood": "Flushing", "Address": "171-07 Northern Blvd, Flushing, NY 11358, United States", "Geocode_Status": "Success" }, "geometry": { "type": "Point", "coordinates": [ -73.7955549, 40.7582644 ] } },
{ "type": "Feature", "properties": { "Business_Name": "Liuji Szechuan Noodle House", "Neighborhood": "Flushing", "Address": "20-13 College Point Blvd, College Point, NY 11356, United States", "Geocode_Status": "Success" }, "geometry": { "type": "Point", "coordinates": [ -73.8457791, 40.7812664 ] } },
{ "type": "Feature", "properties": { "Business_Name": "Pizza Garden", "Neighborhood": "Flushing", "Address": "17101 Northern Blvd, Flushing, NY 11358, United States", "Geocode_Status": "Success" }, "geometry": { "type": "Point", "coordinates": [ -73.7956502, 40.7582653 ] } },
{ "type": "Feature", "properties": { "Business_Name": "Jang Dok Dae", "Neighborhood": "Flushing", "Address": "172-14 46th Ave, Flushing, NY 11358, United States", "Geocode_Status": "Success" }, "geometry": { "type": "Point", "coordinates": [ -73.7928279, 40.7530336 ] } },
{ "type": "Feature", "properties": { "Business_Name": "Halal Doner Kabab", "Neighborhood": "Flushing", "Address": "19220 Northern Blvd, Flushing, NY 11358, United States", "Geocode_Status": "Success" }, "geometry": { "type": "Point", "coordinates": [ -73.7886329, 40.7577295 ] } },
{ "type": "Feature", "properties": { "Business_Name": "Shanghai Soup Dumpling", "Neighborhood": "Flushing", "Address": "39-16 Prince St #104, Flushing, NY 11354, United States", "Geocode_Status": "Success" }, "geometry": { "type": "Point", "coordinates": [ -73.8324111, 40.7595745 ] } },
{ "type": "Feature", "properties": { "Business_Name": "Ms. Yu TeaÂ·College Point", "Neighborhood": "Flushing", "Address": "14-11 College Point Blvd, Flushing, NY 11356, United States", "Geocode_Status": "Success" }, "geometry": { "type": "Point", "coordinates": [ -73.8456649, 40.7850303 ] } },
{ "type": "Feature", "properties": { "Business_Name": "Golden Sushi", "Neighborhood": "Flushing", "Address": "41-28 Main St, Flushing, NY 11355, United States", "Geocode_Status": "Success" }, "geometry": { "type": "Point", "coordinates": [ -73.8293161, 40.7571727 ] } },
{ "type": "Feature", "properties": { "Business_Name": "Peter's Deli", "Neighborhood": "Flushing", "Address": "8-19 College Point Blvd, Flushing, NY 11356, United States", "Geocode_Status": "Success" }, "geometry": { "type": "Point", "coordinates": [ -73.8454594, 40.789541 ] } },
{ "type": "Feature", "properties": { "Business_Name": "Jun's Macaron Gelato", "Neighborhood": "Flushing", "Address": "192-02 Northern Blvd, Flushing, NY 11358, United States", "Geocode_Status": "Success" }, "geometry": { "type": "Point", "coordinates": [ -73.7892217, 40.757602 ] } },
{ "type": "Feature", "properties": { "Business_Name": "Mr Dak", "Neighborhood": "Flushing", "Address": "194-15 Northern Blvd, Flushing, NY 11358, United States", "Geocode_Status": "Success" }, "geometry": { "type": "Point", "coordinates": [ -73.7871248, 40.7580797 ] } },
{ "type": "Feature", "properties": { "Business_Name": "Lemon Tea", "Neighborhood": "Flushing", "Address": "37-11 Prince St, Flushing, NY 11354, United States", "Geocode_Status": "Success" }, "geometry": { "type": "Point", "coordinates": [ -73.8326494, 40.7605639 ] } },
{ "type": "Feature", "properties": { "Business_Name": "Wave KTV", "Neighborhood": "Flushing", "Address": "133-35 Roosevelt Ave, Flushing, NY 11354, United States", "Geocode_Status": "Success" }, "geometry": { "type": "Point", "coordinates": [ -73.8331334, 40.7588367 ] } },
{ "type": "Feature", "properties": { "Business_Name": "Haidilao Specials", "Neighborhood": "Flushing", "Address": "138-23 39th Ave, Flushing, NY 11354, United States", "Geocode_Status": "Success" }, "geometry": { "type": "Point", "coordinates": [ -73.8280583, 40.7613242 ] } },
{ "type": "Feature", "properties": { "Business_Name": "iAesthetic Beauty & Skin Care", "Neighborhood": "Flushing", "Address": "40-21 159th St B 201, Flushing, NY 11358, United States", "Geocode_Status": "Success" }, "geometry": { "type": "Point", "coordinates": [ -73.80623, 40.762454 ] } },
{ "type": "Feature", "properties": { "Business_Name": "SIHA Bento", "Neighborhood": "Flushing", "Address": "13515 40th Rd 1st Fl, Flushing, NY 11354, United States", "Geocode_Status": "Success" }, "geometry": { "type": "Point", "coordinates": [ -73.8310286, 40.7587356 ] } },
{ "type": "Feature", "properties": { "Business_Name": "Midnight Cafeteria", "Neighborhood": "Flushing", "Address": "718 Barton Ave, Flushing, NY 11354, United States", "Geocode_Status": "Success" }, "geometry": { "type": "Point", "coordinates": [ -73.8143816, 40.7631115 ] } },
{ "type": "Feature", "properties": { "Business_Name": "Bento House", "Neighborhood": "Flushing", "Address": "136-75 Roosevelt Ave, Flushing, NY 11354, United States", "Geocode_Status": "Success" }, "geometry": { "type": "Point", "coordinates": [ -73.8275017, 40.7603481 ] } },
{ "type": "Feature", "properties": { "Business_Name": "Sichuan Hall", "Neighborhood": "Flushing", "Address": "133-47 Roosevelt Ave, Flushing, NY 11354, United States", "Geocode_Status": "Success" }, "geometry": { "type": "Point", "coordinates": [ -73.8326858, 40.7588619 ] } },
{ "type": "Feature", "properties": { "Business_Name": "Mr. Tu BakeryÂ·Breakfast", "Neighborhood": "Flushing", "Address": "136-29 Roosevelt Ave, Flushing, NY 11354, United States", "Geocode_Status": "Success" }, "geometry": { "type": "Point", "coordinates": [ -73.8290913, 40.7601042 ] } },
{ "type": "Feature", "properties": { "Business_Name": "New York Barbecue Gourmet", "Neighborhood": "Flushing", "Address": "138-25 39th Ave, Flushing, NY 11354, United States", "Geocode_Status": "Success" }, "geometry": { "type": "Point", "coordinates": [ -73.8280482, 40.7609319 ] } },
{ "type": "Feature", "properties": { "Business_Name": "Beijing Style BBQ", "Neighborhood": "Flushing", "Address": "41-83 Bowne St, Flushing, NY 11355, United States", "Geocode_Status": "Success" }, "geometry": { "type": "Point", "coordinates": [ -73.8222396, 40.7574499 ] } },
{ "type": "Feature", "properties": { "Business_Name": "39 Price Cafe", "Neighborhood": "Flushing", "Address": "39-07 Prince St #1d, Flushing, NY 11354, United States", "Geocode_Status": "Success" }, "geometry": { "type": "Point", "coordinates": [ -73.831952, 40.759468 ] } },
{ "type": "Feature", "properties": { "Business_Name": "First Hand FoodÂ·Breakfast", "Neighborhood": "Flushing", "Address": "142-54 Roosevelt Ave, Flushing, NY 11354, United States", "Geocode_Status": "Success" }, "geometry": { "type": "Point", "coordinates": [ -73.8246422, 40.7608588 ] } },
{ "type": "Feature", "properties": { "Business_Name": "Spicy Palac  The prince street shops", "Neighborhood": "Flushing", "Address": "37-17 Prince St, Flushing, NY 11354, United States", "Geocode_Status": "Success" }, "geometry": { "type": "Point", "coordinates": [ -73.8324968, 40.7604013 ] } },
{ "type": "Feature", "properties": { "Business_Name": "Lee & Bai Chinese Buns Shop", "Neighborhood": "Flushing", "Address": "38-09 Union St, Flushing, NY 11354, United States", "Geocode_Status": "Success" }, "geometry": { "type": "Point", "coordinates": [ -73.8267764, 40.7614114 ] } },
{ "type": "Feature", "properties": { "Business_Name": "Pho Vietnamese Cuisine", "Neighborhood": "Flushing", "Address": "41-01 Kissena Blvd, Flushing, NY 11355, United States", "Geocode_Status": "Success" }, "geometry": { "type": "Point", "coordinates": [ -73.8290597, 40.7583937 ] } },
{ "type": "Feature", "properties": { "Business_Name": "Kaizen", "Neighborhood": "Flushing", "Address": "33-70 Farrington St, Queens, NY 11354, United States", "Geocode_Status": "Success" }, "geometry": { "type": "Point", "coordinates": [ -73.8322898, 40.7650265 ] } },
{ "type": "Feature", "properties": { "Business_Name": "HA Bakery", "Neighborhood": "Flushing", "Address": "134-32 Northern Blvd, Flushing, NY 11354, United States", "Geocode_Status": "Success" }, "geometry": { "type": "Point", "coordinates": [ -73.8335619, 40.7625016 ] } },
{ "type": "Feature", "properties": { "Business_Name": "HA BakeryÂ·Breakfast", "Neighborhood": "Flushing", "Address": "134-32 Northern Blvd, Flushing, NY 11354, United States", "Geocode_Status": "Success" }, "geometry": { "type": "Point", "coordinates": [ -73.8335619, 40.7625016 ] } },
{ "type": "Feature", "properties": { "Business_Name": "Leaf Garden", "Neighborhood": "Flushing", "Address": "42-35 Main St Suite 1P5, Flushing, NY 11355, United States", "Geocode_Status": "Success" }, "geometry": { "type": "Point", "coordinates": [ -73.8276784, 40.7545688 ] } },
{ "type": "Feature", "properties": { "Business_Name": "JAN CHI MA EUL", "Neighborhood": "Flushing", "Address": "41-65 Bowne St, Flushing, NY 11355, United States", "Geocode_Status": "Success" }, "geometry": { "type": "Point", "coordinates": [ -73.8225619, 40.7577811 ] } },
{ "type": "Feature", "properties": { "Business_Name": "Teaus Sushi Burrito", "Neighborhood": "Flushing", "Address": "42-35 Main St, Flushing, NY 11355, United States", "Geocode_Status": "Success" }, "geometry": { "type": "Point", "coordinates": [ -73.8276945, 40.7546369 ] } },
{ "type": "Feature", "properties": { "Business_Name": "Xiaoge BBQ", "Neighborhood": "Flushing", "Address": "3702 Main St 2nd FLOOR, Flushing, NY 11354, United States", "Geocode_Status": "Success" }, "geometry": { "type": "Point", "coordinates": [ -73.8316475, 40.7612869 ] } },
{ "type": "Feature", "properties": { "Business_Name": "Kalok Kitchen & Bar", "Neighborhood": "Flushing", "Address": "134-18 Northern Blvd, Flushing, NY 11354, United States", "Geocode_Status": "Success" }, "geometry": { "type": "Point", "coordinates": [ -73.8340433, 40.7625024 ] } },
{ "type": "Feature", "properties": { "Business_Name": "Gold Medal Handmade Dumplings", "Neighborhood": "Flushing", "Address": "3546 Union St, Flushing, NY 11354, United States", "Geocode_Status": "Success" }, "geometry": { "type": "Point", "coordinates": [ -73.8282469, 40.7642581 ] } },
{ "type": "Feature", "properties": { "Business_Name": "Lina Grilled cold noodles", "Neighborhood": "Flushing", "Address": "36-34 Union St, Flushing, NY 11354, United States", "Geocode_Status": "Success" }, "geometry": { "type": "Point", "coordinates": [ -73.8279335, 40.7627967 ] } },
{ "type": "Feature", "properties": { "Business_Name": "Cha Cha Tea House", "Neighborhood": "Flushing", "Address": "38-04 Prince St, Flushing, NY 11354, United States", "Geocode_Status": "Success" }, "geometry": { "type": "Point", "coordinates": [ -73.8327755, 40.7599915 ] } },
{ "type": "Feature", "properties": { "Business_Name": "Happy Deli", "Neighborhood": "Flushing", "Address": "33-09 College Point Blvd, Flushing, NY 11354, United States", "Geocode_Status": "Success" }, "geometry": { "type": "Point", "coordinates": [ -73.8372165, 40.7656277 ] } },
{ "type": "Feature", "properties": { "Business_Name": "Sunrise Cafe", "Neighborhood": "Flushing", "Address": "45-04 Parsons Blvd, Flushing, NY 11355, United States", "Geocode_Status": "Success" }, "geometry": { "type": "Point", "coordinates": [ -73.8156417, 40.7554615 ] } },
{ "type": "Feature", "properties": { "Business_Name": "Yeshi Shousiji", "Neighborhood": "Flushing", "Address": "133-36 37th Ave G17, Flushing, NY 11354, United States", "Geocode_Status": "Success" }, "geometry": { "type": "Point", "coordinates": [ -73.8337137, 40.7602825 ] } },
{ "type": "Feature", "properties": { "Business_Name": "Northeasten Barbecue", "Neighborhood": "Flushing", "Address": "136-73 41st Ave, Flushing, NY 11355, United States", "Geocode_Status": "Success" }, "geometry": { "type": "Point", "coordinates": [ -73.8269367, 40.7593412 ] } },
{ "type": "Feature", "properties": { "Business_Name": "Pocha Pocha", "Neighborhood": "Flushing", "Address": "152-24 Northern Blvd, Flushing, NY 11354, United States", "Geocode_Status": "Success" }, "geometry": { "type": "Point", "coordinates": [ -73.8121653, 40.7646874 ] } },
{ "type": "Feature", "properties": { "Business_Name": "JD Breakfast & Coffee", "Neighborhood": "Flushing", "Address": "154-28 Northern Blvd, Flushing, NY 11354, United States", "Geocode_Status": "Success" }, "geometry": { "type": "Point", "coordinates": [ -73.8102149, 40.7642511 ] } },
{ "type": "Feature", "properties": { "Business_Name": "Adam's Chicken & Pocha", "Neighborhood": "Flushing", "Address": "153-02A, Northern Blvd, Flushing, NY 11354, United States", "Geocode_Status": "Success" }, "geometry": { "type": "Point", "coordinates": [ -73.8118472, 40.7646861 ] } },
{ "type": "Feature", "properties": { "Business_Name": "Hongdae Korean restaurant", "Neighborhood": "Flushing", "Address": "149-09 41st Ave, Flushing, NY 11355, United States", "Geocode_Status": "Success" }, "geometry": { "type": "Point", "coordinates": [ -73.8155103, 40.7623072 ] } },
{ "type": "Feature", "properties": { "Business_Name": "Zi Wei Xiao ChiÂ·Breakfast", "Neighborhood": "Flushing", "Address": "45-70 Kissena Blvd, Flushing, NY 11355, United States", "Geocode_Status": "Success" }, "geometry": { "type": "Point", "coordinates": [ -73.819453, 40.750659 ] } },
{ "type": "Feature", "properties": { "Business_Name": "Jungme Gukbop", "Neighborhood": "Flushing", "Address": "35-04 154th St, Flushing, NY 11354, United States", "Geocode_Status": "Success" }, "geometry": { "type": "Point", "coordinates": [ -73.8110731, 40.7658739 ] } },
{ "type": "Feature", "properties": { "Business_Name": "Qiu Sushi", "Neighborhood": "Flushing", "Address": "60-05 Kissena Blvd, Flushing, NY 11355, United States", "Geocode_Status": "Success" }, "geometry": { "type": "Point", "coordinates": [ -73.814842, 40.7396222 ] } },
{ "type": "Feature", "properties": { "Business_Name": "Fei Cha Bu Ke", "Neighborhood": "Flushing", "Address": "13617 39th Ave, Flushing, NY 11354, United States", "Geocode_Status": "Success" }, "geometry": { "type": "Point", "coordinates": [ -73.8294676, 40.7609026 ] } },
{ "type": "Feature", "properties": { "Business_Name": "Fresh sushi", "Neighborhood": "Flushing", "Address": "135-24 40th Rd, Flushing, NY 11354, United States", "Geocode_Status": "Success" }, "geometry": { "type": "Point", "coordinates": [ -73.830645, 40.758496 ] } },
{ "type": "Feature", "properties": { "Business_Name": "Hundred TasteÂ·", "Neighborhood": "Flushing", "Address": "42-35 Main St Ste 1J, Flushing, NY 11355, United States", "Geocode_Status": "Success" }, "geometry": { "type": "Point", "coordinates": [ -73.8275782, 40.7548474 ] } },
{ "type": "Feature", "properties": { "Business_Name": "JiXiangBBQ", "Neighborhood": "Flushing", "Address": "Sanford Ave &, Kissena Blvd, Flushing, NY 11354, United States", "Geocode_Status": "Success" }, "geometry": { "type": "Point", "coordinates": [ -73.8273736, 40.7571865 ] } },
{ "type": "Feature", "properties": { "Business_Name": "Gao's Grab", "Neighborhood": "Flushing", "Address": "136-72 Roosevelt Ave, Flushing, NY 11354, United States", "Geocode_Status": "Success" }, "geometry": { "type": "Point", "coordinates": [ -73.8274707, 40.760001 ] } },
{ "type": "Feature", "properties": { "Business_Name": "Han Song Ting", "Neighborhood": "Flushing", "Address": "37-02 Main St, Flushing, NY 11354, United States", "Geocode_Status": "Success" }, "geometry": { "type": "Point", "coordinates": [ -73.8314455, 40.7612787 ] } },
{ "type": "Feature", "properties": { "Business_Name": "Bao Zang Xiao Chi", "Neighborhood": "Flushing", "Address": "35-32 Union St #1FL, Flushing, NY 11354, United States", "Geocode_Status": "Success" }, "geometry": { "type": "Point", "coordinates": [ -73.8282827, 40.7645608 ] } },
{ "type": "Feature", "properties": { "Business_Name": "Mumu Sweets", "Neighborhood": "Flushing", "Address": "147-32 Northern Blvd, Flushing, NY 11354, United States", "Geocode_Status": "Success" }, "geometry": { "type": "Point", "coordinates": [ -73.8180017, 40.7651564 ] } },
{ "type": "Feature", "properties": { "Business_Name": "Be Rich Â· Beef Tripe", "Neighborhood": "Flushing", "Address": "3619 Prince St, Queens, NY 11354, United States", "Geocode_Status": "Success" }, "geometry": { "type": "Point", "coordinates": [ -73.8327435, 40.7618164 ] } },
{ "type": "Feature", "properties": { "Business_Name": "Cutea", "Neighborhood": "Flushing", "Address": "136-76 Roosevelt Ave, Flushing, NY 11354, United States", "Geocode_Status": "Success" }, "geometry": { "type": "Point", "coordinates": [ -73.8273423, 40.760089 ] } },
{ "type": "Feature", "properties": { "Business_Name": "Happy breakfast", "Neighborhood": "Flushing", "Address": "37-12 Main St, Flushing, NY 11354, United States", "Geocode_Status": "Success" }, "geometry": { "type": "Point", "coordinates": [ -73.8310692, 40.7611072 ] } },
{ "type": "Feature", "properties": { "Business_Name": "Kingdom of tanghulu", "Neighborhood": "Flushing", "Address": "133-33 39th Ave, Flushing, NY 11354, United States", "Geocode_Status": "Success" }, "geometry": { "type": "Point", "coordinates": [ -73.8335486, 40.7596804 ] } },
{ "type": "Feature", "properties": { "Business_Name": "Yifan Beef Noodle", "Neighborhood": "Flushing", "Address": "36-34 Union St, Flushing, NY 11354, United States", "Geocode_Status": "Success" }, "geometry": { "type": "Point", "coordinates": [ -73.8279335, 40.7627967 ] } },
{ "type": "Feature", "properties": { "Business_Name": "Mr Duck", "Neighborhood": "Flushing", "Address": "133-35 Roosevelt Ave #8, Flushing, NY 11354, United States", "Geocode_Status": "Success" }, "geometry": { "type": "Point", "coordinates": [ -73.8330255, 40.7587253 ] } },
{ "type": "Feature", "properties": { "Business_Name": "Happy House", "Neighborhood": "Flushing", "Address": "116-36 Springfield Blvd, Cambria Heights, NY 11411, United States", "Geocode_Status": "Success" }, "geometry": { "type": "Point", "coordinates": [ -73.7436145, 40.6967798 ] } },
{ "type": "Feature", "properties": { "Business_Name": "Nagi Ramen Sushi", "Neighborhood": "Flushing", "Address": "33-70 Prince St C15, Flushing, NY 11354, United States", "Geocode_Status": "Success" }, "geometry": { "type": "Point", "coordinates": [ -73.8335799, 40.7646146 ] } },
{ "type": "Feature", "properties": { "Business_Name": "Xi Li BBQ", "Neighborhood": "Flushing", "Address": "40-30 149th Pl, Flushing, NY 11354, United States", "Geocode_Status": "Success" }, "geometry": { "type": "Point", "coordinates": [ -73.8150718, 40.7625386 ] } },
{ "type": "Feature", "properties": { "Business_Name": "MXM Foods", "Neighborhood": "Flushing", "Address": "135-11 38th Ave, Flushing, NY 11354, United States", "Geocode_Status": "Success" }, "geometry": { "type": "Point", "coordinates": [ -73.8322148, 40.7604397 ] } },
{ "type": "Feature", "properties": { "Business_Name": "XIU", "Neighborhood": "Flushing", "Address": "36-36 Prince St 3 fl 308, Flushing, NY 11354, United States", "Geocode_Status": "Success" }, "geometry": { "type": "Point", "coordinates": [ -73.8329962, 40.7611754 ] } },
{ "type": "Feature", "properties": { "Business_Name": "DongLaiShunÂ·Fan Meal", "Neighborhood": "Flushing", "Address": "39-16 Prince St #104, Flushing, NY 11354, United States", "Geocode_Status": "Success" }, "geometry": { "type": "Point", "coordinates": [ -73.8324111, 40.7595745 ] } },
{ "type": "Feature", "properties": { "Business_Name": "QUICITOPÂ·Fan Meal", "Neighborhood": "Flushing", "Address": "135-24 40th Rd, Flushing, NY 11354, United States", "Geocode_Status": "Success" }, "geometry": { "type": "Point", "coordinates": [ -73.830645, 40.758496 ] } },
{ "type": "Feature", "properties": { "Business_Name": "River SushiÂ·Fan Meal", "Neighborhood": "Flushing", "Address": "37-18 Main St, Flushing, NY 11354, United States", "Geocode_Status": "Success" }, "geometry": { "type": "Point", "coordinates": [ -73.8311552, 40.7609474 ] } },
{ "type": "Feature", "properties": { "Business_Name": "Ginza DonÂ·Fan Meal", "Neighborhood": "Flushing", "Address": "41-28 Main St T2, Flushing, NY 11355, United States", "Geocode_Status": "Success" }, "geometry": { "type": "Point", "coordinates": [ -73.829469, 40.7572628 ] } },
{ "type": "Feature", "properties": { "Business_Name": "Molly Tea (Flushing)", "Neighborhood": "Flushing", "Address": "37-11 Prince St, Flushing, NY 11354, United States", "Geocode_Status": "Success" }, "geometry": { "type": "Point", "coordinates": [ -73.8326494, 40.7605639 ] } },
{ "type": "Feature", "properties": { "Business_Name": "Kuafu", "Neighborhood": "Flushing", "Address": "13617 39th Ave, Flushing, NY 11354, United States", "Geocode_Status": "Success" }, "geometry": { "type": "Point", "coordinates": [ -73.8294676, 40.7609026 ] } },
{ "type": "Feature", "properties": { "Business_Name": "Chongqing ZaierÂ·Fan Meal", "Neighborhood": "Flushing", "Address": "37-04 Prince St, Flushing, NY 11354, United States", "Geocode_Status": "Success" }, "geometry": { "type": "Point", "coordinates": [ -73.8330235, 40.7606738 ] } },
{ "type": "Feature", "properties": { "Business_Name": "Pho HoangÂ·Fan Meal", "Neighborhood": "Flushing", "Address": "41-01 Kissena Blvd, Flushing, NY 11355, United States", "Geocode_Status": "Success" }, "geometry": { "type": "Point", "coordinates": [ -73.8290597, 40.7583937 ] } },
{ "type": "Feature", "properties": { "Business_Name": "fresh sushiÂ·Fan Meal", "Neighborhood": "Flushing", "Address": "135-24 40th Rd, Flushing, NY 11354, United States", "Geocode_Status": "Success" }, "geometry": { "type": "Point", "coordinates": [ -73.830645, 40.758496 ] } },
{ "type": "Feature", "properties": { "Business_Name": "Paris Baguette", "Neighborhood": "Flushing", "Address": "136-17 39th Ave, Queens, NY 11354, United States", "Geocode_Status": "Success" }, "geometry": { "type": "Point", "coordinates": [ -73.8295228, 40.7605837 ] } },
{ "type": "Feature", "properties": { "Business_Name": "RongWang Cantonese RestaurantÂ·Fan Meal", "Neighborhood": "Flushing", "Address": "136-51 Roosevelt Ave, Flushing, NY 11354, United States", "Geocode_Status": "Success" }, "geometry": { "type": "Point", "coordinates": [ -73.8283236, 40.7601449 ] } },
{ "type": "Feature", "properties": { "Business_Name": "Tai Pan BakeryÂ·Fan Meal", "Neighborhood": "Flushing", "Address": "37-25 Main St, Flushing, NY 11354, United States", "Geocode_Status": "Success" }, "geometry": { "type": "Point", "coordinates": [ -73.8307122, 40.7610794 ] } },
{ "type": "Feature", "properties": { "Business_Name": "Wong Nutrition Â·Fan Meal", "Neighborhood": "Flushing", "Address": "133-51 Roosevelt Ave suite, Flushing, NY 11354, United States", "Geocode_Status": "Success" }, "geometry": { "type": "Point", "coordinates": [ -73.8326111, 40.7588958 ] } },
{ "type": "Feature", "properties": { "Business_Name": "Youzhashuizhu", "Neighborhood": "Flushing", "Address": "45-68 Kissena Blvd, Flushing, NY 11355, United States", "Geocode_Status": "Success" }, "geometry": { "type": "Point", "coordinates": [ -73.81949, 40.7507434 ] } },
{ "type": "Feature", "properties": { "Business_Name": "MalashengyanÂ·Fan Meal", "Neighborhood": "Flushing", "Address": "37-17 Prince St, Flushing, NY 11354, United States", "Geocode_Status": "Success" }, "geometry": { "type": "Point", "coordinates": [ -73.8325116, 40.7603513 ] } },
{ "type": "Feature", "properties": { "Business_Name": "Shunjia Â·Fan Meal", "Neighborhood": "Flushing", "Address": "133-36 37th Ave G17, Flushing, NY 11354, United States", "Geocode_Status": "Success" }, "geometry": { "type": "Point", "coordinates": [ -73.8337137, 40.7602825 ] } },
{ "type": "Feature", "properties": { "Business_Name": "Hey KitcheÂ·Fan Meal", "Neighborhood": "Flushing", "Address": "41-08 College Point Blvd, Flushing, NY 11355, United States", "Geocode_Status": "Success" }, "geometry": { "type": "Point", "coordinates": [ -73.833814, 40.755912 ] } },
{ "type": "Feature", "properties": { "Business_Name": "Happy beefÂ·Fan Meal", "Neighborhood": "Flushing", "Address": "136-59 37th Ave, Flushing, NY 11354, United States", "Geocode_Status": "Success" }, "geometry": { "type": "Point", "coordinates": [ -73.828995, 40.762194 ] } },
{ "type": "Feature", "properties": { "Business_Name": "Hunan KitchenÂ·Fan Meal", "Neighborhood": "Flushing", "Address": "42-47 Main St, Flushing, NY 11355, United States", "Geocode_Status": "Success" }, "geometry": { "type": "Point", "coordinates": [ -73.827487, 40.7539621 ] } },
{ "type": "Feature", "properties": { "Business_Name": "Crispy Burger", "Neighborhood": "Flushing", "Address": "3617 Main St CU8, Flushing, NY 11354, United States", "Geocode_Status": "Success" }, "geometry": { "type": "Point", "coordinates": [ -73.8315736, 40.7626417 ] } },
{ "type": "Feature", "properties": { "Business_Name": "Boon chu Thai foodÂ·Fan Meal", "Neighborhood": "Flushing", "Address": "136-20 Roosevelt Ave, Flushing, NY 11354, United States", "Geocode_Status": "Success" }, "geometry": { "type": "Point", "coordinates": [ -73.8291343, 40.7593046 ] } },
{ "type": "Feature", "properties": { "Business_Name": "Sheng Jin FoodÂ·Fan Meal", "Neighborhood": "Flushing", "Address": "41-40 Main St, Flushing, NY 11355, United States", "Geocode_Status": "Success" }, "geometry": { "type": "Point", "coordinates": [ -73.8291611, 40.7570681 ] } },
{ "type": "Feature", "properties": { "Business_Name": "Zheng Gong FuÂ·New World Mall Â·Fan Meal", "Neighborhood": "Flushing", "Address": "136-20 Roosevelt Ave, Flushing, NY 11354, United States", "Geocode_Status": "Success" }, "geometry": { "type": "Point", "coordinates": [ -73.8291722, 40.7593415 ] } },
{ "type": "Feature", "properties": { "Business_Name": "Nuan Xin Rice Roll Â·Fan Meal", "Neighborhood": "Flushing", "Address": "136 - 55 Roosevelt Ave, Flushing, NY 11354, United States", "Geocode_Status": "Success" }, "geometry": { "type": "Point", "coordinates": [ -73.8281716, 40.7602851 ] } },
{ "type": "Feature", "properties": { "Business_Name": "Red House RestaurantRed House Restaurant", "Neighborhood": "Flushing", "Address": "36-36 Prince St, Flushing, NY 11354, United States", "Geocode_Status": "Success" }, "geometry": { "type": "Point", "coordinates": [ -73.8330431, 40.7611101 ] } },
{ "type": "Feature", "properties": { "Business_Name": "Shunjia Potato NoodlÂ·Fan Meal", "Neighborhood": "Flushing", "Address": "39-16 Prince St #104, Flushing, NY 11354, United States", "Geocode_Status": "Success" }, "geometry": { "type": "Point", "coordinates": [ -73.8324111, 40.7595745 ] } },
{ "type": "Feature", "properties": { "Business_Name": "Xiang Yve BarÂ·Fan Meal", "Neighborhood": "Flushing", "Address": "39-16 Prince St #104, Flushing, NY 11354, United States", "Geocode_Status": "Success" }, "geometry": { "type": "Point", "coordinates": [ -73.8324111, 40.7595745 ] } },
{ "type": "Feature", "properties": { "Business_Name": "Shun Jia SpicyÂ·Fan Meal", "Neighborhood": "Flushing", "Address": "39-16 Prince St #104, Flushing, NY 11354, United States", "Geocode_Status": "Success" }, "geometry": { "type": "Point", "coordinates": [ -73.8324111, 40.7595745 ] } },
{ "type": "Feature", "properties": { "Business_Name": "Dou Dou KitchenÂ·Fan Meal", "Neighborhood": "Flushing", "Address": "42-26 College Point Blvd, Flushing, NY 11355, United States", "Geocode_Status": "Success" }, "geometry": { "type": "Point", "coordinates": [ -73.8331462, 40.7539028 ] } },
{ "type": "Feature", "properties": { "Business_Name": "ZabihaÂ·Fan Meal", "Neighborhood": "Flushing", "Address": "44-03 Kissena Blvd, Queens, NY 11355, United States", "Geocode_Status": "Success" }, "geometry": { "type": "Point", "coordinates": [ -73.8224167, 40.7538032 ] } },
{ "type": "Feature", "properties": { "Business_Name": "Liao Xiang Fish Rice NoodleÂ·Fan Meal", "Neighborhood": "Flushing", "Address": "36-34 Union St, Flushing, NY 11354, United States", "Geocode_Status": "Success" }, "geometry": { "type": "Point", "coordinates": [ -73.8279335, 40.7627967 ] } },
{ "type": "Feature", "properties": { "Business_Name": "Bao Zang Xiao Chi Â·Fan Meal", "Neighborhood": "Flushing", "Address": "35-32 Union St #1FL, Flushing, NY 11354, United States", "Geocode_Status": "Success" }, "geometry": { "type": "Point", "coordinates": [ -73.8282827, 40.7645608 ] } },
{ "type": "Feature", "properties": { "Business_Name": "Pho TanÂ·Fan Meal", "Neighborhood": "Flushing", "Address": "147-34b Northern Blvd, Flushing, NY 11354, United States", "Geocode_Status": "Success" }, "geometry": { "type": "Point", "coordinates": [ -73.8178092, 40.7651049 ] } },
{ "type": "Feature", "properties": { "Business_Name": "Ke Zhang", "Neighborhood": "Flushing", "Address": "45-72 Kissena Blvd, Flushing, NY 11355, United States", "Geocode_Status": "Success" }, "geometry": { "type": "Point", "coordinates": [ -73.8193328, 40.7506122 ] } },
{ "type": "Feature", "properties": { "Business_Name": "Papa ChickenÂ·Fan Meal", "Neighborhood": "Flushing", "Address": "147-09 45th Ave, Flushing, NY 11355, United States", "Geocode_Status": "Success" }, "geometry": { "type": "Point", "coordinates": [ -73.8150488, 40.7556809 ] } },
{ "type": "Feature", "properties": { "Business_Name": "QK RestauranÂ·Fan Meal", "Neighborhood": "Flushing", "Address": "46-26 Kissena Blvd, Flushing, NY 11355, United States", "Geocode_Status": "Success" }, "geometry": { "type": "Point", "coordinates": [ -73.8187595, 40.7498582 ] } },
{ "type": "Feature", "properties": { "Business_Name": "Fifty BayÂ·Fan  Meal", "Neighborhood": "Flushing", "Address": "150-50 Northern Blvd, Flushing, NY 11354, United States", "Geocode_Status": "Success" }, "geometry": { "type": "Point", "coordinates": [ -73.813259, 40.7649332 ] } },
{ "type": "Feature", "properties": { "Business_Name": "Xing Shun DaÂ·Fan Meal", "Neighborhood": "Flushing", "Address": "44-18 Kissena Blvd, Flushing, NY 11355, United States", "Geocode_Status": "Success" }, "geometry": { "type": "Point", "coordinates": [ -73.8224752, 40.7534264 ] } },
{ "type": "Feature", "properties": { "Business_Name": "Northern Wang MandooÂ·Fan Meal", "Neighborhood": "Flushing", "Address": "152-22 Northern Blvd, Flushing, NY 11354, United States", "Geocode_Status": "Success" }, "geometry": { "type": "Point", "coordinates": [ -73.8121653, 40.7646874 ] } },
{ "type": "Feature", "properties": { "Business_Name": "E Noodle KissenaÂ·Fan Meal", "Neighborhood": "Flushing", "Address": "59-08 Kissena Blvd, Flushing, NY 11355, United States", "Geocode_Status": "Success" }, "geometry": { "type": "Point", "coordinates": [ -73.8152347, 40.7404838 ] } },
{ "type": "Feature", "properties": { "Business_Name": "Gift ShopÂ·1", "Neighborhood": "Flushing", "Address": "3708 Main St, Flushing, NY 11354, United States", "Geocode_Status": "Success" }, "geometry": { "type": "Point", "coordinates": [ -73.8311265, 40.7612162 ] } },
{ "type": "Feature", "properties": { "Business_Name": "$0 beverages Special Dim Sum Garden", "Neighborhood": "Flushing", "Address": "135-33 40th Rd, Flushing, NY 11354, United States", "Geocode_Status": "Success" }, "geometry": { "type": "Point", "coordinates": [ -73.8304711, 40.7588918 ] } },
{ "type": "Feature", "properties": { "Business_Name": "Fantuan Gift for you", "Neighborhood": "Flushing", "Address": "142-41 Roosevelt Ave, Flushing, NY 11354, United States", "Geocode_Status": "Success" }, "geometry": { "type": "Point", "coordinates": [ -73.8324953, 40.7601677 ] } },
{ "type": "Feature", "properties": { "Business_Name": "$0 beverages Ke Tea", "Neighborhood": "Flushing", "Address": "36-12 Main St #1FL, Flushing, NY 11354, United States", "Geocode_Status": "Success" }, "geometry": { "type": "Point", "coordinates": [ -73.8321563, 40.7626144 ] } },
{ "type": "Feature", "properties": { "Business_Name": "Eat Happy", "Neighborhood": "Flushing", "Address": "136-93 37th Ave, Flushing, NY 11354, United States", "Geocode_Status": "Success" }, "geometry": { "type": "Point", "coordinates": [ -73.8278276, 40.7624984 ] } },
{ "type": "Feature", "properties": { "Business_Name": "Myles", "Neighborhood": "Flushing", "Address": "132-4 11th Ave, College Point, NY 11356, United States", "Geocode_Status": "Success" }, "geometry": { "type": "Point", "coordinates": [ -73.8351089, 40.7876008 ] } },
{ "type": "Feature", "properties": { "Business_Name": "Fanfanok", "Neighborhood": "Flushing", "Address": "59-49 56th Ave, Flushing, NY 11378, United States", "Geocode_Status": "Success" }, "geometry": { "type": "Point", "coordinates": [ -73.9070375, 40.7253762 ] } },
{ "type": "Feature", "properties": { "Business_Name": "Parksanbal", "Neighborhood": "Flushing", "Address": "41-10 162nd St, Flushing, NY 11358, United States", "Geocode_Status": "Success" }, "geometry": { "type": "Point", "coordinates": [ -73.8040342, 40.7610938 ] } },
{ "type": "Feature", "properties": { "Business_Name": "NagiÂ·Fan Meal", "Neighborhood": "Flushing", "Address": "41-40 Main St, Flushing, NY 11355, United States", "Geocode_Status": "Success" }, "geometry": { "type": "Point", "coordinates": [ -73.8291538, 40.7570698 ] } },
{ "type": "Feature", "properties": { "Business_Name": "Juicy Crawfish", "Neighborhood": "Elmhurst", "Address": "19914 Hollis Ave, St. Albans, NY 11412, United States", "Geocode_Status": "Success" }, "geometry": { "type": "Point", "coordinates": [ -73.7580593, 40.7059692 ] } },
{ "type": "Feature", "properties": { "Business_Name": "Fevy's", "Neighborhood": "Elmhurst", "Address": "74-02 Grand Ave Unit D, Elmhurst, NY 11373, United States", "Geocode_Status": "Success" }, "geometry": { "type": "Point", "coordinates": [ -73.8878786, 40.7300286 ] } },
{ "type": "Feature", "properties": { "Business_Name": "Uyghur Lagman House", "Neighborhood": "Elmhurst", "Address": "6208 Woodhaven Blvd, Rego Park, NY 11374, United States", "Geocode_Status": "Success" }, "geometry": { "type": "Point", "coordinates": [ -73.870862, 40.7265285 ] } },
{ "type": "Feature", "properties": { "Business_Name": "Zaab Zaab", "Neighborhood": "Elmhurst", "Address": "76-04 Woodside Ave, Queens, NY 11373, United States", "Geocode_Status": "Success" }, "geometry": { "type": "Point", "coordinates": [ -73.8886608, 40.7433234 ] } },
{ "type": "Feature", "properties": { "Business_Name": "Ocean Bay 避風塘", "Neighborhood": "Elmhurst", "Address": "8302 Queens Blvd, Elmhurst, NY 11373, United States", "Geocode_Status": "Success" }, "geometry": { "type": "Point", "coordinates": [ -73.8801853, 40.7369598 ] } },
{ "type": "Feature", "properties": { "Business_Name": "Kulu Desserts", "Neighborhood": "Elmhurst", "Address": "86-55 Broadway, Elmhurst, NY 11373, United States", "Geocode_Status": "Success" }, "geometry": { "type": "Point", "coordinates": [ -73.8772269, 40.7371506 ] } },
{ "type": "Feature", "properties": { "Business_Name": "Castle Chicken and platters", "Neighborhood": "Elmhurst", "Address": "86-55 Broadway, Elmhurst, NY 11373, United States", "Geocode_Status": "Success" }, "geometry": { "type": "Point", "coordinates": [ -73.8771853, 40.7371575 ] } },
{ "type": "Feature", "properties": { "Business_Name": "Pulau Pinang", "Neighborhood": "Elmhurst", "Address": "82-84 Broadway, Elmhurst, NY 11373, United States", "Geocode_Status": "Success" }, "geometry": { "type": "Point", "coordinates": [ -73.8812632, 40.7411556 ] } },
{ "type": "Feature", "properties": { "Business_Name": "Kung Fu Tea", "Neighborhood": "Elmhurst", "Address": "86-12 Justice Ave, Elmhurst, NY 11373, United States", "Geocode_Status": "Success" }, "geometry": { "type": "Point", "coordinates": [ -73.87668, 40.7375302 ] } },
{ "type": "Feature", "properties": { "Business_Name": "Saranrom Thai", "Neighborhood": "Elmhurst", "Address": "8110 Broadway, Elmhurst, NY 11373, United States", "Geocode_Status": "Success" }, "geometry": { "type": "Point", "coordinates": [ -73.8836335, 40.7431409 ] } },
{ "type": "Feature", "properties": { "Business_Name": "Luo Yang BBQ", "Neighborhood": "Elmhurst", "Address": "135-42 39th Ave, Queens, NY 11354, United States", "Geocode_Status": "Success" }, "geometry": { "type": "Point", "coordinates": [ -73.8309534, 40.7600487 ] } },
{ "type": "Feature", "properties": { "Business_Name": "Good Bodies", "Neighborhood": "Elmhurst", "Address": "91-22 59th Ave, Queens, NY 11373, United States", "Geocode_Status": "Success" }, "geometry": { "type": "Point", "coordinates": [ -73.8694614, 40.7338447 ] } },
{ "type": "Feature", "properties": { "Business_Name": "Happy Stony Noodle", "Neighborhood": "Elmhurst", "Address": "83-47 Dongan Ave, Elmhurst, NY 11373, United States", "Geocode_Status": "Success" }, "geometry": { "type": "Point", "coordinates": [ -73.8796519, 40.7404886 ] } },
{ "type": "Feature", "properties": { "Business_Name": "Quickly", "Neighborhood": "Elmhurst", "Address": "8306 Broadway, Elmhurst, NY 11373, United States", "Geocode_Status": "Success" }, "geometry": { "type": "Point", "coordinates": [ -73.8799047, 40.740801 ] } },
{ "type": "Feature", "properties": { "Business_Name": "Shi Miao Dao Yunnan Rice Noodle", "Neighborhood": "Elmhurst", "Address": "83-34 Broadway, Flushing, NY 11373, United States", "Geocode_Status": "Success" }, "geometry": { "type": "Point", "coordinates": [ -73.8793003, 40.7402575 ] } },
{ "type": "Feature", "properties": { "Business_Name": "Boon Chu Thai Place", "Neighborhood": "Elmhurst", "Address": "83-18 Broadway, Elmhurst, NY 11373, United States", "Geocode_Status": "Success" }, "geometry": { "type": "Point", "coordinates": [ -73.8796427, 40.7406353 ] } },
{ "type": "Feature", "properties": { "Business_Name": "Akino", "Neighborhood": "Elmhurst", "Address": "82-80 Broadway, Elmhurst, NY 11373, United States", "Geocode_Status": "Success" }, "geometry": { "type": "Point", "coordinates": [ -73.8813214, 40.7412111 ] } },
{ "type": "Feature", "properties": { "Business_Name": "Hua Rong", "Neighborhood": "Elmhurst", "Address": "8323 Broadway #1, Flushing, NY 11373, United States", "Geocode_Status": "Success" }, "geometry": { "type": "Point", "coordinates": [ -73.879192, 40.740866 ] } },
{ "type": "Feature", "properties": { "Business_Name": "Anda Boba Tea", "Neighborhood": "Elmhurst", "Address": "8331 Broadway, Elmhurst, NY 11373, United States", "Geocode_Status": "Success" }, "geometry": { "type": "Point", "coordinates": [ -73.8790867, 40.7406737 ] } },
{ "type": "Feature", "properties": { "Business_Name": "50% Off | Zensen Sushi", "Neighborhood": "Elmhurst", "Address": "8331 Broadway, Elmhurst, NY 11373, United States", "Geocode_Status": "Success" }, "geometry": { "type": "Point", "coordinates": [ -73.8790867, 40.7406737 ] } },
{ "type": "Feature", "properties": { "Business_Name": "Seichou Ramen", "Neighborhood": "Elmhurst", "Address": "85-07 Whitney Ave, Elmhurst, NY 11373, United States", "Geocode_Status": "Success" }, "geometry": { "type": "Point", "coordinates": [ -73.880002, 40.741582 ] } },
{ "type": "Feature", "properties": { "Business_Name": "Na Rath", "Neighborhood": "Elmhurst", "Address": "United States, New York, Elmhurst, Whitney Ave, US NY Elmhurst邮政编码: 11373", "Geocode_Status": "Success" }, "geometry": { "type": "Point", "coordinates": [ -73.8786457, 40.7417215 ] } },
{ "type": "Feature", "properties": { "Business_Name": "Papa John's Pizza", "Neighborhood": "Elmhurst", "Address": "90-35 Corona Ave., Elmhurst, NY 11373, United States", "Geocode_Status": "Success" }, "geometry": { "type": "Point", "coordinates": [ -73.8744999, 40.7421519 ] } },
{ "type": "Feature", "properties": { "Business_Name": "Buddha Asian", "Neighborhood": "Elmhurst", "Address": "37-09 83rd St, Jackson Heights, NY 11372, United States", "Geocode_Status": "Success" }, "geometry": { "type": "Point", "coordinates": [ -73.8832078, 40.7495226 ] } },
{ "type": "Feature", "properties": { "Business_Name": "Mr. Q BBQ", "Neighborhood": "Elmhurst", "Address": "9058 Corona Ave., Elmhurst, NY 11373, United States", "Geocode_Status": "Success" }, "geometry": { "type": "Point", "coordinates": [ -73.873515, 40.742274 ] } },
{ "type": "Feature", "properties": { "Business_Name": "Mucho Burrito Fresh Mexican Grill", "Neighborhood": "Elmhurst", "Address": "9509 57th Ave, Elmhurst, NY 11373, United States", "Geocode_Status": "Success" }, "geometry": { "type": "Point", "coordinates": [ -73.8654443, 40.7368827 ] } },
{ "type": "Feature", "properties": { "Business_Name": "Empire Halal", "Neighborhood": "Elmhurst", "Address": "9925 Horace Harding Expy, Corona, NY 11368, United States", "Geocode_Status": "Success" }, "geometry": { "type": "Point", "coordinates": [ -73.8576696, 40.7365499 ] } },
{ "type": "Feature", "properties": { "Business_Name": "El Perro Fast Food", "Neighborhood": "Elmhurst", "Address": "80-26 Northern Blvd, Jackson Heights, NY 11372, United States", "Geocode_Status": "Success" }, "geometry": { "type": "Point", "coordinates": [ -73.8865225, 40.7552976 ] } },
{ "type": "Feature", "properties": { "Business_Name": "Taste of Italy Restaurant Pizzeria N.Y.C", "Neighborhood": "Elmhurst", "Address": "3772 90th St, Jackson Heights, NY 11372, United States", "Geocode_Status": "Success" }, "geometry": { "type": "Point", "coordinates": [ -73.8767536, 40.7485865 ] } },
{ "type": "Feature", "properties": { "Business_Name": "Sarku Japan", "Neighborhood": "Elmhurst", "Address": "90-15 Queens Blvd Space #FC-10, Elmhurst, NY 11373, United States", "Geocode_Status": "Success" }, "geometry": { "type": "Point", "coordinates": [ -73.8688406, 40.7348655 ] } },
{ "type": "Feature", "properties": { "Business_Name": "Lupe's Jugos", "Neighborhood": "Elmhurst", "Address": "98-17 37th Ave, Corona, NY 11368, United States", "Geocode_Status": "Success" }, "geometry": { "type": "Point", "coordinates": [ -73.8684349, 40.7524257 ] } },
{ "type": "Feature", "properties": { "Business_Name": "Li Wan", "Neighborhood": "Elmhurst", "Address": "83-06 Grand Ave, Elmhurst, NY 11373, United States", "Geocode_Status": "Success" }, "geometry": { "type": "Point", "coordinates": [ -73.8838406, 40.7332002 ] } },
{ "type": "Feature", "properties": { "Business_Name": "Tanoshi Tei @ Siips", "Neighborhood": "Elmhurst", "Address": "1374 York Ave, New York, NY 10021, United States", "Geocode_Status": "Success" }, "geometry": { "type": "Point", "coordinates": [ -73.9529124, 40.7677021 ] } },
{ "type": "Feature", "properties": { "Business_Name": "Fun Galaxy Cafe", "Neighborhood": "Elmhurst", "Address": "84-56 Grand Ave, Flushing, NY 11373, United States", "Geocode_Status": "Success" }, "geometry": { "type": "Point", "coordinates": [ -73.8822301, 40.734643 ] } },
{ "type": "Feature", "properties": { "Business_Name": "Golden Owls Sushi and Noodles", "Neighborhood": "Elmhurst", "Address": "8504 Grand Ave, Elmhurst, NY 11373, United States", "Geocode_Status": "Success" }, "geometry": { "type": "Point", "coordinates": [ -73.881839, 40.7349033 ] } },
{ "type": "Feature", "properties": { "Business_Name": "Eaterniti & Anda Boba", "Neighborhood": "Elmhurst", "Address": "8930 Queens Blvd, Elmhurst, NY 11373, United States", "Geocode_Status": "Success" }, "geometry": { "type": "Point", "coordinates": [ -73.8735489, 40.7338691 ] } },
{ "type": "Feature", "properties": { "Business_Name": "Zhong Yue", "Neighborhood": "Elmhurst", "Address": "86-10 Justice Ave, Elmhurst, NY 11373, United States", "Geocode_Status": "Success" }, "geometry": { "type": "Point", "coordinates": [ -73.8767836, 40.7375785 ] } },
{ "type": "Feature", "properties": { "Business_Name": "Gong Cha", "Neighborhood": "Elmhurst", "Address": "8801 Queens Blvd A-3, Elmhurst, NY 11373, United States", "Geocode_Status": "Success" }, "geometry": { "type": "Point", "coordinates": [ -73.8746261, 40.7356521 ] } },
{ "type": "Feature", "properties": { "Business_Name": "Hi Fry", "Neighborhood": "Elmhurst", "Address": "81-30 Broadway, Elmhurst, NY 11373, United States", "Geocode_Status": "Success" }, "geometry": { "type": "Point", "coordinates": [ -73.8831626, 40.7429146 ] } },
{ "type": "Feature", "properties": { "Business_Name": "Vivi Bubble Tea", "Neighborhood": "Elmhurst", "Address": "83-28 Broadway, Elmhurst, NY 11373, United States", "Geocode_Status": "Success" }, "geometry": { "type": "Point", "coordinates": [ -73.8793125, 40.7404017 ] } },
{ "type": "Feature", "properties": { "Business_Name": "Broadway Food Mart", "Neighborhood": "Elmhurst", "Address": "8320 Broadway, Queens, NY 11373, United States", "Geocode_Status": "Success" }, "geometry": { "type": "Point", "coordinates": [ -73.8795589, 40.7405454 ] } },
{ "type": "Feature", "properties": { "Business_Name": "NY Sweet Yummy House", "Neighborhood": "Elmhurst", "Address": "83-13 Broadway, Queens, NY 11373, United States", "Geocode_Status": "Success" }, "geometry": { "type": "Point", "coordinates": [ -73.8794913, 40.7409552 ] } },
{ "type": "Feature", "properties": { "Business_Name": "San Wei", "Neighborhood": "Elmhurst", "Address": "Food Court, 90-15 Queens Blvd FC-09, Elmhurst, NY 11373, United States", "Geocode_Status": "Success" }, "geometry": { "type": "Point", "coordinates": [ -73.8708844, 40.7342321 ] } },
{ "type": "Feature", "properties": { "Business_Name": "Mango Mango", "Neighborhood": "Elmhurst", "Address": "90-15 Queens Blvd K302, Queens, NY 11373, United States", "Geocode_Status": "Success" }, "geometry": { "type": "Point", "coordinates": [ -73.8708844, 40.7342321 ] } },
{ "type": "Feature", "properties": { "Business_Name": "Yaya Tea", "Neighborhood": "Elmhurst", "Address": "8612 Whitney Ave, Elmhurst, NY 11373, United States", "Geocode_Status": "Success" }, "geometry": { "type": "Point", "coordinates": [ -73.8785852, 40.7418237 ] } },
{ "type": "Feature", "properties": { "Business_Name": "Carvel Roosevelt Ave", "Neighborhood": "Elmhurst", "Address": "81-07 Roosevelt Ave, Jackson Heights, NY 11372, United States", "Geocode_Status": "Success" }, "geometry": { "type": "Point", "coordinates": [ -73.8843902, 40.7477168 ] } },
{ "type": "Feature", "properties": { "Business_Name": "El Artesano Columbian Bake Goods", "Neighborhood": "Elmhurst", "Address": "9016 Corona Ave., Queens, NY 11373, United States", "Geocode_Status": "Success" }, "geometry": { "type": "Point", "coordinates": [ -73.8747643, 40.741533 ] } },
{ "type": "Feature", "properties": { "Business_Name": "Pearl BBQ", "Neighborhood": "Elmhurst", "Address": "86-02 Broadway, Elmhurst, NY 11373, United States", "Geocode_Status": "Success" }, "geometry": { "type": "Point", "coordinates": [ -73.8774968, 40.7384189 ] } },
{ "type": "Feature", "properties": { "Business_Name": "Pelicana Chicken", "Neighborhood": "Elmhurst", "Address": "84-60 Grand Ave, Elmhurst, NY 11373, United States", "Geocode_Status": "Success" }, "geometry": { "type": "Point", "coordinates": [ -73.8820709, 40.7346535 ] } },
{ "type": "Feature", "properties": { "Business_Name": "Prontito Restaurant Colombiano", "Neighborhood": "Elmhurst", "Address": "40-25 Forley St, Elmhurst, NY 11373, United States", "Geocode_Status": "Success" }, "geometry": { "type": "Point", "coordinates": [ -73.8804808, 40.7476805 ] } },
{ "type": "Feature", "properties": { "Business_Name": "Taiwanese Gourmet", "Neighborhood": "Elmhurst", "Address": "8402 Broadway, Elmhurst, NY 11373, United States", "Geocode_Status": "Success" }, "geometry": { "type": "Point", "coordinates": [ -73.8787719, 40.7398374 ] } },
{ "type": "Feature", "properties": { "Business_Name": "0.01 Sale Kung Fu Tea", "Neighborhood": "Chinatown", "Address": "234 Canal St #107, New York, NY 10013, United States", "Geocode_Status": "Success" }, "geometry": { "type": "Point", "coordinates": [ -74.0000268, 40.7177276 ] } },
{ "type": "Feature", "properties": { "Business_Name": "LongJiang Pork Feet Rice", "Neighborhood": "Chinatown", "Address": "121 Mott St, New York, NY 10013, United States", "Geocode_Status": "Success" }, "geometry": { "type": "Point", "coordinates": [ -73.9972219, 40.718009 ] } },
{ "type": "Feature", "properties": { "Business_Name": "SIyi", "Neighborhood": "Chinatown", "Address": "173 Hester St, New York, NY 10013, United States", "Geocode_Status": "Success" }, "geometry": { "type": "Point", "coordinates": [ -73.9969023, 40.7178774 ] } },
{ "type": "Feature", "properties": { "Business_Name": "3 DESSERT", "Neighborhood": "Chinatown", "Address": "Inside Tiger Sugar, 197 Canal St Shop 2, New York, NY 10013, United States", "Geocode_Status": "Success" }, "geometry": { "type": "Point", "coordinates": [ -73.9982406, 40.7171789 ] } },
{ "type": "Feature", "properties": { "Business_Name": "137 Mott Pharmacy", "Neighborhood": "Chinatown", "Address": "137 Mott St FRNT A, New York, NY 10013, United States", "Geocode_Status": "Success" }, "geometry": { "type": "Point", "coordinates": [ -73.9968207, 40.7185505 ] } },
{ "type": "Feature", "properties": { "Business_Name": "Green Garden Village", "Neighborhood": "Chinatown", "Address": "216 Grand St, New York, NY 10013, United States", "Geocode_Status": "Success" }, "geometry": { "type": "Point", "coordinates": [ -73.9959776, 40.7190012 ] } },
{ "type": "Feature", "properties": { "Business_Name": "JOOY TEA CT", "Neighborhood": "Chinatown", "Address": "208 Grand St, New York, NY 10013, United States", "Geocode_Status": "Success" }, "geometry": { "type": "Point", "coordinates": [ -73.9962162, 40.719188 ] } },
{ "type": "Feature", "properties": { "Business_Name": "Yiwanmen", "Neighborhood": "Chinatown", "Address": "150 Mott St, New York, NY 10013, United States", "Geocode_Status": "Success" }, "geometry": { "type": "Point", "coordinates": [ -73.9962842, 40.7192998 ] } },
{ "type": "Feature", "properties": { "Business_Name": "$9 off | Sun Sai Gai", "Neighborhood": "Chinatown", "Address": "220 Canal St, New York, NY 10013, United States", "Geocode_Status": "Success" }, "geometry": { "type": "Point", "coordinates": [ -73.9993918, 40.7172288 ] } },
{ "type": "Feature", "properties": { "Business_Name": "Tiger Sugar", "Neighborhood": "Chinatown", "Address": "197 Canal St, New York, NY 10013, United States", "Geocode_Status": "Success" }, "geometry": { "type": "Point", "coordinates": [ -73.9981912, 40.7171709 ] } },
{ "type": "Feature", "properties": { "Business_Name": "0.01 Sale Lady Chow Kitchen", "Neighborhood": "Chinatown", "Address": "171 Hester St, New York, NY 10013, United States", "Geocode_Status": "Success" }, "geometry": { "type": "Point", "coordinates": [ -73.9967649, 40.7178933 ] } },
{ "type": "Feature", "properties": { "Business_Name": "$20-$10 | Zhang Liang Ma La TangÂ·Spicy Dry Hot Pot", "Neighborhood": "Chinatown", "Address": "66 Mott St, New York, NY 10013, United States", "Geocode_Status": "Success" }, "geometry": { "type": "Point", "coordinates": [ -73.997952, 40.7160888 ] } },
{ "type": "Feature", "properties": { "Business_Name": "Yan Wo Dou Bun", "Neighborhood": "Chinatown", "Address": "98 Mott St, New York, NY 10013, United States", "Geocode_Status": "Success" }, "geometry": { "type": "Point", "coordinates": [ -73.9972861, 40.7171726 ] } },
{ "type": "Feature", "properties": { "Business_Name": "0.01 Sale LAANKEE", "Neighborhood": "Chinatown", "Address": "79a Mott St, New York, NY 10013, United States", "Geocode_Status": "Success" }, "geometry": { "type": "Point", "coordinates": [ -73.9981808, 40.7165463 ] } },
{ "type": "Feature", "properties": { "Business_Name": "0.01 Sale Kyuramen - Chinatown", "Neighborhood": "Chinatown", "Address": "132 Bowery, New York, NY 10013, United States", "Geocode_Status": "Success" }, "geometry": { "type": "Point", "coordinates": [ -73.9948757, 40.7189358 ] } },
{ "type": "Feature", "properties": { "Business_Name": "Sanmiwago Taiwan Dumpling House-Bowery", "Neighborhood": "Chinatown", "Address": "90 Bowery, New York, NY 10013, United States", "Geocode_Status": "Success" }, "geometry": { "type": "Point", "coordinates": [ -73.9955378, 40.7174723 ] } },
{ "type": "Feature", "properties": { "Business_Name": "Maxi’s Noodle 3", "Neighborhood": "Chinatown", "Address": "68 Mott St, New York, NY 10013, United States", "Geocode_Status": "Success" }, "geometry": { "type": "Point", "coordinates": [ -73.9979061, 40.7161595 ] } },
{ "type": "Feature", "properties": { "Business_Name": "Da Long Yi Hotpot", "Neighborhood": "Chinatown", "Address": "159 Canal St 2nd floor, New York, NY 10013, United States", "Geocode_Status": "Success" }, "geometry": { "type": "Point", "coordinates": [ -73.9965889, 40.7166314 ] } },
{ "type": "Feature", "properties": { "Business_Name": "BOGO | 0.01 Sale Matcha Cafe Maiko", "Neighborhood": "Chinatown", "Address": "132 Bowery, New York, NY 10013, United States", "Geocode_Status": "Success" }, "geometry": { "type": "Point", "coordinates": [ -73.9947862, 40.7190141 ] } },
{ "type": "Feature", "properties": { "Business_Name": "0.01 Sale Shaxian Snacks", "Neighborhood": "Chinatown", "Address": "300 Grand St, New York, NY 10002, United States", "Geocode_Status": "Success" }, "geometry": { "type": "Point", "coordinates": [ -73.9916284, 40.7177315 ] } },
{ "type": "Feature", "properties": { "Business_Name": "$4.5 OFF | Bake Culture", "Neighborhood": "Chinatown", "Address": "48 Bowery, New York, NY 10013, United States", "Geocode_Status": "Success" }, "geometry": { "type": "Point", "coordinates": [ -73.9967041, 40.7157743 ] } },
{ "type": "Feature", "properties": { "Business_Name": "$4.5 OFF | Mango Mango", "Neighborhood": "Chinatown", "Address": "63 Bayard St, New York, NY 10013, United States", "Geocode_Status": "Success" }, "geometry": { "type": "Point", "coordinates": [ -73.9980222, 40.7153904 ] } },
{ "type": "Feature", "properties": { "Business_Name": "ChangLai Steamed Roll", "Neighborhood": "Chinatown", "Address": "55 Bayard St Store B, New York, NY 10013, United States", "Geocode_Status": "Success" }, "geometry": { "type": "Point", "coordinates": [ -73.9976255, 40.7152447 ] } },
{ "type": "Feature", "properties": { "Business_Name": "Mei Lai Wah Wonton Noodle", "Neighborhood": "Chinatown", "Address": "23 Pell St, New York, NY 10038, United States", "Geocode_Status": "Success" }, "geometry": { "type": "Point", "coordinates": [ -73.9982595, 40.7148255 ] } },
{ "type": "Feature", "properties": { "Business_Name": "Taiwan Pork Chop House", "Neighborhood": "Chinatown", "Address": "3 Doyers St, New York, NY 10013, United States", "Geocode_Status": "Success" }, "geometry": { "type": "Point", "coordinates": [ -73.9980109, 40.7142517 ] } },
{ "type": "Feature", "properties": { "Business_Name": "Ming Wong", "Neighborhood": "Chinatown", "Address": "61 Mott St, New York, NY 10013, United States", "Geocode_Status": "Success" }, "geometry": { "type": "Point", "coordinates": [ -73.9984563, 40.7160447 ] } },
{ "type": "Feature", "properties": { "Business_Name": "Tiger mountain", "Neighborhood": "Chinatown", "Address": "1 Howard St, New York, NY 10013, United States", "Geocode_Status": "Success" }, "geometry": { "type": "Point", "coordinates": [ -73.999442, 40.718902 ] } },
{ "type": "Feature", "properties": { "Business_Name": "I'Milky 沐白", "Neighborhood": "Chinatown", "Address": "242 Grand St, New York, NY 10002, United States", "Geocode_Status": "Success" }, "geometry": { "type": "Point", "coordinates": [ -73.9943093, 40.7184113 ] } },
{ "type": "Feature", "properties": { "Business_Name": "Gai Kitchen", "Neighborhood": "Chinatown", "Address": "51 Mott St, New York, NY 10013, United States", "Geocode_Status": "Success" }, "geometry": { "type": "Point", "coordinates": [ -73.9987204, 40.7154597 ] } },
{ "type": "Feature", "properties": { "Business_Name": "The Chubby Crab", "Neighborhood": "Chinatown", "Address": "77 Chrystie St, New York, NY 10002, United States", "Geocode_Status": "Success" }, "geometry": { "type": "Point", "coordinates": [ -73.9945561, 40.7172678 ] } },
{ "type": "Feature", "properties": { "Business_Name": "0.01 Sale Suga Box", "Neighborhood": "Chinatown", "Address": "55a Bayard St, New York, NY 10013, United States", "Geocode_Status": "Success" }, "geometry": { "type": "Point", "coordinates": [ -73.9977305, 40.7152911 ] } },
{ "type": "Feature", "properties": { "Business_Name": "Strawberry Home", "Neighborhood": "Chinatown", "Address": "34 Mott St, New York, NY 10013, United States", "Geocode_Status": "Success" }, "geometry": { "type": "Point", "coordinates": [ -73.9987462, 40.7148147 ] } },
{ "type": "Feature", "properties": { "Business_Name": "0.01 Sale Famous Sichuan", "Neighborhood": "Chinatown", "Address": "10 Pell St, New York, NY 10013, United States", "Geocode_Status": "Success" }, "geometry": { "type": "Point", "coordinates": [ -73.9976092, 40.7148544 ] } },
{ "type": "Feature", "properties": { "Business_Name": "Curry House", "Neighborhood": "Chinatown", "Address": "9 Pell St, New York, NY 10013, United States", "Geocode_Status": "Success" }, "geometry": { "type": "Point", "coordinates": [ -73.9977635, 40.7146266 ] } },
{ "type": "Feature", "properties": { "Business_Name": "0.01 Sale Ajisen Ramen", "Neighborhood": "Chinatown", "Address": "14 Mott St, New York, NY 10013, United States", "Geocode_Status": "Success" }, "geometry": { "type": "Point", "coordinates": [ -73.9985853, 40.7141464 ] } },
{ "type": "Feature", "properties": { "Business_Name": "89 Eatery", "Neighborhood": "Chinatown", "Address": "98 Mott St, New York, NY 10013, United States", "Geocode_Status": "Success" }, "geometry": { "type": "Point", "coordinates": [ -73.9972861, 40.7171726 ] } },
{ "type": "Feature", "properties": { "Business_Name": "Just Mala Pot", "Neighborhood": "Chinatown", "Address": "66 Mott St, New York, NY 10013, United States", "Geocode_Status": "Success" }, "geometry": { "type": "Point", "coordinates": [ -73.997952, 40.7160888 ] } },
{ "type": "Feature", "properties": { "Business_Name": "Burger By Day", "Neighborhood": "Chinatown", "Address": "242 Grand St, New York, NY 10002, United States", "Geocode_Status": "Success" }, "geometry": { "type": "Point", "coordinates": [ -73.9942808, 40.7184644 ] } },
{ "type": "Feature", "properties": { "Business_Name": "Vivi Bubble Tea", "Neighborhood": "Chinatown", "Address": "49 Bayard St, New York, NY 10013, United States", "Geocode_Status": "Success" }, "geometry": { "type": "Point", "coordinates": [ -73.9974901, 40.7151957 ] } },
{ "type": "Feature", "properties": { "Business_Name": "Chun Yang Tea", "Neighborhood": "Chinatown", "Address": "26B Elizabeth St, New York, NY 10013, United States", "Geocode_Status": "Success" }, "geometry": { "type": "Point", "coordinates": [ -73.9971065, 40.7161768 ] } },
{ "type": "Feature", "properties": { "Business_Name": "Cha Kee", "Neighborhood": "Chinatown", "Address": "43 Mott St, New York, NY 10013, United States", "Geocode_Status": "Success" }, "geometry": { "type": "Point", "coordinates": [ -73.998962, 40.7153054 ] } },
{ "type": "Feature", "properties": { "Business_Name": "Cafe HongKong", "Neighborhood": "Chinatown", "Address": "51 Bayard St, New York, NY 10013, United States", "Geocode_Status": "Success" }, "geometry": { "type": "Point", "coordinates": [ -73.9975421, 40.7152144 ] } },
{ "type": "Feature", "properties": { "Business_Name": "Miss Du's tea shop", "Neighborhood": "Chinatown", "Address": "33 Pell St, New York, NY 10013, United States", "Geocode_Status": "Success" }, "geometry": { "type": "Point", "coordinates": [ -73.9986195, 40.7148981 ] } },
{ "type": "Feature", "properties": { "Business_Name": "Cool Noodles First", "Neighborhood": "Chinatown", "Address": "55 Bayard St Store B, New York, NY 10013, United States", "Geocode_Status": "Success" }, "geometry": { "type": "Point", "coordinates": [ -73.9976255, 40.7152447 ] } },
{ "type": "Feature", "properties": { "Business_Name": "Gong Cha", "Neighborhood": "Chinatown", "Address": "42 Mott St, New York, NY 10013, United States", "Geocode_Status": "Success" }, "geometry": { "type": "Point", "coordinates": [ -73.9985898, 40.7152459 ] } },
{ "type": "Feature", "properties": { "Business_Name": "Peking Duck House", "Neighborhood": "Chinatown", "Address": "28 Mott St A, New York, NY 10013, United States", "Geocode_Status": "Success" }, "geometry": { "type": "Point", "coordinates": [ -73.998722, 40.7146516 ] } },
{ "type": "Feature", "properties": { "Business_Name": "Mabu Cafe NYC", "Neighborhood": "Chinatown", "Address": "18 Doyers St, New York, NY 10013, United States", "Geocode_Status": "Success" }, "geometry": { "type": "Point", "coordinates": [ -73.9980305, 40.7147002 ] } },
{ "type": "Feature", "properties": { "Business_Name": "Fruit Vanity", "Neighborhood": "Chinatown", "Address": "271 Grand St, New York, NY 10002, United States", "Geocode_Status": "Success" }, "geometry": { "type": "Point", "coordinates": [ -73.9930651, 40.7177117 ] } },
{ "type": "Feature", "properties": { "Business_Name": "Pho Grand", "Neighborhood": "Chinatown", "Address": "277C Grand St, New York, NY 10002, United States", "Geocode_Status": "Success" }, "geometry": { "type": "Point", "coordinates": [ -73.992779, 40.71773 ] } },
{ "type": "Feature", "properties": { "Business_Name": "Pinklady Japanese Cheese Tart", "Neighborhood": "Chinatown", "Address": "11 Mott St, New York, NY 10013, United States", "Geocode_Status": "Success" }, "geometry": { "type": "Point", "coordinates": [ -73.998918, 40.7140628 ] } },
{ "type": "Feature", "properties": { "Business_Name": "Nuan Xin Rice Roll", "Neighborhood": "Chinatown", "Address": "67A Eldridge St, New York, NY 10002, United States", "Geocode_Status": "Success" }, "geometry": { "type": "Point", "coordinates": [ -73.992852, 40.7166588 ] } },
{ "type": "Feature", "properties": { "Business_Name": "Super Taste Noodle Restaurant", "Neighborhood": "Chinatown", "Address": "26 Eldridge St, New York, NY 10002, United States", "Geocode_Status": "Success" }, "geometry": { "type": "Point", "coordinates": [ -73.9933335, 40.7150656 ] } },
{ "type": "Feature", "properties": { "Business_Name": "Lanzhou Ramen", "Neighborhood": "Chinatown", "Address": "107 E Broadway, New York, NY 10002, United States", "Geocode_Status": "Success" }, "geometry": { "type": "Point", "coordinates": [ -73.9930138, 40.7136041 ] } },
{ "type": "Feature", "properties": { "Business_Name": "Congee Village", "Neighborhood": "Chinatown", "Address": "100 Allen St, New York, NY 10002, United States", "Geocode_Status": "Success" }, "geometry": { "type": "Point", "coordinates": [ -73.990354, 40.718659 ] } },
{ "type": "Feature", "properties": { "Business_Name": "Kings Kitchen East Broway", "Neighborhood": "Chinatown", "Address": "92 E Broadway, New York, NY 10002, United States", "Geocode_Status": "Success" }, "geometry": { "type": "Point", "coordinates": [ -73.9936923, 40.7139892 ] } },
{ "type": "Feature", "properties": { "Business_Name": "Sunkist Bakery", "Neighborhood": "Chinatown", "Address": "160 E Broadway, New York, NY 10002, United States", "Geocode_Status": "Success" }, "geometry": { "type": "Point", "coordinates": [ -73.9905029, 40.71421 ] } },
{ "type": "Feature", "properties": { "Business_Name": "Cha Chan Tang-Breakfast", "Neighborhood": "Chinatown", "Address": "43 Mott St, New York, NY 10013, United States", "Geocode_Status": "Success" }, "geometry": { "type": "Point", "coordinates": [ -73.998962, 40.7153054 ] } },
{ "type": "Feature", "properties": { "Business_Name": "Sunkist Snacks", "Neighborhood": "Chinatown", "Address": "357 Grand St, New York, NY 10002, United States", "Geocode_Status": "Success" }, "geometry": { "type": "Point", "coordinates": [ -73.9890823, 40.7164632 ] } },
{ "type": "Feature", "properties": { "Business_Name": "0.01 Sale Tipsy Shanghai", "Neighborhood": "Chinatown", "Address": "104 2nd Ave, New York, NY 10003, United States", "Geocode_Status": "Success" }, "geometry": { "type": "Point", "coordinates": [ -73.9882713, 40.7274166 ] } },
{ "type": "Feature", "properties": { "Business_Name": "$9 combo Â· New Shanghai Restaurant", "Neighborhood": "Chinatown", "Address": "69 Mott St A, New York, NY 10013, United States", "Geocode_Status": "Success" }, "geometry": { "type": "Point", "coordinates": [ -73.998268, 40.7162474 ] } },
{ "type": "Feature", "properties": { "Business_Name": "Ji Bei Chuan Authentic Asian Noodle", "Neighborhood": "Chinatown", "Address": "87 Chrystie St, New York, NY 10002, United States", "Geocode_Status": "Success" }, "geometry": { "type": "Point", "coordinates": [ -73.9944643, 40.7176023 ] } },
{ "type": "Feature", "properties": { "Business_Name": "Congee Village - Bowery Street", "Neighborhood": "Chinatown", "Address": "100 Allen St, New York, NY 10002, United States", "Geocode_Status": "Success" }, "geometry": { "type": "Point", "coordinates": [ -73.990354, 40.718659 ] } },
{ "type": "Feature", "properties": { "Business_Name": "Yo Sushi", "Neighborhood": "Chinatown", "Address": "84 E 2nd St Store, New York, NY 10003, United States", "Geocode_Status": "Success" }, "geometry": { "type": "Point", "coordinates": [ -73.9883428, 40.7242068 ] } },
{ "type": "Feature", "properties": { "Business_Name": "Tokyo Ramen", "Neighborhood": "Chinatown", "Address": "132 Bowery, New York, NY 10013, United States", "Geocode_Status": "Success" }, "geometry": { "type": "Point", "coordinates": [ -73.9948757, 40.7189358 ] } },
{ "type": "Feature", "properties": { "Business_Name": "Kukai Ramen (Chinatown)", "Neighborhood": "Chinatown", "Address": "132 Bowery, New York, NY 10013, United States", "Geocode_Status": "Success" }, "geometry": { "type": "Point", "coordinates": [ -73.9948757, 40.7189358 ] } },
{ "type": "Feature", "properties": { "Business_Name": "0.01 Sale Niukee Shumai", "Neighborhood": "Chinatown", "Address": "394 Broome St, New York, NY 10013, United States", "Geocode_Status": "Success" }, "geometry": { "type": "Point", "coordinates": [ -73.9970934, 40.7207852 ] } },
{ "type": "Feature", "properties": { "Business_Name": "0.01 Sale Poke Bowl Sushi", "Neighborhood": "Chinatown", "Address": "386 Canal St, New York, NY 10013, United States", "Geocode_Status": "Success" }, "geometry": { "type": "Point", "coordinates": [ -74.0050113, 40.7214322 ] } },
{ "type": "Feature", "properties": { "Business_Name": "Funny BBQ 98", "Neighborhood": "Chinatown", "Address": "98 Bowery, New York, NY 10013, United States", "Geocode_Status": "Success" }, "geometry": { "type": "Point", "coordinates": [ -73.995532, 40.717726 ] } },
{ "type": "Feature", "properties": { "Business_Name": "House of Joy", "Neighborhood": "Chinatown", "Address": "28 Pell St, New York, NY 10013, United States", "Geocode_Status": "Success" }, "geometry": { "type": "Point", "coordinates": [ -73.9985119, 40.7149851 ] } },
{ "type": "Feature", "properties": { "Business_Name": "Blaze Hibachi", "Neighborhood": "Chinatown", "Address": "109 Eldridge St Store North, New York, NY 10002, United States", "Geocode_Status": "Success" }, "geometry": { "type": "Point", "coordinates": [ -73.9922174, 40.7182147 ] } },
{ "type": "Feature", "properties": { "Business_Name": "JM BBQ", "Neighborhood": "Chinatown", "Address": "98 Bowery, New York, NY 10013, United States", "Geocode_Status": "Success" }, "geometry": { "type": "Point", "coordinates": [ -73.9955657, 40.7177589 ] } },
{ "type": "Feature", "properties": { "Business_Name": "Song Bo Yuan", "Neighborhood": "Chinatown", "Address": "36 Eldridge St, New York, NY 10002, United States", "Geocode_Status": "Success" }, "geometry": { "type": "Point", "coordinates": [ -73.993157, 40.7156197 ] } },
{ "type": "Feature", "properties": { "Business_Name": "Amorino Gelato", "Neighborhood": "Chinatown", "Address": "721 8th Ave, New York, NY 10036, United States", "Geocode_Status": "Success" }, "geometry": { "type": "Point", "coordinates": [ -73.9883524, 40.7595326 ] } },
{ "type": "Feature", "properties": { "Business_Name": "LoveMi Yogurt", "Neighborhood": "Chinatown", "Address": "172 Canal St, New York, NY 10013, United States", "Geocode_Status": "Success" }, "geometry": { "type": "Point", "coordinates": [ -73.9974722, 40.7164929 ] } },
{ "type": "Feature", "properties": { "Business_Name": "CN", "Neighborhood": "Chinatown", "Address": "Chinatown, New York, NY, USA", "Geocode_Status": "Success" }, "geometry": { "type": "Point", "coordinates": [ -73.9970307, 40.7157509 ] } },
{ "type": "Feature", "properties": { "Business_Name": "Next Move Cafe", "Neighborhood": "Sunset Park", "Address": "6 Bay 23rd St, Brooklyn, NY 11214, United States", "Geocode_Status": "Success" }, "geometry": { "type": "Point", "coordinates": [ -73.9993442, 40.6049155 ] } },
{ "type": "Feature", "properties": { "Business_Name": "Xing Shun 8 INC", "Neighborhood": "Sunset Park", "Address": "5816 8th Ave, Brooklyn, NY 11220, United States", "Geocode_Status": "Success" }, "geometry": { "type": "Point", "coordinates": [ -74.008872, 40.636367 ] } },
{ "type": "Feature", "properties": { "Business_Name": "MBL&Q Burger", "Neighborhood": "Sunset Park", "Address": "4310 8th Ave, Brooklyn, NY 11232, United States", "Geocode_Status": "Success" }, "geometry": { "type": "Point", "coordinates": [ -74.0000072, 40.6449337 ] } },
{ "type": "Feature", "properties": { "Business_Name": "LCZAW Restaurant", "Neighborhood": "Sunset Park", "Address": "6016 7th Ave, Brooklyn, NY 11220, United States", "Geocode_Status": "Success" }, "geometry": { "type": "Point", "coordinates": [ -74.0122879, 40.636537 ] } },
{ "type": "Feature", "properties": { "Business_Name": "Orchid Tea", "Neighborhood": "Sunset Park", "Address": "4618 8th Ave, Brooklyn, NY 11220, United States", "Geocode_Status": "Success" }, "geometry": { "type": "Point", "coordinates": [ -74.0019761, 40.6430233 ] } },
{ "type": "Feature", "properties": { "Business_Name": "Orchid Tea Dim Sum Cafe", "Neighborhood": "Sunset Park", "Address": "4618 8th Ave, Brooklyn, NY 11220, United States", "Geocode_Status": "Success" }, "geometry": { "type": "Point", "coordinates": [ -74.0019761, 40.6430233 ] } },
{ "type": "Feature", "properties": { "Business_Name": "Chun Bai Wei Fujian", "Neighborhood": "Sunset Park", "Address": "4503 8th Ave, Brooklyn, NY 11220, United States", "Geocode_Status": "Success" }, "geometry": { "type": "Point", "coordinates": [ -74.000822, 40.6437141 ] } },
{ "type": "Feature", "properties": { "Business_Name": "Taste Yummy", "Neighborhood": "Sunset Park", "Address": "4122 4th Ave, Brooklyn, NY 11232, United States", "Geocode_Status": "Success" }, "geometry": { "type": "Point", "coordinates": [ -74.0079498, 40.6512202 ] } },
{ "type": "Feature", "properties": { "Business_Name": "HEYTEA", "Neighborhood": "Sunset Park", "Address": "4505 8th Ave, Brooklyn, NY 11220, United States", "Geocode_Status": "Success" }, "geometry": { "type": "Point", "coordinates": [ -74.000759, 40.6435854 ] } },
{ "type": "Feature", "properties": { "Business_Name": "NY Family DIY", "Neighborhood": "Sunset Park", "Address": "7th Avenue &, 43rd St, Brooklyn, NY 11232, United States", "Geocode_Status": "Success" }, "geometry": { "type": "Point", "coordinates": [ -74.0037443, 40.6479517 ] } },
{ "type": "Feature", "properties": { "Business_Name": "Bamboo Seafood Restaurant", "Neighborhood": "Sunset Park", "Address": "5108 7th Ave, Brooklyn, NY 11220, United States", "Geocode_Status": "Success" }, "geometry": { "type": "Point", "coordinates": [ -74.00689, 40.6417934 ] } },
{ "type": "Feature", "properties": { "Business_Name": "Letian Breakfast", "Neighborhood": "Sunset Park", "Address": "889 5th Ave, Brooklyn, NY 11232, United States", "Geocode_Status": "Success" }, "geometry": { "type": "Point", "coordinates": [ -74.0036999, 40.6512921 ] } },
{ "type": "Feature", "properties": { "Business_Name": "Letian Chinese Restaurant", "Neighborhood": "Sunset Park", "Address": "5210 7th Ave, Brooklyn, NY 11220, United States", "Geocode_Status": "Success" }, "geometry": { "type": "Point", "coordinates": [ -74.0074404, 40.6411904 ] } },
{ "type": "Feature", "properties": { "Business_Name": "Sammich Shop", "Neighborhood": "Sunset Park", "Address": "4008 8th Ave, Brooklyn, NY 11232, United States", "Geocode_Status": "Success" }, "geometry": { "type": "Point", "coordinates": [ -73.9982383, 40.6465927 ] } },
{ "type": "Feature", "properties": { "Business_Name": "Song Tea", "Neighborhood": "Sunset Park", "Address": "488 7th Ave, New York, NY 10018, United States", "Geocode_Status": "Success" }, "geometry": { "type": "Point", "coordinates": [ -73.9897521, 40.7526205 ] } },
{ "type": "Feature", "properties": { "Business_Name": "Libra Cake", "Neighborhood": "Sunset Park", "Address": "4508 8th Ave, Brooklyn, NY 11220, United States", "Geocode_Status": "Success" }, "geometry": { "type": "Point", "coordinates": [ -74.0012075, 40.6437283 ] } },
{ "type": "Feature", "properties": { "Business_Name": "creampanda pastry", "Neighborhood": "Sunset Park", "Address": "4505 8th Ave, Brooklyn, NY 11220, United States", "Geocode_Status": "Success" }, "geometry": { "type": "Point", "coordinates": [ -74.000759, 40.6435854 ] } },
{ "type": "Feature", "properties": { "Business_Name": "Melonpanna Tea & Shot", "Neighborhood": "Sunset Park", "Address": "5105 7th Ave, Brooklyn, NY 11220, United States", "Geocode_Status": "Success" }, "geometry": { "type": "Point", "coordinates": [ -74.0065648, 40.6416425 ] } },
{ "type": "Feature", "properties": { "Business_Name": "98K", "Neighborhood": "Sunset Park", "Address": "4715 8th Ave, Brooklyn, NY 11220, United States", "Geocode_Status": "Success" }, "geometry": { "type": "Point", "coordinates": [ -74.0021683, 40.6423944 ] } },
{ "type": "Feature", "properties": { "Business_Name": "Jiang Bistro Inc.", "Neighborhood": "Sunset Park", "Address": "4619 8th Ave, Brooklyn, NY 11220, United States", "Geocode_Status": "Success" }, "geometry": { "type": "Point", "coordinates": [ -74.0016663, 40.6429008 ] } },
{ "type": "Feature", "properties": { "Business_Name": "Ding taixuan", "Neighborhood": "Sunset Park", "Address": "5224 4th Ave, Brooklyn, NY 11220, United States", "Geocode_Status": "Success" }, "geometry": { "type": "Point", "coordinates": [ -74.0144264, 40.6450251 ] } },
{ "type": "Feature", "properties": { "Business_Name": "Beef & Fish Chinese Restaurant", "Neighborhood": "Sunset Park", "Address": "5411 5th Ave, Brooklyn, NY 11220, United States", "Geocode_Status": "Success" }, "geometry": { "type": "Point", "coordinates": [ -74.0127734, 40.6425745 ] } },
{ "type": "Feature", "properties": { "Business_Name": "Tea TBaar", "Neighborhood": "Sunset Park", "Address": "4823 8th Ave, Brooklyn, NY 11220, United States", "Geocode_Status": "Success" }, "geometry": { "type": "Point", "coordinates": [ -74.0029281, 40.6416895 ] } },
{ "type": "Feature", "properties": { "Business_Name": "Fuding Wok", "Neighborhood": "Sunset Park", "Address": "5216 7th Ave, Brooklyn, NY 11220, United States", "Geocode_Status": "Success" }, "geometry": { "type": "Point", "coordinates": [ -74.0075737, 40.6410611 ] } },
{ "type": "Feature", "properties": { "Business_Name": "Lao Jiu Guan", "Neighborhood": "Sunset Park", "Address": "773 51st St, Brooklyn, NY 11220, United States", "Geocode_Status": "Success" }, "geometry": { "type": "Point", "coordinates": [ -74.0045326, 40.640904 ] } },
{ "type": "Feature", "properties": { "Business_Name": "Crisp Cut", "Neighborhood": "Sunset Park", "Address": "153 32nd St, Brooklyn, NY 11232, United States", "Geocode_Status": "Success" }, "geometry": { "type": "Point", "coordinates": [ -74.0023179, 40.6568268 ] } },
{ "type": "Feature", "properties": { "Business_Name": "Cha Cha Nian", "Neighborhood": "Sunset Park", "Address": "5722B 58th St Between 7th &, 5722 8th Ave b7, Brooklyn, NY 11220, United States", "Geocode_Status": "Success" }, "geometry": { "type": "Point", "coordinates": [ -74.0086101, 40.6369317 ] } },
{ "type": "Feature", "properties": { "Business_Name": "Zhen Jin Ji", "Neighborhood": "Sunset Park", "Address": "4915 8th Ave, Brooklyn, NY 11220, United States", "Geocode_Status": "Success" }, "geometry": { "type": "Point", "coordinates": [ -74.0033855, 40.641245 ] } },
{ "type": "Feature", "properties": { "Business_Name": "Gao Lao Zhuang", "Neighborhood": "Sunset Park", "Address": "773 51st St, Brooklyn, NY 11220, United States", "Geocode_Status": "Success" }, "geometry": { "type": "Point", "coordinates": [ -74.0045326, 40.640904 ] } },
{ "type": "Feature", "properties": { "Business_Name": "Spicy good", "Neighborhood": "Sunset Park", "Address": "774 51st St, Brooklyn, NY 11220, United States", "Geocode_Status": "Success" }, "geometry": { "type": "Point", "coordinates": [ -74.0047189, 40.6406466 ] } },
{ "type": "Feature", "properties": { "Business_Name": "Mala Ban", "Neighborhood": "Sunset Park", "Address": "818 60th St, Brooklyn, NY 11220, United States", "Geocode_Status": "Success" }, "geometry": { "type": "Point", "coordinates": [ -74.0092893, 40.6350288 ] } },
{ "type": "Feature", "properties": { "Business_Name": "Lao Di Fang", "Neighborhood": "Sunset Park", "Address": "773 51st St, Brooklyn, NY 11220, United States", "Geocode_Status": "Success" }, "geometry": { "type": "Point", "coordinates": [ -74.0045326, 40.640904 ] } },
{ "type": "Feature", "properties": { "Business_Name": "Mango Mango Brooklyn", "Neighborhood": "Sunset Park", "Address": "5302 7th Ave, Brooklyn, NY 11220, United States", "Geocode_Status": "Success" }, "geometry": { "type": "Point", "coordinates": [ -74.0079027, 40.6407309 ] } },
{ "type": "Feature", "properties": { "Business_Name": "Xiang Zhi Restaurant", "Neighborhood": "Sunset Park", "Address": "53-22 7th Ave, Brooklyn, NY 11220, United States", "Geocode_Status": "Success" }, "geometry": { "type": "Point", "coordinates": [ -74.0082398, 40.6404146 ] } },
{ "type": "Feature", "properties": { "Business_Name": "Lucky Vegetarian", "Neighborhood": "Sunset Park", "Address": "5101 8th Ave, Brooklyn, NY 11220, United States", "Geocode_Status": "Success" }, "geometry": { "type": "Point", "coordinates": [ -74.0041982, 40.6403713 ] } },
{ "type": "Feature", "properties": { "Business_Name": "Miss Dong", "Neighborhood": "Sunset Park", "Address": "711 54th St, Brooklyn, NY 11220, United States", "Geocode_Status": "Success" }, "geometry": { "type": "Point", "coordinates": [ -74.00776, 40.6401301 ] } },
{ "type": "Feature", "properties": { "Business_Name": "Uluhuluh", "Neighborhood": "Sunset Park", "Address": "253 36th St b317, Brooklyn, NY 11232, United States", "Geocode_Status": "Success" }, "geometry": { "type": "Point", "coordinates": [ -74.0072321, 40.6562762 ] } },
{ "type": "Feature", "properties": { "Business_Name": "36 Lunar Kitchen-Jasmine milk tea", "Neighborhood": "Sunset Park", "Address": "5117 8th Ave, Brooklyn, NY 11220, United States", "Geocode_Status": "Success" }, "geometry": { "type": "Point", "coordinates": [ -74.004558, 40.6400729 ] } },
{ "type": "Feature", "properties": { "Business_Name": "RenSheng", "Neighborhood": "Sunset Park", "Address": "5722 8th Ave b7, Brooklyn, NY 11220, United States", "Geocode_Status": "Success" }, "geometry": { "type": "Point", "coordinates": [ -74.0085824, 40.636915 ] } },
{ "type": "Feature", "properties": { "Business_Name": "Cott Bakery", "Neighborhood": "Sunset Park", "Address": "6210 9th Ave, Brooklyn, NY 11220, United States", "Geocode_Status": "Success" }, "geometry": { "type": "Point", "coordinates": [ -74.0097845, 40.6329119 ] } },
{ "type": "Feature", "properties": { "Business_Name": "98K Kennedy", "Neighborhood": "Sunset Park", "Address": "4715 8th Ave, Brooklyn, NY 11220, United States", "Geocode_Status": "Success" }, "geometry": { "type": "Point", "coordinates": [ -74.0021683, 40.6423944 ] } },
{ "type": "Feature", "properties": { "Business_Name": "Mr Q's Noodle", "Neighborhood": "Sunset Park", "Address": "779 53rd St, Brooklyn, NY 11220, United States", "Geocode_Status": "Success" }, "geometry": { "type": "Point", "coordinates": [ -74.005856, 40.6395253 ] } },
{ "type": "Feature", "properties": { "Business_Name": "Kyuramen", "Neighborhood": "Sunset Park", "Address": "774 53rd St, Brooklyn, NY 11220, United States", "Geocode_Status": "Success" }, "geometry": { "type": "Point", "coordinates": [ -74.0060155, 40.6394962 ] } },
{ "type": "Feature", "properties": { "Business_Name": "Shaxian Snack", "Neighborhood": "Sunset Park", "Address": "818 60th St, Brooklyn, NY 11220, United States", "Geocode_Status": "Success" }, "geometry": { "type": "Point", "coordinates": [ -74.0092044, 40.6351062 ] } },
{ "type": "Feature", "properties": { "Business_Name": "99 Noodle Village", "Neighborhood": "Sunset Park", "Address": "774 53rd St #A, Brooklyn, NY 11220, United States", "Geocode_Status": "Success" }, "geometry": { "type": "Point", "coordinates": [ -74.0060155, 40.6394962 ] } },
{ "type": "Feature", "properties": { "Business_Name": "Xiaoao Fishball", "Neighborhood": "Sunset Park", "Address": "4801 8th Ave, Brooklyn, NY 11220, United States", "Geocode_Status": "Success" }, "geometry": { "type": "Point", "coordinates": [ -74.002347, 40.6419856 ] } },
{ "type": "Feature", "properties": { "Business_Name": "rela guntang", "Neighborhood": "Sunset Park", "Address": "5304 8th Ave, Brooklyn, NY 11220, United States", "Geocode_Status": "Success" }, "geometry": { "type": "Point", "coordinates": [ -74.005725, 40.6393988 ] } },
{ "type": "Feature", "properties": { "Business_Name": "Chuan Tian Xia", "Neighborhood": "Sunset Park", "Address": "5502 7th Ave, Brooklyn, NY 11220, United States", "Geocode_Status": "Success" }, "geometry": { "type": "Point", "coordinates": [ -74.0090711, 40.6396177 ] } },
{ "type": "Feature", "properties": { "Business_Name": "JOOY TEA SHOPPE", "Neighborhood": "Sunset Park", "Address": "5306 8th Ave, Brooklyn, NY 11220, United States", "Geocode_Status": "Success" }, "geometry": { "type": "Point", "coordinates": [ -74.0057788, 40.6393477 ] } },
{ "type": "Feature", "properties": { "Business_Name": "Kings Kitchen", "Neighborhood": "Sunset Park", "Address": "683 60th St, Brooklyn, NY 11220, United States", "Geocode_Status": "Success" }, "geometry": { "type": "Point", "coordinates": [ -74.0117658, 40.637072 ] } },
{ "type": "Feature", "properties": { "Business_Name": "Zhengxian", "Neighborhood": "Sunset Park", "Address": "5622 8th Ave, Brooklyn, NY 11220, United States", "Geocode_Status": "Success" }, "geometry": { "type": "Point", "coordinates": [ -74.0077695, 40.6374201 ] } },
{ "type": "Feature", "properties": { "Business_Name": "Qingshu Malatang", "Neighborhood": "Sunset Park", "Address": "5514 7th Ave, Brooklyn, NY 11220, United States", "Geocode_Status": "Success" }, "geometry": { "type": "Point", "coordinates": [ -74.009395, 40.6394985 ] } },
{ "type": "Feature", "properties": { "Business_Name": "Mr Duck", "Neighborhood": "Sunset Park", "Address": "5602 7th Ave, Brooklyn, NY 11220, United States", "Geocode_Status": "Success" }, "geometry": { "type": "Point", "coordinates": [ -74.0096338, 40.6390768 ] } },
{ "type": "Feature", "properties": { "Business_Name": "19.EI", "Neighborhood": "Sunset Park", "Address": "806 54th St, Brooklyn, NY 11220, United States", "Geocode_Status": "Success" }, "geometry": { "type": "Point", "coordinates": [ -74.0058189, 40.6386144 ] } },
{ "type": "Feature", "properties": { "Business_Name": "MD fried chicken", "Neighborhood": "Sunset Park", "Address": "806 54th St unit b, Brooklyn, NY 11220, United States", "Geocode_Status": "Success" }, "geometry": { "type": "Point", "coordinates": [ -74.0058063, 40.6386264 ] } },
{ "type": "Feature", "properties": { "Business_Name": "Hawaiian Fried Wings", "Neighborhood": "Sunset Park", "Address": "5715 5th Ave, Brooklyn, NY 11220, United States", "Geocode_Status": "Success" }, "geometry": { "type": "Point", "coordinates": [ -74.0146029, 40.6408105 ] } },
{ "type": "Feature", "properties": { "Business_Name": "Xun Yu Si Kao", "Neighborhood": "Sunset Park", "Address": "5609 7th Ave, Brooklyn, NY 11220, United States", "Geocode_Status": "Success" }, "geometry": { "type": "Point", "coordinates": [ -74.0095013, 40.6388099 ] } },
{ "type": "Feature", "properties": { "Business_Name": "Teriyaki Hee", "Neighborhood": "Sunset Park", "Address": "5718 5th Ave, Brooklyn, NY 11220, United States", "Geocode_Status": "Success" }, "geometry": { "type": "Point", "coordinates": [ -74.0149164, 40.6408821 ] } },
{ "type": "Feature", "properties": { "Business_Name": "Funny BBQ Bar", "Neighborhood": "Sunset Park", "Address": "818 54th St, Brooklyn, NY 11220, United States", "Geocode_Status": "Success" }, "geometry": { "type": "Point", "coordinates": [ -74.0056453, 40.6385097 ] } },
{ "type": "Feature", "properties": { "Business_Name": "Yuan Bao Gourmet", "Neighborhood": "Sunset Park", "Address": "6321 8th Ave, Brooklyn, NY 11220, United States", "Geocode_Status": "Success" }, "geometry": { "type": "Point", "coordinates": [ -74.0116495, 40.6333342 ] } },
{ "type": "Feature", "properties": { "Business_Name": "Kungfu tea", "Neighborhood": "Sunset Park", "Address": "6104 7th Ave, Brooklyn, NY 11220, United States", "Geocode_Status": "Success" }, "geometry": { "type": "Point", "coordinates": [ -74.0126762, 40.6362433 ] } },
{ "type": "Feature", "properties": { "Business_Name": "L&R FUSION NOODLE HOUSE", "Neighborhood": "Sunset Park", "Address": "578 58th St, Brooklyn, NY 11220, United States", "Geocode_Status": "Success" }, "geometry": { "type": "Point", "coordinates": [ -74.013177, 40.6394083 ] } },
{ "type": "Feature", "properties": { "Business_Name": "Old Fuzhou", "Neighborhood": "Sunset Park", "Address": "4922 8th Ave, Brooklyn, NY 11220, United States", "Geocode_Status": "Success" }, "geometry": { "type": "Point", "coordinates": [ -74.0037178, 40.6413135 ] } },
{ "type": "Feature", "properties": { "Business_Name": "Food on the Move", "Neighborhood": "Sunset Park", "Address": "6116 7th Ave, Brooklyn, NY 11220, United States", "Geocode_Status": "Success" }, "geometry": { "type": "Point", "coordinates": [ -74.012946, 40.636018 ] } },
{ "type": "Feature", "properties": { "Business_Name": "OC Dessert", "Neighborhood": "Sunset Park", "Address": "770 56th St, Brooklyn, NY 11220, United States", "Geocode_Status": "Success" }, "geometry": { "type": "Point", "coordinates": [ -74.0077605, 40.6379145 ] } },
{ "type": "Feature", "properties": { "Business_Name": "PHO BK", "Neighborhood": "Sunset Park", "Address": "5604 8th Ave, Brooklyn, NY 11220, United States", "Geocode_Status": "Success" }, "geometry": { "type": "Point", "coordinates": [ -74.0074768, 40.6377083 ] } },
{ "type": "Feature", "properties": { "Business_Name": "Mr. Q's Grill", "Neighborhood": "Sunset Park", "Address": "5824-f, 8th Ave, Brooklyn, NY 11220, United States", "Geocode_Status": "Success" }, "geometry": { "type": "Point", "coordinates": [ -74.0091561, 40.6363203 ] } },
{ "type": "Feature", "properties": { "Business_Name": "My Home Snack Shop", "Neighborhood": "Sunset Park", "Address": "5311 5th Ave, Brooklyn, NY 11220, United States", "Geocode_Status": "Success" }, "geometry": { "type": "Point", "coordinates": [ -74.012238, 40.6430827 ] } },
{ "type": "Feature", "properties": { "Business_Name": "NG", "Neighborhood": "Sunset Park", "Address": "7th Avenue &, 43rd St, Brooklyn, NY 11232, United States", "Geocode_Status": "Success" }, "geometry": { "type": "Point", "coordinates": [ -74.0037443, 40.6479517 ] } },
{ "type": "Feature", "properties": { "Business_Name": "Japanese snacks", "Neighborhood": "Sunset Park", "Address": "934 3rd Ave, Brooklyn, NY 11232, United States", "Geocode_Status": "Success" }, "geometry": { "type": "Point", "coordinates": [ -74.0064373, 40.656103 ] } },
{ "type": "Feature", "properties": { "Business_Name": "Mr Wish", "Neighborhood": "Sunset Park", "Address": "5802 7th Ave, Brooklyn, NY 11220, United States", "Geocode_Status": "Success" }, "geometry": { "type": "Point", "coordinates": [ -74.0107952, 40.6379974 ] } },
{ "type": "Feature", "properties": { "Business_Name": "To Date", "Neighborhood": "Sunset Park", "Address": "768 57th St, Brooklyn, NY 11220, United States", "Geocode_Status": "Success" }, "geometry": { "type": "Point", "coordinates": [ -74.0085175, 40.6373368 ] } },
{ "type": "Feature", "properties": { "Business_Name": "Dao Piao Xiang", "Neighborhood": "Sunset Park", "Address": "772 57th St, Brooklyn, NY 11220, United States", "Geocode_Status": "Success" }, "geometry": { "type": "Point", "coordinates": [ -74.0083085, 40.6373472 ] } },
{ "type": "Feature", "properties": { "Business_Name": "Min Jiang Mei Shi", "Neighborhood": "Sunset Park", "Address": "5820 7th Ave, Brooklyn, NY 11220, United States", "Geocode_Status": "Success" }, "geometry": { "type": "Point", "coordinates": [ -74.0111538, 40.6375994 ] } },
{ "type": "Feature", "properties": { "Business_Name": "Number 9 fried bun", "Neighborhood": "Sunset Park", "Address": "810 57th St, Brooklyn, NY 11220, United States", "Geocode_Status": "Success" }, "geometry": { "type": "Point", "coordinates": [ -74.0075293, 40.6369323 ] } },
{ "type": "Feature", "properties": { "Business_Name": "Ms Hu", "Neighborhood": "Sunset Park", "Address": "7th Avenue &, 43rd St, Brooklyn, NY 11232, United States", "Geocode_Status": "Success" }, "geometry": { "type": "Point", "coordinates": [ -74.0037443, 40.6479517 ] } },
{ "type": "Feature", "properties": { "Business_Name": "Xia Chao", "Neighborhood": "Sunset Park", "Address": "5722B 58th St Between 7th &, 5722 8th Ave b7, Brooklyn, NY 11220, United States", "Geocode_Status": "Success" }, "geometry": { "type": "Point", "coordinates": [ -74.0086101, 40.6369317 ] } },
{ "type": "Feature", "properties": { "Business_Name": "Bakery 1988", "Neighborhood": "Sunset Park", "Address": "5716 8th Ave, Brooklyn, NY 11220, United States", "Geocode_Status": "Success" }, "geometry": { "type": "Point", "coordinates": [ -74.0083428, 40.6369684 ] } },
{ "type": "Feature", "properties": { "Business_Name": "Moon & Flower House", "Neighborhood": "Sunset Park", "Address": "5912 7th Ave, Brooklyn, NY 11220, United States", "Geocode_Status": "Success" }, "geometry": { "type": "Point", "coordinates": [ -74.0117163, 40.6372229 ] } },
{ "type": "Feature", "properties": { "Business_Name": "Pod Pun Craft Worksop", "Neighborhood": "Sunset Park", "Address": "Brooklyn, NY, United States", "Geocode_Status": "Success" }, "geometry": { "type": "Point", "coordinates": [ -73.9689558, 40.6602037 ] } },
{ "type": "Feature", "properties": { "Business_Name": "Popeyes", "Neighborhood": "Sunset Park", "Address": "6013 7th Ave, Brooklyn, NY 11220, United States", "Geocode_Status": "Success" }, "geometry": { "type": "Point", "coordinates": [ -74.0119579, 40.6361644 ] } },
{ "type": "Feature", "properties": { "Business_Name": "Paris Baguette", "Neighborhood": "Sunset Park", "Address": "58-10 8th Ave, Brooklyn, NY 11220, United States", "Geocode_Status": "Success" }, "geometry": { "type": "Point", "coordinates": [ -74.0087567, 40.6364748 ] } },
{ "type": "Feature", "properties": { "Business_Name": "Tsaocaa Tea & BBQ Chicken", "Neighborhood": "Sunset Park", "Address": "773 59th St, Brooklyn, NY 11220, United States", "Geocode_Status": "Success" }, "geometry": { "type": "Point", "coordinates": [ -74.0091487, 40.636469 ] } },
{ "type": "Feature", "properties": { "Business_Name": "BBQ Chicken", "Neighborhood": "Sunset Park", "Address": "46 5th Ave, Brooklyn, NY 11217, United States", "Geocode_Status": "Success" }, "geometry": { "type": "Point", "coordinates": [ -73.9770217, 40.6817337 ] } },
{ "type": "Feature", "properties": { "Business_Name": "Yoz Shanghai", "Neighborhood": "Sunset Park", "Address": "5805 8th Ave, Brooklyn, NY 11220, United States", "Geocode_Status": "Success" }, "geometry": { "type": "Point", "coordinates": [ -74.0084297, 40.6363969 ] } },
{ "type": "Feature", "properties": { "Business_Name": "Meet Fresh", "Neighborhood": "Sunset Park", "Address": "5815 8th Ave, Brooklyn, NY 11220, United States", "Geocode_Status": "Success" }, "geometry": { "type": "Point", "coordinates": [ -74.0085724, 40.636261 ] } },
{ "type": "Feature", "properties": { "Business_Name": "Hey Hey tea", "Neighborhood": "Sunset Park", "Address": "6019 4th Ave, Brooklyn, NY 11220, United States", "Geocode_Status": "Success" }, "geometry": { "type": "Point", "coordinates": [ -74.0185719, 40.640234 ] } },
{ "type": "Feature", "properties": { "Business_Name": "Food Corner", "Neighborhood": "Sunset Park", "Address": "6001 7th Ave, Brooklyn, NY 11220, United States", "Geocode_Status": "Success" }, "geometry": { "type": "Point", "coordinates": [ -74.0116466, 40.636592 ] } },
{ "type": "Feature", "properties": { "Business_Name": "Nai Brother", "Neighborhood": "Sunset Park", "Address": "774 59th St, Brooklyn, NY 11220, United States", "Geocode_Status": "Success" }, "geometry": { "type": "Point", "coordinates": [ -74.0094296, 40.6362371 ] } },
{ "type": "Feature", "properties": { "Business_Name": "Jing Wei", "Neighborhood": "Sunset Park", "Address": "706 60th St, Brooklyn, NY 11220, United States", "Geocode_Status": "Success" }, "geometry": { "type": "Point", "coordinates": [ -74.0115932, 40.6364575 ] } },
{ "type": "Feature", "properties": { "Business_Name": "Nuan Xin Rice Roll", "Neighborhood": "Sunset Park", "Address": "5901 8th Ave #4, Brooklyn, NY 11220, United States", "Geocode_Status": "Success" }, "geometry": { "type": "Point", "coordinates": [ -74.0088113, 40.6358727 ] } },
{ "type": "Feature", "properties": { "Business_Name": "Tiger Sugar", "Neighborhood": "Sunset Park", "Address": "5903 8th Ave, Brooklyn, NY 11220, United States", "Geocode_Status": "Success" }, "geometry": { "type": "Point", "coordinates": [ -74.0089276, 40.6358199 ] } },
{ "type": "Feature", "properties": { "Business_Name": "ShaXian Delicacies", "Neighborhood": "Sunset Park", "Address": "811 49th St, Brooklyn, NY 11220, United States", "Geocode_Status": "Success" }, "geometry": { "type": "Point", "coordinates": [ -74.0027337, 40.6415655 ] } },
{ "type": "Feature", "properties": { "Business_Name": "Special Restaurant", "Neighborhood": "Sunset Park", "Address": "715 61st St, Brooklyn, NY 11220, United States", "Geocode_Status": "Success" }, "geometry": { "type": "Point", "coordinates": [ -74.0117786, 40.6360145 ] } },
{ "type": "Feature", "properties": { "Business_Name": "Old Duck Vermicelli Soup", "Neighborhood": "Sunset Park", "Address": "779 60th St, Brooklyn, NY 11220, United States", "Geocode_Status": "Success" }, "geometry": { "type": "Point", "coordinates": [ -74.009734, 40.6357122 ] } },
{ "type": "Feature", "properties": { "Business_Name": "Kim’s Korean Corn Dog", "Neighborhood": "Sunset Park", "Address": "5919 8th Ave, Brooklyn, NY 11220, United States", "Geocode_Status": "Success" }, "geometry": { "type": "Point", "coordinates": [ -74.0092245, 40.6356271 ] } },
{ "type": "Feature", "properties": { "Business_Name": "WANGHAO RESTAURANT", "Neighborhood": "Sunset Park", "Address": "717 61st St, Brooklyn, NY 11220, United States", "Geocode_Status": "Success" }, "geometry": { "type": "Point", "coordinates": [ -74.011558, 40.63598 ] } },
{ "type": "Feature", "properties": { "Business_Name": "KungFu Tea", "Neighborhood": "Sunset Park", "Address": "6104 7th Ave, Brooklyn, NY 11220, United States", "Geocode_Status": "Success" }, "geometry": { "type": "Point", "coordinates": [ -74.0126762, 40.6362433 ] } },
{ "type": "Feature", "properties": { "Business_Name": "Fish with You", "Neighborhood": "Sunset Park", "Address": "774 60th St, Brooklyn, NY 11220, United States", "Geocode_Status": "Success" }, "geometry": { "type": "Point", "coordinates": [ -74.0101247, 40.6355346 ] } },
{ "type": "Feature", "properties": { "Business_Name": "Martian Tea", "Neighborhood": "Sunset Park", "Address": "355 5th Ave, Brooklyn, NY 11215, United States", "Geocode_Status": "Success" }, "geometry": { "type": "Point", "coordinates": [ -73.9840285, 40.6717088 ] } },
{ "type": "Feature", "properties": { "Business_Name": "Pokebowl Station", "Neighborhood": "Sunset Park", "Address": "6116 7th Ave, Brooklyn, NY 11220, United States", "Geocode_Status": "Success" }, "geometry": { "type": "Point", "coordinates": [ -74.012946, 40.636018 ] } },
{ "type": "Feature", "properties": { "Business_Name": "Pancake Nuts", "Neighborhood": "Sunset Park", "Address": "889 5th Ave, Brooklyn, NY 11232, United States", "Geocode_Status": "Success" }, "geometry": { "type": "Point", "coordinates": [ -74.0036999, 40.6512921 ] } },
{ "type": "Feature", "properties": { "Business_Name": "99 Seafood", "Neighborhood": "Sunset Park", "Address": "732 61st St, Brooklyn, NY 11220, United States", "Geocode_Status": "Success" }, "geometry": { "type": "Point", "coordinates": [ -74.011606, 40.635497 ] } },
{ "type": "Feature", "properties": { "Business_Name": "Spicy plus", "Neighborhood": "Sunset Park", "Address": "774 51st St, Brooklyn, NY 11220, United States", "Geocode_Status": "Success" }, "geometry": { "type": "Point", "coordinates": [ -74.0047189, 40.6406466 ] } },
{ "type": "Feature", "properties": { "Business_Name": "Mama Spicy", "Neighborhood": "Sunset Park", "Address": "1782 Bay Ridge Ave, Brooklyn, NY 11204, United States", "Geocode_Status": "Success" }, "geometry": { "type": "Point", "coordinates": [ -73.9928977, 40.6169456 ] } },
{ "type": "Feature", "properties": { "Business_Name": "Mama Spicy", "Neighborhood": "Sunset Park", "Address": "904 4th Ave, Brooklyn, NY 11232, United States", "Geocode_Status": "Success" }, "geometry": { "type": "Point", "coordinates": [ -74.0031228, 40.6559875 ] } },
{ "type": "Feature", "properties": { "Business_Name": "Young Fish", "Neighborhood": "Sunset Park", "Address": "6022 8th Ave, Brooklyn, NY 11220, United States", "Geocode_Status": "Success" }, "geometry": { "type": "Point", "coordinates": [ -74.0102159, 40.6352211 ] } },
{ "type": "Feature", "properties": { "Business_Name": "Song Yue BBQ", "Neighborhood": "Sunset Park", "Address": "87 35th St, Brooklyn, NY 11232, United States", "Geocode_Status": "Success" }, "geometry": { "type": "Point", "coordinates": [ -74.0063536, 40.6566303 ] } },
{ "type": "Feature", "properties": { "Business_Name": "369 BBQ", "Neighborhood": "Sunset Park", "Address": "6025 8th Ave, Brooklyn, NY 11220, United States", "Geocode_Status": "Success" }, "geometry": { "type": "Point", "coordinates": [ -74.0099352, 40.6348535 ] } },
{ "type": "Feature", "properties": { "Business_Name": "NO.5 Restaurant", "Neighborhood": "Sunset Park", "Address": "968 58th St, Brooklyn, NY 11219, United States", "Geocode_Status": "Success" }, "geometry": { "type": "Point", "coordinates": [ -74.0045847, 40.6342286 ] } },
{ "type": "Feature", "properties": { "Business_Name": "Xiang Hotpot", "Neighborhood": "Sunset Park", "Address": "5816 Fort Hamilton Pkwy, Brooklyn, NY 11219, United States", "Geocode_Status": "Success" }, "geometry": { "type": "Point", "coordinates": [ -74.0049059, 40.6338342 ] } },
{ "type": "Feature", "properties": { "Business_Name": "Foo Yum", "Neighborhood": "Sunset Park", "Address": "5902 Fort Hamilton Pkwy, Brooklyn, NY 11219, United States", "Geocode_Status": "Success" }, "geometry": { "type": "Point", "coordinates": [ -74.0050879, 40.6336103 ] } },
{ "type": "Feature", "properties": { "Business_Name": "wing lee bakery", "Neighborhood": "Sunset Park", "Address": "5904 Fort Hamilton Pkwy, Brooklyn, NY 11219, United States", "Geocode_Status": "Success" }, "geometry": { "type": "Point", "coordinates": [ -74.0051614, 40.6335543 ] } },
{ "type": "Feature", "properties": { "Business_Name": "Hao de", "Neighborhood": "Sunset Park", "Address": "5006 8th Ave, Brooklyn, NY 11220, United States", "Geocode_Status": "Success" }, "geometry": { "type": "Point", "coordinates": [ -74.0040054, 40.641062 ] } },
{ "type": "Feature", "properties": { "Business_Name": "hey rich roasted", "Neighborhood": "Sunset Park", "Address": "6005 Fort Hamilton Pkwy, Brooklyn, NY 11219, United States", "Geocode_Status": "Success" }, "geometry": { "type": "Point", "coordinates": [ -74.0055778, 40.6328028 ] } },
{ "type": "Feature", "properties": { "Business_Name": "Gold Bamboo Garden", "Neighborhood": "Sunset Park", "Address": "6409 8th Ave, Brooklyn, NY 11220, United States", "Geocode_Status": "Success" }, "geometry": { "type": "Point", "coordinates": [ -74.0119014, 40.632954 ] } },
{ "type": "Feature", "properties": { "Business_Name": "J&A Sushi", "Neighborhood": "Sunset Park", "Address": "6213 Fort Hamilton Pkwy, Brooklyn, NY 11219, United States", "Geocode_Status": "Success" }, "geometry": { "type": "Point", "coordinates": [ -74.0071994, 40.6317272 ] } },
{ "type": "Feature", "properties": { "Business_Name": "RAKUZEN", "Neighborhood": "Sunset Park", "Address": "6408 Fort Hamilton Pkwy, Brooklyn, NY 11219, United States", "Geocode_Status": "Success" }, "geometry": { "type": "Point", "coordinates": [ -74.0089559, 40.6311175 ] } },
{ "type": "Feature", "properties": { "Business_Name": "Komorebi Full House", "Neighborhood": "Sunset Park", "Address": "6201 11th Ave, Brooklyn, NY 11219, United States", "Geocode_Status": "Success" }, "geometry": { "type": "Point", "coordinates": [ -74.0040397, 40.6301974 ] } },
{ "type": "Feature", "properties": { "Business_Name": "Meets", "Neighborhood": "Sunset Park", "Address": "7th Avenue &, 43rd St, Brooklyn, NY 11232, United States", "Geocode_Status": "Success" }, "geometry": { "type": "Point", "coordinates": [ -74.0037443, 40.6479517 ] } },
{ "type": "Feature", "properties": { "Business_Name": "Wang Wang Noodles", "Neighborhood": "Sunset Park", "Address": "5410 8th Ave, Brooklyn, NY 11220, United States", "Geocode_Status": "Success" }, "geometry": { "type": "Point", "coordinates": [ -74.0064379, 40.6387055 ] } },
{ "type": "Feature", "properties": { "Business_Name": "Parc Oasis", "Neighborhood": "Sunset Park", "Address": "6403 11th Ave, Brooklyn, NY 11219, United States", "Geocode_Status": "Success" }, "geometry": { "type": "Point", "coordinates": [ -74.0052694, 40.629006 ] } },
{ "type": "Feature", "properties": { "Business_Name": "Jong Japanses Ramen", "Neighborhood": "Sunset Park", "Address": "934 3rd Ave, Brooklyn, NY 11232, United States", "Geocode_Status": "Success" }, "geometry": { "type": "Point", "coordinates": [ -74.0064373, 40.656103 ] } },
{ "type": "Feature", "properties": { "Business_Name": "Ocean Chinese Restaurant", "Neighborhood": "Sunset Park", "Address": "865 4th Ave, Brooklyn, NY 11232, United States", "Geocode_Status": "Success" }, "geometry": { "type": "Point", "coordinates": [ -74.0017321, 40.6564486 ] } },
{ "type": "Feature", "properties": { "Business_Name": "JIN DU", "Neighborhood": "Sunset Park", "Address": "4915 8th Ave, Brooklyn, NY 11220, United States", "Geocode_Status": "Success" }, "geometry": { "type": "Point", "coordinates": [ -74.0033855, 40.641245 ] } },
{ "type": "Feature", "properties": { "Business_Name": "Okinawa Sushi", "Neighborhood": "Sunset Park", "Address": "276 Bay Ridge Ave, Brooklyn, NY 11220, United States", "Geocode_Status": "Success" }, "geometry": { "type": "Point", "coordinates": [ -74.0266144, 40.6358195 ] } },
{ "type": "Feature", "properties": { "Business_Name": "Crab Pot", "Neighborhood": "Sunset Park", "Address": "811 53rd St, Brooklyn, NY 11220, United States", "Geocode_Status": "Success" }, "geometry": { "type": "Point", "coordinates": [ -74.0048917, 40.6393767 ] } },
{ "type": "Feature", "properties": { "Business_Name": "Thumbs-Up Kongfu Kitchen", "Neighborhood": "Sunset Park", "Address": "894 70th St, Brooklyn, NY 11228, United States", "Geocode_Status": "Success" }, "geometry": { "type": "Point", "coordinates": [ -74.0132805, 40.6283602 ] } },
{ "type": "Feature", "properties": { "Business_Name": "Chictea", "Neighborhood": "Sunset Park", "Address": "7604 3rd Ave, Brooklyn, NY 11209, United States", "Geocode_Status": "Success" }, "geometry": { "type": "Point", "coordinates": [ -74.0282723, 40.6306607 ] } },
{ "type": "Feature", "properties": { "Business_Name": "OSAKA FUSION BBQ & SUSHI -86TH ST", "Neighborhood": "Sunset Park", "Address": "1948 86th St, Brooklyn, NY 11214, United States", "Geocode_Status": "Success" }, "geometry": { "type": "Point", "coordinates": [ -73.9993539, 40.6050862 ] } },
{ "type": "Feature", "properties": { "Business_Name": "Yomie's Rice X Yogur", "Neighborhood": "Sunset Park", "Address": "5215 8th Ave, Brooklyn, NY 11220, United States", "Geocode_Status": "Success" }, "geometry": { "type": "Point", "coordinates": [ -74.005103, 40.6396055 ] } },
{ "type": "Feature", "properties": { "Business_Name": "Mr. Bun", "Neighborhood": "Sunset Park", "Address": "2048 86th St, Brooklyn, NY 11214, United States", "Geocode_Status": "Success" }, "geometry": { "type": "Point", "coordinates": [ -73.997299, 40.6037298 ] } },
{ "type": "Feature", "properties": { "Business_Name": "Qingshu", "Neighborhood": "Sunset Park", "Address": "5514 7th Ave, Brooklyn, NY 11220, United States", "Geocode_Status": "Success" }, "geometry": { "type": "Point", "coordinates": [ -74.009395, 40.6394985 ] } },
{ "type": "Feature", "properties": { "Business_Name": "new dragon bakery LLC", "Neighborhood": "Sunset Park", "Address": "264 Kings Hwy, Brooklyn, NY 11223, United States", "Geocode_Status": "Success" }, "geometry": { "type": "Point", "coordinates": [ -73.9807911, 40.6051108 ] } },
{ "type": "Feature", "properties": { "Business_Name": "Only one", "Neighborhood": "Sunset Park", "Address": "4705 8th Ave, Brooklyn, NY 11220, United States", "Geocode_Status": "Success" }, "geometry": { "type": "Point", "coordinates": [ -74.0019297, 40.6424752 ] } },
{ "type": "Feature", "properties": { "Business_Name": "Uncle Leaf", "Neighborhood": "Sunset Park", "Address": "801 58th St, Brooklyn, NY 11220, United States", "Geocode_Status": "Success" }, "geometry": { "type": "Point", "coordinates": [ -74.0080381, 40.6365641 ] } },
{ "type": "Feature", "properties": { "Business_Name": "Tacos El Coyote Mexican Food", "Neighborhood": "Sunset Park", "Address": "6124 11th Ave, Brooklyn, NY 11219, United States", "Geocode_Status": "Success" }, "geometry": { "type": "Point", "coordinates": [ -74.0041325, 40.6305779 ] } },
{ "type": "Feature", "properties": { "Business_Name": "OTANI", "Neighborhood": "Sunset Park", "Address": "7113 Fort Hamilton Pkwy, Brooklyn, NY 11228, United States", "Geocode_Status": "Success" }, "geometry": { "type": "Point", "coordinates": [ -74.0137258, 40.6274339 ] } },
{ "type": "Feature", "properties": { "Business_Name": "Spicy Sichuan", "Neighborhood": "Sunset Park", "Address": "5502 7th Ave, Brooklyn, NY 11220, United States", "Geocode_Status": "Success" }, "geometry": { "type": "Point", "coordinates": [ -74.0090711, 40.6396177 ] } },
{ "type": "Feature", "properties": { "Business_Name": "Taj Mahal", "Neighborhood": "Sunset Park", "Address": "7315 3rd Ave, Brooklyn, NY 11209, United States", "Geocode_Status": "Success" }, "geometry": { "type": "Point", "coordinates": [ -74.0271435, 40.6323641 ] } },
{ "type": "Feature", "properties": { "Business_Name": "Green Poke on Sushi", "Neighborhood": "Sunset Park", "Address": "310 74th St, Brooklyn, NY 11209, United States", "Geocode_Status": "Success" }, "geometry": { "type": "Point", "coordinates": [ -74.0271769, 40.6320108 ] } },
{ "type": "Feature", "properties": { "Business_Name": "Subway", "Neighborhood": "Sunset Park", "Address": "882 5th Ave, Brooklyn, NY 11232, United States", "Geocode_Status": "Success" }, "geometry": { "type": "Point", "coordinates": [ -74.0038956, 40.6516227 ] } },
{ "type": "Feature", "properties": { "Business_Name": "Hi chicken", "Neighborhood": "Sunset Park", "Address": "4807 8th Ave, Brooklyn, NY 11220, United States", "Geocode_Status": "Success" }, "geometry": { "type": "Point", "coordinates": [ -74.0026598, 40.6419485 ] } },
{ "type": "Feature", "properties": { "Business_Name": "Isa Grill House", "Neighborhood": "Sunset Park", "Address": "6820 14th Ave, Brooklyn, NY 11219, United States", "Geocode_Status": "Success" }, "geometry": { "type": "Point", "coordinates": [ -74.0017447, 40.62253 ] } },
{ "type": "Feature", "properties": { "Business_Name": "Inaka Sushi", "Neighborhood": "Sunset Park", "Address": "8318 3rd Ave, Brooklyn, NY 11209, United States", "Geocode_Status": "Success" }, "geometry": { "type": "Point", "coordinates": [ -74.0305585, 40.6252243 ] } },
{ "type": "Feature", "properties": { "Business_Name": "BingLing Tea", "Neighborhood": "Sunset Park", "Address": "553 86th St, Brooklyn, NY 11209, United States", "Geocode_Status": "Success" }, "geometry": { "type": "Point", "coordinates": [ -74.0247592, 40.6208178 ] } },
{ "type": "Feature", "properties": { "Business_Name": "Hawaii Poke", "Neighborhood": "Sunset Park", "Address": "6116 7th Ave, Brooklyn, NY 11220, United States", "Geocode_Status": "Success" }, "geometry": { "type": "Point", "coordinates": [ -74.012946, 40.636018 ] } },
{ "type": "Feature", "properties": { "Business_Name": "Thai Leaf", "Neighborhood": "Sunset Park", "Address": "611 86th St, Brooklyn, NY 11209, United States", "Geocode_Status": "Success" }, "geometry": { "type": "Point", "coordinates": [ -74.0239356, 40.6203072 ] } },
{ "type": "Feature", "properties": { "Business_Name": "Pho Hoai Bayrigde", "Neighborhood": "Sunset Park", "Address": "8616 4th Ave, Brooklyn, NY 11209, United States", "Geocode_Status": "Success" }, "geometry": { "type": "Point", "coordinates": [ -74.0287234, 40.6224148 ] } },
{ "type": "Feature", "properties": { "Business_Name": "The Hongkong eat place", "Neighborhood": "Sunset Park", "Address": "777 60th St, Brooklyn, NY 11220, United States", "Geocode_Status": "Success" }, "geometry": { "type": "Point", "coordinates": [ -74.009746, 40.6358036 ] } },
{ "type": "Feature", "properties": { "Business_Name": "Sunday Bakery", "Neighborhood": "Sunset Park", "Address": "6308 18th Ave, Brooklyn, NY 11204, United States", "Geocode_Status": "Success" }, "geometry": { "type": "Point", "coordinates": [ -73.9893484, 40.6201631 ] } },
{ "type": "Feature", "properties": { "Business_Name": "Ten Cake Studio", "Neighborhood": "Sunset Park", "Address": "8617 3rd Ave, Brooklyn, NY 11209, United States", "Geocode_Status": "Success" }, "geometry": { "type": "Point", "coordinates": [ -74.0309988, 40.6228931 ] } },
{ "type": "Feature", "properties": { "Business_Name": "Chun Cafe", "Neighborhood": "Sunset Park", "Address": "6016 8th Ave, Brooklyn, NY 11220, United States", "Geocode_Status": "Success" }, "geometry": { "type": "Point", "coordinates": [ -74.0100533, 40.6352252 ] } },
{ "type": "Feature", "properties": { "Business_Name": "Wo Jia Yu Wan", "Neighborhood": "Sunset Park", "Address": "5121 8th Ave, Brooklyn, NY 11220, United States", "Geocode_Status": "Success" }, "geometry": { "type": "Point", "coordinates": [ -74.004618, 40.6400615 ] } },
{ "type": "Feature", "properties": { "Business_Name": "Jaew thai cuisine", "Neighborhood": "Sunset Park", "Address": "416 Church Ave, Brooklyn, NY 11218, United States", "Geocode_Status": "Success" }, "geometry": { "type": "Point", "coordinates": [ -73.9760918, 40.6440393 ] } },
{ "type": "Feature", "properties": { "Business_Name": "ViVi Bubble Tea", "Neighborhood": "Sunset Park", "Address": "5002 5th Ave, Brooklyn, NY 11220, United States", "Geocode_Status": "Success" }, "geometry": { "type": "Point", "coordinates": [ -74.0106404, 40.6451942 ] } },
{ "type": "Feature", "properties": { "Business_Name": "New Simply life bakery cafe", "Neighborhood": "Sunset Park", "Address": "7406 New Utrecht Ave, Brooklyn, NY 11220, United States", "Geocode_Status": "Success" }, "geometry": { "type": "Point", "coordinates": [ -73.9999055, 40.6165396 ] } },
{ "type": "Feature", "properties": { "Business_Name": "Burger & Chicken", "Neighborhood": "Sunset Park", "Address": "3917 4th Ave, Brooklyn, NY 11232, United States", "Geocode_Status": "Success" }, "geometry": { "type": "Point", "coordinates": [ -74.0063056, 40.6521352 ] } },
{ "type": "Feature", "properties": { "Business_Name": "Coco Bread Bakery", "Neighborhood": "Sunset Park", "Address": "4516 5th Ave, Brooklyn, NY 11220, United States", "Geocode_Status": "Success" }, "geometry": { "type": "Point", "coordinates": [ -74.0079121, 40.6476168 ] } },
{ "type": "Feature", "properties": { "Business_Name": "Rice Village tea restaurant", "Neighborhood": "Sunset Park", "Address": "6012 8th Ave, Brooklyn, NY 11220, United States", "Geocode_Status": "Success" }, "geometry": { "type": "Point", "coordinates": [ -74.0099735, 40.6353025 ] } },
{ "type": "Feature", "properties": { "Business_Name": "Pho Table", "Neighborhood": "Sunset Park", "Address": "6821 Fort Hamilton Pkwy, Brooklyn, NY 11219, United States", "Geocode_Status": "Success" }, "geometry": { "type": "Point", "coordinates": [ -74.0117497, 40.6286706 ] } },
{ "type": "Feature", "properties": { "Business_Name": "YUE", "Neighborhood": "Sunset Park", "Address": "828 64th St, Brooklyn, NY 11220, United States", "Geocode_Status": "Success" }, "geometry": { "type": "Point", "coordinates": [ -74.0112831, 40.6325948 ] } },
{ "type": "Feature", "properties": { "Business_Name": "Ru Yi Restaurant", "Neighborhood": "Sunset Park", "Address": "5221 Fort Hamilton Pkwy, Brooklyn, NY 11219, United States", "Geocode_Status": "Success" }, "geometry": { "type": "Point", "coordinates": [ -74.0002846, 40.6364392 ] } },
{ "type": "Feature", "properties": { "Business_Name": "The Honjo Sushi", "Neighborhood": "Sunset Park", "Address": "6117 20th Ave, Brooklyn, NY 11204, United States", "Geocode_Status": "Success" }, "geometry": { "type": "Point", "coordinates": [ -73.9837561, 40.6183678 ] } },
{ "type": "Feature", "properties": { "Business_Name": "Wasabi Sushi", "Neighborhood": "Sunset Park", "Address": "2375 86th St, Brooklyn, NY 11214, United States", "Geocode_Status": "Success" }, "geometry": { "type": "Point", "coordinates": [ -73.9895706, 40.5995879 ] } },
{ "type": "Feature", "properties": { "Business_Name": "ChaoShan Bull Demon King", "Neighborhood": "Sunset Park", "Address": "811 49th St, Brooklyn, NY 11220, United States", "Geocode_Status": "Success" }, "geometry": { "type": "Point", "coordinates": [ -74.0027337, 40.6415655 ] } },
{ "type": "Feature", "properties": { "Business_Name": "Cantonese Beef Delights", "Neighborhood": "Sunset Park", "Address": "4009 5th Ave, Brooklyn, NY 11232, United States", "Geocode_Status": "Success" }, "geometry": { "type": "Point", "coordinates": [ -74.0045962, 40.6504274 ] } },
{ "type": "Feature", "properties": { "Business_Name": "Upin Bakery", "Neighborhood": "Sunset Park", "Address": "7814 New Utrecht Ave, Brooklyn, NY 11214, United States", "Geocode_Status": "Success" }, "geometry": { "type": "Point", "coordinates": [ -74.0009189, 40.6130321 ] } },
{ "type": "Feature", "properties": { "Business_Name": "Mochick Tea", "Neighborhood": "Sunset Park", "Address": "7815 17th Ave, Brooklyn, NY 11214, United States", "Geocode_Status": "Success" }, "geometry": { "type": "Point", "coordinates": [ -74.0003561, 40.6127533 ] } },
{ "type": "Feature", "properties": { "Business_Name": "Nom Tea", "Neighborhood": "Sunset Park", "Address": "7901 17th Ave, Brooklyn, NY 11214, United States", "Geocode_Status": "Success" }, "geometry": { "type": "Point", "coordinates": [ -74.0006557, 40.6123657 ] } },
{ "type": "Feature", "properties": { "Business_Name": "Shobu Sushi", "Neighborhood": "Sunset Park", "Address": "9427 5th Ave, Brooklyn, NY 11209, United States", "Geocode_Status": "Success" }, "geometry": { "type": "Point", "coordinates": [ -74.0307129, 40.6158217 ] } },
{ "type": "Feature", "properties": { "Business_Name": "Papa John's Pizza", "Neighborhood": "Sunset Park", "Address": "5804 5th Ave, Brooklyn, NY 11220, United States", "Geocode_Status": "Success" }, "geometry": { "type": "Point", "coordinates": [ -74.0152854, 40.6406327 ] } },
{ "type": "Feature", "properties": { "Business_Name": "High Five", "Neighborhood": "Sunset Park", "Address": "1684 86th St, Brooklyn, NY 11214, United States", "Geocode_Status": "Success" }, "geometry": { "type": "Point", "coordinates": [ -74.0053865, 40.6087503 ] } },
{ "type": "Feature", "properties": { "Business_Name": "The Whale Tea", "Neighborhood": "Sunset Park", "Address": "6511 Bay Pkwy, Brooklyn, NY 11204, United States", "Geocode_Status": "Success" }, "geometry": { "type": "Point", "coordinates": [ -73.9814427, 40.6133641 ] } },
{ "type": "Feature", "properties": { "Business_Name": "Happy Cuisine", "Neighborhood": "Sunset Park", "Address": "5014 8th Ave, Brooklyn, NY 11220, United States", "Geocode_Status": "Success" }, "geometry": { "type": "Point", "coordinates": [ -74.0041974, 40.640888 ] } },
{ "type": "Feature", "properties": { "Business_Name": "J San Sushi", "Neighborhood": "Sunset Park", "Address": "6807 Bay Pkwy, Brooklyn, NY 11204, United States", "Geocode_Status": "Success" }, "geometry": { "type": "Point", "coordinates": [ -73.9835795, 40.6115712 ] } },
{ "type": "Feature", "properties": { "Business_Name": "Stuffed ice cream", "Neighborhood": "Sunset Park", "Address": "6805 Bay Pkwy, Brooklyn, NY 11204, United States", "Geocode_Status": "Success" }, "geometry": { "type": "Point", "coordinates": [ -73.9835536, 40.6115953 ] } },
{ "type": "Feature", "properties": { "Business_Name": "80's Tea", "Neighborhood": "Sunset Park", "Address": "1425 W 10th St, Brooklyn, NY 11204, United States", "Geocode_Status": "Success" }, "geometry": { "type": "Point", "coordinates": [ -73.983909, 40.6105702 ] } },
{ "type": "Feature", "properties": { "Business_Name": "kowloon tong", "Neighborhood": "Sunset Park", "Address": "11 Bay 20th St, Brooklyn, NY 11214, United States", "Geocode_Status": "Success" }, "geometry": { "type": "Point", "coordinates": [ -74.0013742, 40.6059954 ] } },
{ "type": "Feature", "properties": { "Business_Name": "DUMPLING QUEEN", "Neighborhood": "Sunset Park", "Address": "1929 86th St, Brooklyn, NY 11214, United States", "Geocode_Status": "Success" }, "geometry": { "type": "Point", "coordinates": [ -73.999531, 40.6055738 ] } },
{ "type": "Feature", "properties": { "Business_Name": "Kushi Asian Fusion", "Neighborhood": "Sunset Park", "Address": "1934 86th St, Brooklyn, NY 11214, United States", "Geocode_Status": "Success" }, "geometry": { "type": "Point", "coordinates": [ -73.9998176, 40.6052206 ] } },
{ "type": "Feature", "properties": { "Business_Name": "Seeher", "Neighborhood": "Sunset Park", "Address": "220 36th St, Brooklyn, NY 11232, United States", "Geocode_Status": "Success" }, "geometry": { "type": "Point", "coordinates": [ -74.0067606, 40.6564675 ] } },
{ "type": "Feature", "properties": { "Business_Name": "Yi Fang", "Neighborhood": "Sunset Park", "Address": "774 58th St, Brooklyn, NY 11220, United States", "Geocode_Status": "Success" }, "geometry": { "type": "Point", "coordinates": [ -74.0089185, 40.6367828 ] } },
{ "type": "Feature", "properties": { "Business_Name": "Nai Brother 86", "Neighborhood": "Sunset Park", "Address": "1946 86th St, Brooklyn, NY 11214, United States", "Geocode_Status": "Success" }, "geometry": { "type": "Point", "coordinates": [ -73.9994526, 40.6050647 ] } },
{ "type": "Feature", "properties": { "Business_Name": "Dun Huang", "Neighborhood": "Sunset Park", "Address": "817 60th St, Brooklyn, NY 11220, United States", "Geocode_Status": "Success" }, "geometry": { "type": "Point", "coordinates": [ -74.0089306, 40.6353649 ] } },
{ "type": "Feature", "properties": { "Business_Name": "YIXIN RESTAURANT", "Neighborhood": "Sunset Park", "Address": "5805 8th Ave, Brooklyn, NY 11220, United States", "Geocode_Status": "Success" }, "geometry": { "type": "Point", "coordinates": [ -74.0084297, 40.6363969 ] } },
{ "type": "Feature", "properties": { "Business_Name": "Ting Fai Cuisine", "Neighborhood": "Sunset Park", "Address": "1962 86th St, Brooklyn, NY 11214, United States", "Geocode_Status": "Success" }, "geometry": { "type": "Point", "coordinates": [ -73.9991063, 40.6047849 ] } },
{ "type": "Feature", "properties": { "Business_Name": "New Farmer", "Neighborhood": "Sunset Park", "Address": "679 5th Ave, Brooklyn, NY 11215, United States", "Geocode_Status": "Success" }, "geometry": { "type": "Point", "coordinates": [ -73.9928396, 40.6615817 ] } },
{ "type": "Feature", "properties": { "Business_Name": "Tera", "Neighborhood": "Sunset Park", "Address": "14b 53rd St, Brooklyn, NY 11232, United States", "Geocode_Status": "Success" }, "geometry": { "type": "Point", "coordinates": [ -74.0234903, 40.6502107 ] } },
{ "type": "Feature", "properties": { "Business_Name": "Gus's Pizzeria", "Neighborhood": "Sunset Park", "Address": "1750 Bath Ave, Brooklyn, NY 11214, United States", "Geocode_Status": "Success" }, "geometry": { "type": "Point", "coordinates": [ -74.006968, 40.604104 ] } },
{ "type": "Feature", "properties": { "Business_Name": "Hangover Burger", "Neighborhood": "Sunset Park", "Address": "2013 86th St, Brooklyn, NY 11214, United States", "Geocode_Status": "Success" }, "geometry": { "type": "Point", "coordinates": [ -73.9976636, 40.6045244 ] } },
{ "type": "Feature", "properties": { "Business_Name": "Hangover Korean Fried Chicken", "Neighborhood": "Sunset Park", "Address": "2013 86th St, Brooklyn, NY 11214, United States", "Geocode_Status": "Success" }, "geometry": { "type": "Point", "coordinates": [ -73.9976636, 40.6045244 ] } },
{ "type": "Feature", "properties": { "Business_Name": "Fu Yuan", "Neighborhood": "Sunset Park", "Address": "2021 86th St, Brooklyn, NY 11214, United States", "Geocode_Status": "Success" }, "geometry": { "type": "Point", "coordinates": [ -73.9975545, 40.6043686 ] } },
{ "type": "Feature", "properties": { "Business_Name": "Cuihua Kitchen INC.", "Neighborhood": "Sunset Park", "Address": "2004 86th St, Brooklyn, NY 11214, United States", "Geocode_Status": "Success" }, "geometry": { "type": "Point", "coordinates": [ -73.998222, 40.6043981 ] } },
{ "type": "Feature", "properties": { "Business_Name": "Martian Tea", "Neighborhood": "Sunset Park", "Address": "6116 7th Ave, Brooklyn, NY 11220, United States", "Geocode_Status": "Success" }, "geometry": { "type": "Point", "coordinates": [ -74.012946, 40.636018 ] } },
{ "type": "Feature", "properties": { "Business_Name": "98K Hamburger", "Neighborhood": "Sunset Park", "Address": "6217 8th Ave, Brooklyn, NY 11220, United States", "Geocode_Status": "Success" }, "geometry": { "type": "Point", "coordinates": [ -74.0108814, 40.6338281 ] } },
{ "type": "Feature", "properties": { "Business_Name": "Me-Do Dessert", "Neighborhood": "Sunset Park", "Address": "3 Bay 25th St, Brooklyn, NY 11214, United States", "Geocode_Status": "Success" }, "geometry": { "type": "Point", "coordinates": [ -73.9975809, 40.6038369 ] } },
{ "type": "Feature", "properties": { "Business_Name": "Ten Seconds Yunnan Rice Noodle", "Neighborhood": "Sunset Park", "Address": "2059 86th St, Brooklyn, NY 11214, United States", "Geocode_Status": "Success" }, "geometry": { "type": "Point", "coordinates": [ -73.9966832, 40.6038437 ] } },
{ "type": "Feature", "properties": { "Business_Name": "TwoC Coffee", "Neighborhood": "Sunset Park", "Address": "1862 Bath Ave, Brooklyn, NY 11214, United States", "Geocode_Status": "Success" }, "geometry": { "type": "Point", "coordinates": [ -74.0043858, 40.6027275 ] } },
{ "type": "Feature", "properties": { "Business_Name": "Yinji", "Neighborhood": "Sunset Park", "Address": "2122 86th St, Brooklyn, NY 11214, United States", "Geocode_Status": "Success" }, "geometry": { "type": "Point", "coordinates": [ -73.9955904, 40.60281 ] } },
{ "type": "Feature", "properties": { "Business_Name": "Superior Wonton Noodles", "Neighborhood": "Sunset Park", "Address": "2145 86th St, Brooklyn, NY 11214, United States", "Geocode_Status": "Success" }, "geometry": { "type": "Point", "coordinates": [ -73.9947395, 40.6028418 ] } },
{ "type": "Feature", "properties": { "Business_Name": "Popot", "Neighborhood": "Sunset Park", "Address": "7th Avenue &, 43rd St, Brooklyn, NY 11232, United States", "Geocode_Status": "Success" }, "geometry": { "type": "Point", "coordinates": [ -74.0037443, 40.6479517 ] } },
{ "type": "Feature", "properties": { "Business_Name": "Chop Stix Food Hall", "Neighborhood": "Sunset Park", "Address": "2172 86th St, Brooklyn, NY 11214, United States", "Geocode_Status": "Success" }, "geometry": { "type": "Point", "coordinates": [ -73.9943681, 40.6020742 ] } },
{ "type": "Feature", "properties": { "Business_Name": "Daimaru Ramen &Udon", "Neighborhood": "Sunset Park", "Address": "136-20 Roosevelt Ave, Flushing, NY 11354, United States", "Geocode_Status": "Success" }, "geometry": { "type": "Point", "coordinates": [ -73.8289884, 40.7595344 ] } },
{ "type": "Feature", "properties": { "Business_Name": "Yozi Duck Vermicelli soup", "Neighborhood": "Sunset Park", "Address": "5805 8th Ave, Brooklyn, NY 11220, United States", "Geocode_Status": "Success" }, "geometry": { "type": "Point", "coordinates": [ -74.0084297, 40.6363969 ] } },
{ "type": "Feature", "properties": { "Business_Name": "Shundeck Restaurants Inc", "Neighborhood": "Sunset Park", "Address": "2332 86th St, Brooklyn, NY 11214, United States", "Geocode_Status": "Success" }, "geometry": { "type": "Point", "coordinates": [ -73.9909236, 40.5998849 ] } },
{ "type": "Feature", "properties": { "Business_Name": "Delicacy Passion Patisserie", "Neighborhood": "Sunset Park", "Address": "2379 86th St, Brooklyn, NY 11214, United States", "Geocode_Status": "Success" }, "geometry": { "type": "Point", "coordinates": [ -73.9894556, 40.5995178 ] } },
{ "type": "Feature", "properties": { "Business_Name": "Yoyo chicken", "Neighborhood": "Sunset Park", "Address": "860 Nostrand Ave, Brooklyn, NY 11225, United States", "Geocode_Status": "Success" }, "geometry": { "type": "Point", "coordinates": [ -73.9509299, 40.668608 ] } },
{ "type": "Feature", "properties": { "Business_Name": "Benson Eating Station", "Neighborhood": "Sunset Park", "Address": "2435 86th St, Brooklyn, NY 11214, United States", "Geocode_Status": "Success" }, "geometry": { "type": "Point", "coordinates": [ -73.988291, 40.5988249 ] } },
{ "type": "Feature", "properties": { "Business_Name": "Kogane Ramen", "Neighborhood": "Sunset Park", "Address": "774 53rd St, Brooklyn, NY 11220, United States", "Geocode_Status": "Success" }, "geometry": { "type": "Point", "coordinates": [ -74.0060155, 40.6394962 ] } },
{ "type": "Feature", "properties": { "Business_Name": "Teriyaki One", "Neighborhood": "Sunset Park", "Address": "34 Willoughby St, Brooklyn, NY 11201, United States", "Geocode_Status": "Success" }, "geometry": { "type": "Point", "coordinates": [ -73.9875889, 40.6921481 ] } },
{ "type": "Feature", "properties": { "Business_Name": "Lotus", "Neighborhood": "Sunset Park", "Address": "229 5th Ave, Brooklyn, NY 11215, United States", "Geocode_Status": "Success" }, "geometry": { "type": "Point", "coordinates": [ -73.9809017, 40.6755197 ] } },
{ "type": "Feature", "properties": { "Business_Name": "Kyuburger", "Neighborhood": "Sunset Park", "Address": "774 53rd St, Brooklyn, NY 11220, United States", "Geocode_Status": "Success" }, "geometry": { "type": "Point", "coordinates": [ -74.0060155, 40.6394962 ] } },
{ "type": "Feature", "properties": { "Business_Name": "Pho88", "Neighborhood": "Sunset Park", "Address": "314 Bedford Ave, Brooklyn, NY 11211, United States", "Geocode_Status": "Success" }, "geometry": { "type": "Point", "coordinates": [ -73.9621056, 40.7136831 ] } },
{ "type": "Feature", "properties": { "Business_Name": "Kracklaw Seafood & Japanese  Express", "Neighborhood": "Sunset Park", "Address": "719 Flatbush Ave, Brooklyn, NY 11226, United States", "Geocode_Status": "Success" }, "geometry": { "type": "Point", "coordinates": [ -73.9596448, 40.6554583 ] } },
{ "type": "Feature", "properties": { "Business_Name": "ming mun", "Neighborhood": "Sunset Park", "Address": "196 Smith St, Brooklyn, NY 11201, United States", "Geocode_Status": "Success" }, "geometry": { "type": "Point", "coordinates": [ -73.9917756, 40.6850832 ] } },
{ "type": "Feature", "properties": { "Business_Name": "Mars Tea", "Neighborhood": "Sunset Park", "Address": "6116 7th Ave, Brooklyn, NY 11220, United States", "Geocode_Status": "Success" }, "geometry": { "type": "Point", "coordinates": [ -74.012946, 40.636018 ] } },
{ "type": "Feature", "properties": { "Business_Name": "Poke Bowl Station", "Neighborhood": "Sunset Park", "Address": "6116 7th Ave, Brooklyn, NY 11220, United States", "Geocode_Status": "Success" }, "geometry": { "type": "Point", "coordinates": [ -74.012946, 40.636018 ] } },
{ "type": "Feature", "properties": { "Business_Name": "Squarrel Cafe", "Neighborhood": "Sunset Park", "Address": "572 Atlantic Ave, Brooklyn, NY 11217, United States", "Geocode_Status": "Success" }, "geometry": { "type": "Point", "coordinates": [ -73.9789175, 40.6844229 ] } },
{ "type": "Feature", "properties": { "Business_Name": "Vivi bubble Tea", "Neighborhood": "Sunset Park", "Address": "5002 5th Ave, Brooklyn, NY 11220, United States", "Geocode_Status": "Success" }, "geometry": { "type": "Point", "coordinates": [ -74.0106404, 40.6451942 ] } },
{ "type": "Feature", "properties": { "Business_Name": "Bites of Xi'an", "Neighborhood": "Sunset Park", "Address": "318 Livingston St, Brooklyn, NY 11217, United States", "Geocode_Status": "Success" }, "geometry": { "type": "Point", "coordinates": [ -73.9820456, 40.6879682 ] } },
{ "type": "Feature", "properties": { "Business_Name": "I' Milky", "Neighborhood": "Sunset Park", "Address": "105 Court St, Brooklyn, NY 11201, United States", "Geocode_Status": "Success" }, "geometry": { "type": "Point", "coordinates": [ -73.9916991, 40.6907702 ] } },
{ "type": "Feature", "properties": { "Business_Name": "Hainan Jones", "Neighborhood": "Sunset Park", "Address": "4807 8th Ave, Brooklyn, NY 11220, United States", "Geocode_Status": "Success" }, "geometry": { "type": "Point", "coordinates": [ -74.0026598, 40.6419485 ] } },
{ "type": "Feature", "properties": { "Business_Name": "Wok Fusion Kitchen", "Neighborhood": "Sunset Park", "Address": "4724 4th Ave, Brooklyn, NY 11220, United States", "Geocode_Status": "Success" }, "geometry": { "type": "Point", "coordinates": [ -74.011578, 40.647798 ] } },
{ "type": "Feature", "properties": { "Business_Name": "HEY TEA", "Neighborhood": "Sunset Park", "Address": "705 59th St, Brooklyn, NY 11220, United States", "Geocode_Status": "Success" }, "geometry": { "type": "Point", "coordinates": [ -74.0108599, 40.6373596 ] } },
{ "type": "Feature", "properties": { "Business_Name": "Wanpo", "Neighborhood": "Sunset Park", "Address": "72 Willoughby St, Brooklyn, NY 11201, United States", "Geocode_Status": "Success" }, "geometry": { "type": "Point", "coordinates": [ -73.9858408, 40.6919661 ] } },
{ "type": "Feature", "properties": { "Business_Name": "Din Soup Dumplings", "Neighborhood": "Sunset Park", "Address": "162 Montague St Fl 2, Brooklyn, NY 11201, United States", "Geocode_Status": "Success" }, "geometry": { "type": "Point", "coordinates": [ -73.992897, 40.6941973 ] } },
{ "type": "Feature", "properties": { "Business_Name": "don Neo fusion", "Neighborhood": "Sunset Park", "Address": "142 Montague St 2nd Floor, Brooklyn, NY 11201, United States", "Geocode_Status": "Success" }, "geometry": { "type": "Point", "coordinates": [ -73.99368, 40.694385 ] } },
{ "type": "Feature", "properties": { "Business_Name": "Sushi D", "Neighborhood": "Sunset Park", "Address": "713 61st St, Brooklyn, NY 11220, United States", "Geocode_Status": "Success" }, "geometry": { "type": "Point", "coordinates": [ -74.0117485, 40.6359962 ] } },
{ "type": "Feature", "properties": { "Business_Name": "A bag of snacks", "Neighborhood": "Sunset Park", "Address": "5311 5th Ave, Brooklyn, NY 11220, United States", "Geocode_Status": "Success" }, "geometry": { "type": "Point", "coordinates": [ -74.012238, 40.6430827 ] } },
{ "type": "Feature", "properties": { "Business_Name": "Pelicana Chicken", "Neighborhood": "Sunset Park", "Address": "941 Manhattan Ave, Brooklyn, NY 11222, United States", "Geocode_Status": "Success" }, "geometry": { "type": "Point", "coordinates": [ -73.9546208, 40.7314215 ] } },
{ "type": "Feature", "properties": { "Business_Name": "One Two Free Sushi", "Neighborhood": "Sunset Park", "Address": "318 Cortelyou Rd, Brooklyn, NY 11218, United States", "Geocode_Status": "Success" }, "geometry": { "type": "Point", "coordinates": [ -73.9757812, 40.6380974 ] } },
{ "type": "Feature", "properties": { "Business_Name": "Orchid Tea Cafe", "Neighborhood": "Sunset Park", "Address": "4602 7th Ave, Brooklyn, NY 11220, United States", "Geocode_Status": "Success" }, "geometry": { "type": "Point", "coordinates": [ -74.0039179, 40.6447612 ] } },
{ "type": "Feature", "properties": { "Business_Name": "Sanhao BBQÂ·Authentic ZiBo BBQÂ·BK first store", "Neighborhood": "Sunset Park", "Address": "5224 8th Ave, Brooklyn, NY 11220, United States", "Geocode_Status": "Success" }, "geometry": { "type": "Point", "coordinates": [ -74.0056011, 40.6396379 ] } },
{ "type": "Feature", "properties": { "Business_Name": "Poke Bowl 101", "Neighborhood": "Sunset Park", "Address": "4314 8th Ave, Brooklyn, NY 11232, United States", "Geocode_Status": "Success" }, "geometry": { "type": "Point", "coordinates": [ -74.0001394, 40.6448509 ] } },
{ "type": "Feature", "properties": { "Business_Name": "Ping ge bbq", "Neighborhood": "Sunset Park", "Address": "815 54th St, Brooklyn, NY 11220, United States", "Geocode_Status": "Success" }, "geometry": { "type": "Point", "coordinates": [ -74.0054998, 40.6387082 ] } },
{ "type": "Feature", "properties": { "Business_Name": "Full up cafe", "Neighborhood": "Sunset Park", "Address": "4321 8th Ave, Brooklyn, NY 11232, United States", "Geocode_Status": "Success" }, "geometry": { "type": "Point", "coordinates": [ -73.9999894, 40.6445281 ] } },
{ "type": "Feature", "properties": { "Business_Name": "Xia ChaoÂ·Midnight", "Neighborhood": "Sunset Park", "Address": "5722B 58th St Between 7th &, 5722 8th Ave b7, Brooklyn, NY 11220, United States", "Geocode_Status": "Success" }, "geometry": { "type": "Point", "coordinates": [ -74.0086101, 40.6369317 ] } },
{ "type": "Feature", "properties": { "Business_Name": "Chicken N'Baos", "Neighborhood": "Sunset Park", "Address": "7314 13th Ave, Brooklyn, NY 11228, United States", "Geocode_Status": "Success" }, "geometry": { "type": "Point", "coordinates": [ -74.0067202, 40.6212973 ] } },
{ "type": "Feature", "properties": { "Business_Name": "H & J Bakery INC", "Neighborhood": "Sunset Park", "Address": "6417 17th Ave, Brooklyn, NY 11204, United States", "Geocode_Status": "Success" }, "geometry": { "type": "Point", "coordinates": [ -73.9920296, 40.6207432 ] } },
{ "type": "Feature", "properties": { "Business_Name": "Steambox", "Neighborhood": "Sunset Park", "Address": "6217 8th Ave, Brooklyn, NY 11220, United States", "Geocode_Status": "Success" }, "geometry": { "type": "Point", "coordinates": [ -74.011003, 40.633901 ] } },
{ "type": "Feature", "properties": { "Business_Name": "New Sky Bakery", "Neighborhood": "Sunset Park", "Address": "6625 Bay Pkwy, Brooklyn, NY 11204, United States", "Geocode_Status": "Success" }, "geometry": { "type": "Point", "coordinates": [ -73.9822286, 40.6128339 ] } },
{ "type": "Feature", "properties": { "Business_Name": "Sunrise Bakery", "Neighborhood": "Sunset Park", "Address": "4564 2nd Ave, Brooklyn, NY 11232, United States", "Geocode_Status": "Success" }, "geometry": { "type": "Point", "coordinates": [ -74.0169014, 40.6523902 ] } },
{ "type": "Feature", "properties": { "Business_Name": "Good View Bakery", "Neighborhood": "Sunset Park", "Address": "4518 8th Ave, Brooklyn, NY 11220, United States", "Geocode_Status": "Success" }, "geometry": { "type": "Point", "coordinates": [ -74.0013424, 40.6436023 ] } },
{ "type": "Feature", "properties": { "Business_Name": "Taiwai Station", "Neighborhood": "Sunset Park", "Address": "5510 7th Ave, Brooklyn, NY 11220, United States", "Geocode_Status": "Success" }, "geometry": { "type": "Point", "coordinates": [ -74.0091797, 40.6395136 ] } },
{ "type": "Feature", "properties": { "Business_Name": "on time canteen", "Neighborhood": "Sunset Park", "Address": "2436 Nostrand Ave, Brooklyn, NY 11210, United States", "Geocode_Status": "Success" }, "geometry": { "type": "Point", "coordinates": [ -73.9467931, 40.6253062 ] } },
{ "type": "Feature", "properties": { "Business_Name": "Greenwood", "Neighborhood": "Sunset Park", "Address": "Greenwood Heights, Brooklyn, NY, USA", "Geocode_Status": "Success" }, "geometry": { "type": "Point", "coordinates": [ -73.9975063, 40.6574401 ] } },
{ "type": "Feature", "properties": { "Business_Name": "Dongfang breakfast", "Neighborhood": "Sunset Park", "Address": "433A Ralph Ave, Brooklyn, NY 11233, United States", "Geocode_Status": "Success" }, "geometry": { "type": "Point", "coordinates": [ -73.921808, 40.674301 ] } },
{ "type": "Feature", "properties": { "Business_Name": "LanTing BBQ Hot Pot", "Neighborhood": "Sunset Park", "Address": "5823 7th Ave, Brooklyn, NY 11220, United States", "Geocode_Status": "Success" }, "geometry": { "type": "Point", "coordinates": [ -74.0108591, 40.6374888 ] } },
{ "type": "Feature", "properties": { "Business_Name": "In ChaÂ·Guilin Rice Noodles", "Neighborhood": "Sunset Park", "Address": "6003 7th Ave, Brooklyn, NY 11220, United States", "Geocode_Status": "Success" }, "geometry": { "type": "Point", "coordinates": [ -74.0118008, 40.6365993 ] } },
{ "type": "Feature", "properties": { "Business_Name": "Chun Yang Tea", "Neighborhood": "Sunset Park", "Address": "6016 8th Ave, Brooklyn, NY 11220, United States", "Geocode_Status": "Success" }, "geometry": { "type": "Point", "coordinates": [ -74.0100533, 40.6352252 ] } },
{ "type": "Feature", "properties": { "Business_Name": "No.1 Noodle House", "Neighborhood": "Sunset Park", "Address": "752A 61st St, Brooklyn, NY 11220, United States", "Geocode_Status": "Success" }, "geometry": { "type": "Point", "coordinates": [ -74.011219, 40.635291 ] } },
{ "type": "Feature", "properties": { "Business_Name": "Totally Wings", "Neighborhood": "Sunset Park", "Address": "5802 5th Ave, Brooklyn, NY 11220, United States", "Geocode_Status": "Success" }, "geometry": { "type": "Point", "coordinates": [ -74.0153419, 40.6406604 ] } },
{ "type": "Feature", "properties": { "Business_Name": "CUCI", "Neighborhood": "Sunset Park", "Address": "7th Avenue &, 43rd St, Brooklyn, NY 11232, United States", "Geocode_Status": "Success" }, "geometry": { "type": "Point", "coordinates": [ -74.0037443, 40.6479517 ] } },
{ "type": "Feature", "properties": { "Business_Name": "Hand Pull Noodle & Dumplings House", "Neighborhood": "Sunset Park", "Address": "7201 18th Ave, Brooklyn, NY 11204, United States", "Geocode_Status": "Success" }, "geometry": { "type": "Point", "coordinates": [ -73.9941736, 40.6149904 ] } },
{ "type": "Feature", "properties": { "Business_Name": "Shiawase", "Neighborhood": "Sunset Park", "Address": "7th Avenue &, 43rd St, Brooklyn, NY 11232, United States", "Geocode_Status": "Success" }, "geometry": { "type": "Point", "coordinates": [ -74.0037443, 40.6479517 ] } },
{ "type": "Feature", "properties": { "Business_Name": "happy salad", "Neighborhood": "Sunset Park", "Address": "1912 86th St, Brooklyn, NY 11214, United States", "Geocode_Status": "Success" }, "geometry": { "type": "Point", "coordinates": [ -74.0001719, 40.6055794 ] } },
{ "type": "Feature", "properties": { "Business_Name": "Mango Mango", "Neighborhood": "Sunset Park", "Address": "5302 7th Ave, Brooklyn, NY 11220, United States", "Geocode_Status": "Success" }, "geometry": { "type": "Point", "coordinates": [ -74.0079027, 40.6407309 ] } },
{ "type": "Feature", "properties": { "Business_Name": "Double Fire Inc. Ave U", "Neighborhood": "Sunset Park", "Address": "6018 8th Ave, Brooklyn, NY 11220, United States", "Geocode_Status": "Success" }, "geometry": { "type": "Point", "coordinates": [ -74.0101539, 40.635125 ] } },
{ "type": "Feature", "properties": { "Business_Name": "Rice Noodle", "Neighborhood": "Sunset Park", "Address": "8th Ave &, 61st St, Brooklyn, NY 11220, United States", "Geocode_Status": "Success" }, "geometry": { "type": "Point", "coordinates": [ -74.0101579, 40.6349152 ] } },
{ "type": "Feature", "properties": { "Business_Name": "Hero", "Neighborhood": "Sunset Park", "Address": "406 36th St, Brooklyn, NY 11232, United States", "Geocode_Status": "Success" }, "geometry": { "type": "Point", "coordinates": [ -74.0041701, 40.6540315 ] } },
{ "type": "Feature", "properties": { "Business_Name": "Orchid Tea Dim Sum Cafe Â·Fan Meal", "Neighborhood": "Sunset Park", "Address": "4618 8th Ave, Brooklyn, NY 11220, United States", "Geocode_Status": "Success" }, "geometry": { "type": "Point", "coordinates": [ -74.0019761, 40.6430233 ] } },
{ "type": "Feature", "properties": { "Business_Name": "Gia Lam", "Neighborhood": "Sunset Park", "Address": "4810 8th Ave, Brooklyn, NY 11220, United States", "Geocode_Status": "Success" }, "geometry": { "type": "Point", "coordinates": [ -74.0029513, 40.6420519 ] } },
{ "type": "Feature", "properties": { "Business_Name": "Wong Wong Noodle Soup", "Neighborhood": "Sunset Park", "Address": "5410 8th Ave, Brooklyn, NY 11220, United States", "Geocode_Status": "Success" }, "geometry": { "type": "Point", "coordinates": [ -74.0064379, 40.6387055 ] } },
{ "type": "Feature", "properties": { "Business_Name": "Gia Lam II", "Neighborhood": "Sunset Park", "Address": "5414 8th Ave, Brooklyn, NY 11220, United States", "Geocode_Status": "Success" }, "geometry": { "type": "Point", "coordinates": [ -74.006489, 40.638656 ] } },
{ "type": "Feature", "properties": { "Business_Name": "Hawaiian Fried WingsÂ·Fan Meal", "Neighborhood": "Sunset Park", "Address": "5715 5th Ave, Brooklyn, NY 11220, United States", "Geocode_Status": "Success" }, "geometry": { "type": "Point", "coordinates": [ -74.0146029, 40.6408105 ] } },
{ "type": "Feature", "properties": { "Business_Name": "Dao Piao XiangÂ·Fan Meal", "Neighborhood": "Sunset Park", "Address": "772 57th St, Brooklyn, NY 11220, United States", "Geocode_Status": "Success" }, "geometry": { "type": "Point", "coordinates": [ -74.0083085, 40.6373472 ] } },
{ "type": "Feature", "properties": { "Business_Name": "HO JING RESTAURANT", "Neighborhood": "Sunset Park", "Address": "5301 8th Ave, Brooklyn, NY 11220, United States", "Geocode_Status": "Success" }, "geometry": { "type": "Point", "coordinates": [ -74.0052838, 40.6391835 ] } },
{ "type": "Feature", "properties": { "Business_Name": "Meet FreshÂ·Fan Deals", "Neighborhood": "Sunset Park", "Address": "5815 8th Ave, Brooklyn, NY 11220, United States", "Geocode_Status": "Success" }, "geometry": { "type": "Point", "coordinates": [ -74.0085724, 40.636261 ] } },
{ "type": "Feature", "properties": { "Business_Name": "Pokebowl StationÂ·Fan Deals", "Neighborhood": "Sunset Park", "Address": "6116 7th Ave, Brooklyn, NY 11220, United States", "Geocode_Status": "Success" }, "geometry": { "type": "Point", "coordinates": [ -74.012946, 40.636018 ] } },
{ "type": "Feature", "properties": { "Business_Name": "NG'S KITCHEN INC", "Neighborhood": "Sunset Park", "Address": "6012 8th Ave, Brooklyn, NY 11220, United States", "Geocode_Status": "Success" }, "geometry": { "type": "Point", "coordinates": [ -74.0099735, 40.6353025 ] } },
{ "type": "Feature", "properties": { "Business_Name": "YiPoh Kitchen`Fan Deals", "Neighborhood": "Sunset Park", "Address": "6415 11th Ave, Brooklyn, NY 11219, United States", "Geocode_Status": "Success" }, "geometry": { "type": "Point", "coordinates": [ -74.0055748, 40.6287642 ] } },
{ "type": "Feature", "properties": { "Business_Name": "Lin Mini Cafe", "Neighborhood": "Sunset Park", "Address": "775 49th St, Brooklyn, NY 11220, United States", "Geocode_Status": "Success" }, "geometry": { "type": "Point", "coordinates": [ -74.0033104, 40.6419097 ] } },
{ "type": "Feature", "properties": { "Business_Name": "Good Friend 88", "Neighborhood": "Sunset Park", "Address": "176 Marcus Garvey Blvd, Brooklyn, NY 11221, United States", "Geocode_Status": "Success" }, "geometry": { "type": "Point", "coordinates": [ -73.9400342, 40.6922669 ] } },
{ "type": "Feature", "properties": { "Business_Name": "YuPin Pan Yum Bao", "Neighborhood": "Sunset Park", "Address": "5103 8th Ave, Brooklyn, NY 11220, United States", "Geocode_Status": "Success" }, "geometry": { "type": "Point", "coordinates": [ -74.0042166, 40.6403809 ] } },
{ "type": "Feature", "properties": { "Business_Name": "Pho 60", "Neighborhood": "Sunset Park", "Address": "1001 60th St, Brooklyn, NY 11219, United States", "Geocode_Status": "Success" }, "geometry": { "type": "Point", "coordinates": [ -74.004943, 40.6328691 ] } },
{ "type": "Feature", "properties": { "Business_Name": "New Jin Xin", "Neighborhood": "Sunset Park", "Address": "7102 18th Ave, Brooklyn, NY 11204, United States", "Geocode_Status": "Success" }, "geometry": { "type": "Point", "coordinates": [ -73.9939063, 40.6157375 ] } },
{ "type": "Feature", "properties": { "Business_Name": "Tak Hing Kitchen", "Neighborhood": "Sunset Park", "Address": "1946 86th St, Brooklyn, NY 11214, United States", "Geocode_Status": "Success" }, "geometry": { "type": "Point", "coordinates": [ -73.9993922, 40.6051121 ] } },
{ "type": "Feature", "properties": { "Business_Name": "Kongshang Flower Restaurant", "Neighborhood": "Sunset Park", "Address": "6011 4th Ave, Brooklyn, NY 11220, United States", "Geocode_Status": "Success" }, "geometry": { "type": "Point", "coordinates": [ -74.0185295, 40.6404756 ] } },
{ "type": "Feature", "properties": { "Business_Name": "Lang Qi", "Neighborhood": "Sunset Park", "Address": "710 57th St, Brooklyn, NY 11220, United States", "Geocode_Status": "Success" }, "geometry": { "type": "Point", "coordinates": [ -74.0097914, 40.6382617 ] } },
{ "type": "Feature", "properties": { "Business_Name": "Chuan Food", "Neighborhood": "Sunset Park", "Address": "5502 7th Ave, Brooklyn, NY 11220, United States", "Geocode_Status": "Success" }, "geometry": { "type": "Point", "coordinates": [ -74.0090711, 40.6396177 ] } },
{ "type": "Feature", "properties": { "Business_Name": "Thanh Da", "Neighborhood": "Sunset Park", "Address": "6008 7th Ave, Brooklyn, NY 11220, United States", "Geocode_Status": "Success" }, "geometry": { "type": "Point", "coordinates": [ -74.0121942, 40.6366244 ] } },
{ "type": "Feature", "properties": { "Business_Name": "Xing Shun 8 INC", "Neighborhood": "Sunset Park", "Address": "801 59th St, Brooklyn, NY 11220, United States", "Geocode_Status": "Success" }, "geometry": { "type": "Point", "coordinates": [ -74.0087591, 40.6360977 ] } },
{ "type": "Feature", "properties": { "Business_Name": "Letian Breakfast", "Neighborhood": "Sunset Park", "Address": "4024 8th Ave, Brooklyn, NY 11232, United States", "Geocode_Status": "Success" }, "geometry": { "type": "Point", "coordinates": [ -73.9984954, 40.6463286 ] } },
{ "type": "Feature", "properties": { "Business_Name": "Ding taixuan", "Neighborhood": "Sunset Park", "Address": "5210 7th Ave, Brooklyn, NY 11220, United States", "Geocode_Status": "Success" }, "geometry": { "type": "Point", "coordinates": [ -74.0074404, 40.6411904 ] } },
{ "type": "Feature", "properties": { "Business_Name": "Cha Cha Nian", "Neighborhood": "Sunset Park", "Address": "257 6th Ave, New York, NY 10014, United States", "Geocode_Status": "Success" }, "geometry": { "type": "Point", "coordinates": [ -74.002807, 40.7290259 ] } },
{ "type": "Feature", "properties": { "Business_Name": "Xiaoao Fishball", "Neighborhood": "Sunset Park", "Address": "6020 8th Ave, Brooklyn, NY 11220, United States", "Geocode_Status": "Success" }, "geometry": { "type": "Point", "coordinates": [ -74.0100763, 40.6352015 ] } },
{ "type": "Feature", "properties": { "Business_Name": "Teazzi", "Neighborhood": "Sunset Park", "Address": "774 58th St, Brooklyn, NY 11220, United States", "Geocode_Status": "Success" }, "geometry": { "type": "Point", "coordinates": [ -74.0089776, 40.6367449 ] } },
{ "type": "Feature", "properties": { "Business_Name": "Song Yue BBQ", "Neighborhood": "Sunset Park", "Address": "828 64th St, Brooklyn, NY 11220, United States", "Geocode_Status": "Success" }, "geometry": { "type": "Point", "coordinates": [ -74.0112831, 40.6325948 ] } },
{ "type": "Feature", "properties": { "Business_Name": "Pho Table - Fort Hamilton", "Neighborhood": "Sunset Park", "Address": "6821 Fort Hamilton Pkwy, Brooklyn, NY 11219, United States", "Geocode_Status": "Success" }, "geometry": { "type": "Point", "coordinates": [ -74.0117497, 40.6286706 ] } },
{ "type": "Feature", "properties": { "Business_Name": "Rice Village tea restaurant", "Neighborhood": "Sunset Park", "Address": "6009 7th Ave, Brooklyn, NY 11220, United States", "Geocode_Status": "Success" }, "geometry": { "type": "Point", "coordinates": [ -74.0118703, 40.6365325 ] } },
{ "type": "Feature", "properties": { "Business_Name": "YIXIN RESTAURANT", "Neighborhood": "Sunset Park", "Address": "5301 8th Ave, Brooklyn, NY 11220, United States", "Geocode_Status": "Success" }, "geometry": { "type": "Point", "coordinates": [ -74.0052838, 40.6391835 ] } },
{ "type": "Feature", "properties": { "Business_Name": "Seafood Palace", "Neighborhood": "Sunset Park", "Address": "714 65th St, Brooklyn, NY 11220, United States", "Geocode_Status": "Success" }, "geometry": { "type": "Point", "coordinates": [ -74.0143292, 40.6335361 ] } },
{ "type": "Feature", "properties": { "Business_Name": "Tianfu BBQ", "Neighborhood": "Sunset Park", "Address": "87 35th St, Brooklyn, NY 11232, United States", "Geocode_Status": "Success" }, "geometry": { "type": "Point", "coordinates": [ -74.0063536, 40.6566303 ] } },
{ "type": "Feature", "properties": { "Business_Name": "39 Price Cafe", "Neighborhood": "Sunset Park", "Address": "889 5th Ave, Brooklyn, NY 11232, United States", "Geocode_Status": "Success" }, "geometry": { "type": "Point", "coordinates": [ -74.0036999, 40.6512921 ] } },
{ "type": "Feature", "properties": { "Business_Name": "Chuan Yue Huo Xian on Crabs", "Neighborhood": "Sunset Park", "Address": "5609 7th Ave, Brooklyn, NY 11220, United States", "Geocode_Status": "Success" }, "geometry": { "type": "Point", "coordinates": [ -74.0095013, 40.6388099 ] } },
{ "type": "Feature", "properties": { "Business_Name": "Xin Dong Yi Feng", "Neighborhood": "Sunset Park", "Address": "5301 8th Ave, Brooklyn, NY 11220, United States", "Geocode_Status": "Success" }, "geometry": { "type": "Point", "coordinates": [ -74.0052838, 40.6391835 ] } },
{ "type": "Feature", "properties": { "Business_Name": "Royal Queen", "Neighborhood": "Sunset Park", "Address": "752B 61st St, Brooklyn, NY 11220, United States", "Geocode_Status": "Success" }, "geometry": { "type": "Point", "coordinates": [ -74.011219, 40.635291 ] } },
{ "type": "Feature", "properties": { "Business_Name": "Wan Hao", "Neighborhood": "Sunset Park", "Address": "717 61st St, Brooklyn, NY 11220, United States", "Geocode_Status": "Success" }, "geometry": { "type": "Point", "coordinates": [ -74.011558, 40.63598 ] } },
{ "type": "Feature", "properties": { "Business_Name": "Deng Ji Yun Nan Rice Noodle Kissena", "Neighborhood": "Sunset Park", "Address": "46-22 Kissena Blvd, Flushing, NY 11355, United States", "Geocode_Status": "Success" }, "geometry": { "type": "Point", "coordinates": [ -73.8188645, 40.7499004 ] } },
{ "type": "Feature", "properties": { "Business_Name": "Singas Famous Pizza", "Neighborhood": "Sunset Park", "Address": "409 Knickerbocker Ave #5, Brooklyn, NY 11237, United States", "Geocode_Status": "Success" }, "geometry": { "type": "Point", "coordinates": [ -73.9198884, 40.6999296 ] } },
{ "type": "Feature", "properties": { "Business_Name": "Midnight Cafeteria", "Neighborhood": "Sunset Park", "Address": "889 5th Ave, Brooklyn, NY 11232, United States", "Geocode_Status": "Success" }, "geometry": { "type": "Point", "coordinates": [ -74.0036999, 40.6512921 ] } },
{ "type": "Feature", "properties": { "Business_Name": "Zhang Liang Spicy Hotpot", "Neighborhood": "Sunset Park", "Address": "66 Mott St, New York, NY 10013, United States", "Geocode_Status": "Success" }, "geometry": { "type": "Point", "coordinates": [ -73.997952, 40.7160888 ] } },
{ "type": "Feature", "properties": { "Business_Name": "Mr. Dong", "Neighborhood": "Sunset Park", "Address": "711 54th St, Brooklyn, NY 11220, United States", "Geocode_Status": "Success" }, "geometry": { "type": "Point", "coordinates": [ -74.00776, 40.6401301 ] } },
{ "type": "Feature", "properties": { "Business_Name": "Roosevelt BBQ", "Neighborhood": "Sunset Park", "Address": "87 35th St, Brooklyn, NY 11232, United States", "Geocode_Status": "Success" }, "geometry": { "type": "Point", "coordinates": [ -74.0063536, 40.6566303 ] } },
{ "type": "Feature", "properties": { "Business_Name": "贡茶 Union St", "Neighborhood": "Flushing", "Address": "40-06 Union St, Flushing, NY 11354, United States", "Geocode_Status": "Success" }, "geometry": { "type": "Point", "coordinates": [ -73.8265228, 40.760202 ] } },
{ "type": "Feature", "properties": { "Business_Name": "Mango Mango法拉盛", "Neighborhood": "Flushing", "Address": "136-28 39th Ave, Flushing, NY 11354, United States", "Geocode_Status": "Success" }, "geometry": { "type": "Point", "coordinates": [ -73.8292432, 40.7603449 ] } },
{ "type": "Feature", "properties": { "Business_Name": "茉莉奶白", "Neighborhood": "Flushing", "Address": "37-11 Prince St, Flushing, NY 11354, United States", "Geocode_Status": "Success" }, "geometry": { "type": "Point", "coordinates": [ -73.8326494, 40.7605639 ] } },
{ "type": "Feature", "properties": { "Business_Name": "雾鲜 WUXIAN TEA", "Neighborhood": "Flushing", "Address": "135-20 37th Ave, Flushing, NY 11354, United States", "Geocode_Status": "Success" }, "geometry": { "type": "Point", "coordinates": [ -73.8322365, 40.7609449 ] } },
{ "type": "Feature", "properties": { "Business_Name": "悸劯TEAPULSE", "Neighborhood": "Flushing", "Address": "37-17 Prince St, Flushing, NY 11354, United States", "Geocode_Status": "Success" }, "geometry": { "type": "Point", "coordinates": [ -73.8325991, 40.7604211 ] } },
{ "type": "Feature", "properties": { "Business_Name": "瓷禧Teazzi", "Neighborhood": "Flushing", "Address": "135-17 38th Ave, Flushing, NY 11354, United States", "Geocode_Status": "Success" }, "geometry": { "type": "Point", "coordinates": [ -73.8320743, 40.7604876 ] } },
{ "type": "Feature", "properties": { "Business_Name": "Artisan奶茶", "Neighborhood": "Flushing", "Address": "135-22 37th Ave, Queens, NY 11354, United States", "Geocode_Status": "Success" }, "geometry": { "type": "Point", "coordinates": [ -73.8321668, 40.7609665 ] } },
{ "type": "Feature", "properties": { "Business_Name": "Ke Tea・可茶", "Neighborhood": "Flushing", "Address": "36-12 Main St #1FL, Flushing, NY 11354, United States", "Geocode_Status": "Success" }, "geometry": { "type": "Point", "coordinates": [ -73.8321563, 40.7626144 ] } },
{ "type": "Feature", "properties": { "Business_Name": "老虎堂 地铁口旗舰店", "Neighborhood": "Flushing", "Address": "New World Mall Food Court, 136-20 Roosevelt Ave Unit 012, Flushing, NY 11354, United States", "Geocode_Status": "Success" }, "geometry": { "type": "Point", "coordinates": [ -73.8291343, 40.7593046 ] } },
{ "type": "Feature", "properties": { "Business_Name": "茶霸•缅街地铁口•奶茶", "Neighborhood": "Flushing", "Address": "135-50 Roosevelt Ave, Flushing, NY 11354, United States", "Geocode_Status": "Success" }, "geometry": { "type": "Point", "coordinates": [ -73.830353, 40.7593716 ] } },
{ "type": "Feature", "properties": { "Business_Name": "TP Tea 茶汤会（美东首家）", "Neighborhood": "Flushing", "Address": "36-41 Prince St, Flushing, NY 11354, United States", "Geocode_Status": "Success" }, "geometry": { "type": "Point", "coordinates": [ -73.8327347, 40.7612517 ] } },
{ "type": "Feature", "properties": { "Business_Name": "王室茶园Prince Tea House", "Neighborhood": "Flushing", "Address": "36-39 Prince St, Flushing, NY 11354, United States", "Geocode_Status": "Success" }, "geometry": { "type": "Point", "coordinates": [ -73.832696, 40.7613033 ] } },
{ "type": "Feature", "properties": { "Business_Name": "贡茶.新世界 •奶茶", "Neighborhood": "Flushing", "Address": "136-20 Roosevelt Ave, Flushing, NY 11354, United States", "Geocode_Status": "Success" }, "geometry": { "type": "Point", "coordinates": [ -73.829044, 40.7596278 ] } },
{ "type": "Feature", "properties": { "Business_Name": "功夫茶Kung Fu Tea(新世界）", "Neighborhood": "Flushing", "Address": "136-20 Roosevelt Ave #7, Flushing, NY 11354, United States", "Geocode_Status": "Success" }, "geometry": { "type": "Point", "coordinates": [ -73.8290699, 40.7596904 ] } },
{ "type": "Feature", "properties": { "Business_Name": "馋百妹总店(新世界缅街总店)", "Neighborhood": "Flushing", "Address": "135-11 38th Ave, Flushing, NY 11354, United States", "Geocode_Status": "Success" }, "geometry": { "type": "Point", "coordinates": [ -73.8322148, 40.7604397 ] } },
{ "type": "Feature", "properties": { "Business_Name": "三圆台式甜品", "Neighborhood": "Flushing", "Address": "136-20 Roosevelt Ave #010, Flushing, NY 11354, United States", "Geocode_Status": "Success" }, "geometry": { "type": "Point", "coordinates": [ -73.8291343, 40.7593046 ] } },
{ "type": "Feature", "properties": { "Business_Name": "魔力鲜", "Neighborhood": "Flushing", "Address": "136 Roosevelt Ave #20, Flushing, NY 11354, United States", "Geocode_Status": "Success" }, "geometry": { "type": "Point", "coordinates": [ -73.8290877, 40.7593577 ] } },
{ "type": "Feature", "properties": { "Business_Name": "BusyBee咖啡 •美式Brunch", "Neighborhood": "Flushing", "Address": "35-20 Leavitt St, Flushing, NY 11354, United States", "Geocode_Status": "Success" }, "geometry": { "type": "Point", "coordinates": [ -73.8290248, 40.7643877 ] } },
{ "type": "Feature", "properties": { "Business_Name": "愿茶一店（缅街）", "Neighborhood": "Flushing", "Address": "42-35 Main St, Flushing, NY 11355, United States", "Geocode_Status": "Success" }, "geometry": { "type": "Point", "coordinates": [ -73.8276905, 40.7547151 ] } },
{ "type": "Feature", "properties": { "Business_Name": "大班饼屋Tai Pan Bakery", "Neighborhood": "Flushing", "Address": "37-25 Main St, Flushing, NY 11354, United States", "Geocode_Status": "Success" }, "geometry": { "type": "Point", "coordinates": [ -73.8307122, 40.7610794 ] } },
{ "type": "Feature", "properties": { "Business_Name": "HEYTEA喜茶 (Flushing Main Street)", "Neighborhood": "Flushing", "Address": "36-56 Main St, Flushing, NY 11354, United States", "Geocode_Status": "Success" }, "geometry": { "type": "Point", "coordinates": [ -73.8314328, 40.7617303 ] } },
{ "type": "Feature", "properties": { "Business_Name": "芳茗轩 • 茶叶• 礼盒", "Neighborhood": "Flushing", "Address": "36-60 Main St 1st floor, Flushing, NY 11354, United States", "Geocode_Status": "Success" }, "geometry": { "type": "Point", "coordinates": [ -73.8315866, 40.7614777 ] } },
{ "type": "Feature", "properties": { "Business_Name": "zaza tea手打柠檬茶", "Neighborhood": "Flushing", "Address": "136-84 Roosevelt Ave, Flushing, NY 11354, United States", "Geocode_Status": "Success" }, "geometry": { "type": "Point", "coordinates": [ -73.8270833, 40.7601944 ] } },
{ "type": "Feature", "properties": { "Business_Name": "今喜烘培•Jinsee.提拉米苏", "Neighborhood": "Flushing", "Address": "136-76 Roosevelt Ave, Flushing, NY 11354, United States", "Geocode_Status": "Success" }, "geometry": { "type": "Point", "coordinates": [ -73.8273423, 40.760089 ] } },
{ "type": "Feature", "properties": { "Business_Name": "新品上袋｜喪茶", "Neighborhood": "Flushing", "Address": "36-41 Prince St, Flushing, NY 11354, United States", "Geocode_Status": "Success" }, "geometry": { "type": "Point", "coordinates": [ -73.8327347, 40.7612517 ] } },
{ "type": "Feature", "properties": { "Business_Name": "THE DUO・咖啡", "Neighborhood": "Flushing", "Address": "36-20 Main St, Flushing, NY 11354, United States", "Geocode_Status": "Success" }, "geometry": { "type": "Point", "coordinates": [ -73.8319663, 40.7625139 ] } },
{ "type": "Feature", "properties": { "Business_Name": "Sweet Cats Cafe 法拉盛", "Neighborhood": "Flushing", "Address": "168-17 Union Tpke, Flushing, NY 11366, United States", "Geocode_Status": "Success" }, "geometry": { "type": "Point", "coordinates": [ -73.7996709, 40.7233708 ] } },
{ "type": "Feature", "properties": { "Business_Name": "Artisan・奶茶・flushing", "Neighborhood": "Flushing", "Address": "135-22 37th Ave, Queens, NY 11354, United States", "Geocode_Status": "Success" }, "geometry": { "type": "Point", "coordinates": [ -73.8321668, 40.7609665 ] } },
{ "type": "Feature", "properties": { "Business_Name": "PARTEA玩茶", "Neighborhood": "Flushing", "Address": "135-29 Roosevelt Ave, Flushing, NY 11354, United States", "Geocode_Status": "Success" }, "geometry": { "type": "Point", "coordinates": [ -73.8309993, 40.7594323 ] } },
{ "type": "Feature", "properties": { "Business_Name": "順家麻辣・Union St", "Neighborhood": "Flushing", "Address": "35-48 Union St, Flushing, NY 11354, United States", "Geocode_Status": "Success" }, "geometry": { "type": "Point", "coordinates": [ -73.8282132, 40.7642186 ] } },
{ "type": "Feature", "properties": { "Business_Name": "撩香米粉", "Neighborhood": "Flushing", "Address": "36-34 Union St, Flushing, NY 11354, United States", "Geocode_Status": "Success" }, "geometry": { "type": "Point", "coordinates": [ -73.8279335, 40.7627967 ] } },
{ "type": "Feature", "properties": { "Business_Name": "正宗沙具小吃（法拉盛）", "Neighborhood": "Flushing", "Address": "36-24 Union St, Flushing, NY 11354, United States", "Geocode_Status": "Success" }, "geometry": { "type": "Point", "coordinates": [ -73.828016, 40.763041 ] } },
{ "type": "Feature", "properties": { "Business_Name": "敦煌兰州牛肉面(法拉盛）", "Neighborhood": "Flushing", "Address": "136-21 37th Ave, Flushing, NY 11354, United States", "Geocode_Status": "Success" }, "geometry": { "type": "Point", "coordinates": [ -73.8303752, 40.7619076 ] } },
{ "type": "Feature", "properties": { "Business_Name": "Tai Tea 台派炸物＆拉面馆", "Neighborhood": "Flushing", "Address": "136-55 Roosevelt Ave, Flushing, NY 11354, United States", "Geocode_Status": "Success" }, "geometry": { "type": "Point", "coordinates": [ -73.8282233, 40.7602681 ] } },
{ "type": "Feature", "properties": { "Business_Name": "101茶作 小台北＆拉面屋", "Neighborhood": "Flushing", "Address": "135-22 37th Ave, Queens, NY 11354, United States", "Geocode_Status": "Success" }, "geometry": { "type": "Point", "coordinates": [ -73.8321668, 40.7609665 ] } },
{ "type": "Feature", "properties": { "Business_Name": "海底捞便当盒饭简餐店", "Neighborhood": "Flushing", "Address": "138-23 39th Ave, Flushing, NY 11354, United States", "Geocode_Status": "Success" }, "geometry": { "type": "Point", "coordinates": [ -73.8280583, 40.7613242 ] } },
{ "type": "Feature", "properties": { "Business_Name": "刘一手麻辣香锅冒菜", "Neighborhood": "Flushing", "Address": "136-76 39th Ave, Flushing, NY 11354, United States", "Geocode_Status": "Success" }, "geometry": { "type": "Point", "coordinates": [ -73.8276729, 40.7607682 ] } },
{ "type": "Feature", "properties": { "Business_Name": "Nuan Xin Rice Roll · 暖心饭团", "Neighborhood": "Flushing", "Address": "136 - 55 Roosevelt Ave, Flushing, NY 11354, United States", "Geocode_Status": "Success" }, "geometry": { "type": "Point", "coordinates": [ -73.8281716, 40.7602851 ] } },
{ "type": "Feature", "properties": { "Business_Name": "旺盛饭店•独享套餐", "Neighborhood": "Flushing", "Address": "136-51 Roosevelt Ave, Flushing, NY 11354, United States", "Geocode_Status": "Success" }, "geometry": { "type": "Point", "coordinates": [ -73.8283236, 40.7601449 ] } },
{ "type": "Feature", "properties": { "Business_Name": "西安小吃(罗斯福）", "Neighborhood": "Flushing", "Address": "41-10 Main St, Flushing, NY 11355, United States", "Geocode_Status": "Success" }, "geometry": { "type": "Point", "coordinates": [ -73.8296542, 40.7578699 ] } },
{ "type": "Feature", "properties": { "Business_Name": "云吞妹 Flushing", "Neighborhood": "Flushing", "Address": "135-11 38th Ave, Flushing, NY 11354, United States", "Geocode_Status": "Success" }, "geometry": { "type": "Point", "coordinates": [ -73.8322148, 40.7604397 ] } },
{ "type": "Feature", "properties": { "Business_Name": "表妹螺蛳粉•法拉盛", "Neighborhood": "Flushing", "Address": "36-34 Union St, Flushing, NY 11354, United States", "Geocode_Status": "Success" }, "geometry": { "type": "Point", "coordinates": [ -73.8279335, 40.7627967 ] } },
{ "type": "Feature", "properties": { "Business_Name": "一手包子店 • 粥面点心", "Neighborhood": "Flushing", "Address": "142-54 Roosevelt Ave, Flushing, NY 11354, United States", "Geocode_Status": "Success" }, "geometry": { "type": "Point", "coordinates": [ -73.8246422, 40.7608588 ] } },
{ "type": "Feature", "properties": { "Business_Name": "椒珍麻辣烫•麻辣香锅", "Neighborhood": "Flushing", "Address": "133-36 37th Ave, Flushing, NY 11354, United States", "Geocode_Status": "Success" }, "geometry": { "type": "Point", "coordinates": [ -73.8335025, 40.7602944 ] } },
{ "type": "Feature", "properties": { "Business_Name": "Zhengzhou Noodles Inc", "Neighborhood": "Flushing", "Address": "136-17 41st Ave, Flushing, NY 11355, United States", "Geocode_Status": "Success" }, "geometry": { "type": "Point", "coordinates": [ -73.8289625, 40.7588005 ] } },
{ "type": "Feature", "properties": { "Business_Name": "云楠米线", "Neighborhood": "Flushing", "Address": "36-50 Main St, Flushing, NY 11354, United States", "Geocode_Status": "Success" }, "geometry": { "type": "Point", "coordinates": [ -73.831558, 40.7617942 ] } },
{ "type": "Feature", "properties": { "Business_Name": "粥之家1广式风味", "Neighborhood": "Flushing", "Address": "36-36 Prince St, Flushing, NY 11354, United States", "Geocode_Status": "Success" }, "geometry": { "type": "Point", "coordinates": [ -73.8330579, 40.7610111 ] } },
{ "type": "Feature", "properties": { "Business_Name": "快鹿小吃", "Neighborhood": "Flushing", "Address": "135-46 Roosevelt Ave, Flushing, NY 11354, United States", "Geocode_Status": "Success" }, "geometry": { "type": "Point", "coordinates": [ -73.8304404, 40.7593428 ] } },
{ "type": "Feature", "properties": { "Business_Name": "湖南嗦粉", "Neighborhood": "Flushing", "Address": "3636 Prince St #102, Flushing, NY 11354, United States", "Geocode_Status": "Success" }, "geometry": { "type": "Point", "coordinates": [ -73.8332365, 40.7608752 ] } },
{ "type": "Feature", "properties": { "Business_Name": "湖南嗦粉1刀特惠 贵州苗家", "Neighborhood": "Flushing", "Address": "41-28 Main St #8T, Flushing, NY 11355, United States", "Geocode_Status": "Success" }, "geometry": { "type": "Point", "coordinates": [ -73.8293161, 40.7571727 ] } },
{ "type": "Feature", "properties": { "Business_Name": "君豪烧腊丨超值便当 •独享套餐", "Neighborhood": "Flushing", "Address": "35-38 Union St, Flushing, NY 11354, United States", "Geocode_Status": "Success" }, "geometry": { "type": "Point", "coordinates": [ -73.8281866, 40.7644351 ] } },
{ "type": "Feature", "properties": { "Business_Name": "立减13.5刀 •蒸功夫", "Neighborhood": "Flushing", "Address": "136-20 Roosevelt Ave, Flushing, NY 11354, United States", "Geocode_Status": "Success" }, "geometry": { "type": "Point", "coordinates": [ -73.8291343, 40.7593046 ] } },
{ "type": "Feature", "properties": { "Business_Name": "重庆小面", "Neighborhood": "Flushing", "Address": "136-20 Roosevelt Ave, Flushing, NY 11354, United States", "Geocode_Status": "Success" }, "geometry": { "type": "Point", "coordinates": [ -73.829133, 40.759346 ] } },
{ "type": "Feature", "properties": { "Business_Name": "小螺啰螺蛳粉新世界", "Neighborhood": "Flushing", "Address": "136-20 Roosevelt Ave #009, Flushing, NY 11354, United States", "Geocode_Status": "Success" }, "geometry": { "type": "Point", "coordinates": [ -73.8291343, 40.7593046 ] } },
{ "type": "Feature", "properties": { "Business_Name": "珍云南 过桥米线", "Neighborhood": "Flushing", "Address": "136-20 Roosevelt Ave, Flushing, NY 11354, United States", "Geocode_Status": "Success" }, "geometry": { "type": "Point", "coordinates": [ -73.8291343, 40.7593046 ] } },
{ "type": "Feature", "properties": { "Business_Name": "游子老鸭粉丝汤•新世界店", "Neighborhood": "Flushing", "Address": "136-20 Roosevelt Ave Store #20, 136-20 Roosevelt Ave #20, Flushing, NY 11354, United States", "Geocode_Status": "Success" }, "geometry": { "type": "Point", "coordinates": [ -73.8291763, 40.7595344 ] } },
{ "type": "Feature", "properties": { "Business_Name": "君豪快餐•新世界美食城", "Neighborhood": "Flushing", "Address": "133-35 Roosevelt Ave, Flushing, NY 11354, United States", "Geocode_Status": "Success" }, "geometry": { "type": "Point", "coordinates": [ -73.8331476, 40.7586803 ] } },
{ "type": "Feature", "properties": { "Business_Name": "六六生煎王", "Neighborhood": "Flushing", "Address": "136-20 Roosevelt Ave #29, Flushing, NY 11354, United States", "Geocode_Status": "Success" }, "geometry": { "type": "Point", "coordinates": [ -73.829053, 40.759321 ] } },
{ "type": "Feature", "properties": { "Business_Name": "新世界兰州拉面", "Neighborhood": "Flushing", "Address": "Food Court, 133-35 Roosevelt Ave #22, Flushing, NY 11354, United States", "Geocode_Status": "Success" }, "geometry": { "type": "Point", "coordinates": [ -73.8331736, 40.7586841 ] } },
{ "type": "Feature", "properties": { "Business_Name": "小红楼•第一上海菜", "Neighborhood": "Flushing", "Address": "36-36 Prince St, Flushing, NY 11354, United States", "Geocode_Status": "Success" }, "geometry": { "type": "Point", "coordinates": [ -73.8330431, 40.7611101 ] } },
{ "type": "Feature", "properties": { "Business_Name": "吖米米线", "Neighborhood": "Flushing", "Address": "40-09 Prince St, Flushing, NY 11354, United States", "Geocode_Status": "Success" }, "geometry": { "type": "Point", "coordinates": [ -73.8315545, 40.7586691 ] } },
{ "type": "Feature", "properties": { "Business_Name": "饱藏小吃 •卷凉皮", "Neighborhood": "Flushing", "Address": "35-32 Union St #1FL, Flushing, NY 11354, United States", "Geocode_Status": "Success" }, "geometry": { "type": "Point", "coordinates": [ -73.8282827, 40.7645608 ] } },
{ "type": "Feature", "properties": { "Business_Name": "便当屋", "Neighborhood": "Flushing", "Address": "136-75 Roosevelt Ave, Flushing, NY 11354, United States", "Geocode_Status": "Success" }, "geometry": { "type": "Point", "coordinates": [ -73.8275041, 40.7603511 ] } },
{ "type": "Feature", "properties": { "Business_Name": "家乐饼屋", "Neighborhood": "Flushing", "Address": "134-32 Northern Blvd, Flushing, NY 11354, United States", "Geocode_Status": "Success" }, "geometry": { "type": "Point", "coordinates": [ -73.8335619, 40.7625016 ] } },
{ "type": "Feature", "properties": { "Business_Name": "新客送|秀八珍 •早餐", "Neighborhood": "Flushing", "Address": "37-12 Main St, Flushing, NY 11354, United States", "Geocode_Status": "Success" }, "geometry": { "type": "Point", "coordinates": [ -73.8310692, 40.7611072 ] } },
{ "type": "Feature", "properties": { "Business_Name": "沟帮子烧鸡 熟食新世界", "Neighborhood": "Flushing", "Address": "35-26 Farrington St, Flushing, NY 11354, United States", "Geocode_Status": "Success" }, "geometry": { "type": "Point", "coordinates": [ -73.8316212, 40.7636999 ] } },
{ "type": "Feature", "properties": { "Business_Name": "饱藏小吃•卷凉皮 法拉盛", "Neighborhood": "Flushing", "Address": "35-32 Union St #1FL, Flushing, NY 11354, United States", "Geocode_Status": "Success" }, "geometry": { "type": "Point", "coordinates": [ -73.8282827, 40.7645608 ] } },
{ "type": "Feature", "properties": { "Business_Name": "老成都", "Neighborhood": "Flushing", "Address": "37-17 Prince St, Flushing, NY 11354, United States", "Geocode_Status": "Success" }, "geometry": { "type": "Point", "coordinates": [ -73.8325185, 40.7603491 ] } },
{ "type": "Feature", "properties": { "Business_Name": "皇功夫脆骨杯", "Neighborhood": "Flushing", "Address": "13617 39th Ave, Flushing, NY 11354, United States", "Geocode_Status": "Success" }, "geometry": { "type": "Point", "coordinates": [ -73.8294676, 40.7609026 ] } },
{ "type": "Feature", "properties": { "Business_Name": "地王手撕鸡", "Neighborhood": "Flushing", "Address": "41-42A Main St, Flushing, NY 11355, United States", "Geocode_Status": "Success" }, "geometry": { "type": "Point", "coordinates": [ -73.8291138, 40.7569879 ] } },
{ "type": "Feature", "properties": { "Business_Name": "天津包子铺•新世界", "Neighborhood": "Flushing", "Address": "136-20 Roosevelt Ave #27, Flushing, NY 11354, United States", "Geocode_Status": "Success" }, "geometry": { "type": "Point", "coordinates": [ -73.8291343, 40.7593046 ] } },
{ "type": "Feature", "properties": { "Business_Name": "馋百妹总店", "Neighborhood": "Flushing", "Address": "135-11 38th Ave, Flushing, NY 11354, United States", "Geocode_Status": "Success" }, "geometry": { "type": "Point", "coordinates": [ -73.8322148, 40.7604397 ] } },
{ "type": "Feature", "properties": { "Business_Name": "哥俩好砂锅士豆粉•盖饭", "Neighborhood": "Flushing", "Address": "36-36 Prince St, Flushing, NY 11354, United States", "Geocode_Status": "Success" }, "geometry": { "type": "Point", "coordinates": [ -73.8330579, 40.7610111 ] } },
{ "type": "Feature", "properties": { "Business_Name": "顺家湘菜•盖饭•相约酒Bar", "Neighborhood": "Flushing", "Address": "3626A Union St, Flushing, NY 11354, United States", "Geocode_Status": "Success" }, "geometry": { "type": "Point", "coordinates": [ -73.827978, 40.7629575 ] } },
{ "type": "Feature", "properties": { "Business_Name": "龙门客栈 DRAGON GATE", "Neighborhood": "Flushing", "Address": "39-16 Prince St G02, Flushing, NY 11354, United States", "Geocode_Status": "Success" }, "geometry": { "type": "Point", "coordinates": [ -73.8326151, 40.7591841 ] } },
{ "type": "Feature", "properties": { "Business_Name": "湘水山庄・米其林推荐", "Neighborhood": "Flushing", "Address": "137-40 Northern Blvd, Flushing, NY 11354, United States", "Geocode_Status": "Success" }, "geometry": { "type": "Point", "coordinates": [ -73.8296845, 40.7632665 ] } },
{ "type": "Feature", "properties": { "Business_Name": "海底捞火锅", "Neighborhood": "Flushing", "Address": "138-23 39th Ave, Flushing, NY 11354, United States", "Geocode_Status": "Success" }, "geometry": { "type": "Point", "coordinates": [ -73.8280583, 40.7613242 ] } },
{ "type": "Feature", "properties": { "Business_Name": "辛辣功夫•麻辣烫•麻辣香锅", "Neighborhood": "Flushing", "Address": "35-48 Union St, Flushing, NY 11354, United States", "Geocode_Status": "Success" }, "geometry": { "type": "Point", "coordinates": [ -73.8282132, 40.7642186 ] } },
{ "type": "Feature", "properties": { "Business_Name": "刘一手火锅 •独享套餐", "Neighborhood": "Flushing", "Address": "136-76 39th Ave, Flushing, NY 11354, United States", "Geocode_Status": "Success" }, "geometry": { "type": "Point", "coordinates": [ -73.8276729, 40.7607682 ] } },
{ "type": "Feature", "properties": { "Business_Name": "张亮麻辣烫•麻辣香锅•法拉盛", "Neighborhood": "Flushing", "Address": "13649 Roosevelt Ave, Flushing, NY 11354, United States", "Geocode_Status": "Success" }, "geometry": { "type": "Point", "coordinates": [ -73.8284243, 40.7602635 ] } },
{ "type": "Feature", "properties": { "Business_Name": "蜀巷 •冒烤鸭|特价午餐", "Neighborhood": "Flushing", "Address": "136-45 41st Ave, Flushing, NY 11355, United States", "Geocode_Status": "Success" }, "geometry": { "type": "Point", "coordinates": [ -73.8279815, 40.7590105 ] } },
{ "type": "Feature", "properties": { "Business_Name": "老成都 LaoChengDu Spicy Food", "Neighborhood": "Flushing", "Address": "37-17 Prince St, Flushing, NY 11354, United States", "Geocode_Status": "Success" }, "geometry": { "type": "Point", "coordinates": [ -73.8325185, 40.7603491 ] } },
{ "type": "Feature", "properties": { "Business_Name": "重庆老灶• 火锅", "Neighborhood": "Flushing", "Address": "37-04 Prince St, Flushing, NY 11354, United States", "Geocode_Status": "Success" }, "geometry": { "type": "Point", "coordinates": [ -73.8330235, 40.7606738 ] } },
{ "type": "Feature", "properties": { "Business_Name": "1刀炒饭丨瀚宾园", "Neighborhood": "Flushing", "Address": "41-19 Kissena Blvd, Flushing, NY 11355, United States", "Geocode_Status": "Success" }, "geometry": { "type": "Point", "coordinates": [ -73.8286011, 40.7582615 ] } },
{ "type": "Feature", "properties": { "Business_Name": "河北饼卷肉•麻辣烫", "Neighborhood": "Flushing", "Address": "41-28 Main St, Flushing, NY 11355, United States", "Geocode_Status": "Success" }, "geometry": { "type": "Point", "coordinates": [ -73.8293161, 40.7571727 ] } },
{ "type": "Feature", "properties": { "Business_Name": "嗦粉世家", "Neighborhood": "Flushing", "Address": "3636 Prince St #102, Flushing, NY 11354, United States", "Geocode_Status": "Success" }, "geometry": { "type": "Point", "coordinates": [ -73.8332365, 40.7608752 ] } },
{ "type": "Feature", "properties": { "Business_Name": "湘当有料Young and Rich NY", "Neighborhood": "Flushing", "Address": "3619 Prince St, Queens, NY 11354, United States", "Geocode_Status": "Success" }, "geometry": { "type": "Point", "coordinates": [ -73.8327435, 40.7618164 ] } },
{ "type": "Feature", "properties": { "Business_Name": "跨店点餐 新世界美食城", "Neighborhood": "Flushing", "Address": "133-35 Roosevelt Ave, Flushing, NY 11354, United States", "Geocode_Status": "Success" }, "geometry": { "type": "Point", "coordinates": [ -73.8331476, 40.7586803 ] } },
{ "type": "Feature", "properties": { "Business_Name": "食悦抚顺麻辣拌•特惠套餐", "Neighborhood": "Flushing", "Address": "136-21 Roosevelt Ave, Flushing, NY 11354, United States", "Geocode_Status": "Success" }, "geometry": { "type": "Point", "coordinates": [ -73.8293434, 40.7599986 ] } },
{ "type": "Feature", "properties": { "Business_Name": "胖东来肉蟹煲•独享套餐", "Neighborhood": "Flushing", "Address": "136-20 Roosevelt Ave, Flushing, NY 11354, United States", "Geocode_Status": "Success" }, "geometry": { "type": "Point", "coordinates": [ -73.8291722, 40.7593415 ] } },
{ "type": "Feature", "properties": { "Business_Name": "渔人码头 热炒", "Neighborhood": "Flushing", "Address": "13620 Roosevelt Ave, Flushing, NY 11354, United States", "Geocode_Status": "Success" }, "geometry": { "type": "Point", "coordinates": [ -73.8292881, 40.7591984 ] } },
{ "type": "Feature", "properties": { "Business_Name": "客来勤(新世界）", "Neighborhood": "Flushing", "Address": "133-35 Roosevelt Ave, Flushing, NY 11354, United States", "Geocode_Status": "Success" }, "geometry": { "type": "Point", "coordinates": [ -73.8331476, 40.7586803 ] } },
{ "type": "Feature", "properties": { "Business_Name": "天府麻辣香錫・新世界店", "Neighborhood": "Flushing", "Address": "133-47 Roosevelt Ave, Flushing, NY 11354, United States", "Geocode_Status": "Success" }, "geometry": { "type": "Point", "coordinates": [ -73.8326858, 40.7588619 ] } },
{ "type": "Feature", "properties": { "Business_Name": "韩松亭•老字号 • 麻辣烫", "Neighborhood": "Flushing", "Address": "37-02 Main St, Flushing, NY 11354, United States", "Geocode_Status": "Success" }, "geometry": { "type": "Point", "coordinates": [ -73.8314455, 40.7612787 ] } },
{ "type": "Feature", "properties": { "Business_Name": "四川坂店・川菜", "Neighborhood": "Flushing", "Address": "13693 37th Ave, Flushing, NY 11354, United States", "Geocode_Status": "Success" }, "geometry": { "type": "Point", "coordinates": [ -73.8278219, 40.7625091 ] } },
{ "type": "Feature", "properties": { "Business_Name": "张亮家的麻辣香锅", "Neighborhood": "Flushing", "Address": "35-48 Union St, Flushing, NY 11354, United States", "Geocode_Status": "Success" }, "geometry": { "type": "Point", "coordinates": [ -73.8282132, 40.7642186 ] } },
{ "type": "Feature", "properties": { "Business_Name": "(鸡尾酒买一送一）锦厨中式", "Neighborhood": "Flushing", "Address": "41-29 Main St, Flushing, NY 11355, United States", "Geocode_Status": "Success" }, "geometry": { "type": "Point", "coordinates": [ -73.8288769, 40.7574725 ] } },
{ "type": "Feature", "properties": { "Business_Name": "老妈麻辣烫•新世界", "Neighborhood": "Flushing", "Address": "136-20 Roosevelt Ave, Flushing, NY 11354, United States", "Geocode_Status": "Success" }, "geometry": { "type": "Point", "coordinates": [ -73.8290528, 40.7593211 ] } },
{ "type": "Feature", "properties": { "Business_Name": "大喜川菜", "Neighborhood": "Flushing", "Address": "136-20 Roosevelt Ave #2R, Flushing, NY 11354, United States", "Geocode_Status": "Success" }, "geometry": { "type": "Point", "coordinates": [ -73.8290528, 40.7593211 ] } },
{ "type": "Feature", "properties": { "Business_Name": "周记烧烤", "Neighborhood": "Flushing", "Address": "3907 Prince St, Flushing, NY 11354, United States", "Geocode_Status": "Success" }, "geometry": { "type": "Point", "coordinates": [ -73.8322555, 40.7597318 ] } },
{ "type": "Feature", "properties": { "Business_Name": "一把手烧烤（法拉盛)", "Neighborhood": "Flushing", "Address": "36-22 Union St, Flushing, NY 11354, United States", "Geocode_Status": "Success" }, "geometry": { "type": "Point", "coordinates": [ -73.8280429, 40.7630759 ] } },
{ "type": "Feature", "properties": { "Business_Name": "Umi Tea 夜宵版", "Neighborhood": "Flushing", "Address": "3542 Union St, Flushing, NY 11354, United States", "Geocode_Status": "Success" }, "geometry": { "type": "Point", "coordinates": [ -73.828251, 40.764337 ] } },
{ "type": "Feature", "properties": { "Business_Name": "牧香串店 •烧烤烤串", "Neighborhood": "Flushing", "Address": "136-88 Roosevelt Ave, Flushing, NY 11354, United States", "Geocode_Status": "Success" }, "geometry": { "type": "Point", "coordinates": [ -73.8269517, 40.760168 ] } },
{ "type": "Feature", "properties": { "Business_Name": "友情客串•烧烤.鲜活小龙虾", "Neighborhood": "Flushing", "Address": "136-76 39th Ave, Flushing, NY 11354, United States", "Geocode_Status": "Success" }, "geometry": { "type": "Point", "coordinates": [ -73.8276825, 40.7607901 ] } },
{ "type": "Feature", "properties": { "Business_Name": "老高烧烤纽约店Gao's BBQ & Crab New York", "Neighborhood": "Flushing", "Address": "136-72 Roosevelt Ave, Flushing, NY 11354, United States", "Geocode_Status": "Success" }, "geometry": { "type": "Point", "coordinates": [ -73.8274707, 40.760001 ] } },
{ "type": "Feature", "properties": { "Business_Name": "小魏麻辣鸭脖", "Neighborhood": "Flushing", "Address": "136-55 Roosevelt Ave, Flushing, NY 11354, United States", "Geocode_Status": "Success" }, "geometry": { "type": "Point", "coordinates": [ -73.8281813, 40.760181 ] } },
{ "type": "Feature", "properties": { "Business_Name": "在野 •烧烤小串", "Neighborhood": "Flushing", "Address": "142-26 Roosevelt Ave, Flushing, NY 11354, United States", "Geocode_Status": "Success" }, "geometry": { "type": "Point", "coordinates": [ -73.825327, 40.7605455 ] } },
{ "type": "Feature", "properties": { "Business_Name": "胖哥烧烤•炸串", "Neighborhood": "Flushing", "Address": "142-41 Roosevelt Ave, Flushing, NY 11354, United States", "Geocode_Status": "Success" }, "geometry": { "type": "Point", "coordinates": [ -73.8248896, 40.7610236 ] } },
{ "type": "Feature", "properties": { "Business_Name": "天津胃YuanStar•卷圈", "Neighborhood": "Flushing", "Address": "41-10 Main St, Flushing, NY 11355, United States", "Geocode_Status": "Success" }, "geometry": { "type": "Point", "coordinates": [ -73.8296542, 40.7578699 ] } },
{ "type": "Feature", "properties": { "Business_Name": "可可小卤（法拉盛）", "Neighborhood": "Flushing", "Address": "37-20 Prince St, Flushing, NY 11354, United States", "Geocode_Status": "Success" }, "geometry": { "type": "Point", "coordinates": [ -73.8330397, 40.7602126 ] } },
{ "type": "Feature", "properties": { "Business_Name": "月花坊", "Neighborhood": "Flushing", "Address": "40-26 Union St, Flushing, NY 11354, United States", "Geocode_Status": "Success" }, "geometry": { "type": "Point", "coordinates": [ -73.8262619, 40.7596521 ] } },
{ "type": "Feature", "properties": { "Business_Name": "CRISPY BURGER脆脆鸡", "Neighborhood": "Flushing", "Address": "3617 Main St CU8, Flushing, NY 11354, United States", "Geocode_Status": "Success" }, "geometry": { "type": "Point", "coordinates": [ -73.8315736, 40.7626417 ] } },
{ "type": "Feature", "properties": { "Business_Name": "牛B串・焼烤串串", "Neighborhood": "Flushing", "Address": "136-21 41st Ave, Flushing, NY 11355, United States", "Geocode_Status": "Success" }, "geometry": { "type": "Point", "coordinates": [ -73.8287175, 40.7588578 ] } },
{ "type": "Feature", "properties": { "Business_Name": "CooCooCaChoo | Tangram", "Neighborhood": "Flushing", "Address": "133-33 39th Ave, Flushing, NY 11354, United States", "Geocode_Status": "Success" }, "geometry": { "type": "Point", "coordinates": [ -73.8335486, 40.7596804 ] } },
{ "type": "Feature", "properties": { "Business_Name": "Popeyes 佰百鸡", "Neighborhood": "Flushing", "Address": "4006 Main St, Flushing, NY 11354, United States", "Geocode_Status": "Success" }, "geometry": { "type": "Point", "coordinates": [ -73.8302214, 40.7593309 ] } },
{ "type": "Feature", "properties": { "Business_Name": "从前的小酒馆 Little Skewer", "Neighborhood": "Flushing", "Address": "103&105, 36-36 Prince St, Flushing, NY 11354, United States", "Geocode_Status": "Success" }, "geometry": { "type": "Point", "coordinates": [ -73.8331191, 40.7610248 ] } },
{ "type": "Feature", "properties": { "Business_Name": "免费鸡翅！摇滚鸡 Chick Rocks", "Neighborhood": "Flushing", "Address": "136-20 Roosevelt Ave #25, Flushing, NY 11354, United States", "Geocode_Status": "Success" }, "geometry": { "type": "Point", "coordinates": [ -73.8291343, 40.7593046 ] } },
{ "type": "Feature", "properties": { "Business_Name": "铁板鱿鱼 •炸串(新世界）", "Neighborhood": "Flushing", "Address": "136-20 Roosevelt Ave #008, Flushing, NY 11354, United States", "Geocode_Status": "Success" }, "geometry": { "type": "Point", "coordinates": [ -73.8291343, 40.7593046 ] } },
{ "type": "Feature", "properties": { "Business_Name": "欧尚OuSun Teriyaki铁板烧", "Neighborhood": "Flushing", "Address": "136-20 Roosevelt Ave STE 31, Queens, NY 11354, United States", "Geocode_Status": "Success" }, "geometry": { "type": "Point", "coordinates": [ -73.8291343, 40.7593046 ] } },
{ "type": "Feature", "properties": { "Business_Name": "hwarak lab 火乐炙烤实验室", "Neighborhood": "Flushing", "Address": "136-95 Roosevelt Ave, Flushing, NY 11354, United States", "Geocode_Status": "Success" }, "geometry": { "type": "Point", "coordinates": [ -73.826797, 40.7605248 ] } },
{ "type": "Feature", "properties": { "Business_Name": "九号炸鸡", "Neighborhood": "Flushing", "Address": "13617 39th Ave, Flushing, NY 11354, United States", "Geocode_Status": "Success" }, "geometry": { "type": "Point", "coordinates": [ -73.8294676, 40.7609026 ] } },
{ "type": "Feature", "properties": { "Business_Name": "阳地村烧烤", "Neighborhood": "Flushing", "Address": "35-14 Farrington St, Flushing, NY 11354, United States", "Geocode_Status": "Success" }, "geometry": { "type": "Point", "coordinates": [ -73.8317342, 40.7639759 ] } },
{ "type": "Feature", "properties": { "Business_Name": "纽约黑鸭王 ALL ABOUT DUCK", "Neighborhood": "Flushing", "Address": "136-55 Roosevelt Ave, Flushing, NY 11354, United States", "Geocode_Status": "Success" }, "geometry": { "type": "Point", "coordinates": [ -73.8281813, 40.760181 ] } },
{ "type": "Feature", "properties": { "Business_Name": "台北夯 5折便当Taipei Hong", "Neighborhood": "Flushing", "Address": "136-55 Roosevelt Ave, Flushing, NY 11354, United States", "Geocode_Status": "Success" }, "geometry": { "type": "Point", "coordinates": [ -73.8282233, 40.7602681 ] } },
{ "type": "Feature", "properties": { "Business_Name": "闽都盛宴", "Neighborhood": "Flushing", "Address": "3607 Prince St, Flushing, NY 11354, United States", "Geocode_Status": "Success" }, "geometry": { "type": "Point", "coordinates": [ -73.832863, 40.762165 ] } },
{ "type": "Feature", "properties": { "Business_Name": "东粵海鲜酒家", "Neighborhood": "Flushing", "Address": "136-14 38th Ave, Flushing, NY 11354, United States", "Geocode_Status": "Success" }, "geometry": { "type": "Point", "coordinates": [ -73.8301546, 40.7609211 ] } },
{ "type": "Feature", "properties": { "Business_Name": "阿中台湾小吃.新世界美食城", "Neighborhood": "Flushing", "Address": "136-20 Roosevelt Ave #006, Flushing, NY 11354, United States", "Geocode_Status": "Success" }, "geometry": { "type": "Point", "coordinates": [ -73.8291343, 40.7593046 ] } },
{ "type": "Feature", "properties": { "Business_Name": "维吞尔美食", "Neighborhood": "Flushing", "Address": "39-16 Prince St #104, Flushing, NY 11354, United States", "Geocode_Status": "Success" }, "geometry": { "type": "Point", "coordinates": [ -73.8324111, 40.7595745 ] } },
{ "type": "Feature", "properties": { "Business_Name": "老克勒X大喜川菜", "Neighborhood": "Flushing", "Address": "136-20 Roosevelt Ave #2R, Flushing, NY 11354, United States", "Geocode_Status": "Success" }, "geometry": { "type": "Point", "coordinates": [ -73.8290528, 40.7593211 ] } },
{ "type": "Feature", "properties": { "Business_Name": "富源肠粉", "Neighborhood": "Flushing", "Address": "135-43 Roosevelt Ave, Flushing, NY 11354, United States", "Geocode_Status": "Success" }, "geometry": { "type": "Point", "coordinates": [ -73.8306215, 40.7595514 ] } },
{ "type": "Feature", "properties": { "Business_Name": "千禧宴会•夜宵独家套餐", "Neighborhood": "Flushing", "Address": "135-29 37th Ave, Queens, NY 11354, United States", "Geocode_Status": "Success" }, "geometry": { "type": "Point", "coordinates": [ -73.832056, 40.7613175 ] } },
{ "type": "Feature", "properties": { "Business_Name": "千禧宴会 •早茶点心 •海鲜炖汤", "Neighborhood": "Flushing", "Address": "135-29 37th Ave, Flushing, NY 11354, United States", "Geocode_Status": "Success" }, "geometry": { "type": "Point", "coordinates": [ -73.8320583, 40.7613212 ] } },
{ "type": "Feature", "properties": { "Business_Name": "稻香肠粉 •运费优惠", "Neighborhood": "Flushing", "Address": "136 - 55 Roosevelt Ave, Flushing, NY 11354, United States", "Geocode_Status": "Success" }, "geometry": { "type": "Point", "coordinates": [ -73.8281716, 40.7602851 ] } },
{ "type": "Feature", "properties": { "Business_Name": "御香园・老牌粤菜", "Neighborhood": "Flushing", "Address": "142-38 Roosevelt Ave, Flushing, NY 11354, United States", "Geocode_Status": "Success" }, "geometry": { "type": "Point", "coordinates": [ -73.825157, 40.7606101 ] } },
{ "type": "Feature", "properties": { "Business_Name": "鸿旺闽菜•福州三菜一汤", "Neighborhood": "Flushing", "Address": "36-35 Main St, Flushing, NY 11354, United States", "Geocode_Status": "Success" }, "geometry": { "type": "Point", "coordinates": [ -73.8314214, 40.7623869 ] } },
{ "type": "Feature", "properties": { "Business_Name": "老兰冰室•老蘭茶餐厅", "Neighborhood": "Flushing", "Address": "135-15 37th Ave, Flushing, NY 11354, United States", "Geocode_Status": "Success" }, "geometry": { "type": "Point", "coordinates": [ -73.832508, 40.7611528 ] } },
{ "type": "Feature", "properties": { "Business_Name": "奈哥酸菜鱼", "Neighborhood": "Flushing", "Address": "135-03A Roosevelt Ave, Flushing, NY 11354, United States", "Geocode_Status": "Success" }, "geometry": { "type": "Point", "coordinates": [ -73.8317323, 40.7591916 ] } },
{ "type": "Feature", "properties": { "Business_Name": "君豪大酒楼•早茶点心", "Neighborhood": "Flushing", "Address": "136-20 Roosevelt Ave 3rd floor, Queens, NY 11354, United States", "Geocode_Status": "Success" }, "geometry": { "type": "Point", "coordinates": [ -73.8291601, 40.7594017 ] } },
{ "type": "Feature", "properties": { "Business_Name": "锅包肉•法拉盛", "Neighborhood": "Flushing", "Address": "36-26 Union St, Flushing, NY 11354, United States", "Geocode_Status": "Success" }, "geometry": { "type": "Point", "coordinates": [ -73.8280685, 40.7629985 ] } },
{ "type": "Feature", "properties": { "Business_Name": "宵野烧烤*Flushing", "Neighborhood": "Flushing", "Address": "137-38 Northern Blvd, Flushing, NY 11354, United States", "Geocode_Status": "Success" }, "geometry": { "type": "Point", "coordinates": [ -73.8297077, 40.7631125 ] } },
{ "type": "Feature", "properties": { "Business_Name": "陈记二猴烧鸡（清真）", "Neighborhood": "Flushing", "Address": "35-38 Union St, Flushing, NY 11354, United States", "Geocode_Status": "Success" }, "geometry": { "type": "Point", "coordinates": [ -73.8281866, 40.7644351 ] } },
{ "type": "Feature", "properties": { "Business_Name": "玲珑轩丨东北菜", "Neighborhood": "Flushing", "Address": "141-41 Northern Blvd, Flushing, NY 11354, United States", "Geocode_Status": "Success" }, "geometry": { "type": "Point", "coordinates": [ -73.8242904, 40.7647152 ] } },
{ "type": "Feature", "properties": { "Business_Name": "外婆人家|南北风味", "Neighborhood": "Flushing", "Address": "39-16 Prince St #104, Flushing, NY 11354, United States", "Geocode_Status": "Success" }, "geometry": { "type": "Point", "coordinates": [ -73.8324111, 40.7595745 ] } },
{ "type": "Feature", "properties": { "Business_Name": "yuanStar 胃嘴子", "Neighborhood": "Flushing", "Address": "136-55 37th Ave, Flushing, NY 11354, United States", "Geocode_Status": "Success" }, "geometry": { "type": "Point", "coordinates": [ -73.8291701, 40.7621214 ] } },
{ "type": "Feature", "properties": { "Business_Name": "河南烩面", "Neighborhood": "Flushing", "Address": "136-31 41st Ave, Flushing, NY 11355, United States", "Geocode_Status": "Success" }, "geometry": { "type": "Point", "coordinates": [ -73.8284962, 40.759021 ] } },
{ "type": "Feature", "properties": { "Business_Name": "南通食府|泉水鱼庄", "Neighborhood": "Flushing", "Address": "136-21 41st Ave, Flushing, NY 11355, United States", "Geocode_Status": "Success" }, "geometry": { "type": "Point", "coordinates": [ -73.8287471, 40.758858 ] } },
{ "type": "Feature", "properties": { "Business_Name": "西安小吃（新世界）", "Neighborhood": "Flushing", "Address": "41-10 Main St, Flushing, NY 11355, United States", "Geocode_Status": "Success" }, "geometry": { "type": "Point", "coordinates": [ -73.8296542, 40.7578699 ] } },
{ "type": "Feature", "properties": { "Business_Name": "老洛阳(帝王商场）", "Neighborhood": "Flushing", "Address": "135-42 39th Ave, Queens, NY 11354, United States", "Geocode_Status": "Success" }, "geometry": { "type": "Point", "coordinates": [ -73.8309534, 40.7600487 ] } },
{ "type": "Feature", "properties": { "Business_Name": "主烤官", "Neighborhood": "Flushing", "Address": "137-38 Northern Blvd, Queens, NY 11354, United States", "Geocode_Status": "Success" }, "geometry": { "type": "Point", "coordinates": [ -73.8297077, 40.7631125 ] } },
{ "type": "Feature", "properties": { "Business_Name": "金达莱 法拉盛二十年老店", "Neighborhood": "Flushing", "Address": "35-30 Union St, Flushing, NY 11354, United States", "Geocode_Status": "Success" }, "geometry": { "type": "Point", "coordinates": [ -73.8281858, 40.7646225 ] } },
{ "type": "Feature", "properties": { "Business_Name": "雪园小吃铺•骨汤煮的馄饨", "Neighborhood": "Flushing", "Address": "4002 Bowne St, Flushing, NY 11354, United States", "Geocode_Status": "Success" }, "geometry": { "type": "Point", "coordinates": [ -73.8245151, 40.7607341 ] } },
{ "type": "Feature", "properties": { "Business_Name": "瓷禧Teazzi", "Neighborhood": "Elmhurst", "Address": "82-78 Broadway, Elmhurst, NY 11373, United States", "Geocode_Status": "Success" }, "geometry": { "type": "Point", "coordinates": [ -73.8813926, 40.7412685 ] } },
{ "type": "Feature", "properties": { "Business_Name": "咕噜甜品KULU", "Neighborhood": "Elmhurst", "Address": "86-55 Broadway, Elmhurst, NY 11373, United States", "Geocode_Status": "Success" }, "geometry": { "type": "Point", "coordinates": [ -73.8772269, 40.7371506 ] } },
{ "type": "Feature", "properties": { "Business_Name": "Fungalaxy", "Neighborhood": "Elmhurst", "Address": "84-56 Grand Ave, Flushing, NY 11373, United States", "Geocode_Status": "Success" }, "geometry": { "type": "Point", "coordinates": [ -73.8822301, 40.734643 ] } },
{ "type": "Feature", "properties": { "Business_Name": "福利面包New Fully Bakery", "Neighborhood": "Elmhurst", "Address": "8224 45th Ave, Flushing, NY 11373, United States", "Geocode_Status": "Success" }, "geometry": { "type": "Point", "coordinates": [ -73.882048, 40.7416317 ] } },
{ "type": "Feature", "properties": { "Business_Name": "CoCo都可 (Elmhurst) 奶茶", "Neighborhood": "Elmhurst", "Address": "37-01 82nd St, Jackson Heights, NY 11372, United States", "Geocode_Status": "Success" }, "geometry": { "type": "Point", "coordinates": [ -73.8841423, 40.7495945 ] } },
{ "type": "Feature", "properties": { "Business_Name": "YaYa Tea", "Neighborhood": "Elmhurst", "Address": "8612 Whitney Ave, Elmhurst, NY 11373, United States", "Geocode_Status": "Success" }, "geometry": { "type": "Point", "coordinates": [ -73.8785852, 40.7418237 ] } },
{ "type": "Feature", "properties": { "Business_Name": "Shimiaodao Noodle", "Neighborhood": "Flushing", "Address": "135-25 40th Rd, Flushing, NY 11354, United States", "Geocode_Status": "Success" }, "geometry": { "type": "Point", "coordinates": [ -73.8307666, 40.7588445 ] } },
{ "type": "Feature", "properties": { "Business_Name": "快乐牛肉面", "Neighborhood": "Elmhurst", "Address": "83-47 Dongan Ave, Elmhurst, NY 11373, United States", "Geocode_Status": "Success" }, "geometry": { "type": "Point", "coordinates": [ -73.8796519, 40.7404886 ] } },
{ "type": "Feature", "properties": { "Business_Name": "陈豆花手工豆花店", "Neighborhood": "Elmhurst", "Address": "8320 Broadway, Queens, NY 11373, United States", "Geocode_Status": "Success" }, "geometry": { "type": "Point", "coordinates": [ -73.8795589, 40.7405454 ] } },
{ "type": "Feature", "properties": { "Business_Name": "祥兴小笼包•特色小笼包", "Neighborhood": "Elmhurst", "Address": "48-36 90th St, Elmhurst, NY 11373, United States", "Geocode_Status": "Success" }, "geometry": { "type": "Point", "coordinates": [ -73.8746336, 40.7401977 ] } },
{ "type": "Feature", "properties": { "Business_Name": "哥俩好烧烤", "Neighborhood": "Elmhurst", "Address": "85-23, 85-1 Whitney Ave, Elmhurst, NY 11373, United States", "Geocode_Status": "Success" }, "geometry": { "type": "Point", "coordinates": [ -73.8800297, 40.7413004 ] } },
{ "type": "Feature", "properties": { "Business_Name": "Mr.Q BBQ Queens", "Neighborhood": "Elmhurst", "Address": "9058 Corona Ave., Elmhurst, NY 11373, United States", "Geocode_Status": "Success" }, "geometry": { "type": "Point", "coordinates": [ -73.873515, 40.742274 ] } },
{ "type": "Feature", "properties": { "Business_Name": "明珠烧烤", "Neighborhood": "Elmhurst", "Address": "86-02 Broadway, Elmhurst, NY 11373, United States", "Geocode_Status": "Success" }, "geometry": { "type": "Point", "coordinates": [ -73.8774968, 40.7384189 ] } },
{ "type": "Feature", "properties": { "Business_Name": "正宗沙县小吃 (Elmhurst)", "Neighborhood": "Elmhurst", "Address": "83-29 Broadway, Elmhurst, NY 11373, United States", "Geocode_Status": "Success" }, "geometry": { "type": "Point", "coordinates": [ -73.879028, 40.7407854 ] } },
{ "type": "Feature", "properties": { "Business_Name": "上海真功夫・Elmhurst", "Neighborhood": "Elmhurst", "Address": "86-16 Queens Blvd, Elmhurst, NY 11373, United States", "Geocode_Status": "Success" }, "geometry": { "type": "Point", "coordinates": [ -73.8772629, 40.7361383 ] } },
{ "type": "Feature", "properties": { "Business_Name": "华榕正宗福州小馆 •Elmhurst", "Neighborhood": "Elmhurst", "Address": "8323 Broadway #1, Flushing, NY 11373, United States", "Geocode_Status": "Success" }, "geometry": { "type": "Point", "coordinates": [ -73.879192, 40.740866 ] } },
{ "type": "Feature", "properties": { "Business_Name": "乡缘家乡菜•Elmhurst", "Neighborhood": "Elmhurst", "Address": "82-87, 82-87 Broadway, Elmhurst, NY 11373, United States", "Geocode_Status": "Success" }, "geometry": { "type": "Point", "coordinates": [ -73.8802519, 40.7414539 ] } },
{ "type": "Feature", "properties": { "Business_Name": "三味 San Wei Queens", "Neighborhood": "Elmhurst", "Address": "Food Court, 90-15 Queens Blvd FC-09, Elmhurst, NY 11373, United States", "Geocode_Status": "Success" }, "geometry": { "type": "Point", "coordinates": [ -73.8708844, 40.7342321 ] } },
{ "type": "Feature", "properties": { "Business_Name": "Nangma Restaurant & Bar", "Neighborhood": "Elmhurst", "Address": "83-17 Broadway, Elmhurst, NY 11373, United States", "Geocode_Status": "Success" }, "geometry": { "type": "Point", "coordinates": [ -73.8793295, 40.7409359 ] } },
{ "type": "Feature", "properties": { "Business_Name": "TigerOne", "Neighborhood": "Elmhurst", "Address": "84-60 Grand Ave, Elmhurst, NY 11373, United States", "Geocode_Status": "Success" }, "geometry": { "type": "Point", "coordinates": [ -73.8820709, 40.7346535 ] } },
{ "type": "Feature", "properties": { "Business_Name": "HEYTEA喜茶 (Brooklyn 8th Ave)", "Neighborhood": "Sunset Park", "Address": "4505 8th Ave, Brooklyn, NY 11220, United States", "Geocode_Status": "Success" }, "geometry": { "type": "Point", "coordinates": [ -74.000759, 40.6435854 ] } },
{ "type": "Feature", "properties": { "Business_Name": "Yummy Boba•7大道", "Neighborhood": "Sunset Park", "Address": "7802 New Utrecht Ave, Brooklyn, NY 11214, United States", "Geocode_Status": "Success" }, "geometry": { "type": "Point", "coordinates": [ -74.0008633, 40.6133361 ] } },
{ "type": "Feature", "properties": { "Business_Name": "有米酸奶 •8大道•2.99酸奶", "Neighborhood": "Sunset Park", "Address": "5215 8th Ave, Brooklyn, NY 11220, United States", "Geocode_Status": "Success" }, "geometry": { "type": "Point", "coordinates": [ -74.005103, 40.6396055 ] } },
{ "type": "Feature", "properties": { "Business_Name": "Hong Cha 香茶", "Neighborhood": "Sunset Park", "Address": "884 5th Ave Store B, Brooklyn, NY 11232, United States", "Geocode_Status": "Success" }, "geometry": { "type": "Point", "coordinates": [ -74.0038759, 40.651524 ] } },
{ "type": "Feature", "properties": { "Business_Name": "JOOY TEA SHOPPE 53st", "Neighborhood": "Sunset Park", "Address": "5306 8th Ave, Brooklyn, NY 11220, United States", "Geocode_Status": "Success" }, "geometry": { "type": "Point", "coordinates": [ -74.0057788, 40.6393477 ] } },
{ "type": "Feature", "properties": { "Business_Name": "Mango Mango 7大道", "Neighborhood": "Sunset Park", "Address": "5302 7th Ave, Brooklyn, NY 11220, United States", "Geocode_Status": "Success" }, "geometry": { "type": "Point", "coordinates": [ -74.0079027, 40.6407309 ] } },
{ "type": "Feature", "properties": { "Business_Name": "VIV1 5大道•奶茶小吃", "Neighborhood": "Sunset Park", "Address": "5924 8th Ave, Brooklyn, NY 11220, United States", "Geocode_Status": "Success" }, "geometry": { "type": "Point", "coordinates": [ -74.0096488, 40.6357436 ] } },
{ "type": "Feature", "properties": { "Business_Name": "Sugar Miss奶茶甜品", "Neighborhood": "Sunset Park", "Address": "5309 7th Ave, Brooklyn, NY 11220, United States", "Geocode_Status": "Success" }, "geometry": { "type": "Point", "coordinates": [ -74.0078024, 40.6404388 ] } },
{ "type": "Feature", "properties": { "Business_Name": "茶霸 Tbaar 8大道", "Neighborhood": "Sunset Park", "Address": "4823 8th Ave, Brooklyn, NY 11220, United States", "Geocode_Status": "Success" }, "geometry": { "type": "Point", "coordinates": [ -74.0029281, 40.6416895 ] } },
{ "type": "Feature", "properties": { "Business_Name": "空谷幽兰茶饮餐厅", "Neighborhood": "Sunset Park", "Address": "4618 8th Ave, Brooklyn, NY 11220, United States", "Geocode_Status": "Success" }, "geometry": { "type": "Point", "coordinates": [ -74.0019761, 40.6430233 ] } },
{ "type": "Feature", "properties": { "Business_Name": "Onlyone • 茶言蜜语", "Neighborhood": "Sunset Park", "Address": "4705 8th Ave, Brooklyn, NY 11220, United States", "Geocode_Status": "Success" }, "geometry": { "type": "Point", "coordinates": [ -74.0019297, 40.6424752 ] } },
{ "type": "Feature", "properties": { "Business_Name": "麦香坊", "Neighborhood": "Sunset Park", "Address": "5414 7th Ave, Brooklyn, NY 11220, United States", "Geocode_Status": "Success" }, "geometry": { "type": "Point", "coordinates": [ -74.0086882, 40.6399867 ] } },
{ "type": "Feature", "properties": { "Business_Name": "J-Petal •可丽饼雪糕卷", "Neighborhood": "Sunset Park", "Address": "4801 5th Ave, Brooklyn, NY 11220, United States", "Geocode_Status": "Success" }, "geometry": { "type": "Point", "coordinates": [ -74.0091411, 40.6460705 ] } },
{ "type": "Feature", "properties": { "Business_Name": "台湾小站•超值便当", "Neighborhood": "Sunset Park", "Address": "5510 7th Ave, Brooklyn, NY 11220, United States", "Geocode_Status": "Success" }, "geometry": { "type": "Point", "coordinates": [ -74.0091797, 40.6395136 ] } },
{ "type": "Feature", "properties": { "Business_Name": "点茶轩 •广式点心", "Neighborhood": "Sunset Park", "Address": "5210 7th Ave, Brooklyn, NY 11220, United States", "Geocode_Status": "Success" }, "geometry": { "type": "Point", "coordinates": [ -74.0074404, 40.6411904 ] } },
{ "type": "Feature", "properties": { "Business_Name": "一桶天下•满20减13", "Neighborhood": "Sunset Park", "Address": "711 59th St, Brooklyn, NY 11220, United States", "Geocode_Status": "Success" }, "geometry": { "type": "Point", "coordinates": [ -74.0106751, 40.6373137 ] } },
{ "type": "Feature", "properties": { "Business_Name": "满20减10• 鱼你在一起•7折套餐", "Neighborhood": "Sunset Park", "Address": "5209 7th Ave, Brooklyn, NY 11220, United States", "Geocode_Status": "Success" }, "geometry": { "type": "Point", "coordinates": [ -74.0072152, 40.6409945 ] } },
{ "type": "Feature", "properties": { "Business_Name": "伍号食堂 •$2.99特价 • No.5 Restaurant", "Neighborhood": "Sunset Park", "Address": "968 58th St, Brooklyn, NY 11219, United States", "Geocode_Status": "Success" }, "geometry": { "type": "Point", "coordinates": [ -74.0045847, 40.6342286 ] } },
{ "type": "Feature", "properties": { "Business_Name": "Yunnan Rice Noodle House", "Neighborhood": "Sunset Park", "Address": "752A 61st St, Brooklyn, NY 11220, United States", "Geocode_Status": "Success" }, "geometry": { "type": "Point", "coordinates": [ -74.011219, 40.635291 ] } },
{ "type": "Feature", "properties": { "Business_Name": "游子老鸭粉丝汤 •8大道", "Neighborhood": "Sunset Park", "Address": "5805 8th Ave, Brooklyn, NY 11220, United States", "Geocode_Status": "Success" }, "geometry": { "type": "Point", "coordinates": [ -74.0084297, 40.6363969 ] } },
{ "type": "Feature", "properties": { "Business_Name": "巨有味 •砂锅士豆粉 •满20减11", "Neighborhood": "Sunset Park", "Address": "772 49th St, Brooklyn, NY 11220, United States", "Geocode_Status": "Success" }, "geometry": { "type": "Point", "coordinates": [ -74.003715, 40.6417853 ] } },
{ "type": "Feature", "properties": { "Business_Name": "一桶天下Soup On Soup", "Neighborhood": "Sunset Park", "Address": "711 59th St, Brooklyn, NY 11220, United States", "Geocode_Status": "Success" }, "geometry": { "type": "Point", "coordinates": [ -74.0106751, 40.6373137 ] } },
{ "type": "Feature", "properties": { "Business_Name": "老福州BK Lao Fu Zhou", "Neighborhood": "Sunset Park", "Address": "4922 8th Ave, Brooklyn, NY 11220, United States", "Geocode_Status": "Success" }, "geometry": { "type": "Point", "coordinates": [ -74.0037178, 40.6413135 ] } },
{ "type": "Feature", "properties": { "Business_Name": "秦记桂林米粉", "Neighborhood": "Sunset Park", "Address": "6003 7th Ave, Brooklyn, NY 11220, United States", "Geocode_Status": "Success" }, "geometry": { "type": "Point", "coordinates": [ -74.0118008, 40.6365993 ] } },
{ "type": "Feature", "properties": { "Business_Name": "红苹果餐馆 •四菜一汤", "Neighborhood": "Sunset Park", "Address": "4817 8th Ave, Brooklyn, NY 11220, United States", "Geocode_Status": "Success" }, "geometry": { "type": "Point", "coordinates": [ -74.0028016, 40.6418118 ] } },
{ "type": "Feature", "properties": { "Business_Name": "沙县小吃60st", "Neighborhood": "Sunset Park", "Address": "818 60th St, Brooklyn, NY 11220, United States", "Geocode_Status": "Success" }, "geometry": { "type": "Point", "coordinates": [ -74.0092044, 40.6351062 ] } },
{ "type": "Feature", "properties": { "Business_Name": "敦煌兰州牛肉面", "Neighborhood": "Sunset Park", "Address": "8421 20th Ave, Brooklyn, NY 11214, United States", "Geocode_Status": "Success" }, "geometry": { "type": "Point", "coordinates": [ -73.997406, 40.6052435 ] } },
{ "type": "Feature", "properties": { "Business_Name": "热辣 漆烫四菜一汤BK", "Neighborhood": "Sunset Park", "Address": "818 60th St, Brooklyn, NY 11220, United States", "Geocode_Status": "Success" }, "geometry": { "type": "Point", "coordinates": [ -74.0092893, 40.6350288 ] } },
{ "type": "Feature", "properties": { "Business_Name": "季北川•花胶汤米粉 •52街", "Neighborhood": "Sunset Park", "Address": "5216 8th Ave, Brooklyn, NY 11220, United States", "Geocode_Status": "Success" }, "geometry": { "type": "Point", "coordinates": [ -74.0054634, 40.639798 ] } },
{ "type": "Feature", "properties": { "Business_Name": "回味小吃店", "Neighborhood": "Sunset Park", "Address": "706 56th St, Brooklyn, NY 11220, United States", "Geocode_Status": "Success" }, "geometry": { "type": "Point", "coordinates": [ -74.0091819, 40.6388415 ] } },
{ "type": "Feature", "properties": { "Business_Name": "食来运转•特价四菜一汤", "Neighborhood": "Sunset Park", "Address": "818 60th St, Brooklyn, NY 11220, United States", "Geocode_Status": "Success" }, "geometry": { "type": "Point", "coordinates": [ -74.0092893, 40.6350288 ] } },
{ "type": "Feature", "properties": { "Business_Name": "兰州拉面水煮鱼", "Neighborhood": "Sunset Park", "Address": "5603 7th Ave #1F, Brooklyn, NY 11220, United States", "Geocode_Status": "Success" }, "geometry": { "type": "Point", "coordinates": [ -74.0094227, 40.6388831 ] } },
{ "type": "Feature", "properties": { "Business_Name": "海鲜鲜捞•豚骨浓汤", "Neighborhood": "Sunset Park", "Address": "828 64th St, Brooklyn, NY 11220, United States", "Geocode_Status": "Success" }, "geometry": { "type": "Point", "coordinates": [ -74.0112831, 40.6325948 ] } },
{ "type": "Feature", "properties": { "Business_Name": "连江黄岐大妹小吃", "Neighborhood": "Sunset Park", "Address": "5301 8th Ave, Brooklyn, NY 11220, United States", "Geocode_Status": "Success" }, "geometry": { "type": "Point", "coordinates": [ -74.0052838, 40.6391835 ] } },
{ "type": "Feature", "properties": { "Business_Name": "空谷幽兰•8大道", "Neighborhood": "Sunset Park", "Address": "4618 8th Ave, Brooklyn, NY 11220, United States", "Geocode_Status": "Success" }, "geometry": { "type": "Point", "coordinates": [ -74.0019761, 40.6430233 ] } },
{ "type": "Feature", "properties": { "Business_Name": "手抓饼•6.99蛋炒饭套餐", "Neighborhood": "Sunset Park", "Address": "715 61st St, Brooklyn, NY 11220, United States", "Geocode_Status": "Success" }, "geometry": { "type": "Point", "coordinates": [ -74.0117786, 40.6360145 ] } },
{ "type": "Feature", "properties": { "Business_Name": "幽兰便当 •意面蛋包饭", "Neighborhood": "Sunset Park", "Address": "4618 8th Ave, Brooklyn, NY 11220, United States", "Geocode_Status": "Success" }, "geometry": { "type": "Point", "coordinates": [ -74.0019761, 40.6430233 ] } },
{ "type": "Feature", "properties": { "Business_Name": "99捞化", "Neighborhood": "Sunset Park", "Address": "774 53rd St #A, Brooklyn, NY 11220, United States", "Geocode_Status": "Success" }, "geometry": { "type": "Point", "coordinates": [ -74.0060155, 40.6394962 ] } },
{ "type": "Feature", "properties": { "Business_Name": "一品老鸭粉丝汤", "Neighborhood": "Sunset Park", "Address": "5805 8th Ave, Brooklyn, NY 11220, United States", "Geocode_Status": "Success" }, "geometry": { "type": "Point", "coordinates": [ -74.0084297, 40.6363969 ] } },
{ "type": "Feature", "properties": { "Business_Name": "稻飘香", "Neighborhood": "Sunset Park", "Address": "772 57th St, Brooklyn, NY 11220, United States", "Geocode_Status": "Success" }, "geometry": { "type": "Point", "coordinates": [ -74.0083085, 40.6373472 ] } },
{ "type": "Feature", "properties": { "Business_Name": "乡之香味", "Neighborhood": "Sunset Park", "Address": "53-22 7th Ave, Brooklyn, NY 11220, United States", "Geocode_Status": "Success" }, "geometry": { "type": "Point", "coordinates": [ -74.0082398, 40.6404146 ] } },
{ "type": "Feature", "properties": { "Business_Name": "一级棒烧烤•唐老鸭绝味凉拌", "Neighborhood": "Sunset Park", "Address": "6025 8th Ave, Brooklyn, NY 11220, United States", "Geocode_Status": "Success" }, "geometry": { "type": "Point", "coordinates": [ -74.0099352, 40.6348535 ] } },
{ "type": "Feature", "properties": { "Business_Name": "港式点心", "Neighborhood": "Sunset Park", "Address": "5210 7th Ave, Brooklyn, NY 11220, United States", "Geocode_Status": "Success" }, "geometry": { "type": "Point", "coordinates": [ -74.0074404, 40.6411904 ] } },
{ "type": "Feature", "properties": { "Business_Name": "大丰收食堂", "Neighborhood": "Sunset Park", "Address": "150 52nd St, Brooklyn, NY 11232, United States", "Geocode_Status": "Success" }, "geometry": { "type": "Point", "coordinates": [ -74.019014, 40.6484225 ] } },
{ "type": "Feature", "properties": { "Business_Name": "云楠米线 •骨汤米线", "Neighborhood": "Sunset Park", "Address": "752A 61st St, Brooklyn, NY 11220, United States", "Geocode_Status": "Success" }, "geometry": { "type": "Point", "coordinates": [ -74.011219, 40.635291 ] } },
{ "type": "Feature", "properties": { "Business_Name": "开封府锅贴•水饺锅贴", "Neighborhood": "Sunset Park", "Address": "4801 8th Ave, Brooklyn, NY 11220, United States", "Geocode_Status": "Success" }, "geometry": { "type": "Point", "coordinates": [ -74.002347, 40.6419856 ] } },
{ "type": "Feature", "properties": { "Business_Name": "九号煎包", "Neighborhood": "Sunset Park", "Address": "4801 8th Ave, Brooklyn, NY 11220, United States", "Geocode_Status": "Success" }, "geometry": { "type": "Point", "coordinates": [ -74.002347, 40.6419856 ] } },
{ "type": "Feature", "properties": { "Business_Name": "武仔鱼丸7大道", "Neighborhood": "Sunset Park", "Address": "801 59th St, Brooklyn, NY 11220, United States", "Geocode_Status": "Success" }, "geometry": { "type": "Point", "coordinates": [ -74.0087591, 40.6360977 ] } },
{ "type": "Feature", "properties": { "Business_Name": "Western Yunnan Crossing Bridge Noodle", "Neighborhood": "Sunset Park", "Address": "705 59th St, Brooklyn, NY 11220, United States", "Geocode_Status": "Success" }, "geometry": { "type": "Point", "coordinates": [ -74.0108827, 40.6373634 ] } },
{ "type": "Feature", "properties": { "Business_Name": "胡家小馆", "Neighborhood": "Sunset Park", "Address": "5805 8th Ave, Brooklyn, NY 11220, United States", "Geocode_Status": "Success" }, "geometry": { "type": "Point", "coordinates": [ -74.0084297, 40.6363969 ] } },
{ "type": "Feature", "properties": { "Business_Name": "包仔包子铺•满送扁肉", "Neighborhood": "Sunset Park", "Address": "5405 8th Ave, Brooklyn, NY 11220, United States", "Geocode_Status": "Success" }, "geometry": { "type": "Point", "coordinates": [ -74.0060155, 40.6385874 ] } },
{ "type": "Feature", "properties": { "Business_Name": "东方快车•满满家乡味 •早餐供应", "Neighborhood": "Sunset Park", "Address": "714 65th St, Brooklyn, NY 11220, United States", "Geocode_Status": "Success" }, "geometry": { "type": "Point", "coordinates": [ -74.0143292, 40.6335361 ] } },
{ "type": "Feature", "properties": { "Business_Name": "奈方小吃・早餐", "Neighborhood": "Sunset Park", "Address": "5121 8th Ave, Brooklyn, NY 11220, United States", "Geocode_Status": "Success" }, "geometry": { "type": "Point", "coordinates": [ -74.004618, 40.6400615 ] } },
{ "type": "Feature", "properties": { "Business_Name": "蒸味坊", "Neighborhood": "Sunset Park", "Address": "5121 8th Ave, Brooklyn, NY 11220, United States", "Geocode_Status": "Success" }, "geometry": { "type": "Point", "coordinates": [ -74.004618, 40.6400615 ] } },
{ "type": "Feature", "properties": { "Business_Name": "45街大排档", "Neighborhood": "Sunset Park", "Address": "4903 7th Ave, Brooklyn, NY 11220, United States", "Geocode_Status": "Success" }, "geometry": { "type": "Point", "coordinates": [ -74.0053543, 40.6427921 ] } },
{ "type": "Feature", "properties": { "Business_Name": "CHOO FOR GOOD", "Neighborhood": "Sunset Park", "Address": "5823 7th Ave, Brooklyn, NY 11220, United States", "Geocode_Status": "Success" }, "geometry": { "type": "Point", "coordinates": [ -74.0108591, 40.6374888 ] } },
{ "type": "Feature", "properties": { "Business_Name": "一品鮮・福州小吃", "Neighborhood": "Sunset Park", "Address": "5701 8th Ave, Brooklyn, NY 11220, United States", "Geocode_Status": "Success" }, "geometry": { "type": "Point", "coordinates": [ -74.0076711, 40.6369693 ] } },
{ "type": "Feature", "properties": { "Business_Name": "正宗福県肉片・7大道", "Neighborhood": "Sunset Park", "Address": "4116 5th Ave, Brooklyn, NY 11232, United States", "Geocode_Status": "Success" }, "geometry": { "type": "Point", "coordinates": [ -74.0056097, 40.6498483 ] } },
{ "type": "Feature", "properties": { "Business_Name": "热辣四菜一汤 •美味四菜一汤", "Neighborhood": "Sunset Park", "Address": "5805 8th Ave, Brooklyn, NY 11220, United States", "Geocode_Status": "Success" }, "geometry": { "type": "Point", "coordinates": [ -74.0084297, 40.6363969 ] } },
{ "type": "Feature", "properties": { "Business_Name": "老酒馆 • 炒菜叠饭", "Neighborhood": "Sunset Park", "Address": "5805 8th Ave, Brooklyn, NY 11220, United States", "Geocode_Status": "Success" }, "geometry": { "type": "Point", "coordinates": [ -74.0084297, 40.6363969 ] } },
{ "type": "Feature", "properties": { "Business_Name": "高老庄全牛馆•满送糟肉光饼", "Neighborhood": "Sunset Park", "Address": "5102 7th Ave, Brooklyn, NY 11220, United States", "Geocode_Status": "Success" }, "geometry": { "type": "Point", "coordinates": [ -74.0067047, 40.641881 ] } },
{ "type": "Feature", "properties": { "Business_Name": "99沙县小吃", "Neighborhood": "Sunset Park", "Address": "774 53rd St #A, Brooklyn, NY 11220, United States", "Geocode_Status": "Success" }, "geometry": { "type": "Point", "coordinates": [ -74.0060155, 40.6394962 ] } },
{ "type": "Feature", "properties": { "Business_Name": "囍發 •传统烧腊", "Neighborhood": "Sunset Park", "Address": "6005 Fort Hamilton Pkwy, Brooklyn, NY 11219, United States", "Geocode_Status": "Success" }, "geometry": { "type": "Point", "coordinates": [ -74.0055778, 40.6328028 ] } },
{ "type": "Feature", "properties": { "Business_Name": "渔港•海鲜酒家", "Neighborhood": "Sunset Park", "Address": "773 60th St, Brooklyn, NY 11220, United States", "Geocode_Status": "Success" }, "geometry": { "type": "Point", "coordinates": [ -74.0098142, 40.6358434 ] } },
{ "type": "Feature", "properties": { "Business_Name": "金源饭店", "Neighborhood": "Sunset Park", "Address": "5118 7th Ave, Brooklyn, NY 11220, United States", "Geocode_Status": "Success" }, "geometry": { "type": "Point", "coordinates": [ -74.0071195, 40.6415939 ] } },
{ "type": "Feature", "properties": { "Business_Name": "吉祥畜•素食料理", "Neighborhood": "Sunset Park", "Address": "5101 8th Ave, Brooklyn, NY 11220, United States", "Geocode_Status": "Success" }, "geometry": { "type": "Point", "coordinates": [ -74.0041982, 40.6403713 ] } },
{ "type": "Feature", "properties": { "Business_Name": "正宗沙县小吃53st", "Neighborhood": "Sunset Park", "Address": "811 49th St, Brooklyn, NY 11220, United States", "Geocode_Status": "Success" }, "geometry": { "type": "Point", "coordinates": [ -74.0027337, 40.6415655 ] } },
{ "type": "Feature", "properties": { "Business_Name": "金煌煲煲好7大道 •粵菜烧腊", "Neighborhood": "Sunset Park", "Address": "5223 8th Ave, Brooklyn, NY 11220, United States", "Geocode_Status": "Success" }, "geometry": { "type": "Point", "coordinates": [ -74.0052655, 40.6394525 ] } },
{ "type": "Feature", "properties": { "Business_Name": "锦凤源私房菜•传统闽菜", "Neighborhood": "Sunset Park", "Address": "5318 8th Ave, Brooklyn, NY 11220, United States", "Geocode_Status": "Success" }, "geometry": { "type": "Point", "coordinates": [ -74.0059973, 40.63914 ] } },
{ "type": "Feature", "properties": { "Business_Name": "美食美客 •三菜一汤", "Neighborhood": "Sunset Park", "Address": "779 47th St, Brooklyn, NY 11220, United States", "Geocode_Status": "Success" }, "geometry": { "type": "Point", "coordinates": [ -74.0020952, 40.6430128 ] } },
{ "type": "Feature", "properties": { "Business_Name": "港味轩•7大道", "Neighborhood": "Sunset Park", "Address": "6001 7th Ave, Brooklyn, NY 11220, United States", "Geocode_Status": "Success" }, "geometry": { "type": "Point", "coordinates": [ -74.0116466, 40.636592 ] } },
{ "type": "Feature", "properties": { "Business_Name": "朱记沙县小吃", "Neighborhood": "Sunset Park", "Address": "6024 7th Ave, Brooklyn, NY 11220, United States", "Geocode_Status": "Success" }, "geometry": { "type": "Point", "coordinates": [ -74.0124159, 40.6364169 ] } },
{ "type": "Feature", "properties": { "Business_Name": "老盒饭•超值套餐", "Neighborhood": "Sunset Park", "Address": "8th Ave &, 61st St, Brooklyn, NY 11220, United States", "Geocode_Status": "Success" }, "geometry": { "type": "Point", "coordinates": [ -74.0101579, 40.6349152 ] } },
{ "type": "Feature", "properties": { "Business_Name": "金煌大酒楼•粵菜烧腊", "Neighborhood": "Sunset Park", "Address": "6409 8th Ave, Brooklyn, NY 11220, United States", "Geocode_Status": "Success" }, "geometry": { "type": "Point", "coordinates": [ -74.0119014, 40.632954 ] } },
{ "type": "Feature", "properties": { "Business_Name": "晓澳鱼丸", "Neighborhood": "Sunset Park", "Address": "717 60th St, Brooklyn, NY 11220, United States", "Geocode_Status": "Success" }, "geometry": { "type": "Point", "coordinates": [ -74.0110955, 40.6366583 ] } },
{ "type": "Feature", "properties": { "Business_Name": "乐天酒家 •福州美食", "Neighborhood": "Sunset Park", "Address": "5110 7th Ave, Brooklyn, NY 11220, United States", "Geocode_Status": "Success" }, "geometry": { "type": "Point", "coordinates": [ -74.0068844, 40.6417153 ] } },
{ "type": "Feature", "properties": { "Business_Name": "老友記・粤菜", "Neighborhood": "Sunset Park", "Address": "5108 7th Ave, Brooklyn, NY 11220, United States", "Geocode_Status": "Success" }, "geometry": { "type": "Point", "coordinates": [ -74.00689, 40.6417934 ] } },
{ "type": "Feature", "properties": { "Business_Name": "金都海鲜酒楼•传统粵菜", "Neighborhood": "Sunset Park", "Address": "6508-10 11th Ave, Brooklyn, NY 11219, United States", "Geocode_Status": "Success" }, "geometry": { "type": "Point", "coordinates": [ -74.0063321, 40.6284609 ] } },
{ "type": "Feature", "properties": { "Business_Name": "君悦食府", "Neighborhood": "Sunset Park", "Address": "715 61st St, Brooklyn, NY 11220, United States", "Geocode_Status": "Success" }, "geometry": { "type": "Point", "coordinates": [ -74.0117786, 40.6360145 ] } },
{ "type": "Feature", "properties": { "Business_Name": "缘之素 •素食馆", "Neighborhood": "Sunset Park", "Address": "6016 7th Ave, Brooklyn, NY 11220, United States", "Geocode_Status": "Success" }, "geometry": { "type": "Point", "coordinates": [ -74.0122879, 40.636537 ] } },
{ "type": "Feature", "properties": { "Business_Name": "沙县小吃45st•家乡味", "Neighborhood": "Sunset Park", "Address": "811 49th St, Brooklyn, NY 11220, United States", "Geocode_Status": "Success" }, "geometry": { "type": "Point", "coordinates": [ -74.0027337, 40.6415655 ] } },
{ "type": "Feature", "properties": { "Business_Name": "好食轩烧腊 •日料", "Neighborhood": "Sunset Park", "Address": "5922 8th Ave, Brooklyn, NY 11220, United States", "Geocode_Status": "Success" }, "geometry": { "type": "Point", "coordinates": [ -74.0095349, 40.635741 ] } },
{ "type": "Feature", "properties": { "Business_Name": "沙县小吃 59st", "Neighborhood": "Sunset Park", "Address": "6024 7th Ave, Brooklyn, NY 11220, United States", "Geocode_Status": "Success" }, "geometry": { "type": "Point", "coordinates": [ -74.0124159, 40.6364169 ] } },
{ "type": "Feature", "properties": { "Business_Name": "乐天早餐 •暖心早餐", "Neighborhood": "Sunset Park", "Address": "5901 8th Ave #4, Brooklyn, NY 11220, United States", "Geocode_Status": "Success" }, "geometry": { "type": "Point", "coordinates": [ -74.0088113, 40.6358727 ] } },
{ "type": "Feature", "properties": { "Business_Name": "火火烧腊•八大道", "Neighborhood": "Sunset Park", "Address": "772 57th St, Brooklyn, NY 11220, United States", "Geocode_Status": "Success" }, "geometry": { "type": "Point", "coordinates": [ -74.0084197, 40.6372811 ] } },
{ "type": "Feature", "properties": { "Business_Name": "皇庭早茶•75折点心随心选", "Neighborhood": "Sunset Park", "Address": "813 55th St, Brooklyn, NY 11220, United States", "Geocode_Status": "Success" }, "geometry": { "type": "Point", "coordinates": [ -74.0061472, 40.6381685 ] } },
{ "type": "Feature", "properties": { "Business_Name": "澜粵食府 •传统粵菜", "Neighborhood": "Sunset Park", "Address": "6001 11th Ave, Brooklyn, NY 11219, United States", "Geocode_Status": "Success" }, "geometry": { "type": "Point", "coordinates": [ -74.0029512, 40.6311433 ] } },
{ "type": "Feature", "properties": { "Business_Name": "乡里小吃店", "Neighborhood": "Sunset Park", "Address": "5301 8th Ave, Brooklyn, NY 11220, United States", "Geocode_Status": "Success" }, "geometry": { "type": "Point", "coordinates": [ -74.0052838, 40.6391835 ] } },
{ "type": "Feature", "properties": { "Business_Name": "黄鹤楼•全新川菜", "Neighborhood": "Sunset Park", "Address": "817 60th St, Brooklyn, NY 11220, United States", "Geocode_Status": "Success" }, "geometry": { "type": "Point", "coordinates": [ -74.0089306, 40.6353649 ] } },
{ "type": "Feature", "properties": { "Business_Name": "海洋轩", "Neighborhood": "Sunset Park", "Address": "6521 8th Ave, Brooklyn, NY 11220, United States", "Geocode_Status": "Success" }, "geometry": { "type": "Point", "coordinates": [ -74.0127805, 40.6322232 ] } },
{ "type": "Feature", "properties": { "Business_Name": "夏潮•奶香麻辣烫", "Neighborhood": "Sunset Park", "Address": "5722B 58th St Between 7th &, 5722 8th Ave b7, Brooklyn, NY 11220, United States", "Geocode_Status": "Success" }, "geometry": { "type": "Point", "coordinates": [ -74.0086101, 40.6369317 ] } },
{ "type": "Feature", "properties": { "Business_Name": "最好吃的麻辣拌", "Neighborhood": "Sunset Park", "Address": "774 51st St, Brooklyn, NY 11220, United States", "Geocode_Status": "Success" }, "geometry": { "type": "Point", "coordinates": [ -74.0047189, 40.6406466 ] } },
{ "type": "Feature", "properties": { "Business_Name": "二娘金汤肥牛（great forest food）", "Neighborhood": "Sunset Park", "Address": "763 61st St, Brooklyn, NY 11220, United States", "Geocode_Status": "Success" }, "geometry": { "type": "Point", "coordinates": [ -74.0107214, 40.635435 ] } },
{ "type": "Feature", "properties": { "Business_Name": "精味麻辣烫• 盖饭•46th st", "Neighborhood": "Sunset Park", "Address": "4606 8th Ave, Brooklyn, NY 11220, United States", "Geocode_Status": "Success" }, "geometry": { "type": "Point", "coordinates": [ -74.0016702, 40.6432827 ] } },
{ "type": "Feature", "properties": { "Business_Name": "饿不二•招牌水煮鱼&特色麻", "Neighborhood": "Sunset Park", "Address": "763 61st St, Brooklyn, NY 11220, United States", "Geocode_Status": "Success" }, "geometry": { "type": "Point", "coordinates": [ -74.0107214, 40.635435 ] } },
{ "type": "Feature", "properties": { "Business_Name": "小鱼小牛 •麻辣香锅", "Neighborhood": "Sunset Park", "Address": "5210 7th Ave, Brooklyn, NY 11220, United States", "Geocode_Status": "Success" }, "geometry": { "type": "Point", "coordinates": [ -74.0075075, 40.6412158 ] } },
{ "type": "Feature", "properties": { "Business_Name": "鱼跃香锅•麻辣香锅", "Neighborhood": "Sunset Park", "Address": "5112 8th Ave, Brooklyn, NY 11220, United States", "Geocode_Status": "Success" }, "geometry": { "type": "Point", "coordinates": [ -74.0046978, 40.640372 ] } },
{ "type": "Feature", "properties": { "Business_Name": "飞龙麻辣香锅 •BK老牌香锅", "Neighborhood": "Sunset Park", "Address": "4508 8th Ave, Brooklyn, NY 11220, United States", "Geocode_Status": "Success" }, "geometry": { "type": "Point", "coordinates": [ -74.0012094, 40.6437579 ] } },
{ "type": "Feature", "properties": { "Business_Name": "鼎泰轩•川渝米线", "Neighborhood": "Sunset Park", "Address": "5210 7th Ave, Brooklyn, NY 11220, United States", "Geocode_Status": "Success" }, "geometry": { "type": "Point", "coordinates": [ -74.0074404, 40.6411904 ] } },
{ "type": "Feature", "properties": { "Business_Name": "无辣不欢•麻辣香锅", "Neighborhood": "Sunset Park", "Address": "4508 8th Ave, Brooklyn, NY 11220, United States", "Geocode_Status": "Success" }, "geometry": { "type": "Point", "coordinates": [ -74.0012094, 40.6437579 ] } },
{ "type": "Feature", "properties": { "Business_Name": "精味麻辣烫 •6Oth st", "Neighborhood": "Sunset Park", "Address": "4606 8th Ave, Brooklyn, NY 11220, United States", "Geocode_Status": "Success" }, "geometry": { "type": "Point", "coordinates": [ -74.0016719, 40.6432829 ] } },
{ "type": "Feature", "properties": { "Business_Name": "青蔬麻辣烫55街•BK", "Neighborhood": "Sunset Park", "Address": "5514 7th Ave, Brooklyn, NY 11220, United States", "Geocode_Status": "Success" }, "geometry": { "type": "Point", "coordinates": [ -74.009395, 40.6394985 ] } },
{ "type": "Feature", "properties": { "Business_Name": "川天下 •经典川菜", "Neighborhood": "Sunset Park", "Address": "5502 7th Ave, Brooklyn, NY 11220, United States", "Geocode_Status": "Success" }, "geometry": { "type": "Point", "coordinates": [ -74.0090711, 40.6396177 ] } },
{ "type": "Feature", "properties": { "Business_Name": "争鲜酸菜鱼•BK", "Neighborhood": "Sunset Park", "Address": "5216 8th Ave, Brooklyn, NY 11220, United States", "Geocode_Status": "Success" }, "geometry": { "type": "Point", "coordinates": [ -74.0054634, 40.639798 ] } },
{ "type": "Feature", "properties": { "Business_Name": "老地方 •满20减13", "Neighborhood": "Sunset Park", "Address": "773 51st St, Brooklyn, NY 11220, United States", "Geocode_Status": "Success" }, "geometry": { "type": "Point", "coordinates": [ -74.0045326, 40.640904 ] } },
{ "type": "Feature", "properties": { "Business_Name": "吃货吧", "Neighborhood": "Sunset Park", "Address": "815 54th St, Brooklyn, NY 11220, United States", "Geocode_Status": "Success" }, "geometry": { "type": "Point", "coordinates": [ -74.0054998, 40.6387082 ] } },
{ "type": "Feature", "properties": { "Business_Name": "源宝•5.99特价卤味", "Neighborhood": "Sunset Park", "Address": "774 55th St, Brooklyn, NY 11220, United States", "Geocode_Status": "Success" }, "geometry": { "type": "Point", "coordinates": [ -74.0071862, 40.6383858 ] } },
{ "type": "Feature", "properties": { "Business_Name": "寻鱼•美味烤鱼", "Neighborhood": "Sunset Park", "Address": "5609 7th Ave, Brooklyn, NY 11220, United States", "Geocode_Status": "Success" }, "geometry": { "type": "Point", "coordinates": [ -74.0095013, 40.6388099 ] } },
{ "type": "Feature", "properties": { "Business_Name": "人生一串", "Neighborhood": "Sunset Park", "Address": "816 51st St, Brooklyn, NY 11220, United States", "Geocode_Status": "Success" }, "geometry": { "type": "Point", "coordinates": [ -74.003979, 40.640098 ] } },
{ "type": "Feature", "properties": { "Business_Name": "饿狼串说", "Neighborhood": "Sunset Park", "Address": "775 50th St, Brooklyn, NY 11220, United States", "Geocode_Status": "Success" }, "geometry": { "type": "Point", "coordinates": [ -74.0039497, 40.6414659 ] } },
{ "type": "Feature", "properties": { "Business_Name": "张亮麻辣烫•麻辣香锅", "Neighborhood": "Chinatown", "Address": "66 Mott St, New York, NY 10013, United States", "Geocode_Status": "Success" }, "geometry": { "type": "Point", "coordinates": [ -73.997952, 40.7160888 ] } },
{ "type": "Feature", "properties": { "Business_Name": "半价套餐・川外川", "Neighborhood": "Chinatown", "Address": "10 Pell St, New York, NY 10013, United States", "Geocode_Status": "Success" }, "geometry": { "type": "Point", "coordinates": [ -73.9976092, 40.7148544 ] } },
{ "type": "Feature", "properties": { "Business_Name": "半价先生麻辣香锅", "Neighborhood": "Chinatown", "Address": "66 Mott St, New York, NY 10013, United States", "Geocode_Status": "Success" }, "geometry": { "type": "Point", "coordinates": [ -73.997952, 40.7160888 ] } },
{ "type": "Feature", "properties": { "Business_Name": "独享套餐｜水煮色", "Neighborhood": "Chinatown", "Address": "65 Bayard St, New York, NY 10013, United States", "Geocode_Status": "Success" }, "geometry": { "type": "Point", "coordinates": [ -73.9981136, 40.7154275 ] } },
{ "type": "Feature", "properties": { "Business_Name": "大龙焱•火锅•11.99麻辣汤套餐", "Neighborhood": "Chinatown", "Address": "42-22 Crescent St, Long Island City, NY 11101, United States", "Geocode_Status": "Success" }, "geometry": { "type": "Point", "coordinates": [ -73.9413782, 40.7502032 ] } },
{ "type": "Feature", "properties": { "Business_Name": "麻辣锅物", "Neighborhood": "Chinatown", "Address": "159 Canal St 2nd floor, New York, NY 10013, United States", "Geocode_Status": "Success" }, "geometry": { "type": "Point", "coordinates": [ -73.9965889, 40.7166314 ] } },
{ "type": "Feature", "properties": { "Business_Name": "大龙燚冒菜•11.99麻辣汤套餐", "Neighborhood": "Chinatown", "Address": "159 Canal St 2nd floor, New York, NY 10013, United States", "Geocode_Status": "Success" }, "geometry": { "type": "Point", "coordinates": [ -73.9965889, 40.7166314 ] } },
{ "type": "Feature", "properties": { "Business_Name": "张亮麻辣烫•唐人街急速送", "Neighborhood": "Chinatown", "Address": "66 Mott St, New York, NY 10013, United States", "Geocode_Status": "Success" }, "geometry": { "type": "Point", "coordinates": [ -73.997952, 40.7160888 ] } },
{ "type": "Feature", "properties": { "Business_Name": "川外川 Famous Szechuan", "Neighborhood": "Chinatown", "Address": "10 Pell St, New York, NY 10013, United States", "Geocode_Status": "Success" }, "geometry": { "type": "Point", "coordinates": [ -73.9976092, 40.7148544 ] } },
{ "type": "Feature", "properties": { "Business_Name": "茉莉奶白 Manhattan", "Neighborhood": "Chinatown", "Address": "63 Mott St, New York, NY 10013, United States", "Geocode_Status": "Success" }, "geometry": { "type": "Point", "coordinates": [ -73.9984796, 40.7161257 ] } },
{ "type": "Feature", "properties": { "Business_Name": "老虎山 Tiger Hill •奶茶", "Neighborhood": "Chinatown", "Address": "197 Canal St, New York, NY 10013, United States", "Geocode_Status": "Success" }, "geometry": { "type": "Point", "coordinates": [ -73.9981912, 40.7171709 ] } },
{ "type": "Feature", "properties": { "Business_Name": "HEYTEA喜茶 (Grand St)", "Neighborhood": "Chinatown", "Address": "240 Grand St, New York, NY 10002, United States", "Geocode_Status": "Success" }, "geometry": { "type": "Point", "coordinates": [ -73.9945103, 40.718497 ] } },
{ "type": "Feature", "properties": { "Business_Name": "寺溢siyi•国风奶茶•关东煮", "Neighborhood": "Chinatown", "Address": "173 Hester St, New York, NY 10013, United States", "Geocode_Status": "Success" }, "geometry": { "type": "Point", "coordinates": [ -73.9969023, 40.7178774 ] } },
{ "type": "Feature", "properties": { "Business_Name": "杜小姐茶饮", "Neighborhood": "Chinatown", "Address": "33 Pell St, New York, NY 10013, United States", "Geocode_Status": "Success" }, "geometry": { "type": "Point", "coordinates": [ -73.9986195, 40.7148981 ] } },
{ "type": "Feature", "properties": { "Business_Name": "舞妓 Maiko•网红抹茶", "Neighborhood": "Chinatown", "Address": "132 Bowery, New York, NY 10013, United States", "Geocode_Status": "Success" }, "geometry": { "type": "Point", "coordinates": [ -73.9947862, 40.7190141 ] } },
{ "type": "Feature", "properties": { "Business_Name": "HAATea 哈哈茶", "Neighborhood": "Chinatown", "Address": "240 Grand St, New York, NY 10002, United States", "Geocode_Status": "Success" }, "geometry": { "type": "Point", "coordinates": [ -73.9945103, 40.718497 ] } },
{ "type": "Feature", "properties": { "Business_Name": "Jooy Tea Shoppe•唐人街", "Neighborhood": "Chinatown", "Address": "208 Grand St, New York, NY 10013, United States", "Geocode_Status": "Success" }, "geometry": { "type": "Point", "coordinates": [ -73.9962162, 40.719188 ] } },
{ "type": "Feature", "properties": { "Business_Name": "juice time果汁时光", "Neighborhood": "Chinatown", "Address": "302A Grand St, New York, NY 10002, United States", "Geocode_Status": "Success" }, "geometry": { "type": "Point", "coordinates": [ -73.9916, 40.7175983 ] } },
{ "type": "Feature", "properties": { "Business_Name": "三圆台式甜品(唐人街）", "Neighborhood": "Chinatown", "Address": "Inside Tiger Sugar, 197 Canal St Shop 2, New York, NY 10013, United States", "Geocode_Status": "Success" }, "geometry": { "type": "Point", "coordinates": [ -73.9982406, 40.7171789 ] } },
{ "type": "Feature", "properties": { "Business_Name": "大荣华饼家 手工月饼", "Neighborhood": "Chinatown", "Address": "246 Grand St, New York, NY 10002, United States", "Geocode_Status": "Success" }, "geometry": { "type": "Point", "coordinates": [ -73.9941427, 40.7183594 ] } },
{ "type": "Feature", "properties": { "Business_Name": "大大饺子甜品铺DA DA Dumpling and Dessert", "Neighborhood": "Chinatown", "Address": "10 Doyers St, New York, NY 10013, United States", "Geocode_Status": "Success" }, "geometry": { "type": "Point", "coordinates": [ -73.9980389, 40.7145112 ] } },
{ "type": "Feature", "properties": { "Business_Name": "大班餅店", "Neighborhood": "Chinatown", "Address": "194 Canal St, New York, NY 10013, United States", "Geocode_Status": "Success" }, "geometry": { "type": "Point", "coordinates": [ -73.9980781, 40.7167172 ] } },
{ "type": "Feature", "properties": { "Business_Name": "澜记Laankee", "Neighborhood": "Chinatown", "Address": "79a Mott St, New York, NY 10013, United States", "Geocode_Status": "Success" }, "geometry": { "type": "Point", "coordinates": [ -73.9981808, 40.7165463 ] } },
{ "type": "Feature", "properties": { "Business_Name": "王老吉奶茶铺", "Neighborhood": "Chinatown", "Address": "240-236 Grand St, New York, NY 10002, United States", "Geocode_Status": "Success" }, "geometry": { "type": "Point", "coordinates": [ -73.9958459, 40.7187062 ] } },
{ "type": "Feature", "properties": { "Business_Name": "贝肯庄唐人街", "Neighborhood": "Chinatown", "Address": "48 Bowery, New York, NY 10013, United States", "Geocode_Status": "Success" }, "geometry": { "type": "Point", "coordinates": [ -73.9967041, 40.7157743 ] } },
{ "type": "Feature", "properties": { "Business_Name": "金兴纸包蛋糕 •香芋椰子味", "Neighborhood": "Chinatown", "Address": "118 Baxter St, New York, NY 10013, United States", "Geocode_Status": "Success" }, "geometry": { "type": "Point", "coordinates": [ -73.9992065, 40.7179794 ] } },
{ "type": "Feature", "properties": { "Business_Name": "圣玛丽精致烘焙坊•Luna By Sheng Marry", "Neighborhood": "Chinatown", "Address": "111 Bowery, New York, NY 10002, United States", "Geocode_Status": "Success" }, "geometry": { "type": "Point", "coordinates": [ -73.9948894, 40.7177905 ] } },
{ "type": "Feature", "properties": { "Business_Name": "Pinklady Cheese Tart", "Neighborhood": "Chinatown", "Address": "11 Mott St, New York, NY 10013, United States", "Geocode_Status": "Success" }, "geometry": { "type": "Point", "coordinates": [ -73.998918, 40.7140628 ] } },
{ "type": "Feature", "properties": { "Business_Name": "沐白 I'Milky", "Neighborhood": "Chinatown", "Address": "242 Grand St, New York, NY 10002, United States", "Geocode_Status": "Success" }, "geometry": { "type": "Point", "coordinates": [ -73.9943093, 40.7184113 ] } },
{ "type": "Feature", "properties": { "Business_Name": "老虎堂 奶茶饮品屋 •唐人街", "Neighborhood": "Chinatown", "Address": "197 Canal St, New York, NY 10013, United States", "Geocode_Status": "Success" }, "geometry": { "type": "Point", "coordinates": [ -73.9981912, 40.7171709 ] } },
{ "type": "Feature", "properties": { "Business_Name": "Kung Fu Tea功夫茶", "Neighborhood": "Chinatown", "Address": "234 Canal St #107, New York, NY 10013, United States", "Geocode_Status": "Success" }, "geometry": { "type": "Point", "coordinates": [ -74.0000268, 40.7177276 ] } },
{ "type": "Feature", "properties": { "Business_Name": "瓷禧 Teazzi•唐人街奶茶", "Neighborhood": "Chinatown", "Address": "10 Doyers St, New York, NY 10013, United States", "Geocode_Status": "Success" }, "geometry": { "type": "Point", "coordinates": [ -73.9980389, 40.7145112 ] } },
{ "type": "Feature", "properties": { "Business_Name": "LoveMi酸奶 • 下城", "Neighborhood": "Chinatown", "Address": "133 4th Ave, New York, NY 10003, United States", "Geocode_Status": "Success" }, "geometry": { "type": "Point", "coordinates": [ -73.9897009, 40.7336046 ] } },
{ "type": "Feature", "properties": { "Business_Name": "嘚瑟小雞登 汉堡奶茶Chill Chick", "Neighborhood": "Chinatown", "Address": "43 Mott St, New York, NY 10013, United States", "Geocode_Status": "Success" }, "geometry": { "type": "Point", "coordinates": [ -73.998962, 40.7153054 ] } },
{ "type": "Feature", "properties": { "Business_Name": "今喜烘培“提拉米苏”Jinsee Baking", "Neighborhood": "Chinatown", "Address": "118 Baxter St, New York, NY 10013, United States", "Geocode_Status": "Success" }, "geometry": { "type": "Point", "coordinates": [ -73.9992065, 40.7179794 ] } },
{ "type": "Feature", "properties": { "Business_Name": "最高立减7刀•大旺烧腊•唐人街", "Neighborhood": "Chinatown", "Address": "67 Mott St, New York, NY 10013, United States", "Geocode_Status": "Success" }, "geometry": { "type": "Point", "coordinates": [ -73.9982731, 40.7162074 ] } },
{ "type": "Feature", "properties": { "Business_Name": "台湾武昌好味道•全城配送", "Neighborhood": "Chinatown", "Address": "3 Doyers St, New York, NY 10013, United States", "Geocode_Status": "Success" }, "geometry": { "type": "Point", "coordinates": [ -73.9980109, 40.7142517 ] } },
{ "type": "Feature", "properties": { "Business_Name": "麻布冰室 •茶餐厅•唐人街", "Neighborhood": "Chinatown", "Address": "18 Doyers St, New York, NY 10013, United States", "Geocode_Status": "Success" }, "geometry": { "type": "Point", "coordinates": [ -73.9980305, 40.7147002 ] } },
{ "type": "Feature", "properties": { "Business_Name": "球面轩-地道广式风味•唐人街", "Neighborhood": "Chinatown", "Address": "21 Mott St, New York, NY 10013, United States", "Geocode_Status": "Success" }, "geometry": { "type": "Point", "coordinates": [ -73.9988924, 40.7144613 ] } },
{ "type": "Feature", "properties": { "Business_Name": "明旺食堂 •烧腊•唐人街", "Neighborhood": "Chinatown", "Address": "61 Mott St, New York, NY 10013, United States", "Geocode_Status": "Success" }, "geometry": { "type": "Point", "coordinates": [ -73.9984563, 40.7160447 ] } },
{ "type": "Feature", "properties": { "Business_Name": "银记肠粉", "Neighborhood": "Chinatown", "Address": "91 Bayard St, New York, NY 10013, United States", "Geocode_Status": "Success" }, "geometry": { "type": "Point", "coordinates": [ -73.9992975, 40.7158068 ] } },
{ "type": "Feature", "properties": { "Business_Name": "鹿鸣春 Joe's Shanghai", "Neighborhood": "Chinatown", "Address": "46 Bowery, New York, NY 10013, United States", "Geocode_Status": "Success" }, "geometry": { "type": "Point", "coordinates": [ -73.9966988, 40.7156656 ] } },
{ "type": "Feature", "properties": { "Business_Name": "江南食府 •米其林中餐", "Neighborhood": "Chinatown", "Address": "103 Bowery, New York, NY 10002, United States", "Geocode_Status": "Success" }, "geometry": { "type": "Point", "coordinates": [ -73.9949693, 40.7175581 ] } },
{ "type": "Feature", "properties": { "Business_Name": "香港人和", "Neighborhood": "Chinatown", "Address": "65 Bayard St, New York, NY 10013, United States", "Geocode_Status": "Success" }, "geometry": { "type": "Point", "coordinates": [ -73.9981136, 40.7154275 ] } },
{ "type": "Feature", "properties": { "Business_Name": "粤江春", "Neighborhood": "Chinatown", "Address": "51 Bayard St, New York, NY 10013, United States", "Geocode_Status": "Success" }, "geometry": { "type": "Point", "coordinates": [ -73.9975421, 40.7152144 ] } },
{ "type": "Feature", "properties": { "Business_Name": "囍焼腊・唐人街火爆焼腊", "Neighborhood": "Chinatown", "Address": "81 Mott St, New York, NY 10013, United States", "Geocode_Status": "Success" }, "geometry": { "type": "Point", "coordinates": [ -73.9980447, 40.7165737 ] } },
{ "type": "Feature", "properties": { "Business_Name": "茶餐庁（唐人街急速送） BK", "Neighborhood": "Chinatown", "Address": "43 Mott St, New York, NY 10013, United States", "Geocode_Status": "Success" }, "geometry": { "type": "Point", "coordinates": [ -73.998962, 40.7153054 ] } },
{ "type": "Feature", "properties": { "Business_Name": "点心意唐人街", "Neighborhood": "Chinatown", "Address": "5 Catherine St, New York, NY 10038, United States", "Geocode_Status": "Success" }, "geometry": { "type": "Point", "coordinates": [ -73.9973082, 40.7138181 ] } },
{ "type": "Feature", "properties": { "Business_Name": "麻布冰室．【曼哈顿团送】", "Neighborhood": "Chinatown", "Address": "18 Doyers St, New York, NY 10013, United States", "Geocode_Status": "Success" }, "geometry": { "type": "Point", "coordinates": [ -73.9980305, 40.7147002 ] } },
{ "type": "Feature", "properties": { "Business_Name": "茶餐厅•茄汁焗猪扒•唐人街", "Neighborhood": "Chinatown", "Address": "65 Bayard St, New York, NY 10013, United States", "Geocode_Status": "Success" }, "geometry": { "type": "Point", "coordinates": [ -73.9981136, 40.7154275 ] } },
{ "type": "Feature", "properties": { "Business_Name": "点心意（唐人街急速送）", "Neighborhood": "Chinatown", "Address": "5 Catherine St, New York, NY 10038, United States", "Geocode_Status": "Success" }, "geometry": { "type": "Point", "coordinates": [ -73.9973082, 40.7138181 ] } },
{ "type": "Feature", "properties": { "Business_Name": "老味道 Supreme Restaurant", "Neighborhood": "Chinatown", "Address": "100 Mott St, New York, NY 10013, United States", "Geocode_Status": "Success" }, "geometry": { "type": "Point", "coordinates": [ -73.997234, 40.717267 ] } },
{ "type": "Feature", "properties": { "Business_Name": "Fok Noodles Express", "Neighborhood": "Chinatown", "Address": "12 Mott St, New York, NY 10013, United States", "Geocode_Status": "Success" }, "geometry": { "type": "Point", "coordinates": [ -73.9985674, 40.7140983 ] } },
{ "type": "Feature", "properties": { "Business_Name": "有口福", "Neighborhood": "Chinatown", "Address": "171 Hester St, New York, NY 10013, United States", "Geocode_Status": "Success" }, "geometry": { "type": "Point", "coordinates": [ -73.9967649, 40.7178933 ] } },
{ "type": "Feature", "properties": { "Business_Name": "新世界茶餐厅", "Neighborhood": "Chinatown", "Address": "220 Canal St, New York, NY 10013, United States", "Geocode_Status": "Success" }, "geometry": { "type": "Point", "coordinates": [ -73.9993918, 40.7172288 ] } },
{ "type": "Feature", "properties": { "Business_Name": "鹿喎春 Joe's Shanghai", "Neighborhood": "Chinatown", "Address": "46 Bowery, New York, NY 10013, United States", "Geocode_Status": "Success" }, "geometry": { "type": "Point", "coordinates": [ -73.9966988, 40.7156656 ] } },
{ "type": "Feature", "properties": { "Business_Name": "明旺食堂・焼腊・唐人街急速送", "Neighborhood": "Chinatown", "Address": "61 Mott St, New York, NY 10013, United States", "Geocode_Status": "Success" }, "geometry": { "type": "Point", "coordinates": [ -73.9984563, 40.7160447 ] } },
{ "type": "Feature", "properties": { "Business_Name": "台湾武昌好味道•唐人街急速送", "Neighborhood": "Chinatown", "Address": "3 Doyers St, New York, NY 10013, United States", "Geocode_Status": "Success" }, "geometry": { "type": "Point", "coordinates": [ -73.9980109, 40.7142517 ] } },
{ "type": "Feature", "properties": { "Business_Name": "台湾熊屋 •铁路便当 •盐酥鸡", "Neighborhood": "Chinatown", "Address": "11 Pell St, New York, NY 10013, United States", "Geocode_Status": "Success" }, "geometry": { "type": "Point", "coordinates": [ -73.9978094, 40.7147104 ] } },
{ "type": "Feature", "properties": { "Business_Name": "粤江春（唐人街急速送）", "Neighborhood": "Chinatown", "Address": "51 Bayard St, New York, NY 10013, United States", "Geocode_Status": "Success" }, "geometry": { "type": "Point", "coordinates": [ -73.9975421, 40.7152144 ] } },
{ "type": "Feature", "properties": { "Business_Name": "云吞妹 •Chinatown", "Neighborhood": "Chinatown", "Address": "135-11 38th Ave, Flushing, NY 11354, United States", "Geocode_Status": "Success" }, "geometry": { "type": "Point", "coordinates": [ -73.8322148, 40.7604397 ] } },
{ "type": "Feature", "properties": { "Business_Name": "456 江浙餐馆•特色小笼包", "Neighborhood": "Chinatown", "Address": "21 Mott St, New York, NY 10013, United States", "Geocode_Status": "Success" }, "geometry": { "type": "Point", "coordinates": [ -73.9988924, 40.7144613 ] } },
{ "type": "Feature", "properties": { "Business_Name": "明星茶餐厅", "Neighborhood": "Chinatown", "Address": "19 Division St #1, New York, NY 10002, United States", "Geocode_Status": "Success" }, "geometry": { "type": "Point", "coordinates": [ -73.9965248, 40.7139435 ] } },
{ "type": "Feature", "properties": { "Business_Name": "麒麟金阁•唐人街急速送", "Neighborhood": "Chinatown", "Address": "18 E Broadway, New York, NY 10002, United States", "Geocode_Status": "Success" }, "geometry": { "type": "Point", "coordinates": [ -73.997193, 40.7137006 ] } },
{ "type": "Feature", "properties": { "Business_Name": "星云美食", "Neighborhood": "Chinatown", "Address": "stellar Chinese cuisine, 98 Mott St Suite 10, New York, NY 10013, United States", "Geocode_Status": "Success" }, "geometry": { "type": "Point", "coordinates": [ -73.9972861, 40.7171726 ] } },
{ "type": "Feature", "properties": { "Business_Name": "台湾熊屋 •唐人街急速送", "Neighborhood": "Chinatown", "Address": "11 Pell St, New York, NY 10013, United States", "Geocode_Status": "Success" }, "geometry": { "type": "Point", "coordinates": [ -73.9978094, 40.7147104 ] } },
{ "type": "Feature", "properties": { "Business_Name": "麒麟金阁", "Neighborhood": "Chinatown", "Address": "18 E Broadway, New York, NY 10002, United States", "Geocode_Status": "Success" }, "geometry": { "type": "Point", "coordinates": [ -73.997193, 40.7137006 ] } },
{ "type": "Feature", "properties": { "Business_Name": "银记肠粉 •唐人街急速送", "Neighborhood": "Chinatown", "Address": "91 Bayard St, New York, NY 10013, United States", "Geocode_Status": "Success" }, "geometry": { "type": "Point", "coordinates": [ -73.9992975, 40.7158068 ] } },
{ "type": "Feature", "properties": { "Business_Name": "新鸿旺", "Neighborhood": "Chinatown", "Address": "100 Bowery, New York, NY 10013, United States", "Geocode_Status": "Success" }, "geometry": { "type": "Point", "coordinates": [ -73.9954782, 40.7177896 ] } },
{ "type": "Feature", "properties": { "Business_Name": "红围裙 • 潮汕风味小吃炸物", "Neighborhood": "Chinatown", "Address": "62 Bayard St, New York, NY 10013, United States", "Geocode_Status": "Success" }, "geometry": { "type": "Point", "coordinates": [ -73.9978853, 40.7154856 ] } },
{ "type": "Feature", "properties": { "Business_Name": "喜运来 大酒楼", "Neighborhood": "Chinatown", "Address": "28 Pell St, New York, NY 10013, United States", "Geocode_Status": "Success" }, "geometry": { "type": "Point", "coordinates": [ -73.9985119, 40.7149851 ] } },
{ "type": "Feature", "properties": { "Business_Name": "苏杭餐厅 精选", "Neighborhood": "Chinatown", "Address": "21 Mott St, New York, NY 10013, United States", "Geocode_Status": "Success" }, "geometry": { "type": "Point", "coordinates": [ -73.9988924, 40.7144613 ] } },
{ "type": "Feature", "properties": { "Business_Name": "壹面馆", "Neighborhood": "Chinatown", "Address": "23 Pell St, New York, NY 10038, United States", "Geocode_Status": "Success" }, "geometry": { "type": "Point", "coordinates": [ -73.9982595, 40.7148255 ] } },
{ "type": "Feature", "properties": { "Business_Name": "HUUMA", "Neighborhood": "Chinatown", "Address": "122 Mulberry St, New York, NY 10013, United States", "Geocode_Status": "Success" }, "geometry": { "type": "Point", "coordinates": [ -73.9979524, 40.7178654 ] } },
{ "type": "Feature", "properties": { "Business_Name": "云楠米", "Neighborhood": "Chinatown", "Address": "53 Bayard St, New York, NY 10013, United States", "Geocode_Status": "Success" }, "geometry": { "type": "Point", "coordinates": [ -73.9976579, 40.7152205 ] } },
{ "type": "Feature", "properties": { "Business_Name": "美丽华粥面馆", "Neighborhood": "Chinatown", "Address": "62 Bayard St, New York, NY 10013, United States", "Geocode_Status": "Success" }, "geometry": { "type": "Point", "coordinates": [ -73.9978853, 40.7154856 ] } },
{ "type": "Feature", "properties": { "Business_Name": "一碗面•重庆小面", "Neighborhood": "Chinatown", "Address": "150 Mott St, New York, NY 10013, United States", "Geocode_Status": "Success" }, "geometry": { "type": "Point", "coordinates": [ -73.9962842, 40.7192998 ] } },
{ "type": "Feature", "properties": { "Business_Name": "Sanmiwago •包厘街新店", "Neighborhood": "Chinatown", "Address": "90 Bowery, New York, NY 10013, United States", "Geocode_Status": "Success" }, "geometry": { "type": "Point", "coordinates": [ -73.9955378, 40.7174723 ] } },
{ "type": "Feature", "properties": { "Business_Name": "季北川花胶鸡", "Neighborhood": "Chinatown", "Address": "5216 8th Ave, Brooklyn, NY 11220, United States", "Geocode_Status": "Success" }, "geometry": { "type": "Point", "coordinates": [ -74.0054634, 40.639798 ] } },
{ "type": "Feature", "properties": { "Business_Name": "飘香源＋辛辣功夫 A+", "Neighborhood": "Chinatown", "Address": "98 Mott St, New York, NY 10013, United States", "Geocode_Status": "Success" }, "geometry": { "type": "Point", "coordinates": [ -73.9972861, 40.7171726 ] } },
{ "type": "Feature", "properties": { "Business_Name": "飘香源", "Neighborhood": "Chinatown", "Address": "98 Mott St, New York, NY 10013, United States", "Geocode_Status": "Success" }, "geometry": { "type": "Point", "coordinates": [ -73.9972861, 40.7171726 ] } },
{ "type": "Feature", "properties": { "Business_Name": "花茶面馆 •春龍", "Neighborhood": "Chinatown", "Address": "13 Doyers St, New York, NY 10013, United States", "Geocode_Status": "Success" }, "geometry": { "type": "Point", "coordinates": [ -73.998188, 40.7145089 ] } },
{ "type": "Feature", "properties": { "Business_Name": "Senbei NYC手工鲜贝", "Neighborhood": "Chinatown", "Address": "26B Elizabeth St, New York, NY 10013, United States", "Geocode_Status": "Success" }, "geometry": { "type": "Point", "coordinates": [ -73.9970453, 40.7161549 ] } },
{ "type": "Feature", "properties": { "Business_Name": "鼎牛铁板牛排 曼哈顿", "Neighborhood": "Chinatown", "Address": "26 Little W 12th St, New York, NY 10014, United States", "Geocode_Status": "Success" }, "geometry": { "type": "Point", "coordinates": [ -74.007275, 40.739794 ] } },
{ "type": "Feature", "properties": { "Business_Name": "金牌隆江猪脚饭•首登曼哈顿", "Neighborhood": "Chinatown", "Address": "133-35 Roosevelt Ave #14, Flushing, NY 11354, United States", "Geocode_Status": "Success" }, "geometry": { "type": "Point", "coordinates": [ -73.8331116, 40.7589328 ] } },
{ "type": "Feature", "properties": { "Business_Name": "味千拉面", "Neighborhood": "Chinatown", "Address": "14 Mott St, New York, NY 10013, United States", "Geocode_Status": "Success" }, "geometry": { "type": "Point", "coordinates": [ -73.9985853, 40.7141464 ] } },
{ "type": "Feature", "properties": { "Business_Name": "美华排骨大王", "Neighborhood": "Chinatown", "Address": "190 Hester St, New York, NY 10013, United States", "Geocode_Status": "Success" }, "geometry": { "type": "Point", "coordinates": [ -73.9984332, 40.7182472 ] } },
{ "type": "Feature", "properties": { "Business_Name": "Sanmiwago•正宗台湾锅贴", "Neighborhood": "Chinatown", "Address": "90 Bowery, New York, NY 10013, United States", "Geocode_Status": "Success" }, "geometry": { "type": "Point", "coordinates": [ -73.9955378, 40.7174723 ] } },
{ "type": "Feature", "properties": { "Business_Name": "炒货好忙•坚果零食牛肉干", "Neighborhood": "Chinatown", "Address": "44 Canal St #1, New York, NY 10002, United States", "Geocode_Status": "Success" }, "geometry": { "type": "Point", "coordinates": [ -73.9914536, 40.7146184 ] } },
{ "type": "Feature", "properties": { "Business_Name": "唐人街西安面馆 •油泼面", "Neighborhood": "Chinatown", "Address": "45 Bayard St, New York, NY 10013, United States", "Geocode_Status": "Success" }, "geometry": { "type": "Point", "coordinates": [ -73.997342, 40.7150822 ] } },
{ "type": "Feature", "properties": { "Business_Name": "珍宝食坊", "Neighborhood": "Chinatown", "Address": "216 Grand St, New York, NY 10013, United States", "Geocode_Status": "Success" }, "geometry": { "type": "Point", "coordinates": [ -73.9959776, 40.7190012 ] } },
{ "type": "Feature", "properties": { "Business_Name": "富记肉脯•唐人街必吃小食", "Neighborhood": "Chinatown", "Address": "91 Bayard St, New York, NY 10013, United States", "Geocode_Status": "Success" }, "geometry": { "type": "Point", "coordinates": [ -73.9992975, 40.7158068 ] } },
{ "type": "Feature", "properties": { "Business_Name": "Sanmiwago•包厘街新店", "Neighborhood": "Chinatown", "Address": "90 Bowery, New York, NY 10013, United States", "Geocode_Status": "Success" }, "geometry": { "type": "Point", "coordinates": [ -73.9955378, 40.7174723 ] } },
{ "type": "Feature", "properties": { "Business_Name": "1915兰州牛肉面-唐人街", "Neighborhood": "Chinatown", "Address": "76 Mott St, New York, NY 10013, United States", "Geocode_Status": "Success" }, "geometry": { "type": "Point", "coordinates": [ -73.9978602, 40.716462 ] } },
{ "type": "Feature", "properties": { "Business_Name": "牛记Niukee-东北烧卖牛骨汤", "Neighborhood": "Chinatown", "Address": "394 Broome St, New York, NY 10013, United States", "Geocode_Status": "Success" }, "geometry": { "type": "Point", "coordinates": [ -73.9970934, 40.7207852 ] } },
{ "type": "Feature", "properties": { "Business_Name": "煎饼大师！老北京炸酱面 煎", "Neighborhood": "Chinatown", "Address": "21 Mott St, New York, NY 10013, United States", "Geocode_Status": "Success" }, "geometry": { "type": "Point", "coordinates": [ -73.9988924, 40.7144613 ] } },
{ "type": "Feature", "properties": { "Business_Name": "98k炸鸡汉堡Fried chicken", "Neighborhood": "Chinatown", "Address": "7 Allen St, New York, NY 10002, United States", "Geocode_Status": "Success" }, "geometry": { "type": "Point", "coordinates": [ -73.9930744, 40.7148118 ] } },
{ "type": "Feature", "properties": { "Business_Name": "聚点串吧麻辣小龙虾", "Neighborhood": "Chinatown", "Address": "98 Bowery, New York, NY 10013, United States", "Geocode_Status": "Success" }, "geometry": { "type": "Point", "coordinates": [ -73.995532, 40.717726 ] } },
{ "type": "Feature", "properties": { "Business_Name": "佰百鸡Popeyes", "Neighborhood": "Chinatown", "Address": "125 Canal St, New York, NY 10002, United States", "Geocode_Status": "Success" }, "geometry": { "type": "Point", "coordinates": [ -73.9951373, 40.7160737 ] } },
{ "type": "Feature", "properties": { "Business_Name": "九九鸭", "Neighborhood": "Chinatown", "Address": "131 Walker St, New York, NY 10013, United States", "Geocode_Status": "Success" }, "geometry": { "type": "Point", "coordinates": [ -73.9997059, 40.7172877 ] } },
{ "type": "Feature", "properties": { "Business_Name": "8k炸鸡 •汉堡＋小吃＋汽水", "Neighborhood": "Chinatown", "Address": "7 Allen St, New York, NY 10002, United States", "Geocode_Status": "Success" }, "geometry": { "type": "Point", "coordinates": [ -73.9930744, 40.7148118 ] } }
]
}
