{
"type": "FeatureCollection",
"name": "L2",
"crs": { "type": "name", "properties": { "name": "urn:ogc:def:crs:OGC:1.3:CRS84" } },
"features": [
{ "type": "Feature", "properties": { "Business_Name": "Jmart", "Address": "136-20 Roosevelt Ave, Flushing, NY 11354, United States", "Keyword": "Chinese supermarket", "Neighborhood": "Flushing, NY", "Level": 2.0 }, "geometry": { "type": "Point", "coordinates": [ -73.8296876, 40.7590799 ] } },
{ "type": "Feature", "properties": { "Business_Name": "Chang Jiang Supermarket", "Address": "41-41 Kissena Blvd, Flushing, NY 11355, United States", "Keyword": "Chinese supermarket", "Neighborhood": "Flushing, NY", "Level": 2.0 }, "geometry": { "type": "Point", "coordinates": [ -73.8281022, 40.7579426 ] } },
{ "type": "Feature", "properties": { "Business_Name": "Chung Fat Supermarket", "Address": "41-82 Main St, Flushing, NY 11355, United States", "Keyword": "Chinese supermarket", "Neighborhood": "Flushing, NY", "Level": 2.0 }, "geometry": { "type": "Point", "coordinates": [ -73.8285697, 40.7556609 ] } },
{ "type": "Feature", "properties": { "Business_Name": "SkyFoods Supermarket", "Address": "40-24 College Point Blvd, Flushing, NY 11354, United States", "Keyword": "Chinese supermarket", "Neighborhood": "Flushing, NY", "Level": 2.0 }, "geometry": { "type": "Point", "coordinates": [ -73.8356575, 40.757229 ] } },
{ "type": "Feature", "properties": { "Business_Name": "GW Supermarket", "Address": "41-79 Main St, Flushing, NY 11355, United States", "Keyword": "Chinese supermarket", "Neighborhood": "Flushing, NY", "Level": 2.0 }, "geometry": { "type": "Point", "coordinates": [ -73.8282424, 40.7558979 ] } },
{ "type": "Feature", "properties": { "Business_Name": "US 1 Supermarket", "Address": "39-12 Main St, Flushing, NY 11354, United States", "Keyword": "Chinese supermarket", "Neighborhood": "Flushing, NY", "Level": 2.0 }, "geometry": { "type": "Point", "coordinates": [ -73.830426, 40.7597722 ] } },
{ "type": "Feature", "properties": { "Business_Name": "Heartland NY", "Address": "133-41 41st Ave, Flushing, NY 11355, United States", "Keyword": "Chinese supermarket", "Neighborhood": "Flushing, NY", "Level": 2.0 }, "geometry": { "type": "Point", "coordinates": [ -73.8307433, 40.757754 ] } },
{ "type": "Feature", "properties": { "Business_Name": "Hua Lian Supermarket", "Address": "25-03 Parsons Blvd, Flushing, NY 11354, United States", "Keyword": "Chinese supermarket", "Neighborhood": "Flushing, NY", "Level": 2.0 }, "geometry": { "type": "Point", "coordinates": [ -73.8236111, 40.7763889 ] } },
{ "type": "Feature", "properties": { "Business_Name": "SeasonFresh Supermarket", "Address": "3125 Downing St, Flushing, NY 11354, United States", "Keyword": "Chinese supermarket", "Neighborhood": "Flushing, NY", "Level": 2.0 }, "geometry": { "type": "Point", "coordinates": [ -73.835685, 40.7685616 ] } },
{ "type": "Feature", "properties": { "Business_Name": "Good Fortune Supermarket", "Address": "42-76 Main St #2c, Flushing, NY 11355, United States", "Keyword": "Chinese supermarket", "Neighborhood": "Flushing, NY", "Level": 2.0 }, "geometry": { "type": "Point", "coordinates": [ -73.8275694, 40.7530889 ] } },
{ "type": "Feature", "properties": { "Business_Name": "New Age Market", "Address": "160-06 Northern Blvd, Flushing, NY 11358, United States", "Keyword": "Chinese supermarket", "Neighborhood": "Flushing, NY", "Level": 2.0 }, "geometry": { "type": "Point", "coordinates": [ -73.8054822, 40.762244 ] } },
{ "type": "Feature", "properties": { "Business_Name": "Gold City Supermarket", "Address": "46-31 Kissena Blvd, Flushing, NY 11355, United States", "Keyword": "Chinese supermarket", "Neighborhood": "Flushing, NY", "Level": 2.0 }, "geometry": { "type": "Point", "coordinates": [ -73.8179222, 40.7502386 ] } },
{ "type": "Feature", "properties": { "Business_Name": "SeasonFresh Supermarket", "Address": "4510 83rd St, Elmhurst, NY 11373, United States", "Keyword": "Chinese supermarket", "Neighborhood": "Flushing, NY", "Level": 2.0 }, "geometry": { "type": "Point", "coordinates": [ -73.8818486, 40.7415405 ] } },
{ "type": "Feature", "properties": { "Business_Name": "Flushing Fei Long Market 法拉盛飛龍超市", "Address": "44-44 College Point Blvd, Flushing, NY 11355, United States", "Keyword": "Chinese supermarket", "Neighborhood": "Flushing, NY", "Level": 2.0 }, "geometry": { "type": "Point", "coordinates": [ -73.8331167, 40.7527307 ] } },
{ "type": "Feature", "properties": { "Business_Name": "DC Flushing Market", "Address": "133-54 41st Ave, Flushing, NY 11355, United States", "Keyword": "Chinese supermarket", "Neighborhood": "Flushing, NY", "Level": 2.0 }, "geometry": { "type": "Point", "coordinates": [ -73.8300763, 40.7578417 ] } },
{ "type": "Feature", "properties": { "Business_Name": "Great Wall Supermarket", "Address": "144-50 Northern Blvd, Flushing, NY 11354, United States", "Keyword": "Chinese supermarket", "Neighborhood": "Flushing, NY", "Level": 2.0 }, "geometry": { "type": "Point", "coordinates": [ -73.8216179, 40.7647366 ] } },
{ "type": "Feature", "properties": { "Business_Name": "Zhong US Supermarket Inc", "Address": "5911 Main St, Flushing, NY 11355, United States", "Keyword": "Chinese supermarket", "Neighborhood": "Flushing, NY", "Level": 2.0 }, "geometry": { "type": "Point", "coordinates": [ -73.8254036, 40.7433895 ] } },
{ "type": "Feature", "properties": { "Business_Name": "新中美超級市場Yong Fa Supermarket", "Address": "59-11 Main St, Flushing, NY 11355, United States", "Keyword": "Chinese supermarket", "Neighborhood": "Flushing, NY", "Level": 2.0 }, "geometry": { "type": "Point", "coordinates": [ -73.8252702, 40.7434781 ] } },
{ "type": "Feature", "properties": { "Business_Name": "Xinlongxing Supermarket", "Address": "135-35 Roosevelt Ave, Flushing, NY 11354, United States", "Keyword": "Chinese supermarket", "Neighborhood": "Flushing, NY", "Level": 2.0 }, "geometry": { "type": "Point", "coordinates": [ -73.8307772, 40.7595051 ] } },
{ "type": "Feature", "properties": { "Business_Name": "H Mart Union", "Address": "29-02 Union St, Flushing, NY 11354, United States", "Keyword": "Chinese supermarket", "Neighborhood": "Flushing, NY", "Level": 2.0 }, "geometry": { "type": "Point", "coordinates": [ -73.8270812, 40.7718684 ] } },
{ "type": "Feature", "properties": { "Business_Name": "Jmart", "Address": "136-20 Roosevelt Ave, Flushing, NY 11354, United States", "Keyword": "Chinese grocery store", "Neighborhood": "Flushing, NY", "Level": 2.0 }, "geometry": { "type": "Point", "coordinates": [ -73.8296876, 40.7590799 ] } },
{ "type": "Feature", "properties": { "Business_Name": "US 1 Supermarket", "Address": "39-12 Main St, Flushing, NY 11354, United States", "Keyword": "Chinese grocery store", "Neighborhood": "Flushing, NY", "Level": 2.0 }, "geometry": { "type": "Point", "coordinates": [ -73.830426, 40.7597722 ] } },
{ "type": "Feature", "properties": { "Business_Name": "Chang Jiang Supermarket", "Address": "41-41 Kissena Blvd, Flushing, NY 11355, United States", "Keyword": "Chinese grocery store", "Neighborhood": "Flushing, NY", "Level": 2.0 }, "geometry": { "type": "Point", "coordinates": [ -73.8281022, 40.7579426 ] } },
{ "type": "Feature", "properties": { "Business_Name": "GW Supermarket", "Address": "41-79 Main St, Flushing, NY 11355, United States", "Keyword": "Chinese grocery store", "Neighborhood": "Flushing, NY", "Level": 2.0 }, "geometry": { "type": "Point", "coordinates": [ -73.8282424, 40.7558979 ] } },
{ "type": "Feature", "properties": { "Business_Name": "Chung Fat Supermarket", "Address": "41-82 Main St, Flushing, NY 11355, United States", "Keyword": "Chinese grocery store", "Neighborhood": "Flushing, NY", "Level": 2.0 }, "geometry": { "type": "Point", "coordinates": [ -73.8285697, 40.7556609 ] } },
{ "type": "Feature", "properties": { "Business_Name": "Hua Lian Supermarket", "Address": "25-03 Parsons Blvd, Flushing, NY 11354, United States", "Keyword": "Chinese grocery store", "Neighborhood": "Flushing, NY", "Level": 2.0 }, "geometry": { "type": "Point", "coordinates": [ -73.8236111, 40.7763889 ] } },
{ "type": "Feature", "properties": { "Business_Name": "Good Fortune Supermarket", "Address": "42-76 Main St #2c, Flushing, NY 11355, United States", "Keyword": "Chinese grocery store", "Neighborhood": "Flushing, NY", "Level": 2.0 }, "geometry": { "type": "Point", "coordinates": [ -73.8275694, 40.7530889 ] } },
{ "type": "Feature", "properties": { "Business_Name": "Heartland NY", "Address": "133-41 41st Ave, Flushing, NY 11355, United States", "Keyword": "Chinese grocery store", "Neighborhood": "Flushing, NY", "Level": 2.0 }, "geometry": { "type": "Point", "coordinates": [ -73.8307433, 40.757754 ] } },
{ "type": "Feature", "properties": { "Business_Name": "New Age Market", "Address": "160-06 Northern Blvd, Flushing, NY 11358, United States", "Keyword": "Chinese grocery store", "Neighborhood": "Flushing, NY", "Level": 2.0 }, "geometry": { "type": "Point", "coordinates": [ -73.8054822, 40.762244 ] } },
{ "type": "Feature", "properties": { "Business_Name": "SkyFoods Supermarket", "Address": "40-24 College Point Blvd, Flushing, NY 11354, United States", "Keyword": "Chinese grocery store", "Neighborhood": "Flushing, NY", "Level": 2.0 }, "geometry": { "type": "Point", "coordinates": [ -73.8356575, 40.757229 ] } },
{ "type": "Feature", "properties": { "Business_Name": "SeasonFresh Supermarket", "Address": "3125 Downing St, Flushing, NY 11354, United States", "Keyword": "Chinese grocery store", "Neighborhood": "Flushing, NY", "Level": 2.0 }, "geometry": { "type": "Point", "coordinates": [ -73.835685, 40.7685616 ] } },
{ "type": "Feature", "properties": { "Business_Name": "Gold City Supermarket", "Address": "46-31 Kissena Blvd, Flushing, NY 11355, United States", "Keyword": "Chinese grocery store", "Neighborhood": "Flushing, NY", "Level": 2.0 }, "geometry": { "type": "Point", "coordinates": [ -73.8179222, 40.7502386 ] } },
{ "type": "Feature", "properties": { "Business_Name": "Xinlongxing Supermarket", "Address": "135-35 Roosevelt Ave, Flushing, NY 11354, United States", "Keyword": "Chinese grocery store", "Neighborhood": "Flushing, NY", "Level": 2.0 }, "geometry": { "type": "Point", "coordinates": [ -73.8307772, 40.7595051 ] } },
{ "type": "Feature", "properties": { "Business_Name": "Hanyang Mart", "Address": "150-51 Northern Blvd, Flushing, NY 11354, United States", "Keyword": "Chinese grocery store", "Neighborhood": "Flushing, NY", "Level": 2.0 }, "geometry": { "type": "Point", "coordinates": [ -73.8133617, 40.7656059 ] } },
{ "type": "Feature", "properties": { "Business_Name": "DC Flushing Market", "Address": "133-54 41st Ave, Flushing, NY 11355, United States", "Keyword": "Chinese grocery store", "Neighborhood": "Flushing, NY", "Level": 2.0 }, "geometry": { "type": "Point", "coordinates": [ -73.8300763, 40.7578417 ] } },
{ "type": "Feature", "properties": { "Business_Name": "SeasonFresh Supermarket", "Address": "4510 83rd St, Elmhurst, NY 11373, United States", "Keyword": "Chinese grocery store", "Neighborhood": "Flushing, NY", "Level": 2.0 }, "geometry": { "type": "Point", "coordinates": [ -73.8818486, 40.7415405 ] } },
{ "type": "Feature", "properties": { "Business_Name": "Zhong US Supermarket Inc", "Address": "5911 Main St, Flushing, NY 11355, United States", "Keyword": "Chinese grocery store", "Neighborhood": "Flushing, NY", "Level": 2.0 }, "geometry": { "type": "Point", "coordinates": [ -73.8254036, 40.7433895 ] } },
{ "type": "Feature", "properties": { "Business_Name": "H Mart Union", "Address": "29-02 Union St, Flushing, NY 11354, United States", "Keyword": "Chinese grocery store", "Neighborhood": "Flushing, NY", "Level": 2.0 }, "geometry": { "type": "Point", "coordinates": [ -73.8270812, 40.7718684 ] } },
{ "type": "Feature", "properties": { "Business_Name": "Flushing Fei Long Market 法拉盛飛龍超市", "Address": "44-44 College Point Blvd, Flushing, NY 11355, United States", "Keyword": "Chinese grocery store", "Neighborhood": "Flushing, NY", "Level": 2.0 }, "geometry": { "type": "Point", "coordinates": [ -73.8331167, 40.7527307 ] } },
{ "type": "Feature", "properties": { "Business_Name": "H Mart Roosevelt", "Address": "142-41 Roosevelt Ave, Flushing, NY 11354, United States", "Keyword": "Chinese grocery store", "Neighborhood": "Flushing, NY", "Level": 2.0 }, "geometry": { "type": "Point", "coordinates": [ -73.8246733, 40.7610777 ] } },
{ "type": "Feature", "properties": { "Business_Name": "法拉盛静安寺 Jing An Temple of Flushing", "Address": "35-22 Prince St, Flushing, NY 11354, United States", "Keyword": "Chinese temple", "Neighborhood": "Flushing, NY", "Level": 2.0 }, "geometry": { "type": "Point", "coordinates": [ -73.8335075, 40.7634075 ] } },
{ "type": "Feature", "properties": { "Business_Name": "China Buddhist Associates", "Address": "13612 39th Ave, Flushing, NY 11354, United States", "Keyword": "Chinese temple", "Neighborhood": "Flushing, NY", "Level": 2.0 }, "geometry": { "type": "Point", "coordinates": [ -73.8297468, 40.7602157 ] } },
{ "type": "Feature", "properties": { "Business_Name": "Fo Guang Shan New York Temple", "Address": "154-37 Barclay Ave, Flushing, NY 11355, United States", "Keyword": "Chinese temple", "Neighborhood": "Flushing, NY", "Level": 2.0 }, "geometry": { "type": "Point", "coordinates": [ -73.8095143, 40.7622107 ] } },
{ "type": "Feature", "properties": { "Business_Name": "World Buddhist Ch'an Jing Center", "Address": "43-35 Main St, Flushing, NY 11355, United States", "Keyword": "Chinese temple", "Neighborhood": "Flushing, NY", "Level": 2.0 }, "geometry": { "type": "Point", "coordinates": [ -73.826016600000017, 40.7516925 ] } },
{ "type": "Feature", "properties": { "Business_Name": "The Hindu Temple Society of North America", "Address": "45-57 Bowne St, Flushing, NY 11355, United States", "Keyword": "Chinese temple", "Neighborhood": "Flushing, NY", "Level": 2.0 }, "geometry": { "type": "Point", "coordinates": [ -73.8169558, 40.7528108 ] } },
{ "type": "Feature", "properties": { "Business_Name": "True Buddha Diamond Temple of NY Inc., 真佛宗美國紐約金剛雷藏寺", "Address": "3332 148th St, Flushing, NY 11354, United States", "Keyword": "Chinese temple", "Neighborhood": "Flushing, NY", "Level": 2.0 }, "geometry": { "type": "Point", "coordinates": [ -73.8183361, 40.7680083 ] } },
{ "type": "Feature", "properties": { "Business_Name": "Myosetsuji Buddhist Temple", "Address": "42-32 Parsons Blvd, Flushing, NY 11355, United States", "Keyword": "Chinese temple", "Neighborhood": "Flushing, NY", "Level": 2.0 }, "geometry": { "type": "Point", "coordinates": [ -73.8190724, 40.7576546 ] } },
{ "type": "Feature", "properties": { "Business_Name": "Happy Buddha Precious Temple", "Address": "135-37 37th Ave #2a, Flushing, NY 11354, United States", "Keyword": "Chinese temple", "Neighborhood": "Flushing, NY", "Level": 2.0 }, "geometry": { "type": "Point", "coordinates": [ -73.8319332, 40.7613691 ] } },
{ "type": "Feature", "properties": { "Business_Name": "New York Hua Lian Tsu Hui", "Address": "2202 121st St, College Point, NY 11356, United States", "Keyword": "Chinese temple", "Neighborhood": "Flushing, NY", "Level": 2.0 }, "geometry": { "type": "Point", "coordinates": [ -73.8472208, 40.780028 ] } },
{ "type": "Feature", "properties": { "Business_Name": "Han Ma Um Zen Center of New York", "Address": "144-39 32nd Ave, Flushing, NY 11354, United States", "Keyword": "Chinese temple", "Neighborhood": "Flushing, NY", "Level": 2.0 }, "geometry": { "type": "Point", "coordinates": [ -73.8229352, 40.770509 ] } },
{ "type": "Feature", "properties": { "Business_Name": "Ny Chen S Buddha Associates", "Address": "46-38 Kissena Blvd, Flushing, NY 11355, United States", "Keyword": "Chinese temple", "Neighborhood": "Flushing, NY", "Level": 2.0 }, "geometry": { "type": "Point", "coordinates": [ -73.8183014, 40.7496578 ] } },
{ "type": "Feature", "properties": { "Business_Name": "Won Buddhism of America (Won Buddhism of New York)", "Address": "14342 Cherry Ave, Flushing, NY 11355, United States", "Keyword": "Chinese temple", "Neighborhood": "Flushing, NY", "Level": 2.0 }, "geometry": { "type": "Point", "coordinates": [ -73.818881, 40.7561949 ] } },
{ "type": "Feature", "properties": { "Business_Name": "Guanyin CItta 纽约法拉盛观音堂", "Address": "131-04 40th Rd 3rd fl, Flushing, NY 11354, United States", "Keyword": "Chinese temple", "Neighborhood": "Flushing, NY", "Level": 2.0 }, "geometry": { "type": "Point", "coordinates": [ -73.836178, 40.755636 ] } },
{ "type": "Feature", "properties": { "Business_Name": "Chinese For Christ NY Church", "Address": "14221 Franklin Ave, Flushing, NY 11355, United States", "Keyword": "Chinese church", "Neighborhood": "Flushing, NY", "Level": 2.0 }, "geometry": { "type": "Point", "coordinates": [ -73.823070200000018, 40.7570066 ] } },
{ "type": "Feature", "properties": { "Business_Name": "Chinese Evangel Mission Church of Queens", "Address": "20310 Rocky Hill Rd, Flushing, NY 11361, United States", "Keyword": "Chinese church", "Neighborhood": "Flushing, NY", "Level": 2.0 }, "geometry": { "type": "Point", "coordinates": [ -73.7770581, 40.7529508 ] } },
{ "type": "Feature", "properties": { "Business_Name": "Flushing Chinese United Methodist Church", "Address": "220-20 94th Dr, Queens Village, NY 11428, United States", "Keyword": "Chinese church", "Neighborhood": "Flushing, NY", "Level": 2.0 }, "geometry": { "type": "Point", "coordinates": [ -73.7340642, 40.7199003 ] } },
{ "type": "Feature", "properties": { "Business_Name": "华信教会 Chinese Faith Church", "Address": "133-32 41st Rd, Flushing, NY 11355, United States", "Keyword": "Chinese church", "Neighborhood": "Flushing, NY", "Level": 2.0 }, "geometry": { "type": "Point", "coordinates": [ -73.8300743, 40.7568378 ] } },
{ "type": "Feature", "properties": { "Business_Name": "Boon Church of Oversea Chinese Mission", "Address": "43-72 Bowne St, Flushing, NY 11355, United States", "Keyword": "Chinese church", "Neighborhood": "Flushing, NY", "Level": 2.0 }, "geometry": { "type": "Point", "coordinates": [ -73.8186615, 40.7539067 ] } },
{ "type": "Feature", "properties": { "Business_Name": "Chinese Alliance Center of the C&MA", "Address": "43-29 162nd St, Flushing, NY 11358, United States", "Keyword": "Chinese church", "Neighborhood": "Flushing, NY", "Level": 2.0 }, "geometry": { "type": "Point", "coordinates": [ -73.8040673, 40.7578086 ] } },
{ "type": "Feature", "properties": { "Business_Name": "Flushing Chinese Baptist Church", "Address": "154-29 65th Ave, Flushing, NY 11367, United States", "Keyword": "Chinese church", "Neighborhood": "Flushing, NY", "Level": 2.0 }, "geometry": { "type": "Point", "coordinates": [ -73.8134896, 40.7372814 ] } },
{ "type": "Feature", "properties": { "Business_Name": "纽约在基督里聚会", "Address": "134-28 Northern Blvd, Flushing, NY 11354, United States", "Keyword": "Chinese church", "Neighborhood": "Flushing, NY", "Level": 2.0 }, "geometry": { "type": "Point", "coordinates": [ -73.8336613, 40.7625013 ] } },
{ "type": "Feature", "properties": { "Business_Name": "生命之泉基督教会 Spring of Life Christian Church", "Address": "136-46 41st Ave, Flushing, NY 11355, United States", "Keyword": "Chinese church", "Neighborhood": "Flushing, NY", "Level": 2.0 }, "geometry": { "type": "Point", "coordinates": [ -73.8277085, 40.7587546 ] } },
{ "type": "Feature", "properties": { "Business_Name": "St. Michael's Roman Catholic Church", "Address": "13676 41st Ave, Flushing, NY 11355, United States", "Keyword": "Chinese church", "Neighborhood": "Flushing, NY", "Level": 2.0 }, "geometry": { "type": "Point", "coordinates": [ -73.826184, 40.7588493 ] } },
{ "type": "Feature", "properties": { "Business_Name": "Grace Christian Alliance Church - 137th Street 恩聯宣道會137街堂", "Address": "31-38 137th St 1st floor, Flushing, NY 11354, United States", "Keyword": "Chinese church", "Neighborhood": "Flushing, NY", "Level": 2.0 }, "geometry": { "type": "Point", "coordinates": [ -73.8312578, 40.7684582 ] } },
{ "type": "Feature", "properties": { "Business_Name": "Immanuel Lutheran Chinese and English Church", "Address": "44-10 192nd St, Flushing, NY 11358, United States", "Keyword": "Chinese church", "Neighborhood": "Flushing, NY", "Level": 2.0 }, "geometry": { "type": "Point", "coordinates": [ -73.7895974, 40.7562092 ] } },
{ "type": "Feature", "properties": { "Business_Name": "New Apostolic Church (Chinese)", "Address": "33-38 Farrington St #2c, Flushing, NY 11354, United States", "Keyword": "Chinese church", "Neighborhood": "Flushing, NY", "Level": 2.0 }, "geometry": { "type": "Point", "coordinates": [ -73.8324444, 40.7657347 ] } },
{ "type": "Feature", "properties": { "Business_Name": "Grace Christian Alliance Church - 162nd Street 恩聯宣道會162街堂", "Address": "43-29, 43-29 162nd St, Flushing, NY 11358, United States", "Keyword": "Chinese church", "Neighborhood": "Flushing, NY", "Level": 2.0 }, "geometry": { "type": "Point", "coordinates": [ -73.8040637, 40.7578088 ] } },
{ "type": "Feature", "properties": { "Business_Name": "Queens Flushing Gospel Chines", "Address": "3907 Prince St, Flushing, NY 11354, United States", "Keyword": "Chinese church", "Neighborhood": "Flushing, NY", "Level": 2.0 }, "geometry": { "type": "Point", "coordinates": [ -73.8319682, 40.759505399999988 ] } },
{ "type": "Feature", "properties": { "Business_Name": "Nan Shan Senior Center", "Address": "136-18 39th Ave, Flushing, NY 11354, United States", "Keyword": "Chinese senior center", "Neighborhood": "Flushing, NY", "Level": 2.0 }, "geometry": { "type": "Point", "coordinates": [ -73.8295917, 40.7602571 ] } },
{ "type": "Feature", "properties": { "Business_Name": "Chinese Community Center of Flushing", "Address": "4317 Union St level c, Flushing, NY 11355, United States", "Keyword": "Chinese community center", "Neighborhood": "Flushing, NY", "Level": 2.0 }, "geometry": { "type": "Point", "coordinates": [ -73.8211513, 40.754302 ] } },
{ "type": "Feature", "properties": { "Business_Name": "Chinese Community Center of Flushing", "Address": "4317 Union St level c, Flushing, NY 11355, United States", "Keyword": "Chinese association", "Neighborhood": "Flushing, NY", "Level": 2.0 }, "geometry": { "type": "Point", "coordinates": [ -73.8211513, 40.754302 ] } },
{ "type": "Feature", "properties": { "Business_Name": "Flushing Chinese Business Association", "Address": "4048 Main St #302, Flushing, NY 11354, United States", "Keyword": "Chinese association", "Neighborhood": "Flushing, NY", "Level": 2.0 }, "geometry": { "type": "Point", "coordinates": [ -73.8297542, 40.7583245 ] } },
{ "type": "Feature", "properties": { "Business_Name": "Chinese Alliance Center of the C&MA", "Address": "43-29 162nd St, Flushing, NY 11358, United States", "Keyword": "Chinese association", "Neighborhood": "Flushing, NY", "Level": 2.0 }, "geometry": { "type": "Point", "coordinates": [ -73.8040673, 40.7578086 ] } },
{ "type": "Feature", "properties": { "Business_Name": "Chinese American Parents Association", "Address": "133-31 39th Ave, Flushing, NY 11354, United States", "Keyword": "Chinese association", "Neighborhood": "Flushing, NY", "Level": 2.0 }, "geometry": { "type": "Point", "coordinates": [ -73.8337289, 40.7601186 ] } },
{ "type": "Feature", "properties": { "Business_Name": "Chinese-American Planning Council", "Address": "133-14 41st Ave, Flushing, NY 11355, United States", "Keyword": "Chinese association", "Neighborhood": "Flushing, NY", "Level": 2.0 }, "geometry": { "type": "Point", "coordinates": [ -73.8312903, 40.7571862 ] } },
{ "type": "Feature", "properties": { "Business_Name": "全球退党服务中心 Global Service Center for Quitting the Chinese Communist Party", "Address": "40-46 Main St # 201, Flushing, NY 11354, United States", "Keyword": "Chinese association", "Neighborhood": "Flushing, NY", "Level": 2.0 }, "geometry": { "type": "Point", "coordinates": [ -73.829765100000017, 40.7583559 ] } },
{ "type": "Feature", "properties": { "Business_Name": "Chinese Organizations in the US", "Address": "149-35 Cherry Ave, Flushing, NY 11355, United States", "Keyword": "Chinese association", "Neighborhood": "Flushing, NY", "Level": 2.0 }, "geometry": { "type": "Point", "coordinates": [ -73.8127402, 40.7585478 ] } },
{ "type": "Feature", "properties": { "Business_Name": "Chinese American Real Estate Association", "Address": "136-20 38th Ave #11a, Flushing, NY 11354, United States", "Keyword": "Chinese association", "Neighborhood": "Flushing, NY", "Level": 2.0 }, "geometry": { "type": "Point", "coordinates": [ -73.8298336, 40.7607693 ] } },
{ "type": "Feature", "properties": { "Business_Name": "Association of Chinese American Physicians", "Address": "131-07 40th Rd # E32, Flushing, NY 11354, United States", "Keyword": "Chinese association", "Neighborhood": "Flushing, NY", "Level": 2.0 }, "geometry": { "type": "Point", "coordinates": [ -73.835746700000016, 40.7575906 ] } },
{ "type": "Feature", "properties": { "Business_Name": "New York Chinese Community Center", "Address": "62 Mott St, New York, NY 10013, United States", "Keyword": "Chinese association", "Neighborhood": "Flushing, NY", "Level": 2.0 }, "geometry": { "type": "Point", "coordinates": [ -73.9981392, 40.7160503 ] } },
{ "type": "Feature", "properties": { "Business_Name": "Taiwan Center Inc. 紐約台灣會館", "Address": "137-44 Northern Blvd, Flushing, NY 11354, United States", "Keyword": "Chinese association", "Neighborhood": "Flushing, NY", "Level": 2.0 }, "geometry": { "type": "Point", "coordinates": [ -73.8295544, 40.763285499999988 ] } },
{ "type": "Feature", "properties": { "Business_Name": "China Town Planning Council", "Address": "14230 Barclay Ave, Flushing, NY 11355, United States", "Keyword": "Chinese association", "Neighborhood": "Flushing, NY", "Level": 2.0 }, "geometry": { "type": "Point", "coordinates": [ -73.8237992, 40.7581963 ] } },
{ "type": "Feature", "properties": { "Business_Name": "China Buddhist Associates", "Address": "13612 39th Ave, Flushing, NY 11354, United States", "Keyword": "Chinese association", "Neighborhood": "Flushing, NY", "Level": 2.0 }, "geometry": { "type": "Point", "coordinates": [ -73.8297468, 40.7602157 ] } },
{ "type": "Feature", "properties": { "Business_Name": "Chinese American Parent-Student Council", "Address": "41-70 Main St b320, Flushing, NY 11355, United States", "Keyword": "Chinese association", "Neighborhood": "Flushing, NY", "Level": 2.0 }, "geometry": { "type": "Point", "coordinates": [ -73.828892, 40.7560266 ] } },
{ "type": "Feature", "properties": { "Business_Name": "Chung Fat Supermarket", "Address": "41-82 Main St, Flushing, NY 11355, United States", "Keyword": "华人超市", "Neighborhood": "Flushing, NY", "Level": 2.0 }, "geometry": { "type": "Point", "coordinates": [ -73.8285697, 40.7556609 ] } },
{ "type": "Feature", "properties": { "Business_Name": "Hua Lian Supermarket", "Address": "25-03 Parsons Blvd, Flushing, NY 11354, United States", "Keyword": "华人超市", "Neighborhood": "Flushing, NY", "Level": 2.0 }, "geometry": { "type": "Point", "coordinates": [ -73.8236111, 40.7763889 ] } },
{ "type": "Feature", "properties": { "Business_Name": "SkyFoods Supermarket", "Address": "40-24 College Point Blvd, Flushing, NY 11354, United States", "Keyword": "华人超市", "Neighborhood": "Flushing, NY", "Level": 2.0 }, "geometry": { "type": "Point", "coordinates": [ -73.8356575, 40.757229 ] } },
{ "type": "Feature", "properties": { "Business_Name": "Xinlongxing Supermarket", "Address": "135-35 Roosevelt Ave, Flushing, NY 11354, United States", "Keyword": "华人超市", "Neighborhood": "Flushing, NY", "Level": 2.0 }, "geometry": { "type": "Point", "coordinates": [ -73.8307772, 40.7595051 ] } },
{ "type": "Feature", "properties": { "Business_Name": "Chang Jiang Supermarket", "Address": "41-41 Kissena Blvd, Flushing, NY 11355, United States", "Keyword": "华人超市", "Neighborhood": "Flushing, NY", "Level": 2.0 }, "geometry": { "type": "Point", "coordinates": [ -73.8281022, 40.7579426 ] } },
{ "type": "Feature", "properties": { "Business_Name": "Zhong US Supermarket Inc", "Address": "5911 Main St, Flushing, NY 11355, United States", "Keyword": "华人超市", "Neighborhood": "Flushing, NY", "Level": 2.0 }, "geometry": { "type": "Point", "coordinates": [ -73.8254036, 40.7433895 ] } },
{ "type": "Feature", "properties": { "Business_Name": "Jmart", "Address": "136-20 Roosevelt Ave, Flushing, NY 11354, United States", "Keyword": "华人超市", "Neighborhood": "Flushing, NY", "Level": 2.0 }, "geometry": { "type": "Point", "coordinates": [ -73.8296876, 40.7590799 ] } },
{ "type": "Feature", "properties": { "Business_Name": "GW Supermarket", "Address": "41-79 Main St, Flushing, NY 11355, United States", "Keyword": "华人超市", "Neighborhood": "Flushing, NY", "Level": 2.0 }, "geometry": { "type": "Point", "coordinates": [ -73.8282424, 40.7558979 ] } },
{ "type": "Feature", "properties": { "Business_Name": "兴旺超市(25A)", "Address": "160-06 Northern Blvd, Flushing, NY 11358, United States", "Keyword": "华人超市", "Neighborhood": "Flushing, NY", "Level": 2.0 }, "geometry": { "type": "Point", "coordinates": [ -73.8053352, 40.7626715 ] } },
{ "type": "Feature", "properties": { "Business_Name": "New Age Market", "Address": "160-06 Northern Blvd, Flushing, NY 11358, United States", "Keyword": "华人超市", "Neighborhood": "Flushing, NY", "Level": 2.0 }, "geometry": { "type": "Point", "coordinates": [ -73.8054822, 40.762244 ] } },
{ "type": "Feature", "properties": { "Business_Name": "Gold City Supermarket", "Address": "46-31 Kissena Blvd, Flushing, NY 11355, United States", "Keyword": "华人超市", "Neighborhood": "Flushing, NY", "Level": 2.0 }, "geometry": { "type": "Point", "coordinates": [ -73.8179222, 40.7502386 ] } },
{ "type": "Feature", "properties": { "Business_Name": "DC Flushing Market", "Address": "133-54 41st Ave, Flushing, NY 11355, United States", "Keyword": "华人超市", "Neighborhood": "Flushing, NY", "Level": 2.0 }, "geometry": { "type": "Point", "coordinates": [ -73.8300763, 40.7578417 ] } },
{ "type": "Feature", "properties": { "Business_Name": "US 1 Supermarket", "Address": "39-12 Main St, Flushing, NY 11354, United States", "Keyword": "华人超市", "Neighborhood": "Flushing, NY", "Level": 2.0 }, "geometry": { "type": "Point", "coordinates": [ -73.830426, 40.7597722 ] } },
{ "type": "Feature", "properties": { "Business_Name": "CHANG JIANG DEPARTMENT STORE INC", "Address": "40-33 Main St, Flushing, NY 11354, United States", "Keyword": "华人超市", "Neighborhood": "Flushing, NY", "Level": 2.0 }, "geometry": { "type": "Point", "coordinates": [ -73.8295246, 40.7586741 ] } },
{ "type": "Feature", "properties": { "Business_Name": "Flushing Fei Long Market 法拉盛飛龍超市", "Address": "44-44 College Point Blvd, Flushing, NY 11355, United States", "Keyword": "华人超市", "Neighborhood": "Flushing, NY", "Level": 2.0 }, "geometry": { "type": "Point", "coordinates": [ -73.8331167, 40.7527307 ] } },
{ "type": "Feature", "properties": { "Business_Name": "Great Wall Supermarket", "Address": "144-50 Northern Blvd, Flushing, NY 11354, United States", "Keyword": "华人超市", "Neighborhood": "Flushing, NY", "Level": 2.0 }, "geometry": { "type": "Point", "coordinates": [ -73.8216179, 40.7647366 ] } },
{ "type": "Feature", "properties": { "Business_Name": "新中美超級市場Yong Fa Supermarket", "Address": "59-11 Main St, Flushing, NY 11355, United States", "Keyword": "华人超市", "Neighborhood": "Flushing, NY", "Level": 2.0 }, "geometry": { "type": "Point", "coordinates": [ -73.8252702, 40.7434781 ] } },
{ "type": "Feature", "properties": { "Business_Name": "SkyFoods", "Address": "42-28 Main St, Flushing, NY 11354, United States", "Keyword": "华人超市", "Neighborhood": "Flushing, NY", "Level": 2.0 }, "geometry": { "type": "Point", "coordinates": [ -73.8282439, 40.7546392 ] } },
{ "type": "Feature", "properties": { "Business_Name": "New World Mall", "Address": "136-20 Roosevelt Ave, Flushing, NY 11354, United States", "Keyword": "华人超市", "Neighborhood": "Flushing, NY", "Level": 2.0 }, "geometry": { "type": "Point", "coordinates": [ -73.8291722, 40.7593415 ] } },
{ "type": "Feature", "properties": { "Business_Name": "SeasonFresh Supermarket", "Address": "3125 Downing St, Flushing, NY 11354, United States", "Keyword": "华人超市", "Neighborhood": "Flushing, NY", "Level": 2.0 }, "geometry": { "type": "Point", "coordinates": [ -73.835685, 40.7685616 ] } },
{ "type": "Feature", "properties": { "Business_Name": "Hua Lian Supermarket", "Address": "25-03 Parsons Blvd, Flushing, NY 11354, United States", "Keyword": "华超", "Neighborhood": "Flushing, NY", "Level": 2.0 }, "geometry": { "type": "Point", "coordinates": [ -73.8236111, 40.7763889 ] } },
{ "type": "Feature", "properties": { "Business_Name": "GW Supermarket", "Address": "41-79 Main St, Flushing, NY 11355, United States", "Keyword": "华超", "Neighborhood": "Flushing, NY", "Level": 2.0 }, "geometry": { "type": "Point", "coordinates": [ -73.8282424, 40.7558979 ] } },
{ "type": "Feature", "properties": { "Business_Name": "Zhong US Supermarket Inc", "Address": "5911 Main St, Flushing, NY 11355, United States", "Keyword": "华超", "Neighborhood": "Flushing, NY", "Level": 2.0 }, "geometry": { "type": "Point", "coordinates": [ -73.8254036, 40.7433895 ] } },
{ "type": "Feature", "properties": { "Business_Name": "Chang Jiang Supermarket", "Address": "41-41 Kissena Blvd, Flushing, NY 11355, United States", "Keyword": "华超", "Neighborhood": "Flushing, NY", "Level": 2.0 }, "geometry": { "type": "Point", "coordinates": [ -73.8281022, 40.7579426 ] } },
{ "type": "Feature", "properties": { "Business_Name": "SkyFoods Supermarket", "Address": "40-24 College Point Blvd, Flushing, NY 11354, United States", "Keyword": "华超", "Neighborhood": "Flushing, NY", "Level": 2.0 }, "geometry": { "type": "Point", "coordinates": [ -73.8356575, 40.757229 ] } },
{ "type": "Feature", "properties": { "Business_Name": "Chung Fat Supermarket", "Address": "41-82 Main St, Flushing, NY 11355, United States", "Keyword": "华超", "Neighborhood": "Flushing, NY", "Level": 2.0 }, "geometry": { "type": "Point", "coordinates": [ -73.8285697, 40.7556609 ] } },
{ "type": "Feature", "properties": { "Business_Name": "新中美超級市場Yong Fa Supermarket", "Address": "59-11 Main St, Flushing, NY 11355, United States", "Keyword": "华超", "Neighborhood": "Flushing, NY", "Level": 2.0 }, "geometry": { "type": "Point", "coordinates": [ -73.8252702, 40.7434781 ] } },
{ "type": "Feature", "properties": { "Business_Name": "Jmart", "Address": "136-20 Roosevelt Ave, Flushing, NY 11354, United States", "Keyword": "华超", "Neighborhood": "Flushing, NY", "Level": 2.0 }, "geometry": { "type": "Point", "coordinates": [ -73.8296876, 40.7590799 ] } },
{ "type": "Feature", "properties": { "Business_Name": "华联市场 Hua Lian Supermarket", "Address": "193-01 Northern Blvd, Flushing, NY 11358, United States", "Keyword": "华超", "Neighborhood": "Flushing, NY", "Level": 2.0 }, "geometry": { "type": "Point", "coordinates": [ -73.7879579, 40.7581723 ] } },
{ "type": "Feature", "properties": { "Business_Name": "Great Wall Supermarket", "Address": "144-50 Northern Blvd, Flushing, NY 11354, United States", "Keyword": "华超", "Neighborhood": "Flushing, NY", "Level": 2.0 }, "geometry": { "type": "Point", "coordinates": [ -73.8216179, 40.7647366 ] } },
{ "type": "Feature", "properties": { "Business_Name": "US 1 Supermarket", "Address": "39-12 Main St, Flushing, NY 11354, United States", "Keyword": "华超", "Neighborhood": "Flushing, NY", "Level": 2.0 }, "geometry": { "type": "Point", "coordinates": [ -73.830426, 40.7597722 ] } },
{ "type": "Feature", "properties": { "Business_Name": "CHANG JIANG DEPARTMENT STORE INC", "Address": "40-33 Main St, Flushing, NY 11354, United States", "Keyword": "华超", "Neighborhood": "Flushing, NY", "Level": 2.0 }, "geometry": { "type": "Point", "coordinates": [ -73.8295246, 40.7586741 ] } },
{ "type": "Feature", "properties": { "Business_Name": "兴旺超市(25A)", "Address": "160-06 Northern Blvd, Flushing, NY 11358, United States", "Keyword": "华超", "Neighborhood": "Flushing, NY", "Level": 2.0 }, "geometry": { "type": "Point", "coordinates": [ -73.8053352, 40.7626715 ] } },
{ "type": "Feature", "properties": { "Business_Name": "New Age Market", "Address": "160-06 Northern Blvd, Flushing, NY 11358, United States", "Keyword": "华超", "Neighborhood": "Flushing, NY", "Level": 2.0 }, "geometry": { "type": "Point", "coordinates": [ -73.8054822, 40.762244 ] } },
{ "type": "Feature", "properties": { "Business_Name": "Gold City Supermarket", "Address": "46-31 Kissena Blvd, Flushing, NY 11355, United States", "Keyword": "华超", "Neighborhood": "Flushing, NY", "Level": 2.0 }, "geometry": { "type": "Point", "coordinates": [ -73.8179222, 40.7502386 ] } },
{ "type": "Feature", "properties": { "Business_Name": "Xinlongxing Supermarket", "Address": "135-35 Roosevelt Ave, Flushing, NY 11354, United States", "Keyword": "华超", "Neighborhood": "Flushing, NY", "Level": 2.0 }, "geometry": { "type": "Point", "coordinates": [ -73.8307772, 40.7595051 ] } },
{ "type": "Feature", "properties": { "Business_Name": "SkyFoods", "Address": "42-28 Main St, Flushing, NY 11354, United States", "Keyword": "华超", "Neighborhood": "Flushing, NY", "Level": 2.0 }, "geometry": { "type": "Point", "coordinates": [ -73.8282439, 40.7546392 ] } },
{ "type": "Feature", "properties": { "Business_Name": "H Mart Roosevelt", "Address": "142-41 Roosevelt Ave, Flushing, NY 11354, United States", "Keyword": "华超", "Neighborhood": "Flushing, NY", "Level": 2.0 }, "geometry": { "type": "Point", "coordinates": [ -73.8246733, 40.7610777 ] } },
{ "type": "Feature", "properties": { "Business_Name": "Good Fortune Supermarket", "Address": "42-76 Main St #2c, Flushing, NY 11355, United States", "Keyword": "华超", "Neighborhood": "Flushing, NY", "Level": 2.0 }, "geometry": { "type": "Point", "coordinates": [ -73.8275694, 40.7530889 ] } },
{ "type": "Feature", "properties": { "Business_Name": "Hanyang Mart", "Address": "150-51 Northern Blvd, Flushing, NY 11354, United States", "Keyword": "华超", "Neighborhood": "Flushing, NY", "Level": 2.0 }, "geometry": { "type": "Point", "coordinates": [ -73.8133617, 40.7656059 ] } },
{ "type": "Feature", "properties": { "Business_Name": "Chang Jiang Supermarket", "Address": "41-41 Kissena Blvd, Flushing, NY 11355, United States", "Keyword": "中国超市", "Neighborhood": "Flushing, NY", "Level": 2.0 }, "geometry": { "type": "Point", "coordinates": [ -73.8281022, 40.7579426 ] } },
{ "type": "Feature", "properties": { "Business_Name": "Chung Fat Supermarket", "Address": "41-82 Main St, Flushing, NY 11355, United States", "Keyword": "中国超市", "Neighborhood": "Flushing, NY", "Level": 2.0 }, "geometry": { "type": "Point", "coordinates": [ -73.8285697, 40.7556609 ] } },
{ "type": "Feature", "properties": { "Business_Name": "Xinlongxing Supermarket", "Address": "135-35 Roosevelt Ave, Flushing, NY 11354, United States", "Keyword": "中国超市", "Neighborhood": "Flushing, NY", "Level": 2.0 }, "geometry": { "type": "Point", "coordinates": [ -73.8307772, 40.7595051 ] } },
{ "type": "Feature", "properties": { "Business_Name": "SkyFoods Supermarket", "Address": "40-24 College Point Blvd, Flushing, NY 11354, United States", "Keyword": "中国超市", "Neighborhood": "Flushing, NY", "Level": 2.0 }, "geometry": { "type": "Point", "coordinates": [ -73.8356575, 40.757229 ] } },
{ "type": "Feature", "properties": { "Business_Name": "GW Supermarket", "Address": "41-79 Main St, Flushing, NY 11355, United States", "Keyword": "中国超市", "Neighborhood": "Flushing, NY", "Level": 2.0 }, "geometry": { "type": "Point", "coordinates": [ -73.8282424, 40.7558979 ] } },
{ "type": "Feature", "properties": { "Business_Name": "Zhong US Supermarket Inc", "Address": "5911 Main St, Flushing, NY 11355, United States", "Keyword": "中国超市", "Neighborhood": "Flushing, NY", "Level": 2.0 }, "geometry": { "type": "Point", "coordinates": [ -73.8254036, 40.7433895 ] } },
{ "type": "Feature", "properties": { "Business_Name": "Jmart", "Address": "136-20 Roosevelt Ave, Flushing, NY 11354, United States", "Keyword": "中国超市", "Neighborhood": "Flushing, NY", "Level": 2.0 }, "geometry": { "type": "Point", "coordinates": [ -73.8296876, 40.7590799 ] } },
{ "type": "Feature", "properties": { "Business_Name": "Hua Lian Supermarket", "Address": "25-03 Parsons Blvd, Flushing, NY 11354, United States", "Keyword": "中国超市", "Neighborhood": "Flushing, NY", "Level": 2.0 }, "geometry": { "type": "Point", "coordinates": [ -73.8236111, 40.7763889 ] } },
{ "type": "Feature", "properties": { "Business_Name": "兴旺超市(25A)", "Address": "160-06 Northern Blvd, Flushing, NY 11358, United States", "Keyword": "中国超市", "Neighborhood": "Flushing, NY", "Level": 2.0 }, "geometry": { "type": "Point", "coordinates": [ -73.8053352, 40.7626715 ] } },
{ "type": "Feature", "properties": { "Business_Name": "Gold City Supermarket", "Address": "46-31 Kissena Blvd, Flushing, NY 11355, United States", "Keyword": "中国超市", "Neighborhood": "Flushing, NY", "Level": 2.0 }, "geometry": { "type": "Point", "coordinates": [ -73.8179222, 40.7502386 ] } },
{ "type": "Feature", "properties": { "Business_Name": "US 1 Supermarket", "Address": "39-12 Main St, Flushing, NY 11354, United States", "Keyword": "中国超市", "Neighborhood": "Flushing, NY", "Level": 2.0 }, "geometry": { "type": "Point", "coordinates": [ -73.830426, 40.7597722 ] } },
{ "type": "Feature", "properties": { "Business_Name": "新中美超級市場Yong Fa Supermarket", "Address": "59-11 Main St, Flushing, NY 11355, United States", "Keyword": "中国超市", "Neighborhood": "Flushing, NY", "Level": 2.0 }, "geometry": { "type": "Point", "coordinates": [ -73.8252702, 40.7434781 ] } },
{ "type": "Feature", "properties": { "Business_Name": "CHANG JIANG DEPARTMENT STORE INC", "Address": "40-33 Main St, Flushing, NY 11354, United States", "Keyword": "中国超市", "Neighborhood": "Flushing, NY", "Level": 2.0 }, "geometry": { "type": "Point", "coordinates": [ -73.8295246, 40.7586741 ] } },
{ "type": "Feature", "properties": { "Business_Name": "Flushing Fei Long Market 法拉盛飛龍超市", "Address": "44-44 College Point Blvd, Flushing, NY 11355, United States", "Keyword": "中国超市", "Neighborhood": "Flushing, NY", "Level": 2.0 }, "geometry": { "type": "Point", "coordinates": [ -73.8331167, 40.7527307 ] } },
{ "type": "Feature", "properties": { "Business_Name": "New Age Market", "Address": "160-06 Northern Blvd, Flushing, NY 11358, United States", "Keyword": "中国超市", "Neighborhood": "Flushing, NY", "Level": 2.0 }, "geometry": { "type": "Point", "coordinates": [ -73.8054822, 40.762244 ] } },
{ "type": "Feature", "properties": { "Business_Name": "DC Flushing Market", "Address": "133-54 41st Ave, Flushing, NY 11355, United States", "Keyword": "中国超市", "Neighborhood": "Flushing, NY", "Level": 2.0 }, "geometry": { "type": "Point", "coordinates": [ -73.8300763, 40.7578417 ] } },
{ "type": "Feature", "properties": { "Business_Name": "Great Wall Supermarket", "Address": "144-50 Northern Blvd, Flushing, NY 11354, United States", "Keyword": "中国超市", "Neighborhood": "Flushing, NY", "Level": 2.0 }, "geometry": { "type": "Point", "coordinates": [ -73.8216179, 40.7647366 ] } },
{ "type": "Feature", "properties": { "Business_Name": "Chung Fat Supermarket", "Address": "41-82 Main St, Flushing, NY 11355, United States", "Keyword": "华人杂货店", "Neighborhood": "Flushing, NY", "Level": 2.0 }, "geometry": { "type": "Point", "coordinates": [ -73.8285697, 40.7556609 ] } },
{ "type": "Feature", "properties": { "Business_Name": "Zhong US Supermarket Inc", "Address": "5911 Main St, Flushing, NY 11355, United States", "Keyword": "华人杂货店", "Neighborhood": "Flushing, NY", "Level": 2.0 }, "geometry": { "type": "Point", "coordinates": [ -73.8254036, 40.7433895 ] } },
{ "type": "Feature", "properties": { "Business_Name": "Hua Lian Supermarket", "Address": "25-03 Parsons Blvd, Flushing, NY 11354, United States", "Keyword": "华人杂货店", "Neighborhood": "Flushing, NY", "Level": 2.0 }, "geometry": { "type": "Point", "coordinates": [ -73.8236111, 40.7763889 ] } },
{ "type": "Feature", "properties": { "Business_Name": "SkyFoods Supermarket", "Address": "40-24 College Point Blvd, Flushing, NY 11354, United States", "Keyword": "华人杂货店", "Neighborhood": "Flushing, NY", "Level": 2.0 }, "geometry": { "type": "Point", "coordinates": [ -73.8356575, 40.757229 ] } },
{ "type": "Feature", "properties": { "Business_Name": "Chang Jiang Supermarket", "Address": "41-41 Kissena Blvd, Flushing, NY 11355, United States", "Keyword": "华人杂货店", "Neighborhood": "Flushing, NY", "Level": 2.0 }, "geometry": { "type": "Point", "coordinates": [ -73.8281022, 40.7579426 ] } },
{ "type": "Feature", "properties": { "Business_Name": "Xinlongxing Supermarket", "Address": "135-35 Roosevelt Ave, Flushing, NY 11354, United States", "Keyword": "华人杂货店", "Neighborhood": "Flushing, NY", "Level": 2.0 }, "geometry": { "type": "Point", "coordinates": [ -73.8307772, 40.7595051 ] } },
{ "type": "Feature", "properties": { "Business_Name": "CHANG JIANG DEPARTMENT STORE INC", "Address": "40-33 Main St, Flushing, NY 11354, United States", "Keyword": "华人杂货店", "Neighborhood": "Flushing, NY", "Level": 2.0 }, "geometry": { "type": "Point", "coordinates": [ -73.8295246, 40.7586741 ] } },
{ "type": "Feature", "properties": { "Business_Name": "GW Supermarket", "Address": "41-79 Main St, Flushing, NY 11355, United States", "Keyword": "华人杂货店", "Neighborhood": "Flushing, NY", "Level": 2.0 }, "geometry": { "type": "Point", "coordinates": [ -73.8282424, 40.7558979 ] } },
{ "type": "Feature", "properties": { "Business_Name": "DC Flushing Market", "Address": "133-54 41st Ave, Flushing, NY 11355, United States", "Keyword": "华人杂货店", "Neighborhood": "Flushing, NY", "Level": 2.0 }, "geometry": { "type": "Point", "coordinates": [ -73.8300763, 40.7578417 ] } },
{ "type": "Feature", "properties": { "Business_Name": "兴旺超市(25A)", "Address": "160-06 Northern Blvd, Flushing, NY 11358, United States", "Keyword": "华人杂货店", "Neighborhood": "Flushing, NY", "Level": 2.0 }, "geometry": { "type": "Point", "coordinates": [ -73.8053352, 40.7626715 ] } },
{ "type": "Feature", "properties": { "Business_Name": "旺角杂货店", "Address": "34-26 Union St, Flushing, NY 11354, United States", "Keyword": "华人杂货店", "Neighborhood": "Flushing, NY", "Level": 2.0 }, "geometry": { "type": "Point", "coordinates": [ -73.8277962, 40.7662529 ] } },
{ "type": "Feature", "properties": { "Business_Name": "Jmart", "Address": "136-20 Roosevelt Ave, Flushing, NY 11354, United States", "Keyword": "华人杂货店", "Neighborhood": "Flushing, NY", "Level": 2.0 }, "geometry": { "type": "Point", "coordinates": [ -73.8296876, 40.7590799 ] } },
{ "type": "Feature", "properties": { "Business_Name": "Flushing Fei Long Market 法拉盛飛龍超市", "Address": "44-44 College Point Blvd, Flushing, NY 11355, United States", "Keyword": "华人杂货店", "Neighborhood": "Flushing, NY", "Level": 2.0 }, "geometry": { "type": "Point", "coordinates": [ -73.8331167, 40.7527307 ] } },
{ "type": "Feature", "properties": { "Business_Name": "SkyFoods", "Address": "42-28 Main St, Flushing, NY 11354, United States", "Keyword": "华人杂货店", "Neighborhood": "Flushing, NY", "Level": 2.0 }, "geometry": { "type": "Point", "coordinates": [ -73.8282439, 40.7546392 ] } },
{ "type": "Feature", "properties": { "Business_Name": "Heartland NY", "Address": "133-41 41st Ave, Flushing, NY 11355, United States", "Keyword": "华人杂货店", "Neighborhood": "Flushing, NY", "Level": 2.0 }, "geometry": { "type": "Point", "coordinates": [ -73.8307433, 40.757754 ] } },
{ "type": "Feature", "properties": { "Business_Name": "Gold City Supermarket", "Address": "46-31 Kissena Blvd, Flushing, NY 11355, United States", "Keyword": "华人杂货店", "Neighborhood": "Flushing, NY", "Level": 2.0 }, "geometry": { "type": "Point", "coordinates": [ -73.8179222, 40.7502386 ] } },
{ "type": "Feature", "properties": { "Business_Name": "新中美超級市場Yong Fa Supermarket", "Address": "59-11 Main St, Flushing, NY 11355, United States", "Keyword": "华人杂货店", "Neighborhood": "Flushing, NY", "Level": 2.0 }, "geometry": { "type": "Point", "coordinates": [ -73.8252702, 40.7434781 ] } },
{ "type": "Feature", "properties": { "Business_Name": "Great Wall Supermarket", "Address": "144-50 Northern Blvd, Flushing, NY 11354, United States", "Keyword": "华人杂货店", "Neighborhood": "Flushing, NY", "Level": 2.0 }, "geometry": { "type": "Point", "coordinates": [ -73.8216179, 40.7647366 ] } },
{ "type": "Feature", "properties": { "Business_Name": "RI SHENG GROCERY 日昇杂货店", "Address": "60-02 Main St, Flushing, NY 11355, United States", "Keyword": "华人杂货店", "Neighborhood": "Flushing, NY", "Level": 2.0 }, "geometry": { "type": "Point", "coordinates": [ -73.825889, 40.743054 ] } },
{ "type": "Feature", "properties": { "Business_Name": "US 1 Supermarket", "Address": "39-12 Main St, Flushing, NY 11354, United States", "Keyword": "华人杂货店", "Neighborhood": "Flushing, NY", "Level": 2.0 }, "geometry": { "type": "Point", "coordinates": [ -73.830426, 40.7597722 ] } },
{ "type": "Feature", "properties": { "Business_Name": "World Buddhist Ch'an Jing Center", "Address": "43-35 Main St, Flushing, NY 11355, United States", "Keyword": "華人寺庙", "Neighborhood": "Flushing, NY", "Level": 2.0 }, "geometry": { "type": "Point", "coordinates": [ -73.826016600000017, 40.7516925 ] } },
{ "type": "Feature", "properties": { "Business_Name": "China Buddhist Associates", "Address": "13612 39th Ave, Flushing, NY 11354, United States", "Keyword": "華人寺庙", "Neighborhood": "Flushing, NY", "Level": 2.0 }, "geometry": { "type": "Point", "coordinates": [ -73.8297468, 40.7602157 ] } },
{ "type": "Feature", "properties": { "Business_Name": "Fo Guang Shan New York Temple", "Address": "154-37 Barclay Ave, Flushing, NY 11355, United States", "Keyword": "華人寺庙", "Neighborhood": "Flushing, NY", "Level": 2.0 }, "geometry": { "type": "Point", "coordinates": [ -73.8095143, 40.7622107 ] } },
{ "type": "Feature", "properties": { "Business_Name": "法拉盛静安寺 Jing An Temple of Flushing", "Address": "35-22 Prince St, Flushing, NY 11354, United States", "Keyword": "華人寺庙", "Neighborhood": "Flushing, NY", "Level": 2.0 }, "geometry": { "type": "Point", "coordinates": [ -73.8335075, 40.7634075 ] } },
{ "type": "Feature", "properties": { "Business_Name": "Guanyin CItta 纽约法拉盛观音堂", "Address": "131-04 40th Rd 3rd fl, Flushing, NY 11354, United States", "Keyword": "華人寺庙", "Neighborhood": "Flushing, NY", "Level": 2.0 }, "geometry": { "type": "Point", "coordinates": [ -73.836178, 40.755636 ] } },
{ "type": "Feature", "properties": { "Business_Name": "善觉寺 Six Harmonies Buddhist Association", "Address": "45-12 164th St, Flushing, NY 11358, United States", "Keyword": "華人寺庙", "Neighborhood": "Flushing, NY", "Level": 2.0 }, "geometry": { "type": "Point", "coordinates": [ -73.8028374, 40.7559251 ] } },
{ "type": "Feature", "properties": { "Business_Name": "Han Ma Um Zen Center of New York", "Address": "144-39 32nd Ave, Flushing, NY 11354, United States", "Keyword": "華人寺庙", "Neighborhood": "Flushing, NY", "Level": 2.0 }, "geometry": { "type": "Point", "coordinates": [ -73.8229352, 40.770509 ] } },
{ "type": "Feature", "properties": { "Business_Name": "Ny Chen S Buddha Associates", "Address": "46-38 Kissena Blvd, Flushing, NY 11355, United States", "Keyword": "華人寺庙", "Neighborhood": "Flushing, NY", "Level": 2.0 }, "geometry": { "type": "Point", "coordinates": [ -73.8183014, 40.7496578 ] } },
{ "type": "Feature", "properties": { "Business_Name": "True Buddha Diamond Temple of NY Inc., 真佛宗美國紐約金剛雷藏寺", "Address": "3332 148th St, Flushing, NY 11354, United States", "Keyword": "華人寺庙", "Neighborhood": "Flushing, NY", "Level": 2.0 }, "geometry": { "type": "Point", "coordinates": [ -73.8183361, 40.7680083 ] } },
{ "type": "Feature", "properties": { "Business_Name": "Won Buddhism of America (Won Buddhism of New York)", "Address": "14342 Cherry Ave, Flushing, NY 11355, United States", "Keyword": "華人寺庙", "Neighborhood": "Flushing, NY", "Level": 2.0 }, "geometry": { "type": "Point", "coordinates": [ -73.818881, 40.7561949 ] } },
{ "type": "Feature", "properties": { "Business_Name": "New York Hua Lian Tsu Hui", "Address": "2202 121st St, College Point, NY 11356, United States", "Keyword": "華人寺庙", "Neighborhood": "Flushing, NY", "Level": 2.0 }, "geometry": { "type": "Point", "coordinates": [ -73.8472208, 40.780028 ] } },
{ "type": "Feature", "properties": { "Business_Name": "Yeonkuksa Buddhist Temple", "Address": "3131 Union St, Flushing, NY 11354, United States", "Keyword": "華人寺庙", "Neighborhood": "Flushing, NY", "Level": 2.0 }, "geometry": { "type": "Point", "coordinates": [ -73.8264595, 40.7691581 ] } },
{ "type": "Feature", "properties": { "Business_Name": "Happy Buddha Precious Temple", "Address": "135-37 37th Ave #2a, Flushing, NY 11354, United States", "Keyword": "華人寺庙", "Neighborhood": "Flushing, NY", "Level": 2.0 }, "geometry": { "type": "Point", "coordinates": [ -73.8319332, 40.7613691 ] } },
{ "type": "Feature", "properties": { "Business_Name": "II Wan Do Hong in Bub Dan USA", "Address": "16715 43rd Ave, Flushing, NY 11358, United States", "Keyword": "華人寺庙", "Neighborhood": "Flushing, NY", "Level": 2.0 }, "geometry": { "type": "Point", "coordinates": [ -73.7988459, 40.7584672 ] } },
{ "type": "Feature", "properties": { "Business_Name": "정명사 - Jung Myung Sa Buddhist Temple", "Address": "162-11 Sanford Ave, Flushing, NY 11358, United States", "Keyword": "華人寺庙", "Neighborhood": "Flushing, NY", "Level": 2.0 }, "geometry": { "type": "Point", "coordinates": [ -73.803407, 40.760415 ] } },
{ "type": "Feature", "properties": { "Business_Name": "New York Buddhist Vihara", "Address": "21422 Spencer Ave, Queens Village, NY 11427, United States", "Keyword": "華人寺庙", "Neighborhood": "Flushing, NY", "Level": 2.0 }, "geometry": { "type": "Point", "coordinates": [ -73.7509644, 40.7278673 ] } },
{ "type": "Feature", "properties": { "Business_Name": "Chan Meditation Center (法鼓山東初禪寺)", "Address": "91-26 Corona Ave., Elmhurst, NY 11373, United States", "Keyword": "華人寺庙", "Neighborhood": "Flushing, NY", "Level": 2.0 }, "geometry": { "type": "Point", "coordinates": [ -73.8726379, 40.7423522 ] } },
{ "type": "Feature", "properties": { "Business_Name": "和平精舍（佛堂）紐約法拉盛（悟善禪師）", "Address": "41-31 Main St, Flushing, NY 11355, United States", "Keyword": "華人寺庙", "Neighborhood": "Flushing, NY", "Level": 2.0 }, "geometry": { "type": "Point", "coordinates": [ -73.8288015, 40.757433 ] } },
{ "type": "Feature", "properties": { "Business_Name": "The Hindu Temple Society of North America", "Address": "45-57 Bowne St, Flushing, NY 11355, United States", "Keyword": "華人寺庙", "Neighborhood": "Flushing, NY", "Level": 2.0 }, "geometry": { "type": "Point", "coordinates": [ -73.8169558, 40.7528108 ] } },
{ "type": "Feature", "properties": { "Business_Name": "BUD ZEN CTR 뉴욕 대관음사 (한국불교대학 대관음사)", "Address": "3503 156th St, Flushing, NY 11354, United States", "Keyword": "華人寺庙", "Neighborhood": "Flushing, NY", "Level": 2.0 }, "geometry": { "type": "Point", "coordinates": [ -73.8086613, 40.7656787 ] } },
{ "type": "Feature", "properties": { "Business_Name": "和平精舍（佛堂）紐約法拉盛（悟善禪師）", "Address": "41-31 Main St, Flushing, NY 11355, United States", "Keyword": "佛堂", "Neighborhood": "Flushing, NY", "Level": 2.0 }, "geometry": { "type": "Point", "coordinates": [ -73.8288015, 40.757433 ] } },
{ "type": "Feature", "properties": { "Business_Name": "Fo Guang Shan New York Temple", "Address": "154-37 Barclay Ave, Flushing, NY 11355, United States", "Keyword": "佛堂", "Neighborhood": "Flushing, NY", "Level": 2.0 }, "geometry": { "type": "Point", "coordinates": [ -73.8095143, 40.7622107 ] } },
{ "type": "Feature", "properties": { "Business_Name": "True Buddha Diamond Temple of NY Inc., 真佛宗美國紐約金剛雷藏寺", "Address": "3332 148th St, Flushing, NY 11354, United States", "Keyword": "佛堂", "Neighborhood": "Flushing, NY", "Level": 2.0 }, "geometry": { "type": "Point", "coordinates": [ -73.8183361, 40.7680083 ] } },
{ "type": "Feature", "properties": { "Business_Name": "World Buddhist Ch'an Jing Center", "Address": "43-35 Main St, Flushing, NY 11355, United States", "Keyword": "佛堂", "Neighborhood": "Flushing, NY", "Level": 2.0 }, "geometry": { "type": "Point", "coordinates": [ -73.826016600000017, 40.7516925 ] } },
{ "type": "Feature", "properties": { "Business_Name": "Fo Guang Shan New York Temple", "Address": "154-37 Barclay Ave, Flushing, NY 11355, United States", "Keyword": "佛教中心", "Neighborhood": "Flushing, NY", "Level": 2.0 }, "geometry": { "type": "Point", "coordinates": [ -73.8095143, 40.7622107 ] } },
{ "type": "Feature", "properties": { "Business_Name": "World Buddhist Ch'an Jing Center", "Address": "43-35 Main St, Flushing, NY 11355, United States", "Keyword": "佛教中心", "Neighborhood": "Flushing, NY", "Level": 2.0 }, "geometry": { "type": "Point", "coordinates": [ -73.826016600000017, 40.7516925 ] } },
{ "type": "Feature", "properties": { "Business_Name": "Buddha Dharma Listening Center Of New York 紐約佛教聞法中心", "Address": "45-04 162nd St #201, Flushing, NY 11358, United States", "Keyword": "佛教中心", "Neighborhood": "Flushing, NY", "Level": 2.0 }, "geometry": { "type": "Point", "coordinates": [ -73.8047641, 40.75615 ] } },
{ "type": "Feature", "properties": { "Business_Name": "Han Ma Um Zen Center of New York", "Address": "144-39 32nd Ave, Flushing, NY 11354, United States", "Keyword": "佛教中心", "Neighborhood": "Flushing, NY", "Level": 2.0 }, "geometry": { "type": "Point", "coordinates": [ -73.8229352, 40.770509 ] } },
{ "type": "Feature", "properties": { "Business_Name": "True Buddha Diamond Temple of NY Inc., 真佛宗美國紐約金剛雷藏寺", "Address": "3332 148th St, Flushing, NY 11354, United States", "Keyword": "佛教中心", "Neighborhood": "Flushing, NY", "Level": 2.0 }, "geometry": { "type": "Point", "coordinates": [ -73.8183361, 40.7680083 ] } },
{ "type": "Feature", "properties": { "Business_Name": "China Buddhist Associates", "Address": "13612 39th Ave, Flushing, NY 11354, United States", "Keyword": "佛教中心", "Neighborhood": "Flushing, NY", "Level": 2.0 }, "geometry": { "type": "Point", "coordinates": [ -73.8297468, 40.7602157 ] } },
{ "type": "Feature", "properties": { "Business_Name": "Won Buddhism of America (Won Buddhism of New York)", "Address": "14342 Cherry Ave, Flushing, NY 11355, United States", "Keyword": "佛教中心", "Neighborhood": "Flushing, NY", "Level": 2.0 }, "geometry": { "type": "Point", "coordinates": [ -73.818881, 40.7561949 ] } },
{ "type": "Feature", "properties": { "Business_Name": "法拉盛静安寺 Jing An Temple of Flushing", "Address": "35-22 Prince St, Flushing, NY 11354, United States", "Keyword": "佛教中心", "Neighborhood": "Flushing, NY", "Level": 2.0 }, "geometry": { "type": "Point", "coordinates": [ -73.8335075, 40.7634075 ] } },
{ "type": "Feature", "properties": { "Business_Name": "Myosetsuji Buddhist Temple", "Address": "42-32 Parsons Blvd, Flushing, NY 11355, United States", "Keyword": "佛教中心", "Neighborhood": "Flushing, NY", "Level": 2.0 }, "geometry": { "type": "Point", "coordinates": [ -73.8190724, 40.7576546 ] } },
{ "type": "Feature", "properties": { "Business_Name": "Bodhi Meditation New York USA 菩提禅修美国纽约", "Address": "35-05 Farrington St, Flushing, NY 11354, United States", "Keyword": "佛教中心", "Neighborhood": "Flushing, NY", "Level": 2.0 }, "geometry": { "type": "Point", "coordinates": [ -73.8313843, 40.764292 ] } },
{ "type": "Feature", "properties": { "Business_Name": "Ny Chen S Buddha Associates", "Address": "46-38 Kissena Blvd, Flushing, NY 11355, United States", "Keyword": "佛教中心", "Neighborhood": "Flushing, NY", "Level": 2.0 }, "geometry": { "type": "Point", "coordinates": [ -73.8183014, 40.7496578 ] } },
{ "type": "Feature", "properties": { "Business_Name": "和平精舍（佛堂）紐約法拉盛（悟善禪師）", "Address": "41-31 Main St, Flushing, NY 11355, United States", "Keyword": "佛教中心", "Neighborhood": "Flushing, NY", "Level": 2.0 }, "geometry": { "type": "Point", "coordinates": [ -73.8288015, 40.757433 ] } },
{ "type": "Feature", "properties": { "Business_Name": "정명사 - Jung Myung Sa Buddhist Temple", "Address": "162-11 Sanford Ave, Flushing, NY 11358, United States", "Keyword": "佛教中心", "Neighborhood": "Flushing, NY", "Level": 2.0 }, "geometry": { "type": "Point", "coordinates": [ -73.803407, 40.760415 ] } },
{ "type": "Feature", "properties": { "Business_Name": "Happy Buddha Precious Temple", "Address": "135-37 37th Ave #2a, Flushing, NY 11354, United States", "Keyword": "佛教中心", "Neighborhood": "Flushing, NY", "Level": 2.0 }, "geometry": { "type": "Point", "coordinates": [ -73.8319332, 40.7613691 ] } },
{ "type": "Feature", "properties": { "Business_Name": "善觉寺 Six Harmonies Buddhist Association", "Address": "45-12 164th St, Flushing, NY 11358, United States", "Keyword": "佛教中心", "Neighborhood": "Flushing, NY", "Level": 2.0 }, "geometry": { "type": "Point", "coordinates": [ -73.8028374, 40.7559251 ] } },
{ "type": "Feature", "properties": { "Business_Name": "Metropolitan Buddhist Center", "Address": "45-47 Auburndale Ln, Flushing, NY 11358, United States", "Keyword": "佛教中心", "Neighborhood": "Flushing, NY", "Level": 2.0 }, "geometry": { "type": "Point", "coordinates": [ -73.7944499, 40.7542422 ] } },
{ "type": "Feature", "properties": { "Business_Name": "山姆大哥Horoscope心理咨询师Spiritual Guide身心灵疗愈师Fortune Teller佛教法师Palm Reading寺庙Astrologer驱邪exorcist赶鬼Psychic疑难杂症", "Address": "155-12 Cherry Ave, Flushing, NY 11355, United States", "Keyword": "佛教中心", "Neighborhood": "Flushing, NY", "Level": 2.0 }, "geometry": { "type": "Point", "coordinates": [ -73.8105719, 40.758772 ] } },
{ "type": "Feature", "properties": { "Business_Name": "Amitabha Buddhist Society", "Address": "4160 Main St #211, Flushing, NY 11355, United States", "Keyword": "佛教中心", "Neighborhood": "Flushing, NY", "Level": 2.0 }, "geometry": { "type": "Point", "coordinates": [ -73.8289595, 40.7562013 ] } },
{ "type": "Feature", "properties": { "Business_Name": "The Hindu Temple Society of North America", "Address": "45-57 Bowne St, Flushing, NY 11355, United States", "Keyword": "佛教中心", "Neighborhood": "Flushing, NY", "Level": 2.0 }, "geometry": { "type": "Point", "coordinates": [ -73.8169558, 40.7528108 ] } },
{ "type": "Feature", "properties": { "Business_Name": "Buddhist Tzu Chi Foundation, Northeast Regional Headquarter", "Address": "137-77 Northern Blvd, Flushing, NY 11354, United States", "Keyword": "佛教中心", "Neighborhood": "Flushing, NY", "Level": 2.0 }, "geometry": { "type": "Point", "coordinates": [ -73.8286131, 40.764119 ] } },
{ "type": "Feature", "properties": { "Business_Name": "纽约艺人基督教生命堂（华人教会）Performing Artists Gospel Fellowship of New York", "Address": "138-10 35th Ave, Flushing, NY 11354, United States", "Keyword": "华人教会", "Neighborhood": "Flushing, NY", "Level": 2.0 }, "geometry": { "type": "Point", "coordinates": [ -73.8286525, 40.7650565 ] } },
{ "type": "Feature", "properties": { "Business_Name": "好消息法拉盛华人教会", "Address": "35-15 Linden Pl, Flushing, NY 11354, United States", "Keyword": "华人教会", "Neighborhood": "Flushing, NY", "Level": 2.0 }, "geometry": { "type": "Point", "coordinates": [ -73.830238, 40.7643 ] } },
{ "type": "Feature", "properties": { "Business_Name": "生命之泉基督教会 Spring of Life Christian Church", "Address": "136-46 41st Ave, Flushing, NY 11355, United States", "Keyword": "华人教会", "Neighborhood": "Flushing, NY", "Level": 2.0 }, "geometry": { "type": "Point", "coordinates": [ -73.8277085, 40.7587546 ] } },
{ "type": "Feature", "properties": { "Business_Name": "Chinese For Christ NY Church", "Address": "14221 Franklin Ave, Flushing, NY 11355, United States", "Keyword": "华人教会", "Neighborhood": "Flushing, NY", "Level": 2.0 }, "geometry": { "type": "Point", "coordinates": [ -73.823070200000018, 40.7570066 ] } },
{ "type": "Feature", "properties": { "Business_Name": "华信教会 Chinese Faith Church", "Address": "133-32 41st Rd, Flushing, NY 11355, United States", "Keyword": "华人教会", "Neighborhood": "Flushing, NY", "Level": 2.0 }, "geometry": { "type": "Point", "coordinates": [ -73.8300743, 40.7568378 ] } },
{ "type": "Feature", "properties": { "Business_Name": "纽约在基督里聚会", "Address": "134-28 Northern Blvd, Flushing, NY 11354, United States", "Keyword": "华人教会", "Neighborhood": "Flushing, NY", "Level": 2.0 }, "geometry": { "type": "Point", "coordinates": [ -73.8336613, 40.7625013 ] } },
{ "type": "Feature", "properties": { "Business_Name": "Boon Church of Oversea Chinese Mission", "Address": "43-72 Bowne St, Flushing, NY 11355, United States", "Keyword": "华人教会", "Neighborhood": "Flushing, NY", "Level": 2.0 }, "geometry": { "type": "Point", "coordinates": [ -73.8186615, 40.7539067 ] } },
{ "type": "Feature", "properties": { "Business_Name": "Flushing Chinese Baptist Church", "Address": "154-29 65th Ave, Flushing, NY 11367, United States", "Keyword": "华人教会", "Neighborhood": "Flushing, NY", "Level": 2.0 }, "geometry": { "type": "Point", "coordinates": [ -73.8134896, 40.7372814 ] } },
{ "type": "Feature", "properties": { "Business_Name": "Faith Bible Church of Flushing", "Address": "2FL, 142-30 Roosevelt Ave, Flushing, NY 11354, United States", "Keyword": "华人教会", "Neighborhood": "Flushing, NY", "Level": 2.0 }, "geometry": { "type": "Point", "coordinates": [ -73.8253023, 40.7606129 ] } },
{ "type": "Feature", "properties": { "Business_Name": "Flushing Chinese United Methodist Church", "Address": "220-20 94th Dr, Queens Village, NY 11428, United States", "Keyword": "华人教会", "Neighborhood": "Flushing, NY", "Level": 2.0 }, "geometry": { "type": "Point", "coordinates": [ -73.7340642, 40.7199003 ] } },
{ "type": "Feature", "properties": { "Business_Name": "Grace Christian Alliance Church - 137th Street 恩聯宣道會137街堂", "Address": "31-38 137th St 1st floor, Flushing, NY 11354, United States", "Keyword": "华人教会", "Neighborhood": "Flushing, NY", "Level": 2.0 }, "geometry": { "type": "Point", "coordinates": [ -73.8312578, 40.7684582 ] } },
{ "type": "Feature", "properties": { "Business_Name": "Living Water Victory Church 活水得胜教会", "Address": "33-01 Union St, Flushing, NY 11354, United States", "Keyword": "华人教会", "Neighborhood": "Flushing, NY", "Level": 2.0 }, "geometry": { "type": "Point", "coordinates": [ -73.8266434, 40.7678089 ] } },
{ "type": "Feature", "properties": { "Business_Name": "Chinese Alliance Center of the C&MA", "Address": "43-29 162nd St, Flushing, NY 11358, United States", "Keyword": "华人教会", "Neighborhood": "Flushing, NY", "Level": 2.0 }, "geometry": { "type": "Point", "coordinates": [ -73.8040673, 40.7578086 ] } },
{ "type": "Feature", "properties": { "Business_Name": "The Church of Jesus Christ of Latter-day Saints", "Address": "145-15 33rd Ave, Flushing, NY 11354, United States", "Keyword": "华人教会", "Neighborhood": "Flushing, NY", "Level": 2.0 }, "geometry": { "type": "Point", "coordinates": [ -73.8225238, 40.7687871 ] } },
{ "type": "Feature", "properties": { "Business_Name": "Queens Christian Alliance Church", "Address": "135-20 35th Ave, Flushing, NY 11354, United States", "Keyword": "华人教会", "Neighborhood": "Flushing, NY", "Level": 2.0 }, "geometry": { "type": "Point", "coordinates": [ -73.8308342, 40.7643721 ] } },
{ "type": "Feature", "properties": { "Business_Name": "New Life Alliance Church", "Address": "149-49 Sanford Ave, Flushing, NY 11355, United States", "Keyword": "华人教会", "Neighborhood": "Flushing, NY", "Level": 2.0 }, "geometry": { "type": "Point", "coordinates": [ -73.8134617, 40.7610359 ] } },
{ "type": "Feature", "properties": { "Business_Name": "Queens Flushing Gospel Chines", "Address": "3907 Prince St, Flushing, NY 11354, United States", "Keyword": "华人教会", "Neighborhood": "Flushing, NY", "Level": 2.0 }, "geometry": { "type": "Point", "coordinates": [ -73.8319682, 40.759505399999988 ] } },
{ "type": "Feature", "properties": { "Business_Name": "生命之泉基督教会 Spring of Life Christian Church", "Address": "136-46 41st Ave, Flushing, NY 11355, United States", "Keyword": "基督教堂", "Neighborhood": "Flushing, NY", "Level": 2.0 }, "geometry": { "type": "Point", "coordinates": [ -73.8277085, 40.7587546 ] } },
{ "type": "Feature", "properties": { "Business_Name": "BREAD OF LIFE CHRISTIAN CHURCH", "Address": "132-16 Maple Ave, Flushing, NY 11355, United States", "Keyword": "基督教堂", "Neighborhood": "Flushing, NY", "Level": 2.0 }, "geometry": { "type": "Point", "coordinates": [ -73.8323148, 40.7537707 ] } },
{ "type": "Feature", "properties": { "Business_Name": "Living Water Victory Church 活水得胜教会", "Address": "33-01 Union St, Flushing, NY 11354, United States", "Keyword": "基督教堂", "Neighborhood": "Flushing, NY", "Level": 2.0 }, "geometry": { "type": "Point", "coordinates": [ -73.8266434, 40.7678089 ] } },
{ "type": "Feature", "properties": { "Business_Name": "纽约艺人基督教生命堂（华人教会）Performing Artists Gospel Fellowship of New York", "Address": "138-10 35th Ave, Flushing, NY 11354, United States", "Keyword": "基督教堂", "Neighborhood": "Flushing, NY", "Level": 2.0 }, "geometry": { "type": "Point", "coordinates": [ -73.8286525, 40.7650565 ] } },
{ "type": "Feature", "properties": { "Business_Name": "True Jesus Church in Flushing", "Address": "146-19 Beech Ave, Flushing, NY 11355, United States", "Keyword": "基督教堂", "Neighborhood": "Flushing, NY", "Level": 2.0 }, "geometry": { "type": "Point", "coordinates": [ -73.8180303, 40.757979 ] } },
{ "type": "Feature", "properties": { "Business_Name": "Chinese For Christ NY Church", "Address": "14221 Franklin Ave, Flushing, NY 11355, United States", "Keyword": "基督教堂", "Neighborhood": "Flushing, NY", "Level": 2.0 }, "geometry": { "type": "Point", "coordinates": [ -73.823070200000018, 40.7570066 ] } },
{ "type": "Feature", "properties": { "Business_Name": "纽约在基督里聚会", "Address": "134-28 Northern Blvd, Flushing, NY 11354, United States", "Keyword": "基督教堂", "Neighborhood": "Flushing, NY", "Level": 2.0 }, "geometry": { "type": "Point", "coordinates": [ -73.8336613, 40.7625013 ] } },
{ "type": "Feature", "properties": { "Business_Name": "River of Life Christian Church in New York", "Address": "143-08 45th Ave, Flushing, NY 11355, United States", "Keyword": "基督教堂", "Neighborhood": "Flushing, NY", "Level": 2.0 }, "geometry": { "type": "Point", "coordinates": [ -73.8180317, 40.7539602 ] } },
{ "type": "Feature", "properties": { "Business_Name": "Faith Bible Church of Flushing", "Address": "2FL, 142-30 Roosevelt Ave, Flushing, NY 11354, United States", "Keyword": "基督教堂", "Neighborhood": "Flushing, NY", "Level": 2.0 }, "geometry": { "type": "Point", "coordinates": [ -73.8253023, 40.7606129 ] } },
{ "type": "Feature", "properties": { "Business_Name": "韓中長老教會", "Address": "143-17 Franklin Ave, Flushing, NY 11355, United States", "Keyword": "基督教堂", "Neighborhood": "Flushing, NY", "Level": 2.0 }, "geometry": { "type": "Point", "coordinates": [ -73.8217888, 40.7578638 ] } },
{ "type": "Feature", "properties": { "Business_Name": "Christian Holy City Church", "Address": "Get directions, 35-05 162nd St, Flushing, NY 11358, United States", "Keyword": "基督教堂", "Neighborhood": "Flushing, NY", "Level": 2.0 }, "geometry": { "type": "Point", "coordinates": [ -73.8031463, 40.7651664 ] } },
{ "type": "Feature", "properties": { "Business_Name": "The Church of Jesus Christ of Latter-day Saints", "Address": "145-15 33rd Ave, Flushing, NY 11354, United States", "Keyword": "基督教堂", "Neighborhood": "Flushing, NY", "Level": 2.0 }, "geometry": { "type": "Point", "coordinates": [ -73.8225238, 40.7687871 ] } },
{ "type": "Feature", "properties": { "Business_Name": "Grace Christian Alliance Church - 137th Street 恩聯宣道會137街堂", "Address": "31-38 137th St 1st floor, Flushing, NY 11354, United States", "Keyword": "基督教堂", "Neighborhood": "Flushing, NY", "Level": 2.0 }, "geometry": { "type": "Point", "coordinates": [ -73.8312578, 40.7684582 ] } },
{ "type": "Feature", "properties": { "Business_Name": "38th Ave; St. George's Episcopal Church", "Address": "13532 38th Ave, Flushing, NY 11354, United States", "Keyword": "基督教堂", "Neighborhood": "Flushing, NY", "Level": 2.0 }, "geometry": { "type": "Point", "coordinates": [ -73.8314504, 40.7604884 ] } },
{ "type": "Feature", "properties": { "Business_Name": "The Church in New York City Hall 3", "Address": "157-17 Rose Ave, Flushing, NY 11355, United States", "Keyword": "基督教堂", "Neighborhood": "Flushing, NY", "Level": 2.0 }, "geometry": { "type": "Point", "coordinates": [ -73.8093315, 40.7492942 ] } },
{ "type": "Feature", "properties": { "Business_Name": "Flushing Church of Christ", "Address": "13649 41st Ave, Flushing, NY 11355, United States", "Keyword": "基督教堂", "Neighborhood": "Flushing, NY", "Level": 2.0 }, "geometry": { "type": "Point", "coordinates": [ -73.8277708, 40.7590554 ] } },
{ "type": "Feature", "properties": { "Business_Name": "The Church In New York - Flushing NY Meeting", "Address": "42-60 Crommelin St floor c, Flushing, NY 11355, United States", "Keyword": "基督教堂", "Neighborhood": "Flushing, NY", "Level": 2.0 }, "geometry": { "type": "Point", "coordinates": [ -73.8312672, 40.7519937 ] } },
{ "type": "Feature", "properties": { "Business_Name": "St John Vianney Roman Catholic Church", "Address": "14010 34th Ave, Flushing, NY 11354, United States", "Keyword": "基督教堂", "Neighborhood": "Flushing, NY", "Level": 2.0 }, "geometry": { "type": "Point", "coordinates": [ -73.8272664, 40.7660328 ] } },
{ "type": "Feature", "properties": { "Business_Name": "真理浸信教会 Truth Baptist Church", "Address": "46-28 Kissena Blvd 2nd floor, Flushing, NY 11355, United States", "Keyword": "基督教堂", "Neighborhood": "Flushing, NY", "Level": 2.0 }, "geometry": { "type": "Point", "coordinates": [ -73.8185888, 40.7498796 ] } },
{ "type": "Feature", "properties": { "Business_Name": "纽约基督徒聚会", "Address": "142-18 32nd Ave, Flushing, NY 11354, United States", "Keyword": "基督教堂", "Neighborhood": "Flushing, NY", "Level": 2.0 }, "geometry": { "type": "Point", "coordinates": [ -73.8258924, 40.768843800000013 ] } },
{ "type": "Feature", "properties": { "Business_Name": "恩典之家护理公司 Health Care", "Address": "135-27 38th Ave #107, Flushing, NY 11354, United States", "Keyword": "华人老人中心", "Neighborhood": "Flushing, NY", "Level": 2.0 }, "geometry": { "type": "Point", "coordinates": [ -73.8318453, 40.7606608 ] } },
{ "type": "Feature", "properties": { "Business_Name": "康居园老人服务中心", "Address": "136-22 35th Ave, Flushing, NY 11354, United States", "Keyword": "华人老人中心", "Neighborhood": "Flushing, NY", "Level": 2.0 }, "geometry": { "type": "Point", "coordinates": [ -73.8298321, 40.7647777 ] } },
{ "type": "Feature", "properties": { "Business_Name": "大帝国成人护理中心", "Address": "132-29 Blossom Ave, Flushing, NY 11355, United States", "Keyword": "华人老人中心", "Neighborhood": "Flushing, NY", "Level": 2.0 }, "geometry": { "type": "Point", "coordinates": [ -73.8311185, 40.7520278 ] } },
{ "type": "Feature", "properties": { "Business_Name": "夕陽紅老人日間護理中心", "Address": "3050 Whitestone Expy, Flushing, NY 11354, United States", "Keyword": "华人老人中心", "Neighborhood": "Flushing, NY", "Level": 2.0 }, "geometry": { "type": "Point", "coordinates": [ -73.8364918, 40.7702655 ] } },
{ "type": "Feature", "properties": { "Business_Name": "金鹰日间护理中心", "Address": "36-36 Prince St, Flushing, NY 11354, United States", "Keyword": "华人老人中心", "Neighborhood": "Flushing, NY", "Level": 2.0 }, "geometry": { "type": "Point", "coordinates": [ -73.8354501, 40.7621374 ] } },
{ "type": "Feature", "properties": { "Business_Name": "夕陽紅老人日間護理中心", "Address": "3050 Whitestone Expy, Flushing, NY 11354, United States", "Keyword": "老人日托", "Neighborhood": "Flushing, NY", "Level": 2.0 }, "geometry": { "type": "Point", "coordinates": [ -73.8364918, 40.7702655 ] } },
{ "type": "Feature", "properties": { "Business_Name": "大帝国成人护理中心", "Address": "132-29 Blossom Ave, Flushing, NY 11355, United States", "Keyword": "老人日托", "Neighborhood": "Flushing, NY", "Level": 2.0 }, "geometry": { "type": "Point", "coordinates": [ -73.8311185, 40.7520278 ] } },
{ "type": "Feature", "properties": { "Business_Name": "金鹰日间护理中心", "Address": "36-36 Prince St, Flushing, NY 11354, United States", "Keyword": "老人日托", "Neighborhood": "Flushing, NY", "Level": 2.0 }, "geometry": { "type": "Point", "coordinates": [ -73.8354501, 40.7621374 ] } },
{ "type": "Feature", "properties": { "Business_Name": "Flushing Senior Daycare 플러싱 데이케어", "Address": "141-30 Northern Blvd, Flushing, NY 11354, United States", "Keyword": "老人日托", "Neighborhood": "Flushing, NY", "Level": 2.0 }, "geometry": { "type": "Point", "coordinates": [ -73.8248035, 40.7642589 ] } },
{ "type": "Feature", "properties": { "Business_Name": "恩典之家护理公司 Health Care", "Address": "135-27 38th Ave #107, Flushing, NY 11354, United States", "Keyword": "老人日托", "Neighborhood": "Flushing, NY", "Level": 2.0 }, "geometry": { "type": "Point", "coordinates": [ -73.8318453, 40.7606608 ] } },
{ "type": "Feature", "properties": { "Business_Name": "장수데이케어 JANGSU Adult Day Care", "Address": "32-38 148th St, Flushing, NY 11354, United States", "Keyword": "老人日托", "Neighborhood": "Flushing, NY", "Level": 2.0 }, "geometry": { "type": "Point", "coordinates": [ -73.8185004, 40.7692172 ] } },
{ "type": "Feature", "properties": { "Business_Name": "天天日間護理中心", "Address": "142-30 38th Ave 2nd fl, Flushing, NY 11354, United States", "Keyword": "老人日托", "Neighborhood": "Flushing, NY", "Level": 2.0 }, "geometry": { "type": "Point", "coordinates": [ -73.825847, 40.7617579 ] } },
{ "type": "Feature", "properties": { "Business_Name": "One Stop Senior Daycare 원스탑 시니어 데이케어", "Address": "4014 157th St, Flushing, NY 11354, United States", "Keyword": "老人日托", "Neighborhood": "Flushing, NY", "Level": 2.0 }, "geometry": { "type": "Point", "coordinates": [ -73.808509, 40.7633129 ] } },
{ "type": "Feature", "properties": { "Business_Name": "All Community Adult Day Care Center", "Address": "4162 Bowne St ground floor, Flushing, NY 11355, United States", "Keyword": "老人日托", "Neighborhood": "Flushing, NY", "Level": 2.0 }, "geometry": { "type": "Point", "coordinates": [ -73.8231097, 40.7576256 ] } },
{ "type": "Feature", "properties": { "Business_Name": "康居园老人服务中心", "Address": "136-22 35th Ave, Flushing, NY 11354, United States", "Keyword": "老人日托", "Neighborhood": "Flushing, NY", "Level": 2.0 }, "geometry": { "type": "Point", "coordinates": [ -73.8298321, 40.7647777 ] } },
{ "type": "Feature", "properties": { "Business_Name": "Pine Care LLC 파인데이케어", "Address": "37-10 149th Pl, Flushing, NY 11354, United States", "Keyword": "老人日托", "Neighborhood": "Flushing, NY", "Level": 2.0 }, "geometry": { "type": "Point", "coordinates": [ -73.8161445, 40.7649731 ] } },
{ "type": "Feature", "properties": { "Business_Name": "American Adult Day Care Center", "Address": "133-38 Sanford Ave 2nd fl, Flushing, NY 11355, United States", "Keyword": "老人日托", "Neighborhood": "Flushing, NY", "Level": 2.0 }, "geometry": { "type": "Point", "coordinates": [ -73.8294529, 40.7561811 ] } },
{ "type": "Feature", "properties": { "Business_Name": "Flushing House", "Address": "3820 Bowne St, Flushing, NY 11354, United States", "Keyword": "老人日托", "Neighborhood": "Flushing, NY", "Level": 2.0 }, "geometry": { "type": "Point", "coordinates": [ -73.8250659, 40.7619009 ] } },
{ "type": "Feature", "properties": { "Business_Name": "CPC Nan Shan Senior Center", "Address": "133-14 41st Ave, Flushing, NY 11355, United States", "Keyword": "老人日托", "Neighborhood": "Flushing, NY", "Level": 2.0 }, "geometry": { "type": "Point", "coordinates": [ -73.8312903, 40.7571862 ] } },
{ "type": "Feature", "properties": { "Business_Name": "爱心护理公司", "Address": "4295 Main St #3, Flushing, NY 11355, United States", "Keyword": "老人日托", "Neighborhood": "Flushing, NY", "Level": 2.0 }, "geometry": { "type": "Point", "coordinates": [ -73.8269664, 40.753003799999988 ] } },
{ "type": "Feature", "properties": { "Business_Name": "Franklin Adult Day Care", "Address": "45-15 162nd St, Flushing, NY 11358, United States", "Keyword": "老人日托", "Neighborhood": "Flushing, NY", "Level": 2.0 }, "geometry": { "type": "Point", "coordinates": [ -73.8044402, 40.7558952 ] } },
{ "type": "Feature", "properties": { "Business_Name": "Korean Community Services- Flushing Senior Center", "Address": "42-15 166th St, Flushing, NY 11358, United States", "Keyword": "老人日托", "Neighborhood": "Flushing, NY", "Level": 2.0 }, "geometry": { "type": "Point", "coordinates": [ -73.800216, 40.7588438 ] } },
{ "type": "Feature", "properties": { "Business_Name": "New Franklin Center for Rehabilitation and Nursing", "Address": "142-27 Franklin Ave, Flushing, NY 11355, United States", "Keyword": "老人日托", "Neighborhood": "Flushing, NY", "Level": 2.0 }, "geometry": { "type": "Point", "coordinates": [ -73.8229295, 40.7571396 ] } },
{ "type": "Feature", "properties": { "Business_Name": "Royal Care 康怡护理公司", "Address": "136-21 Roosevelt Ave Suite #403, Flushing, NY 11354, United States", "Keyword": "老人日托", "Neighborhood": "Flushing, NY", "Level": 2.0 }, "geometry": { "type": "Point", "coordinates": [ -73.8293434, 40.7599986 ] } },
{ "type": "Feature", "properties": { "Business_Name": "Cypress Garden Center for Nursing and Rehabilitation", "Address": "139-66 35th Ave, Flushing, NY 11354, United States", "Keyword": "老人日托", "Neighborhood": "Flushing, NY", "Level": 2.0 }, "geometry": { "type": "Point", "coordinates": [ -73.8253217, 40.7653948 ] } },
{ "type": "Feature", "properties": { "Business_Name": "Chinese Community Center of Flushing", "Address": "4317 Union St level c, Flushing, NY 11355, United States", "Keyword": "华人社区中心", "Neighborhood": "Flushing, NY", "Level": 2.0 }, "geometry": { "type": "Point", "coordinates": [ -73.8211513, 40.754302 ] } },
{ "type": "Feature", "properties": { "Business_Name": "Culture Center of Taipei Economic and Cultural Office in New York", "Address": "133-32 41st Rd, Flushing, NY 11355, United States", "Keyword": "华侨会馆", "Neighborhood": "Flushing, NY", "Level": 2.0 }, "geometry": { "type": "Point", "coordinates": [ -73.8301974, 40.7568677 ] } },
{ "type": "Feature", "properties": { "Business_Name": "Chinese Community Center of Flushing", "Address": "4317 Union St level c, Flushing, NY 11355, United States", "Keyword": "华侨会馆", "Neighborhood": "Flushing, NY", "Level": 2.0 }, "geometry": { "type": "Point", "coordinates": [ -73.8211513, 40.754302 ] } },
{ "type": "Feature", "properties": { "Business_Name": "AAFE One Flushing Community Center", "Address": "133-29 41st Ave 2nd Floor, Flushing, NY 11355, United States", "Keyword": "华侨会馆", "Neighborhood": "Flushing, NY", "Level": 2.0 }, "geometry": { "type": "Point", "coordinates": [ -73.8311578, 40.7575405 ] } },
{ "type": "Feature", "properties": { "Business_Name": "WEN CHOW ASSOCIATION, INC. 美国纽约温州同乡会", "Address": "31-12 Union St, Flushing, NY 11354, United States", "Keyword": "同乡会", "Neighborhood": "Flushing, NY", "Level": 2.0 }, "geometry": { "type": "Point", "coordinates": [ -73.826971, 40.769637 ] } },
{ "type": "Feature", "properties": { "Business_Name": "Culture Center of Taipei Economic and Cultural Office in New York", "Address": "133-32 41st Rd, Flushing, NY 11355, United States", "Keyword": "侨团", "Neighborhood": "Flushing, NY", "Level": 2.0 }, "geometry": { "type": "Point", "coordinates": [ -73.8301974, 40.7568677 ] } },
{ "type": "Feature", "properties": { "Business_Name": "Huaqiao Yihu Institute", "Address": "37-20 Prince St #4C, Flushing, NY 11354, United States", "Keyword": "侨团", "Neighborhood": "Flushing, NY", "Level": 2.0 }, "geometry": { "type": "Point", "coordinates": [ -73.8330397, 40.7602126 ] } },
{ "type": "Feature", "properties": { "Business_Name": "纽约华鼎翻译公证（法拉盛缅街）", "Address": "135-25 40th Rd #2fl, Flushing, NY 11354, United States", "Keyword": "侨团", "Neighborhood": "Flushing, NY", "Level": 2.0 }, "geometry": { "type": "Point", "coordinates": [ -73.8307228, 40.7588178 ] } },
{ "type": "Feature", "properties": { "Business_Name": "Chinese Community Center of Flushing", "Address": "4317 Union St level c, Flushing, NY 11355, United States", "Keyword": "侨团", "Neighborhood": "Flushing, NY", "Level": 2.0 }, "geometry": { "type": "Point", "coordinates": [ -73.8211513, 40.754302 ] } },
{ "type": "Feature", "properties": { "Business_Name": "纽约金桥翻译公证公司（法拉盛缅街）", "Address": "3506 Leavitt St, Flushing, NY 11354, United States", "Keyword": "侨团", "Neighborhood": "Flushing, NY", "Level": 2.0 }, "geometry": { "type": "Point", "coordinates": [ -73.8293162, 40.7645387 ] } },
{ "type": "Feature", "properties": { "Business_Name": "华晟美国", "Address": "3915 Main St Suite 211, Flushing, NY 11354, United States", "Keyword": "侨团", "Neighborhood": "Flushing, NY", "Level": 2.0 }, "geometry": { "type": "Point", "coordinates": [ -73.8299776, 40.7598588 ] } },
{ "type": "Feature", "properties": { "Business_Name": "Haidilao Huoguo Flushing", "Address": "138-23 39th Ave, Flushing, NY 11354, United States", "Keyword": "侨团", "Neighborhood": "Flushing, NY", "Level": 2.0 }, "geometry": { "type": "Point", "coordinates": [ -73.8280583, 40.7613242 ] } },
{ "type": "Feature", "properties": { "Business_Name": "E Noodle Kissena", "Address": "59-08 Kissena Blvd, Flushing, NY 11355, United States", "Keyword": "侨团", "Neighborhood": "Flushing, NY", "Level": 2.0 }, "geometry": { "type": "Point", "coordinates": [ -73.8152347, 40.7404838 ] } },
{ "type": "Feature", "properties": { "Business_Name": "AAFE One Flushing Community Center", "Address": "133-29 41st Ave 2nd Floor, Flushing, NY 11355, United States", "Keyword": "侨团", "Neighborhood": "Flushing, NY", "Level": 2.0 }, "geometry": { "type": "Point", "coordinates": [ -73.8311578, 40.7575405 ] } },
{ "type": "Feature", "properties": { "Business_Name": "祯灏百和堂/Linking Acupuncture Clinic", "Address": "133-17 Sanford Ave LE, Flushing, NY 11355, United States", "Keyword": "侨团", "Neighborhood": "Flushing, NY", "Level": 2.0 }, "geometry": { "type": "Point", "coordinates": [ -73.8303047, 40.7562025 ] } },
{ "type": "Feature", "properties": { "Business_Name": "HRT Best Acupuncture华仁堂-法拉盛针灸诊所 纽约中医诊所 物理治疗医生 李伟华中医师(Jason Yi Dipl.Ac, LAc) 脊椎病 物理治疗|尿频 尿急|失眠 PCOS 背痛 痛症诊所 最好的中医诊所 专家 推荐", "Address": "136-56 39th Ave #305, Flushing, NY 11354, United States", "Keyword": "侨团", "Neighborhood": "Flushing, NY", "Level": 2.0 }, "geometry": { "type": "Point", "coordinates": [ -73.828247, 40.7605907 ] } },
{ "type": "Feature", "properties": { "Business_Name": "Flushing Chinese Business Association", "Address": "4048 Main St #302, Flushing, NY 11354, United States", "Keyword": "侨团", "Neighborhood": "Flushing, NY", "Level": 2.0 }, "geometry": { "type": "Point", "coordinates": [ -73.8297542, 40.7583245 ] } },
{ "type": "Feature", "properties": { "Business_Name": "纽约华人报税会计师事务所", "Address": "3712 Prince St UNIT 8C, Flushing, NY 11354, United States", "Keyword": "侨团", "Neighborhood": "Flushing, NY", "Level": 2.0 }, "geometry": { "type": "Point", "coordinates": [ -73.8331616, 40.7604178 ] } },
{ "type": "Feature", "properties": { "Business_Name": "家合移民入籍培训中心 JH Immigration Service", "Address": "136-68 Roosevelt Ave Suite 709 / 711, Flushing, NY 11355, United States", "Keyword": "侨团", "Neighborhood": "Flushing, NY", "Level": 2.0 }, "geometry": { "type": "Point", "coordinates": [ -73.8277032, 40.7600084 ] } },
{ "type": "Feature", "properties": { "Business_Name": "AAAF", "Address": "3657 Main St, Flushing, NY 11354, United States", "Keyword": "侨团", "Neighborhood": "Flushing, NY", "Level": 2.0 }, "geometry": { "type": "Point", "coordinates": [ -73.8311281, 40.7618725 ] } },
{ "type": "Feature", "properties": { "Business_Name": "New York Chinese Community Center", "Address": "62 Mott St, New York, NY 10013, United States", "Keyword": "公所", "Neighborhood": "Flushing, NY", "Level": 2.0 }, "geometry": { "type": "Point", "coordinates": [ -73.9981392, 40.7160503 ] } },
{ "type": "Feature", "properties": { "Business_Name": "Flushing Town Hall", "Address": "137-35 Northern Blvd, Flushing, NY 11354, United States", "Keyword": "公所", "Neighborhood": "Flushing, NY", "Level": 2.0 }, "geometry": { "type": "Point", "coordinates": [ -73.8299598, 40.7637342 ] } },
{ "type": "Feature", "properties": { "Business_Name": "纽约华人服务中心", "Address": "41-25 Kissena Blvd #115, Flushing, NY 11355, United States", "Keyword": "公所", "Neighborhood": "Flushing, NY", "Level": 2.0 }, "geometry": { "type": "Point", "coordinates": [ -73.8284245, 40.7582704 ] } },
{ "type": "Feature", "properties": { "Business_Name": "法拉盛车祸律师-古灵王律师团", "Address": "37-02 Main St, Flushing, NY 11354, United States", "Keyword": "公所", "Neighborhood": "Flushing, NY", "Level": 2.0 }, "geometry": { "type": "Point", "coordinates": [ -73.831327, 40.7613205 ] } },
{ "type": "Feature", "properties": { "Business_Name": "纽约金桥翻译公证公司（法拉盛缅街）", "Address": "3506 Leavitt St, Flushing, NY 11354, United States", "Keyword": "公所", "Neighborhood": "Flushing, NY", "Level": 2.0 }, "geometry": { "type": "Point", "coordinates": [ -73.8293162, 40.7645387 ] } },
{ "type": "Feature", "properties": { "Business_Name": "纽约华鼎翻译公证（法拉盛缅街）", "Address": "135-25 40th Rd #2fl, Flushing, NY 11354, United States", "Keyword": "公所", "Neighborhood": "Flushing, NY", "Level": 2.0 }, "geometry": { "type": "Point", "coordinates": [ -73.8307228, 40.7588178 ] } },
{ "type": "Feature", "properties": { "Business_Name": "Flushing", "Address": "Flushing, Queens, NY, USA", "Keyword": "公所", "Neighborhood": "Flushing, NY", "Level": 2.0 }, "geometry": { "type": "Point", "coordinates": [ -73.8306716, 40.7647238 ] } },
{ "type": "Feature", "properties": { "Business_Name": "Downtown Flushing Transit Hub Business Improvement District", "Address": "135 - 20 39th Ave 6th Floor, Flushing, NY 11354, United States", "Keyword": "公所", "Neighborhood": "Flushing, NY", "Level": 2.0 }, "geometry": { "type": "Point", "coordinates": [ -73.8313858, 40.7596675 ] } },
{ "type": "Feature", "properties": { "Business_Name": "信成交通罚单律师处理中心", "Address": "136-20 38th Ave #9h, Flushing, NY 11354, United States", "Keyword": "公所", "Neighborhood": "Flushing, NY", "Level": 2.0 }, "geometry": { "type": "Point", "coordinates": [ -73.8300252, 40.7609223 ] } },
{ "type": "Feature", "properties": { "Business_Name": "安发律师事务所 投资移民 房东房客 离婚 刑事 交通罚单 房屋买卖 追讨债务", "Address": "136-19 41st Ave Suite 2F, Flushing, NY 11355, United States", "Keyword": "公所", "Neighborhood": "Flushing, NY", "Level": 2.0 }, "geometry": { "type": "Point", "coordinates": [ -73.8288712, 40.7588742 ] } },
{ "type": "Feature", "properties": { "Business_Name": "Hong Kong Supermarket", "Address": "157 Hester St, New York, NY 10013, United States", "Keyword": "Chinese supermarket", "Neighborhood": "Chinatown Manhattan, NY", "Level": 2.0 }, "geometry": { "type": "Point", "coordinates": [ -73.9960423, 40.7175994 ] } },
{ "type": "Feature", "properties": { "Business_Name": "Chinatown Supermarket of Manhattan 新中華超市", "Address": "109 E Broadway, New York, NY 10002, United States", "Keyword": "Chinese supermarket", "Neighborhood": "Chinatown Manhattan, NY", "Level": 2.0 }, "geometry": { "type": "Point", "coordinates": [ -73.9928845, 40.713698699999988 ] } },
{ "type": "Feature", "properties": { "Business_Name": "Kam Man Market", "Address": "200 Canal St, New York, NY 10013, United States", "Keyword": "Chinese supermarket", "Neighborhood": "Chinatown Manhattan, NY", "Level": 2.0 }, "geometry": { "type": "Point", "coordinates": [ -73.9984181, 40.7168163 ] } },
{ "type": "Feature", "properties": { "Business_Name": "New York Mart", "Address": "128 Mott St, New York, NY 10013, United States", "Keyword": "Chinese supermarket", "Neighborhood": "Chinatown Manhattan, NY", "Level": 2.0 }, "geometry": { "type": "Point", "coordinates": [ -73.9966318, 40.718503899999988 ] } },
{ "type": "Feature", "properties": { "Business_Name": "Deluxe Food Market", "Address": "79 Elizabeth St, New York, NY 10013, United States", "Keyword": "Chinese supermarket", "Neighborhood": "Chinatown Manhattan, NY", "Level": 2.0 }, "geometry": { "type": "Point", "coordinates": [ -73.996262, 40.718038 ] } },
{ "type": "Feature", "properties": { "Business_Name": "Po Wing Hong Food Market", "Address": "49 Elizabeth St, New York, NY 10013, United States", "Keyword": "Chinese supermarket", "Neighborhood": "Chinatown Manhattan, NY", "Level": 2.0 }, "geometry": { "type": "Point", "coordinates": [ -73.9969374, 40.7171917 ] } },
{ "type": "Feature", "properties": { "Business_Name": "Asia Market", "Address": "71 1/2 Mulberry St, New York, NY 10013, United States", "Keyword": "Chinese supermarket", "Neighborhood": "Chinatown Manhattan, NY", "Level": 2.0 }, "geometry": { "type": "Point", "coordinates": [ -73.9992834, 40.7161737 ] } },
{ "type": "Feature", "properties": { "Business_Name": "Bangkok Center Grocery", "Address": "104 Mosco St, New York, NY 10013, United States", "Keyword": "Chinese supermarket", "Neighborhood": "Chinatown Manhattan, NY", "Level": 2.0 }, "geometry": { "type": "Point", "coordinates": [ -73.9993415, 40.7145249 ] } },
{ "type": "Feature", "properties": { "Business_Name": "Tan Tin Hung Supermarket", "Address": "121 Bowery, New York, NY 10002, United States", "Keyword": "Chinese supermarket", "Neighborhood": "Chinatown Manhattan, NY", "Level": 2.0 }, "geometry": { "type": "Point", "coordinates": [ -73.9946923, 40.7180556 ] } },
{ "type": "Feature", "properties": { "Business_Name": "New York Marts", "Address": "75 E Broadway, New York, NY 10002, United States", "Keyword": "Chinese supermarket", "Neighborhood": "Chinatown Manhattan, NY", "Level": 2.0 }, "geometry": { "type": "Point", "coordinates": [ -73.9941826, 40.713685 ] } },
{ "type": "Feature", "properties": { "Business_Name": "Sun Vin Grocery Store", "Address": "75 Mulberry St, New York, NY 10013, United States", "Keyword": "Chinese supermarket", "Neighborhood": "Chinatown Manhattan, NY", "Level": 2.0 }, "geometry": { "type": "Point", "coordinates": [ -73.9993156, 40.7163431 ] } },
{ "type": "Feature", "properties": { "Business_Name": "HK Discount Store", "Address": "153 E Broadway, New York, NY 10002, United States", "Keyword": "Chinese supermarket", "Neighborhood": "Chinatown Manhattan, NY", "Level": 2.0 }, "geometry": { "type": "Point", "coordinates": [ -73.9908181, 40.7138581 ] } },
{ "type": "Feature", "properties": { "Business_Name": "Win Sea Food Market", "Address": "218 Canal St, New York, NY 10013, United States", "Keyword": "Chinese supermarket", "Neighborhood": "Chinatown Manhattan, NY", "Level": 2.0 }, "geometry": { "type": "Point", "coordinates": [ -73.9992749, 40.7171917 ] } },
{ "type": "Feature", "properties": { "Business_Name": "Kin Shing Trading Inc", "Address": "133 Mott St # A, New York, NY 10013, United States", "Keyword": "Chinese supermarket", "Neighborhood": "Chinatown Manhattan, NY", "Level": 2.0 }, "geometry": { "type": "Point", "coordinates": [ -73.9968839, 40.7184315 ] } },
{ "type": "Feature", "properties": { "Business_Name": "Super A Mart 利興食品公司", "Address": "101 Bowery, New York, NY 10002, United States", "Keyword": "Chinese supermarket", "Neighborhood": "Chinatown Manhattan, NY", "Level": 2.0 }, "geometry": { "type": "Point", "coordinates": [ -73.9949346, 40.7174681 ] } },
{ "type": "Feature", "properties": { "Business_Name": "Shun Long Hing Market", "Address": "53 E Broadway, New York, NY 10002, United States", "Keyword": "Chinese supermarket", "Neighborhood": "Chinatown Manhattan, NY", "Level": 2.0 }, "geometry": { "type": "Point", "coordinates": [ -73.9955421, 40.7135022 ] } },
{ "type": "Feature", "properties": { "Business_Name": "Chang Shun", "Address": "57 E Broadway, New York, NY 10002, United States", "Keyword": "Chinese supermarket", "Neighborhood": "Chinatown Manhattan, NY", "Level": 2.0 }, "geometry": { "type": "Point", "coordinates": [ -73.9953924, 40.7135142 ] } },
{ "type": "Feature", "properties": { "Business_Name": "Chinese Hispanic Grocery", "Address": "130 Eldridge St, New York, NY 10002, United States", "Keyword": "Chinese supermarket", "Neighborhood": "Chinatown Manhattan, NY", "Level": 2.0 }, "geometry": { "type": "Point", "coordinates": [ -73.9916129, 40.7186601 ] } },
{ "type": "Feature", "properties": { "Business_Name": "Tai Pan Bakery", "Address": "194 Canal St, New York, NY 10013, United States", "Keyword": "Chinese supermarket", "Neighborhood": "Chinatown Manhattan, NY", "Level": 2.0 }, "geometry": { "type": "Point", "coordinates": [ -73.9980781, 40.7167172 ] } },
{ "type": "Feature", "properties": { "Business_Name": "Ken Hing Food Market", "Address": "247 Grand St #1, New York, NY 10002, United States", "Keyword": "Chinese supermarket", "Neighborhood": "Chinatown Manhattan, NY", "Level": 2.0 }, "geometry": { "type": "Point", "coordinates": [ -73.994243, 40.7181643 ] } },
{ "type": "Feature", "properties": { "Business_Name": "Hong Kong Supermarket", "Address": "157 Hester St, New York, NY 10013, United States", "Keyword": "Chinese grocery store", "Neighborhood": "Chinatown Manhattan, NY", "Level": 2.0 }, "geometry": { "type": "Point", "coordinates": [ -73.9960423, 40.7175994 ] } },
{ "type": "Feature", "properties": { "Business_Name": "Kam Man Market", "Address": "200 Canal St, New York, NY 10013, United States", "Keyword": "Chinese grocery store", "Neighborhood": "Chinatown Manhattan, NY", "Level": 2.0 }, "geometry": { "type": "Point", "coordinates": [ -73.9984181, 40.7168163 ] } },
{ "type": "Feature", "properties": { "Business_Name": "New York Mart", "Address": "128 Mott St, New York, NY 10013, United States", "Keyword": "Chinese grocery store", "Neighborhood": "Chinatown Manhattan, NY", "Level": 2.0 }, "geometry": { "type": "Point", "coordinates": [ -73.9966318, 40.718503899999988 ] } },
{ "type": "Feature", "properties": { "Business_Name": "Deluxe Food Market", "Address": "79 Elizabeth St, New York, NY 10013, United States", "Keyword": "Chinese grocery store", "Neighborhood": "Chinatown Manhattan, NY", "Level": 2.0 }, "geometry": { "type": "Point", "coordinates": [ -73.996262, 40.718038 ] } },
{ "type": "Feature", "properties": { "Business_Name": "Chinatown Supermarket of Manhattan 新中華超市", "Address": "109 E Broadway, New York, NY 10002, United States", "Keyword": "Chinese grocery store", "Neighborhood": "Chinatown Manhattan, NY", "Level": 2.0 }, "geometry": { "type": "Point", "coordinates": [ -73.9928845, 40.713698699999988 ] } },
{ "type": "Feature", "properties": { "Business_Name": "Po Wing Hong Food Market", "Address": "49 Elizabeth St, New York, NY 10013, United States", "Keyword": "Chinese grocery store", "Neighborhood": "Chinatown Manhattan, NY", "Level": 2.0 }, "geometry": { "type": "Point", "coordinates": [ -73.9969374, 40.7171917 ] } },
{ "type": "Feature", "properties": { "Business_Name": "Bangkok Center Grocery", "Address": "104 Mosco St, New York, NY 10013, United States", "Keyword": "Chinese grocery store", "Neighborhood": "Chinatown Manhattan, NY", "Level": 2.0 }, "geometry": { "type": "Point", "coordinates": [ -73.9993415, 40.7145249 ] } },
{ "type": "Feature", "properties": { "Business_Name": "Tan Tin Hung Supermarket", "Address": "121 Bowery, New York, NY 10002, United States", "Keyword": "Chinese grocery store", "Neighborhood": "Chinatown Manhattan, NY", "Level": 2.0 }, "geometry": { "type": "Point", "coordinates": [ -73.9946923, 40.7180556 ] } },
{ "type": "Feature", "properties": { "Business_Name": "Asia Market", "Address": "71 1/2 Mulberry St, New York, NY 10013, United States", "Keyword": "Chinese grocery store", "Neighborhood": "Chinatown Manhattan, NY", "Level": 2.0 }, "geometry": { "type": "Point", "coordinates": [ -73.9992834, 40.7161737 ] } },
{ "type": "Feature", "properties": { "Business_Name": "New York Marts", "Address": "75 E Broadway, New York, NY 10002, United States", "Keyword": "Chinese grocery store", "Neighborhood": "Chinatown Manhattan, NY", "Level": 2.0 }, "geometry": { "type": "Point", "coordinates": [ -73.9941826, 40.713685 ] } },
{ "type": "Feature", "properties": { "Business_Name": "Sun Vin Grocery Store", "Address": "75 Mulberry St, New York, NY 10013, United States", "Keyword": "Chinese grocery store", "Neighborhood": "Chinatown Manhattan, NY", "Level": 2.0 }, "geometry": { "type": "Point", "coordinates": [ -73.9993156, 40.7163431 ] } },
{ "type": "Feature", "properties": { "Business_Name": "Win Sea Food Market", "Address": "218 Canal St, New York, NY 10013, United States", "Keyword": "Chinese grocery store", "Neighborhood": "Chinatown Manhattan, NY", "Level": 2.0 }, "geometry": { "type": "Point", "coordinates": [ -73.9992749, 40.7171917 ] } },
{ "type": "Feature", "properties": { "Business_Name": "Mei Lai Wah", "Address": "62 Bayard St, New York, NY 10013, United States", "Keyword": "Chinese grocery store", "Neighborhood": "Chinatown Manhattan, NY", "Level": 2.0 }, "geometry": { "type": "Point", "coordinates": [ -73.9978853, 40.7154856 ] } },
{ "type": "Feature", "properties": { "Business_Name": "Tai Pan Bakery", "Address": "194 Canal St, New York, NY 10013, United States", "Keyword": "Chinese grocery store", "Neighborhood": "Chinatown Manhattan, NY", "Level": 2.0 }, "geometry": { "type": "Point", "coordinates": [ -73.9980781, 40.7167172 ] } },
{ "type": "Feature", "properties": { "Business_Name": "HK Discount Store", "Address": "153 E Broadway, New York, NY 10002, United States", "Keyword": "Chinese grocery store", "Neighborhood": "Chinatown Manhattan, NY", "Level": 2.0 }, "geometry": { "type": "Point", "coordinates": [ -73.9908181, 40.7138581 ] } },
{ "type": "Feature", "properties": { "Business_Name": "Hung Lee", "Address": "79 Bayard St, New York, NY 10013, United States", "Keyword": "Chinese grocery store", "Neighborhood": "Chinatown Manhattan, NY", "Level": 2.0 }, "geometry": { "type": "Point", "coordinates": [ -73.9987662, 40.7156486 ] } },
{ "type": "Feature", "properties": { "Business_Name": "Ebisu SoHo", "Address": "449 Broadway 1st Floor, New York, NY 10013, United States", "Keyword": "Chinese grocery store", "Neighborhood": "Chinatown Manhattan, NY", "Level": 2.0 }, "geometry": { "type": "Point", "coordinates": [ -74.0011365, 40.7204735 ] } },
{ "type": "Feature", "properties": { "Business_Name": "Kin Shing Trading Inc", "Address": "133 Mott St # A, New York, NY 10013, United States", "Keyword": "Chinese grocery store", "Neighborhood": "Chinatown Manhattan, NY", "Level": 2.0 }, "geometry": { "type": "Point", "coordinates": [ -73.9968839, 40.7184315 ] } },
{ "type": "Feature", "properties": { "Business_Name": "Grand Advance Supermarket", "Address": "272 Grand St, New York, NY 10002, United States", "Keyword": "Chinese grocery store", "Neighborhood": "Chinatown Manhattan, NY", "Level": 2.0 }, "geometry": { "type": "Point", "coordinates": [ -73.992842, 40.718072 ] } },
{ "type": "Feature", "properties": { "Business_Name": "Chinese Hispanic Grocery", "Address": "130 Eldridge St, New York, NY 10002, United States", "Keyword": "Chinese grocery store", "Neighborhood": "Chinatown Manhattan, NY", "Level": 2.0 }, "geometry": { "type": "Point", "coordinates": [ -73.9916129, 40.7186601 ] } },
{ "type": "Feature", "properties": { "Business_Name": "Mahayana Temple Buddhist Association", "Address": "133 Canal St, New York, NY 10002, United States", "Keyword": "Chinese temple", "Neighborhood": "Chinatown Manhattan, NY", "Level": 2.0 }, "geometry": { "type": "Point", "coordinates": [ -73.995419, 40.716140300000013 ] } },
{ "type": "Feature", "properties": { "Business_Name": "Eastern States Buddhist Temple", "Address": "64 Mott St, New York, NY 10013, United States", "Keyword": "Chinese temple", "Neighborhood": "Chinatown Manhattan, NY", "Level": 2.0 }, "geometry": { "type": "Point", "coordinates": [ -73.9981355, 40.7160553 ] } },
{ "type": "Feature", "properties": { "Business_Name": "Chung Te Buddhist Association of Ny", "Address": "152 Henry St, New York, NY 10002, United States", "Keyword": "Chinese temple", "Neighborhood": "Chinatown Manhattan, NY", "Level": 2.0 }, "geometry": { "type": "Point", "coordinates": [ -73.9896477, 40.713287 ] } },
{ "type": "Feature", "properties": { "Business_Name": "True Buddha Temple - Chinatown", "Address": "156 E Broadway, New York, NY 10002, United States", "Keyword": "Chinese temple", "Neighborhood": "Chinatown Manhattan, NY", "Level": 2.0 }, "geometry": { "type": "Point", "coordinates": [ -73.9906308, 40.7141919 ] } },
{ "type": "Feature", "properties": { "Business_Name": "美國關帝廟 Guan Gong Temple of USA", "Address": "294 Broome St, New York, NY 10002, United States", "Keyword": "Chinese temple", "Neighborhood": "Chinatown Manhattan, NY", "Level": 2.0 }, "geometry": { "type": "Point", "coordinates": [ -73.9919217, 40.7187208 ] } },
{ "type": "Feature", "properties": { "Business_Name": "Guanyinsi - World Buddhist Center", "Address": "158 Henry St, New York, NY 10002, United States", "Keyword": "Chinese temple", "Neighborhood": "Chinatown Manhattan, NY", "Level": 2.0 }, "geometry": { "type": "Point", "coordinates": [ -73.9894366, 40.7132794 ] } },
{ "type": "Feature", "properties": { "Business_Name": "Pu Chao Buddhist Temple", "Address": "20 Eldridge St, New York, NY 10002, United States", "Keyword": "Chinese temple", "Neighborhood": "Chinatown Manhattan, NY", "Level": 2.0 }, "geometry": { "type": "Point", "coordinates": [ -73.9934997, 40.7149363 ] } },
{ "type": "Feature", "properties": { "Business_Name": "Huang Da Xian Taoist Temple", "Address": "20 Bowery, New York, NY 10013, United States", "Keyword": "Chinese temple", "Neighborhood": "Chinatown Manhattan, NY", "Level": 2.0 }, "geometry": { "type": "Point", "coordinates": [ -73.99725, 40.7147212 ] } },
{ "type": "Feature", "properties": { "Business_Name": "Guangming Buddhist Temple", "Address": "214 Centre St, New York, NY 10013, United States", "Keyword": "Chinese temple", "Neighborhood": "Chinatown Manhattan, NY", "Level": 2.0 }, "geometry": { "type": "Point", "coordinates": [ -73.9988366, 40.7192124 ] } },
{ "type": "Feature", "properties": { "Business_Name": "Fawang si (China Buddhist Association)", "Address": "245 Canal St # 2, New York, NY 10013, United States", "Keyword": "Chinese temple", "Neighborhood": "Chinatown Manhattan, NY", "Level": 2.0 }, "geometry": { "type": "Point", "coordinates": [ -74.0002401, 40.7184124 ] } },
{ "type": "Feature", "properties": { "Business_Name": "紐約佛恩寺Grace Gratitude Buddhist Temple", "Address": "48 E Broadway, New York, NY 10002, United States", "Keyword": "Chinese temple", "Neighborhood": "Chinatown Manhattan, NY", "Level": 2.0 }, "geometry": { "type": "Point", "coordinates": [ -73.9957373, 40.7137267 ] } },
{ "type": "Feature", "properties": { "Business_Name": "Zhengjuesi - Cheng Chio Buddhist Temple", "Address": "16 Allen St, New York, NY 10002, United States", "Keyword": "Chinese temple", "Neighborhood": "Chinatown Manhattan, NY", "Level": 2.0 }, "geometry": { "type": "Point", "coordinates": [ -73.9921701, 40.7151042 ] } },
{ "type": "Feature", "properties": { "Business_Name": "Eastern Buddhist Association East Dhayana Temple", "Address": "83 Division St, New York, NY 10002, United States", "Keyword": "Chinese temple", "Neighborhood": "Chinatown Manhattan, NY", "Level": 2.0 }, "geometry": { "type": "Point", "coordinates": [ -73.9936241, 40.7142359 ] } },
{ "type": "Feature", "properties": { "Business_Name": "Guan Yin Citta 唐人街观音堂", "Address": "17 Monroe St, New York, NY 10002, United States", "Keyword": "Chinese temple", "Neighborhood": "Chinatown Manhattan, NY", "Level": 2.0 }, "geometry": { "type": "Point", "coordinates": [ -73.995746, 40.7116833 ] } },
{ "type": "Feature", "properties": { "Business_Name": "Sung Tak Buddhist Association", "Address": "15 Pike St, New York, NY 10002, United States", "Keyword": "Chinese temple", "Neighborhood": "Chinatown Manhattan, NY", "Level": 2.0 }, "geometry": { "type": "Point", "coordinates": [ -73.9921995, 40.7135621 ] } },
{ "type": "Feature", "properties": { "Business_Name": "Transworld Buddhist Association", "Address": "7 E Broadway, New York, NY 10038, United States", "Keyword": "Chinese temple", "Neighborhood": "Chinatown Manhattan, NY", "Level": 2.0 }, "geometry": { "type": "Point", "coordinates": [ -73.9976615, 40.7133108 ] } },
{ "type": "Feature", "properties": { "Business_Name": "乾元居老谢道士堂", "Address": "32 E Broadway #1, New York, NY 10002, United States", "Keyword": "Chinese temple", "Neighborhood": "Chinatown Manhattan, NY", "Level": 2.0 }, "geometry": { "type": "Point", "coordinates": [ -73.9964833, 40.7137174 ] } },
{ "type": "Feature", "properties": { "Business_Name": "Bok Yee Buddhist Temple", "Address": "11 Allen St, New York, NY 10002, United States", "Keyword": "Chinese temple", "Neighborhood": "Chinatown Manhattan, NY", "Level": 2.0 }, "geometry": { "type": "Point", "coordinates": [ -73.9929119, 40.7148517 ] } },
{ "type": "Feature", "properties": { "Business_Name": "Feilian dong", "Address": "42 Hester St, New York, NY 10002, United States", "Keyword": "Chinese temple", "Neighborhood": "Chinatown Manhattan, NY", "Level": 2.0 }, "geometry": { "type": "Point", "coordinates": [ -73.9901048, 40.7155755 ] } },
{ "type": "Feature", "properties": { "Business_Name": "Kopitiam", "Address": "151 E Broadway, New York, NY 10002, United States", "Keyword": "Chinese temple", "Neighborhood": "Chinatown Manhattan, NY", "Level": 2.0 }, "geometry": { "type": "Point", "coordinates": [ -73.9909299, 40.7138487 ] } },
{ "type": "Feature", "properties": { "Business_Name": "New York Chinese Baptist Church", "Address": "84 Walker St, New York, NY 10013, United States", "Keyword": "Chinese church", "Neighborhood": "Chinatown Manhattan, NY", "Level": 2.0 }, "geometry": { "type": "Point", "coordinates": [ -74.0014547, 40.7182579 ] } },
{ "type": "Feature", "properties": { "Business_Name": "Oversea Chinese Mission", "Address": "Main entrance on, Elizabeth Street, 154 Hester St, New York, NY 10013, United States", "Keyword": "Chinese church", "Neighborhood": "Chinatown Manhattan, NY", "Level": 2.0 }, "geometry": { "type": "Point", "coordinates": [ -73.9965255, 40.7174974 ] } },
{ "type": "Feature", "properties": { "Business_Name": "First Chinese Presbyterian Church", "Address": "61 Henry St, New York, NY 10002, United States", "Keyword": "Chinese church", "Neighborhood": "Chinatown Manhattan, NY", "Level": 2.0 }, "geometry": { "type": "Point", "coordinates": [ -73.9947934, 40.7131928 ] } },
{ "type": "Feature", "properties": { "Business_Name": "First Chinese Baptist Church", "Address": "21 Pell St, New York, NY 10013, United States", "Keyword": "Chinese church", "Neighborhood": "Chinatown Manhattan, NY", "Level": 2.0 }, "geometry": { "type": "Point", "coordinates": [ -73.998189400000015, 40.714808 ] } },
{ "type": "Feature", "properties": { "Business_Name": "Chinatown Christ Family Church", "Address": "48 Market St #1a, New York, NY 10002, United States", "Keyword": "Chinese church", "Neighborhood": "Chinatown Manhattan, NY", "Level": 2.0 }, "geometry": { "type": "Point", "coordinates": [ -73.9940961, 40.7118924 ] } },
{ "type": "Feature", "properties": { "Business_Name": "Chinese Evangel Mission Church", "Address": "97 Madison St, New York, NY 10002, United States", "Keyword": "Chinese church", "Neighborhood": "Chinatown Manhattan, NY", "Level": 2.0 }, "geometry": { "type": "Point", "coordinates": [ -73.9954932, 40.7123217 ] } },
{ "type": "Feature", "properties": { "Business_Name": "NY Chinese Alliance Church", "Address": "160 Eldridge St, New York, NY 10002, United States", "Keyword": "Chinese church", "Neighborhood": "Chinatown Manhattan, NY", "Level": 2.0 }, "geometry": { "type": "Point", "coordinates": [ -73.9909862, 40.7198402 ] } },
{ "type": "Feature", "properties": { "Business_Name": "Chinese United Methodist Church", "Address": "69 Madison St, New York, NY 10002, United States", "Keyword": "Chinese church", "Neighborhood": "Chinatown Manhattan, NY", "Level": 2.0 }, "geometry": { "type": "Point", "coordinates": [ -73.996773, 40.7122086 ] } },
{ "type": "Feature", "properties": { "Business_Name": "Evangelical Church, Mission and Seminary International in Chinatown", "Address": "248 Grand St, New York, NY 10002, United States", "Keyword": "Chinese church", "Neighborhood": "Chinatown Manhattan, NY", "Level": 2.0 }, "geometry": { "type": "Point", "coordinates": [ -73.9940581, 40.7183328 ] } },
{ "type": "Feature", "properties": { "Business_Name": "Chinese Christian Assembly", "Address": "2 Allen St, New York, NY 10002, United States", "Keyword": "Chinese church", "Neighborhood": "Chinatown Manhattan, NY", "Level": 2.0 }, "geometry": { "type": "Point", "coordinates": [ -73.9923442, 40.714515600000013 ] } },
{ "type": "Feature", "properties": { "Business_Name": "Chinese-American Planning Council - Chinatown Senior Center", "Address": "55 Chrystie St, New York, NY 10002, United States", "Keyword": "Chinese senior center", "Neighborhood": "Chinatown Manhattan, NY", "Level": 2.0 }, "geometry": { "type": "Point", "coordinates": [ -73.9949779, 40.7163825 ] } },
{ "type": "Feature", "properties": { "Business_Name": "New York Chinese Community Center", "Address": "62 Mott St, New York, NY 10013, United States", "Keyword": "Chinese community center", "Neighborhood": "Chinatown Manhattan, NY", "Level": 2.0 }, "geometry": { "type": "Point", "coordinates": [ -73.9981392, 40.7160503 ] } },
{ "type": "Feature", "properties": { "Business_Name": "New York Chinese Community Center", "Address": "62 Mott St, New York, NY 10013, United States", "Keyword": "Chinese association", "Neighborhood": "Chinatown Manhattan, NY", "Level": 2.0 }, "geometry": { "type": "Point", "coordinates": [ -73.9981392, 40.7160503 ] } },
{ "type": "Feature", "properties": { "Business_Name": "Greater Chinatown Community Association", "Address": "6 Doyers St, New York, NY 10013, United States", "Keyword": "Chinese association", "Neighborhood": "Chinatown Manhattan, NY", "Level": 2.0 }, "geometry": { "type": "Point", "coordinates": [ -73.9979012, 40.714453 ] } },
{ "type": "Feature", "properties": { "Business_Name": "Myanmar Chinese Association of New York", "Address": "100 Bowery 4th floor, New York, NY 10013, United States", "Keyword": "Chinese association", "Neighborhood": "Chinatown Manhattan, NY", "Level": 2.0 }, "geometry": { "type": "Point", "coordinates": [ -73.995468, 40.717777 ] } },
{ "type": "Feature", "properties": { "Business_Name": "Chinese Community Club", "Address": "3/F, 199 Canal St, New York, NY 10013, United States", "Keyword": "Chinese association", "Neighborhood": "Chinatown Manhattan, NY", "Level": 2.0 }, "geometry": { "type": "Point", "coordinates": [ -73.9983871, 40.7172518 ] } },
{ "type": "Feature", "properties": { "Business_Name": "On Leong Chinese Merchants Association", "Address": "83 Mott St, New York, NY 10013, United States", "Keyword": "Chinese association", "Neighborhood": "Chinatown Manhattan, NY", "Level": 2.0 }, "geometry": { "type": "Point", "coordinates": [ -73.9980826, 40.7166948 ] } },
{ "type": "Feature", "properties": { "Business_Name": "Think!Chinatown", "Address": "1 Pike St, New York, NY 10002, United States", "Keyword": "Chinese association", "Neighborhood": "Chinatown Manhattan, NY", "Level": 2.0 }, "geometry": { "type": "Point", "coordinates": [ -73.992356, 40.7142846 ] } },
{ "type": "Feature", "properties": { "Business_Name": "New York Chinese School", "Address": "62 Mott St 3rd floor, New York, NY 10013, United States", "Keyword": "Chinese association", "Neighborhood": "Chinatown Manhattan, NY", "Level": 2.0 }, "geometry": { "type": "Point", "coordinates": [ -73.998024, 40.7159896 ] } },
{ "type": "Feature", "properties": { "Business_Name": "Chinese Progressive Association", "Address": "230 Grand St #504, New York, NY 10013, United States", "Keyword": "Chinese association", "Neighborhood": "Chinatown Manhattan, NY", "Level": 2.0 }, "geometry": { "type": "Point", "coordinates": [ -73.9950885, 40.7187888 ] } },
{ "type": "Feature", "properties": { "Business_Name": "Chinese Heritage Society", "Address": "109 Lafayette St, New York, NY 10013, United States", "Keyword": "Chinese association", "Neighborhood": "Chinatown Manhattan, NY", "Level": 2.0 }, "geometry": { "type": "Point", "coordinates": [ -74.0006535, 40.7179593 ] } },
{ "type": "Feature", "properties": { "Business_Name": "Chinese Staff & Workers’ Association", "Address": "345 Grand St #1W, New York, NY 10002, United States", "Keyword": "Chinese association", "Neighborhood": "Chinatown Manhattan, NY", "Level": 2.0 }, "geometry": { "type": "Point", "coordinates": [ -73.9897204, 40.7167968 ] } },
{ "type": "Feature", "properties": { "Business_Name": "Hotel Chinese Association of USA", "Address": "98 Mott St, New York, NY 10013, United States", "Keyword": "Chinese association", "Neighborhood": "Chinatown Manhattan, NY", "Level": 2.0 }, "geometry": { "type": "Point", "coordinates": [ -73.9972829, 40.7171339 ] } },
{ "type": "Feature", "properties": { "Business_Name": "Welcome to Chinatown", "Address": "115 Bowery, New York, NY 10002, United States", "Keyword": "Chinese association", "Neighborhood": "Chinatown Manhattan, NY", "Level": 2.0 }, "geometry": { "type": "Point", "coordinates": [ -73.9947857, 40.7179183 ] } },
{ "type": "Feature", "properties": { "Business_Name": "Lin Sing Association", "Address": "49 Mott St # 2, New York, NY 10013, United States", "Keyword": "Chinese association", "Neighborhood": "Chinatown Manhattan, NY", "Level": 2.0 }, "geometry": { "type": "Point", "coordinates": [ -73.998754800000015, 40.7154026 ] } },
{ "type": "Feature", "properties": { "Business_Name": "New York Chinese Cultural Center", "Address": "137 Henry St 4th floor, New York, NY 10002, United States", "Keyword": "Chinese association", "Neighborhood": "Chinatown Manhattan, NY", "Level": 2.0 }, "geometry": { "type": "Point", "coordinates": [ -73.990848, 40.713427 ] } },
{ "type": "Feature", "properties": { "Business_Name": "San Kiang Charitable Association", "Address": "25 Division St 3rd floor, New York, NY 10002, United States", "Keyword": "Chinese association", "Neighborhood": "Chinatown Manhattan, NY", "Level": 2.0 }, "geometry": { "type": "Point", "coordinates": [ -73.9962697, 40.7140362 ] } },
{ "type": "Feature", "properties": { "Business_Name": "Better Chinatown Society", "Address": "81 Baxter St, New York, NY 10013, United States", "Keyword": "Chinese association", "Neighborhood": "Chinatown Manhattan, NY", "Level": 2.0 }, "geometry": { "type": "Point", "coordinates": [ -73.9998053, 40.7165881 ] } },
{ "type": "Feature", "properties": { "Business_Name": "Fawang si (China Buddhist Association)", "Address": "245 Canal St # 2, New York, NY 10013, United States", "Keyword": "Chinese association", "Neighborhood": "Chinatown Manhattan, NY", "Level": 2.0 }, "geometry": { "type": "Point", "coordinates": [ -74.0002401, 40.7184124 ] } },
{ "type": "Feature", "properties": { "Business_Name": "Hoy Ping Association of New York", "Address": "98 Mott St, New York, NY 10013, United States", "Keyword": "Chinese association", "Neighborhood": "Chinatown Manhattan, NY", "Level": 2.0 }, "geometry": { "type": "Point", "coordinates": [ -73.9973708, 40.7171655 ] } },
{ "type": "Feature", "properties": { "Business_Name": "Gallery 456 / Chinese American Arts Council", "Address": "456 Broadway 3rd Floor, New York, NY 10013, United States", "Keyword": "Chinese association", "Neighborhood": "Chinatown Manhattan, NY", "Level": 2.0 }, "geometry": { "type": "Point", "coordinates": [ -74.000545, 40.720506 ] } },
{ "type": "Feature", "properties": { "Business_Name": "Chew Lun Association", "Address": "94 Mott St, New York, NY 10013, United States", "Keyword": "Chinese association", "Neighborhood": "Chinatown Manhattan, NY", "Level": 2.0 }, "geometry": { "type": "Point", "coordinates": [ -73.9973756, 40.7171123 ] } },
{ "type": "Feature", "properties": { "Business_Name": "New York Mart", "Address": "128 Mott St, New York, NY 10013, United States", "Keyword": "华人超市", "Neighborhood": "Chinatown Manhattan, NY", "Level": 2.0 }, "geometry": { "type": "Point", "coordinates": [ -73.9966318, 40.718503899999988 ] } },
{ "type": "Feature", "properties": { "Business_Name": "Hong Kong Supermarket", "Address": "157 Hester St, New York, NY 10013, United States", "Keyword": "华人超市", "Neighborhood": "Chinatown Manhattan, NY", "Level": 2.0 }, "geometry": { "type": "Point", "coordinates": [ -73.9960423, 40.7175994 ] } },
{ "type": "Feature", "properties": { "Business_Name": "Chinatown Supermarket of Manhattan 新中華超市", "Address": "109 E Broadway, New York, NY 10002, United States", "Keyword": "华人超市", "Neighborhood": "Chinatown Manhattan, NY", "Level": 2.0 }, "geometry": { "type": "Point", "coordinates": [ -73.9928845, 40.713698699999988 ] } },
{ "type": "Feature", "properties": { "Business_Name": "Chinatown Supermarket of Manhattan 新中華超市", "Address": "109 E Broadway, New York, NY 10002, United States", "Keyword": "华超", "Neighborhood": "Chinatown Manhattan, NY", "Level": 2.0 }, "geometry": { "type": "Point", "coordinates": [ -73.9928845, 40.713698699999988 ] } },
{ "type": "Feature", "properties": { "Business_Name": "New York Mart", "Address": "128 Mott St, New York, NY 10013, United States", "Keyword": "华超", "Neighborhood": "Chinatown Manhattan, NY", "Level": 2.0 }, "geometry": { "type": "Point", "coordinates": [ -73.9966318, 40.718503899999988 ] } },
{ "type": "Feature", "properties": { "Business_Name": "Kam Man Market", "Address": "200 Canal St, New York, NY 10013, United States", "Keyword": "华超", "Neighborhood": "Chinatown Manhattan, NY", "Level": 2.0 }, "geometry": { "type": "Point", "coordinates": [ -73.9984181, 40.7168163 ] } },
{ "type": "Feature", "properties": { "Business_Name": "Hong Kong Supermarket", "Address": "157 Hester St, New York, NY 10013, United States", "Keyword": "华超", "Neighborhood": "Chinatown Manhattan, NY", "Level": 2.0 }, "geometry": { "type": "Point", "coordinates": [ -73.9960423, 40.7175994 ] } },
{ "type": "Feature", "properties": { "Business_Name": "Deluxe Food Market", "Address": "79 Elizabeth St, New York, NY 10013, United States", "Keyword": "华超", "Neighborhood": "Chinatown Manhattan, NY", "Level": 2.0 }, "geometry": { "type": "Point", "coordinates": [ -73.996262, 40.718038 ] } },
{ "type": "Feature", "properties": { "Business_Name": "Po Wing Hong Food Market", "Address": "49 Elizabeth St, New York, NY 10013, United States", "Keyword": "华超", "Neighborhood": "Chinatown Manhattan, NY", "Level": 2.0 }, "geometry": { "type": "Point", "coordinates": [ -73.9969374, 40.7171917 ] } },
{ "type": "Feature", "properties": { "Business_Name": "Asia Market", "Address": "71 1/2 Mulberry St, New York, NY 10013, United States", "Keyword": "华超", "Neighborhood": "Chinatown Manhattan, NY", "Level": 2.0 }, "geometry": { "type": "Point", "coordinates": [ -73.9992834, 40.7161737 ] } },
{ "type": "Feature", "properties": { "Business_Name": "New York Marts", "Address": "75 E Broadway, New York, NY 10002, United States", "Keyword": "华超", "Neighborhood": "Chinatown Manhattan, NY", "Level": 2.0 }, "geometry": { "type": "Point", "coordinates": [ -73.9941826, 40.713685 ] } },
{ "type": "Feature", "properties": { "Business_Name": "Wai Wah Market Inc", "Address": "17 Catherine St, New York, NY 10038, United States", "Keyword": "华超", "Neighborhood": "Chinatown Manhattan, NY", "Level": 2.0 }, "geometry": { "type": "Point", "coordinates": [ -73.997121, 40.713107099999988 ] } },
{ "type": "Feature", "properties": { "Business_Name": "Sun Vin Grocery Store", "Address": "75 Mulberry St, New York, NY 10013, United States", "Keyword": "华超", "Neighborhood": "Chinatown Manhattan, NY", "Level": 2.0 }, "geometry": { "type": "Point", "coordinates": [ -73.9993156, 40.7163431 ] } },
{ "type": "Feature", "properties": { "Business_Name": "Tan Tin Hung Supermarket", "Address": "121 Bowery, New York, NY 10002, United States", "Keyword": "华超", "Neighborhood": "Chinatown Manhattan, NY", "Level": 2.0 }, "geometry": { "type": "Point", "coordinates": [ -73.9946923, 40.7180556 ] } },
{ "type": "Feature", "properties": { "Business_Name": "HK Discount Store", "Address": "153 E Broadway, New York, NY 10002, United States", "Keyword": "华超", "Neighborhood": "Chinatown Manhattan, NY", "Level": 2.0 }, "geometry": { "type": "Point", "coordinates": [ -73.9908181, 40.7138581 ] } },
{ "type": "Feature", "properties": { "Business_Name": "Super A Mart 利興食品公司", "Address": "101 Bowery, New York, NY 10002, United States", "Keyword": "华超", "Neighborhood": "Chinatown Manhattan, NY", "Level": 2.0 }, "geometry": { "type": "Point", "coordinates": [ -73.9949346, 40.7174681 ] } },
{ "type": "Feature", "properties": { "Business_Name": "Wah Cheung", "Address": "129 Mott St, New York, NY 10013, United States", "Keyword": "华超", "Neighborhood": "Chinatown Manhattan, NY", "Level": 2.0 }, "geometry": { "type": "Point", "coordinates": [ -73.9970572, 40.7183589 ] } },
{ "type": "Feature", "properties": { "Business_Name": "Chinese Hispanic Grocery", "Address": "130 Eldridge St, New York, NY 10002, United States", "Keyword": "华超", "Neighborhood": "Chinatown Manhattan, NY", "Level": 2.0 }, "geometry": { "type": "Point", "coordinates": [ -73.9916129, 40.7186601 ] } },
{ "type": "Feature", "properties": { "Business_Name": "Chang Shun", "Address": "57 E Broadway, New York, NY 10002, United States", "Keyword": "华超", "Neighborhood": "Chinatown Manhattan, NY", "Level": 2.0 }, "geometry": { "type": "Point", "coordinates": [ -73.9953924, 40.7135142 ] } },
{ "type": "Feature", "properties": { "Business_Name": "Wah Fung No.1 Fast Food", "Address": "79 Chrystie St, New York, NY 10002, United States", "Keyword": "华超", "Neighborhood": "Chinatown Manhattan, NY", "Level": 2.0 }, "geometry": { "type": "Point", "coordinates": [ -73.9944513, 40.717312799999988 ] } },
{ "type": "Feature", "properties": { "Business_Name": "New Lou Cheng Market Inc", "Address": "51 E Broadway, New York, NY 10002, United States", "Keyword": "华超", "Neighborhood": "Chinatown Manhattan, NY", "Level": 2.0 }, "geometry": { "type": "Point", "coordinates": [ -73.9956125, 40.713493799999988 ] } },
{ "type": "Feature", "properties": { "Business_Name": "Deluxe Meat Market", "Address": "79 Elizabeth St, New York, NY 10013, United States", "Keyword": "华超", "Neighborhood": "Chinatown Manhattan, NY", "Level": 2.0 }, "geometry": { "type": "Point", "coordinates": [ -73.9963017, 40.7180317 ] } },
{ "type": "Feature", "properties": { "Business_Name": "Wahyeung USA Co Ltd", "Address": "81 Mulberry St, New York, NY 10013, United States", "Keyword": "华超", "Neighborhood": "Chinatown Manhattan, NY", "Level": 2.0 }, "geometry": { "type": "Point", "coordinates": [ -73.9991974, 40.71652 ] } },
{ "type": "Feature", "properties": { "Business_Name": "New York Mart", "Address": "128 Mott St, New York, NY 10013, United States", "Keyword": "中国超市", "Neighborhood": "Chinatown Manhattan, NY", "Level": 2.0 }, "geometry": { "type": "Point", "coordinates": [ -73.9966318, 40.718503899999988 ] } },
{ "type": "Feature", "properties": { "Business_Name": "Kam Man Market", "Address": "200 Canal St, New York, NY 10013, United States", "Keyword": "中国超市", "Neighborhood": "Chinatown Manhattan, NY", "Level": 2.0 }, "geometry": { "type": "Point", "coordinates": [ -73.9984181, 40.7168163 ] } },
{ "type": "Feature", "properties": { "Business_Name": "Chinatown Supermarket of Manhattan 新中華超市", "Address": "109 E Broadway, New York, NY 10002, United States", "Keyword": "中国超市", "Neighborhood": "Chinatown Manhattan, NY", "Level": 2.0 }, "geometry": { "type": "Point", "coordinates": [ -73.9928845, 40.713698699999988 ] } },
{ "type": "Feature", "properties": { "Business_Name": "New York Mart", "Address": "128 Mott St, New York, NY 10013, United States", "Keyword": "华人杂货店", "Neighborhood": "Chinatown Manhattan, NY", "Level": 2.0 }, "geometry": { "type": "Point", "coordinates": [ -73.9966318, 40.718503899999988 ] } },
{ "type": "Feature", "properties": { "Business_Name": "Chinatown Supermarket of Manhattan 新中華超市", "Address": "109 E Broadway, New York, NY 10002, United States", "Keyword": "华人杂货店", "Neighborhood": "Chinatown Manhattan, NY", "Level": 2.0 }, "geometry": { "type": "Point", "coordinates": [ -73.9928845, 40.713698699999988 ] } },
{ "type": "Feature", "properties": { "Business_Name": "Hong Kong Supermarket", "Address": "157 Hester St, New York, NY 10013, United States", "Keyword": "华人杂货店", "Neighborhood": "Chinatown Manhattan, NY", "Level": 2.0 }, "geometry": { "type": "Point", "coordinates": [ -73.9960423, 40.7175994 ] } },
{ "type": "Feature", "properties": { "Business_Name": "Kam Man Market", "Address": "200 Canal St, New York, NY 10013, United States", "Keyword": "华人杂货店", "Neighborhood": "Chinatown Manhattan, NY", "Level": 2.0 }, "geometry": { "type": "Point", "coordinates": [ -73.9984181, 40.7168163 ] } },
{ "type": "Feature", "properties": { "Business_Name": "Deluxe Food Market", "Address": "79 Elizabeth St, New York, NY 10013, United States", "Keyword": "华人杂货店", "Neighborhood": "Chinatown Manhattan, NY", "Level": 2.0 }, "geometry": { "type": "Point", "coordinates": [ -73.996262, 40.718038 ] } },
{ "type": "Feature", "properties": { "Business_Name": "New York Marts", "Address": "75 E Broadway, New York, NY 10002, United States", "Keyword": "华人杂货店", "Neighborhood": "Chinatown Manhattan, NY", "Level": 2.0 }, "geometry": { "type": "Point", "coordinates": [ -73.9941826, 40.713685 ] } },
{ "type": "Feature", "properties": { "Business_Name": "Po Wing Hong Food Market", "Address": "49 Elizabeth St, New York, NY 10013, United States", "Keyword": "华人杂货店", "Neighborhood": "Chinatown Manhattan, NY", "Level": 2.0 }, "geometry": { "type": "Point", "coordinates": [ -73.9969374, 40.7171917 ] } },
{ "type": "Feature", "properties": { "Business_Name": "Kin Shing Trading Inc", "Address": "133 Mott St # A, New York, NY 10013, United States", "Keyword": "华人杂货店", "Neighborhood": "Chinatown Manhattan, NY", "Level": 2.0 }, "geometry": { "type": "Point", "coordinates": [ -73.9968839, 40.7184315 ] } },
{ "type": "Feature", "properties": { "Business_Name": "Asia Market", "Address": "71 1/2 Mulberry St, New York, NY 10013, United States", "Keyword": "华人杂货店", "Neighborhood": "Chinatown Manhattan, NY", "Level": 2.0 }, "geometry": { "type": "Point", "coordinates": [ -73.9992834, 40.7161737 ] } },
{ "type": "Feature", "properties": { "Business_Name": "Tan Tin Hung Supermarket", "Address": "121 Bowery, New York, NY 10002, United States", "Keyword": "华人杂货店", "Neighborhood": "Chinatown Manhattan, NY", "Level": 2.0 }, "geometry": { "type": "Point", "coordinates": [ -73.9946923, 40.7180556 ] } },
{ "type": "Feature", "properties": { "Business_Name": "Shun Long Hing Market", "Address": "53 E Broadway, New York, NY 10002, United States", "Keyword": "华人杂货店", "Neighborhood": "Chinatown Manhattan, NY", "Level": 2.0 }, "geometry": { "type": "Point", "coordinates": [ -73.9955421, 40.7135022 ] } },
{ "type": "Feature", "properties": { "Business_Name": "Super A Mart 利興食品公司", "Address": "101 Bowery, New York, NY 10002, United States", "Keyword": "华人杂货店", "Neighborhood": "Chinatown Manhattan, NY", "Level": 2.0 }, "geometry": { "type": "Point", "coordinates": [ -73.9949346, 40.7174681 ] } },
{ "type": "Feature", "properties": { "Business_Name": "HK Discount Store", "Address": "153 E Broadway, New York, NY 10002, United States", "Keyword": "华人杂货店", "Neighborhood": "Chinatown Manhattan, NY", "Level": 2.0 }, "geometry": { "type": "Point", "coordinates": [ -73.9908181, 40.7138581 ] } },
{ "type": "Feature", "properties": { "Business_Name": "Sun Vin Grocery Store", "Address": "75 Mulberry St, New York, NY 10013, United States", "Keyword": "华人杂货店", "Neighborhood": "Chinatown Manhattan, NY", "Level": 2.0 }, "geometry": { "type": "Point", "coordinates": [ -73.9993156, 40.7163431 ] } },
{ "type": "Feature", "properties": { "Business_Name": "Wai Wah Market Inc", "Address": "17 Catherine St, New York, NY 10038, United States", "Keyword": "华人杂货店", "Neighborhood": "Chinatown Manhattan, NY", "Level": 2.0 }, "geometry": { "type": "Point", "coordinates": [ -73.997121, 40.713107099999988 ] } },
{ "type": "Feature", "properties": { "Business_Name": "K. K. Discount Store", "Address": "78 Mulberry St, New York, NY 10013, United States", "Keyword": "华人杂货店", "Neighborhood": "Chinatown Manhattan, NY", "Level": 2.0 }, "geometry": { "type": "Point", "coordinates": [ -73.9987672, 40.7163323 ] } },
{ "type": "Feature", "properties": { "Business_Name": "New Lou Cheng Market Inc", "Address": "51 E Broadway, New York, NY 10002, United States", "Keyword": "华人杂货店", "Neighborhood": "Chinatown Manhattan, NY", "Level": 2.0 }, "geometry": { "type": "Point", "coordinates": [ -73.9956125, 40.713493799999988 ] } },
{ "type": "Feature", "properties": { "Business_Name": "Bangkok Center Grocery", "Address": "104 Mosco St, New York, NY 10013, United States", "Keyword": "华人杂货店", "Neighborhood": "Chinatown Manhattan, NY", "Level": 2.0 }, "geometry": { "type": "Point", "coordinates": [ -73.9993415, 40.7145249 ] } },
{ "type": "Feature", "properties": { "Business_Name": "Win Sea Food Market", "Address": "218 Canal St, New York, NY 10013, United States", "Keyword": "华人杂货店", "Neighborhood": "Chinatown Manhattan, NY", "Level": 2.0 }, "geometry": { "type": "Point", "coordinates": [ -73.9992749, 40.7171917 ] } },
{ "type": "Feature", "properties": { "Business_Name": "Hung Lee", "Address": "79 Bayard St, New York, NY 10013, United States", "Keyword": "华人杂货店", "Neighborhood": "Chinatown Manhattan, NY", "Level": 2.0 }, "geometry": { "type": "Point", "coordinates": [ -73.9987662, 40.7156486 ] } },
{ "type": "Feature", "properties": { "Business_Name": "Guanyinsi - World Buddhist Center", "Address": "158 Henry St, New York, NY 10002, United States", "Keyword": "華人寺庙", "Neighborhood": "Chinatown Manhattan, NY", "Level": 2.0 }, "geometry": { "type": "Point", "coordinates": [ -73.9894366, 40.7132794 ] } },
{ "type": "Feature", "properties": { "Business_Name": "Mahayana Temple Buddhist Association", "Address": "133 Canal St, New York, NY 10002, United States", "Keyword": "華人寺庙", "Neighborhood": "Chinatown Manhattan, NY", "Level": 2.0 }, "geometry": { "type": "Point", "coordinates": [ -73.995419, 40.716140300000013 ] } },
{ "type": "Feature", "properties": { "Business_Name": "Eastern States Buddhist Temple", "Address": "64 Mott St, New York, NY 10013, United States", "Keyword": "華人寺庙", "Neighborhood": "Chinatown Manhattan, NY", "Level": 2.0 }, "geometry": { "type": "Point", "coordinates": [ -73.9981355, 40.7160553 ] } },
{ "type": "Feature", "properties": { "Business_Name": "Pu Chao Buddhist Temple", "Address": "20 Eldridge St, New York, NY 10002, United States", "Keyword": "華人寺庙", "Neighborhood": "Chinatown Manhattan, NY", "Level": 2.0 }, "geometry": { "type": "Point", "coordinates": [ -73.9934997, 40.7149363 ] } },
{ "type": "Feature", "properties": { "Business_Name": "美國關帝廟 Guan Gong Temple of USA", "Address": "294 Broome St, New York, NY 10002, United States", "Keyword": "華人寺庙", "Neighborhood": "Chinatown Manhattan, NY", "Level": 2.0 }, "geometry": { "type": "Point", "coordinates": [ -73.9919217, 40.7187208 ] } },
{ "type": "Feature", "properties": { "Business_Name": "紐約佛恩寺Grace Gratitude Buddhist Temple", "Address": "48 E Broadway, New York, NY 10002, United States", "Keyword": "華人寺庙", "Neighborhood": "Chinatown Manhattan, NY", "Level": 2.0 }, "geometry": { "type": "Point", "coordinates": [ -73.9957373, 40.7137267 ] } },
{ "type": "Feature", "properties": { "Business_Name": "Fawang si (China Buddhist Association)", "Address": "245 Canal St # 2, New York, NY 10013, United States", "Keyword": "華人寺庙", "Neighborhood": "Chinatown Manhattan, NY", "Level": 2.0 }, "geometry": { "type": "Point", "coordinates": [ -74.0002401, 40.7184124 ] } },
{ "type": "Feature", "properties": { "Business_Name": "乾元居老谢道士堂", "Address": "32 E Broadway #1, New York, NY 10002, United States", "Keyword": "華人寺庙", "Neighborhood": "Chinatown Manhattan, NY", "Level": 2.0 }, "geometry": { "type": "Point", "coordinates": [ -73.9964833, 40.7137174 ] } },
{ "type": "Feature", "properties": { "Business_Name": "Guangming Buddhist Temple", "Address": "214 Centre St, New York, NY 10013, United States", "Keyword": "華人寺庙", "Neighborhood": "Chinatown Manhattan, NY", "Level": 2.0 }, "geometry": { "type": "Point", "coordinates": [ -73.9988366, 40.7192124 ] } },
{ "type": "Feature", "properties": { "Business_Name": "Huang Da Xian Taoist Temple", "Address": "20 Bowery, New York, NY 10013, United States", "Keyword": "華人寺庙", "Neighborhood": "Chinatown Manhattan, NY", "Level": 2.0 }, "geometry": { "type": "Point", "coordinates": [ -73.99725, 40.7147212 ] } },
{ "type": "Feature", "properties": { "Business_Name": "Zhengjuesi - Cheng Chio Buddhist Temple", "Address": "16 Allen St, New York, NY 10002, United States", "Keyword": "華人寺庙", "Neighborhood": "Chinatown Manhattan, NY", "Level": 2.0 }, "geometry": { "type": "Point", "coordinates": [ -73.9921701, 40.7151042 ] } },
{ "type": "Feature", "properties": { "Business_Name": "Guan Yin Citta 唐人街观音堂", "Address": "17 Monroe St, New York, NY 10002, United States", "Keyword": "華人寺庙", "Neighborhood": "Chinatown Manhattan, NY", "Level": 2.0 }, "geometry": { "type": "Point", "coordinates": [ -73.995746, 40.7116833 ] } },
{ "type": "Feature", "properties": { "Business_Name": "Chung Te Buddhist Association of Ny", "Address": "152 Henry St, New York, NY 10002, United States", "Keyword": "華人寺庙", "Neighborhood": "Chinatown Manhattan, NY", "Level": 2.0 }, "geometry": { "type": "Point", "coordinates": [ -73.9896477, 40.713287 ] } },
{ "type": "Feature", "properties": { "Business_Name": "True Buddha Temple - Chinatown", "Address": "156 E Broadway, New York, NY 10002, United States", "Keyword": "華人寺庙", "Neighborhood": "Chinatown Manhattan, NY", "Level": 2.0 }, "geometry": { "type": "Point", "coordinates": [ -73.9906308, 40.7141919 ] } },
{ "type": "Feature", "properties": { "Business_Name": "Eastern Buddhist Association East Dhayana Temple", "Address": "83 Division St, New York, NY 10002, United States", "Keyword": "華人寺庙", "Neighborhood": "Chinatown Manhattan, NY", "Level": 2.0 }, "geometry": { "type": "Point", "coordinates": [ -73.9936241, 40.7142359 ] } },
{ "type": "Feature", "properties": { "Business_Name": "Sung Tak Buddhist Association", "Address": "15 Pike St, New York, NY 10002, United States", "Keyword": "華人寺庙", "Neighborhood": "Chinatown Manhattan, NY", "Level": 2.0 }, "geometry": { "type": "Point", "coordinates": [ -73.9921995, 40.7135621 ] } },
{ "type": "Feature", "properties": { "Business_Name": "法拉盛静安寺 Jing An Temple of Flushing", "Address": "35-22 Prince St, Flushing, NY 11354, United States", "Keyword": "華人寺庙", "Neighborhood": "Chinatown Manhattan, NY", "Level": 2.0 }, "geometry": { "type": "Point", "coordinates": [ -73.8335075, 40.7634075 ] } },
{ "type": "Feature", "properties": { "Business_Name": "Feilian dong", "Address": "42 Hester St, New York, NY 10002, United States", "Keyword": "華人寺庙", "Neighborhood": "Chinatown Manhattan, NY", "Level": 2.0 }, "geometry": { "type": "Point", "coordinates": [ -73.9901048, 40.7155755 ] } },
{ "type": "Feature", "properties": { "Business_Name": "欽德佛堂", "Address": "56 E Broadway, New York, NY 10002, United States", "Keyword": "佛堂", "Neighborhood": "Chinatown Manhattan, NY", "Level": 2.0 }, "geometry": { "type": "Point", "coordinates": [ -73.995414600000018, 40.7137509 ] } },
{ "type": "Feature", "properties": { "Business_Name": "Pu Chao Buddhist Temple", "Address": "20 Eldridge St, New York, NY 10002, United States", "Keyword": "佛堂", "Neighborhood": "Chinatown Manhattan, NY", "Level": 2.0 }, "geometry": { "type": "Point", "coordinates": [ -73.9934997, 40.7149363 ] } },
{ "type": "Feature", "properties": { "Business_Name": "Guanyinsi - World Buddhist Center", "Address": "158 Henry St, New York, NY 10002, United States", "Keyword": "佛教中心", "Neighborhood": "Chinatown Manhattan, NY", "Level": 2.0 }, "geometry": { "type": "Point", "coordinates": [ -73.9894366, 40.7132794 ] } },
{ "type": "Feature", "properties": { "Business_Name": "Mahayana Temple Buddhist Association", "Address": "133 Canal St, New York, NY 10002, United States", "Keyword": "佛教中心", "Neighborhood": "Chinatown Manhattan, NY", "Level": 2.0 }, "geometry": { "type": "Point", "coordinates": [ -73.995419, 40.716140300000013 ] } },
{ "type": "Feature", "properties": { "Business_Name": "Eastern States Buddhist Temple", "Address": "64 Mott St, New York, NY 10013, United States", "Keyword": "佛教中心", "Neighborhood": "Chinatown Manhattan, NY", "Level": 2.0 }, "geometry": { "type": "Point", "coordinates": [ -73.9981355, 40.7160553 ] } },
{ "type": "Feature", "properties": { "Business_Name": "Pu Chao Buddhist Temple", "Address": "20 Eldridge St, New York, NY 10002, United States", "Keyword": "佛教中心", "Neighborhood": "Chinatown Manhattan, NY", "Level": 2.0 }, "geometry": { "type": "Point", "coordinates": [ -73.9934997, 40.7149363 ] } },
{ "type": "Feature", "properties": { "Business_Name": "Fawang si (China Buddhist Association)", "Address": "245 Canal St # 2, New York, NY 10013, United States", "Keyword": "佛教中心", "Neighborhood": "Chinatown Manhattan, NY", "Level": 2.0 }, "geometry": { "type": "Point", "coordinates": [ -74.0002401, 40.7184124 ] } },
{ "type": "Feature", "properties": { "Business_Name": "青年佛教通訊中心", "Address": "2/Front, 18 Mott St, New York, NY 10013, United States", "Keyword": "佛教中心", "Neighborhood": "Chinatown Manhattan, NY", "Level": 2.0 }, "geometry": { "type": "Point", "coordinates": [ -73.9986271, 40.7142681 ] } },
{ "type": "Feature", "properties": { "Business_Name": "Oversea Chinese Mission", "Address": "Main entrance on, Elizabeth Street, 154 Hester St, New York, NY 10013, United States", "Keyword": "华人教会", "Neighborhood": "Chinatown Manhattan, NY", "Level": 2.0 }, "geometry": { "type": "Point", "coordinates": [ -73.9965255, 40.7174974 ] } },
{ "type": "Feature", "properties": { "Business_Name": "NY Chinese Alliance Church", "Address": "160 Eldridge St, New York, NY 10002, United States", "Keyword": "华人教会", "Neighborhood": "Chinatown Manhattan, NY", "Level": 2.0 }, "geometry": { "type": "Point", "coordinates": [ -73.9909862, 40.7198402 ] } },
{ "type": "Feature", "properties": { "Business_Name": "Chinese Evangel Mission Church", "Address": "97 Madison St, New York, NY 10002, United States", "Keyword": "华人教会", "Neighborhood": "Chinatown Manhattan, NY", "Level": 2.0 }, "geometry": { "type": "Point", "coordinates": [ -73.9954932, 40.7123217 ] } },
{ "type": "Feature", "properties": { "Business_Name": "New York Chinese Baptist Church", "Address": "84 Walker St, New York, NY 10013, United States", "Keyword": "华人教会", "Neighborhood": "Chinatown Manhattan, NY", "Level": 2.0 }, "geometry": { "type": "Point", "coordinates": [ -74.0014547, 40.7182579 ] } },
{ "type": "Feature", "properties": { "Business_Name": "Chinese Conservative Baptist Church 中華純正浸信會", "Address": "103 Madison St, New York, NY 10002, United States", "Keyword": "华人教会", "Neighborhood": "Chinatown Manhattan, NY", "Level": 2.0 }, "geometry": { "type": "Point", "coordinates": [ -73.9952066, 40.7123639 ] } },
{ "type": "Feature", "properties": { "Business_Name": "First Chinese Baptist Church", "Address": "21 Pell St, New York, NY 10013, United States", "Keyword": "华人教会", "Neighborhood": "Chinatown Manhattan, NY", "Level": 2.0 }, "geometry": { "type": "Point", "coordinates": [ -73.998189400000015, 40.714808 ] } },
{ "type": "Feature", "properties": { "Business_Name": "Evangelical Church, Mission and Seminary International in Chinatown", "Address": "248 Grand St, New York, NY 10002, United States", "Keyword": "华人教会", "Neighborhood": "Chinatown Manhattan, NY", "Level": 2.0 }, "geometry": { "type": "Point", "coordinates": [ -73.9940581, 40.7183328 ] } },
{ "type": "Feature", "properties": { "Business_Name": "Chinatown Christ Family Church", "Address": "48 Market St #1a, New York, NY 10002, United States", "Keyword": "华人教会", "Neighborhood": "Chinatown Manhattan, NY", "Level": 2.0 }, "geometry": { "type": "Point", "coordinates": [ -73.9940961, 40.7118924 ] } },
{ "type": "Feature", "properties": { "Business_Name": "Chinese Missionary Baptist Church", "Address": "136 Henry St # 1, New York, NY 10002, United States", "Keyword": "华人教会", "Neighborhood": "Chinatown Manhattan, NY", "Level": 2.0 }, "geometry": { "type": "Point", "coordinates": [ -73.9907189, 40.7132359 ] } },
{ "type": "Feature", "properties": { "Business_Name": "New York Chinese Community Center", "Address": "62 Mott St, New York, NY 10013, United States", "Keyword": "华人教会", "Neighborhood": "Chinatown Manhattan, NY", "Level": 2.0 }, "geometry": { "type": "Point", "coordinates": [ -73.9981392, 40.7160503 ] } },
{ "type": "Feature", "properties": { "Business_Name": "Chinese Christian Fellowship", "Address": "91 Claremont Ave, New York, NY 10027, United States", "Keyword": "华人教会", "Neighborhood": "Chinatown Manhattan, NY", "Level": 2.0 }, "geometry": { "type": "Point", "coordinates": [ -73.9630756, 40.8119008 ] } },
{ "type": "Feature", "properties": { "Business_Name": "First Chinese Presbyterian Church", "Address": "61 Henry St, New York, NY 10002, United States", "Keyword": "华人教会", "Neighborhood": "Chinatown Manhattan, NY", "Level": 2.0 }, "geometry": { "type": "Point", "coordinates": [ -73.9947934, 40.7131928 ] } },
{ "type": "Feature", "properties": { "Business_Name": "Chinese Community Church Of New York", "Address": "6 W 96th St, New York, NY 10025, United States", "Keyword": "华人教会", "Neighborhood": "Chinatown Manhattan, NY", "Level": 2.0 }, "geometry": { "type": "Point", "coordinates": [ -73.9651769, 40.7916427 ] } },
{ "type": "Feature", "properties": { "Business_Name": "Chinese United Methodist Church", "Address": "69 Madison St, New York, NY 10002, United States", "Keyword": "华人教会", "Neighborhood": "Chinatown Manhattan, NY", "Level": 2.0 }, "geometry": { "type": "Point", "coordinates": [ -73.996773, 40.7122086 ] } },
{ "type": "Feature", "properties": { "Business_Name": "Church of Grace To Fujianese", "Address": "133 Allen St, New York, NY 10002, United States", "Keyword": "华人教会", "Neighborhood": "Chinatown Manhattan, NY", "Level": 2.0 }, "geometry": { "type": "Point", "coordinates": [ -73.9901915, 40.7201907 ] } },
{ "type": "Feature", "properties": { "Business_Name": "Manhattan Gospel Church (Chinese)", "Address": "91 Claremont Ave, New York, NY 10027, United States", "Keyword": "华人教会", "Neighborhood": "Chinatown Manhattan, NY", "Level": 2.0 }, "geometry": { "type": "Point", "coordinates": [ -73.9627528, 40.8116561 ] } },
{ "type": "Feature", "properties": { "Business_Name": "New York Christian Mission Church", "Address": "58 Eldridge St, New York, NY 10002, United States", "Keyword": "华人教会", "Neighborhood": "Chinatown Manhattan, NY", "Level": 2.0 }, "geometry": { "type": "Point", "coordinates": [ -73.9928281, 40.7162643 ] } },
{ "type": "Feature", "properties": { "Business_Name": "Guanyinsi - World Buddhist Center", "Address": "158 Henry St, New York, NY 10002, United States", "Keyword": "华人教会", "Neighborhood": "Chinatown Manhattan, NY", "Level": 2.0 }, "geometry": { "type": "Point", "coordinates": [ -73.9894366, 40.7132794 ] } },
{ "type": "Feature", "properties": { "Business_Name": "Chinese For Christ NY Church", "Address": "14221 Franklin Ave, Flushing, NY 11355, United States", "Keyword": "华人教会", "Neighborhood": "Chinatown Manhattan, NY", "Level": 2.0 }, "geometry": { "type": "Point", "coordinates": [ -73.823070200000018, 40.7570066 ] } },
{ "type": "Feature", "properties": { "Business_Name": "Chinatown Manpower Project, Inc.", "Address": "55 Chrystie St 2nd FL, New York, NY 10002, United States", "Keyword": "华人教会", "Neighborhood": "Chinatown Manhattan, NY", "Level": 2.0 }, "geometry": { "type": "Point", "coordinates": [ -73.9951053, 40.7165056 ] } },
{ "type": "Feature", "properties": { "Business_Name": "Evangelical Church, Mission and Seminary International in Chinatown", "Address": "248 Grand St, New York, NY 10002, United States", "Keyword": "基督教堂", "Neighborhood": "Chinatown Manhattan, NY", "Level": 2.0 }, "geometry": { "type": "Point", "coordinates": [ -73.9940581, 40.7183328 ] } },
{ "type": "Feature", "properties": { "Business_Name": "耶穌基督後期聖徒教會", "Address": "41 Elizabeth St, New York, NY 10013, United States", "Keyword": "基督教堂", "Neighborhood": "Chinatown Manhattan, NY", "Level": 2.0 }, "geometry": { "type": "Point", "coordinates": [ -73.9969288, 40.7169811 ] } },
{ "type": "Feature", "properties": { "Business_Name": "Chinatown Christ Family Church", "Address": "48 Market St #1a, New York, NY 10002, United States", "Keyword": "基督教堂", "Neighborhood": "Chinatown Manhattan, NY", "Level": 2.0 }, "geometry": { "type": "Point", "coordinates": [ -73.9940961, 40.7118924 ] } },
{ "type": "Feature", "properties": { "Business_Name": "Chinese Evangel Mission Church", "Address": "97 Madison St, New York, NY 10002, United States", "Keyword": "基督教堂", "Neighborhood": "Chinatown Manhattan, NY", "Level": 2.0 }, "geometry": { "type": "Point", "coordinates": [ -73.9954932, 40.7123217 ] } },
{ "type": "Feature", "properties": { "Business_Name": "Church of The Transfiguration", "Address": "29 Mott St, New York, NY 10013, United States", "Keyword": "基督教堂", "Neighborhood": "Chinatown Manhattan, NY", "Level": 2.0 }, "geometry": { "type": "Point", "coordinates": [ -73.9990109, 40.7146553 ] } },
{ "type": "Feature", "properties": { "Business_Name": "Oversea Chinese Mission", "Address": "Main entrance on, Elizabeth Street, 154 Hester St, New York, NY 10013, United States", "Keyword": "基督教堂", "Neighborhood": "Chinatown Manhattan, NY", "Level": 2.0 }, "geometry": { "type": "Point", "coordinates": [ -73.9965255, 40.7174974 ] } },
{ "type": "Feature", "properties": { "Business_Name": "First Chinese Baptist Church", "Address": "21 Pell St, New York, NY 10013, United States", "Keyword": "基督教堂", "Neighborhood": "Chinatown Manhattan, NY", "Level": 2.0 }, "geometry": { "type": "Point", "coordinates": [ -73.998189400000015, 40.714808 ] } },
{ "type": "Feature", "properties": { "Business_Name": "First Chinese Presbyterian Church", "Address": "61 Henry St, New York, NY 10002, United States", "Keyword": "基督教堂", "Neighborhood": "Chinatown Manhattan, NY", "Level": 2.0 }, "geometry": { "type": "Point", "coordinates": [ -73.9947934, 40.7131928 ] } },
{ "type": "Feature", "properties": { "Business_Name": "New York Chinese Community Center", "Address": "62 Mott St, New York, NY 10013, United States", "Keyword": "华人老人中心", "Neighborhood": "Chinatown Manhattan, NY", "Level": 2.0 }, "geometry": { "type": "Point", "coordinates": [ -73.9981392, 40.7160503 ] } },
{ "type": "Feature", "properties": { "Business_Name": "Chinatown YMCA", "Address": "273 Bowery, New York, NY 10002, United States", "Keyword": "老人日托", "Neighborhood": "Chinatown Manhattan, NY", "Level": 2.0 }, "geometry": { "type": "Point", "coordinates": [ -73.9924215, 40.7237329 ] } },
{ "type": "Feature", "properties": { "Business_Name": "老人局", "Address": "2 Lafayette St, New York, NY 10007, United States", "Keyword": "老人日托", "Neighborhood": "Chinatown Manhattan, NY", "Level": 2.0 }, "geometry": { "type": "Point", "coordinates": [ -74.0039575, 40.7141238 ] } },
{ "type": "Feature", "properties": { "Business_Name": "VNS Health: Chinatown Community Center", "Address": "7 Mott St, New York, NY 10013, United States", "Keyword": "老人日托", "Neighborhood": "Chinatown Manhattan, NY", "Level": 2.0 }, "geometry": { "type": "Point", "coordinates": [ -73.9989223, 40.7139564 ] } },
{ "type": "Feature", "properties": { "Business_Name": "Greater Chinatown Community Association", "Address": "6 Doyers St, New York, NY 10013, United States", "Keyword": "老人日托", "Neighborhood": "Chinatown Manhattan, NY", "Level": 2.0 }, "geometry": { "type": "Point", "coordinates": [ -73.9979012, 40.714453 ] } },
{ "type": "Feature", "properties": { "Business_Name": "Welcome to Chinatown", "Address": "115 Bowery, New York, NY 10002, United States", "Keyword": "老人日托", "Neighborhood": "Chinatown Manhattan, NY", "Level": 2.0 }, "geometry": { "type": "Point", "coordinates": [ -73.9947857, 40.7179183 ] } },
{ "type": "Feature", "properties": { "Business_Name": "Chinatown YMCA Beacon", "Address": "100 Hester St, New York, NY 10002, United States", "Keyword": "老人日托", "Neighborhood": "Chinatown Manhattan, NY", "Level": 2.0 }, "geometry": { "type": "Point", "coordinates": [ -73.993613, 40.7165914 ] } },
{ "type": "Feature", "properties": { "Business_Name": "New York Chinese Community Center", "Address": "62 Mott St, New York, NY 10013, United States", "Keyword": "老人日托", "Neighborhood": "Chinatown Manhattan, NY", "Level": 2.0 }, "geometry": { "type": "Point", "coordinates": [ -73.9981392, 40.7160503 ] } },
{ "type": "Feature", "properties": { "Business_Name": "Chinatown Day Care Center Inc", "Address": "35 Division St, New York, NY 10002, United States", "Keyword": "老人日托", "Neighborhood": "Chinatown Manhattan, NY", "Level": 2.0 }, "geometry": { "type": "Point", "coordinates": [ -73.9957815, 40.7140782 ] } },
{ "type": "Feature", "properties": { "Business_Name": "healthy family social daycare inc百家乐老人活动中心", "Address": "864 56th St #1A, Brooklyn, NY 11220, United States", "Keyword": "老人日托", "Neighborhood": "Chinatown Manhattan, NY", "Level": 2.0 }, "geometry": { "type": "Point", "coordinates": [ -74.0057401, 40.6366147 ] } },
{ "type": "Feature", "properties": { "Business_Name": "Chinese-American Planning Council - Chinatown Senior Center", "Address": "55 Chrystie St, New York, NY 10002, United States", "Keyword": "老人日托", "Neighborhood": "Chinatown Manhattan, NY", "Level": 2.0 }, "geometry": { "type": "Point", "coordinates": [ -73.9949779, 40.7163825 ] } },
{ "type": "Feature", "properties": { "Business_Name": "Chinatown Medicaid(唐人街医药局)", "Address": "115 Chrystie St, New York, NY 10002, United States", "Keyword": "老人日托", "Neighborhood": "Chinatown Manhattan, NY", "Level": 2.0 }, "geometry": { "type": "Point", "coordinates": [ -73.993859, 40.7186767 ] } },
{ "type": "Feature", "properties": { "Business_Name": "Open Door Senior Citizen Center", "Address": "168 Grand St, New York, NY 10013, United States", "Keyword": "老人日托", "Neighborhood": "Chinatown Manhattan, NY", "Level": 2.0 }, "geometry": { "type": "Point", "coordinates": [ -73.9982058, 40.7197663 ] } },
{ "type": "Feature", "properties": { "Business_Name": "夕陽紅老人日間護理中心", "Address": "3050 Whitestone Expy, Flushing, NY 11354, United States", "Keyword": "老人日托", "Neighborhood": "Chinatown Manhattan, NY", "Level": 2.0 }, "geometry": { "type": "Point", "coordinates": [ -73.8364918, 40.7702655 ] } },
{ "type": "Feature", "properties": { "Business_Name": "Chinese-American Planning Council (CPC)", "Address": "45 Suffolk St, New York, NY 10002, United States", "Keyword": "老人日托", "Neighborhood": "Chinatown Manhattan, NY", "Level": 2.0 }, "geometry": { "type": "Point", "coordinates": [ -73.9873448, 40.7166988 ] } },
{ "type": "Feature", "properties": { "Business_Name": "Human Care: Home Care & CDPAP Caregivers In New York", "Address": "120 Mott St, New York, NY 10013, United States", "Keyword": "老人日托", "Neighborhood": "Chinatown Manhattan, NY", "Level": 2.0 }, "geometry": { "type": "Point", "coordinates": [ -73.9968734, 40.7181282 ] } },
{ "type": "Feature", "properties": { "Business_Name": "金鹰日间护理中心", "Address": "36-36 Prince St, Flushing, NY 11354, United States", "Keyword": "老人日托", "Neighborhood": "Chinatown Manhattan, NY", "Level": 2.0 }, "geometry": { "type": "Point", "coordinates": [ -73.8354501, 40.7621374 ] } },
{ "type": "Feature", "properties": { "Business_Name": "EmblemHealth Neighborhood Care Chinatown", "Address": "87 Bowery, New York, NY 10002, United States", "Keyword": "老人日托", "Neighborhood": "Chinatown Manhattan, NY", "Level": 2.0 }, "geometry": { "type": "Point", "coordinates": [ -73.9952983, 40.7169589 ] } },
{ "type": "Feature", "properties": { "Business_Name": "大帝国成人护理中心", "Address": "132-29 Blossom Ave, Flushing, NY 11355, United States", "Keyword": "老人日托", "Neighborhood": "Chinatown Manhattan, NY", "Level": 2.0 }, "geometry": { "type": "Point", "coordinates": [ -73.8311185, 40.7520278 ] } },
{ "type": "Feature", "properties": { "Business_Name": "New York Chinese Community Center", "Address": "62 Mott St, New York, NY 10013, United States", "Keyword": "华人社区中心", "Neighborhood": "Chinatown Manhattan, NY", "Level": 2.0 }, "geometry": { "type": "Point", "coordinates": [ -73.9981392, 40.7160503 ] } },
{ "type": "Feature", "properties": { "Business_Name": "Greater Chinatown Community Association", "Address": "6 Doyers St, New York, NY 10013, United States", "Keyword": "华人社区中心", "Neighborhood": "Chinatown Manhattan, NY", "Level": 2.0 }, "geometry": { "type": "Point", "coordinates": [ -73.9979012, 40.714453 ] } },
{ "type": "Feature", "properties": { "Business_Name": "New York Chinese Community Center", "Address": "62 Mott St, New York, NY 10013, United States", "Keyword": "华侨会馆", "Neighborhood": "Chinatown Manhattan, NY", "Level": 2.0 }, "geometry": { "type": "Point", "coordinates": [ -73.9981392, 40.7160503 ] } },
{ "type": "Feature", "properties": { "Business_Name": "Museum of Chinese in America", "Address": "215 Centre St, New York, NY 10013, United States", "Keyword": "华侨会馆", "Neighborhood": "Chinatown Manhattan, NY", "Level": 2.0 }, "geometry": { "type": "Point", "coordinates": [ -73.9990506, 40.7193785 ] } },
{ "type": "Feature", "properties": { "Business_Name": "Hwa Yuan Szechuan", "Address": "42 E Broadway, New York, NY 10002, United States", "Keyword": "华侨会馆", "Neighborhood": "Chinatown Manhattan, NY", "Level": 2.0 }, "geometry": { "type": "Point", "coordinates": [ -73.9959937, 40.713699299999988 ] } },
{ "type": "Feature", "properties": { "Business_Name": "Chinatown Fair Family Fun Center", "Address": "8 Mott St, New York, NY 10038, United States", "Keyword": "华侨会馆", "Neighborhood": "Chinatown Manhattan, NY", "Level": 2.0 }, "geometry": { "type": "Point", "coordinates": [ -73.998571, 40.714017299999988 ] } },
{ "type": "Feature", "properties": { "Business_Name": "Greater Chinatown Community Association", "Address": "6 Doyers St, New York, NY 10013, United States", "Keyword": "华侨会馆", "Neighborhood": "Chinatown Manhattan, NY", "Level": 2.0 }, "geometry": { "type": "Point", "coordinates": [ -73.9979012, 40.714453 ] } },
{ "type": "Feature", "properties": { "Business_Name": "Culture Center of Taipei Economic and Cultural Office in New York", "Address": "133-32 41st Rd, Flushing, NY 11355, United States", "Keyword": "华侨会馆", "Neighborhood": "Chinatown Manhattan, NY", "Level": 2.0 }, "geometry": { "type": "Point", "coordinates": [ -73.8301974, 40.7568677 ] } },
{ "type": "Feature", "properties": { "Business_Name": "曼哈顿唐人街", "Address": "17 Elizabeth St, New York, NY 10013, United States", "Keyword": "华侨会馆", "Neighborhood": "Chinatown Manhattan, NY", "Level": 2.0 }, "geometry": { "type": "Point", "coordinates": [ -73.9975785, 40.7160062 ] } },
{ "type": "Feature", "properties": { "Business_Name": "Chinese-American Planning Council - Chinatown Senior Center", "Address": "55 Chrystie St, New York, NY 10002, United States", "Keyword": "华侨会馆", "Neighborhood": "Chinatown Manhattan, NY", "Level": 2.0 }, "geometry": { "type": "Point", "coordinates": [ -73.9949779, 40.7163825 ] } },
{ "type": "Feature", "properties": { "Business_Name": "New York Chinese Community Center", "Address": "62 Mott St, New York, NY 10013, United States", "Keyword": "同乡会", "Neighborhood": "Chinatown Manhattan, NY", "Level": 2.0 }, "geometry": { "type": "Point", "coordinates": [ -73.9981392, 40.7160503 ] } },
{ "type": "Feature", "properties": { "Business_Name": "Chao Chiu Association", "Address": "128 Mott St STE 706, New York, NY 10013, United States", "Keyword": "同乡会", "Neighborhood": "Chinatown Manhattan, NY", "Level": 2.0 }, "geometry": { "type": "Point", "coordinates": [ -73.9964735, 40.7184789 ] } },
{ "type": "Feature", "properties": { "Business_Name": "Fukien Benevolent Association of America", "Address": "125 E Broadway, New York, NY 10002, United States", "Keyword": "同乡会", "Neighborhood": "Chinatown Manhattan, NY", "Level": 2.0 }, "geometry": { "type": "Point", "coordinates": [ -73.9921997, 40.713744299999988 ] } },
{ "type": "Feature", "properties": { "Business_Name": "Hainan Association", "Address": "86 Schermerhorn St, Brooklyn, NY 11201, United States", "Keyword": "同乡会", "Neighborhood": "Chinatown Manhattan, NY", "Level": 2.0 }, "geometry": { "type": "Point", "coordinates": [ -73.9904792, 40.6905211 ] } },
{ "type": "Feature", "properties": { "Business_Name": "Greater Chinatown Community Association", "Address": "6 Doyers St, New York, NY 10013, United States", "Keyword": "同乡会", "Neighborhood": "Chinatown Manhattan, NY", "Level": 2.0 }, "geometry": { "type": "Point", "coordinates": [ -73.9979012, 40.714453 ] } },
{ "type": "Feature", "properties": { "Business_Name": "Chong Lou USA Headquarters 美國沖蔞同鄉總會", "Address": "22 Pell St, New York, NY 10013, United States", "Keyword": "同乡会", "Neighborhood": "Chinatown Manhattan, NY", "Level": 2.0 }, "geometry": { "type": "Point", "coordinates": [ -73.9981098, 40.7148994 ] } },
{ "type": "Feature", "properties": { "Business_Name": "New York Chinese Community Center", "Address": "62 Mott St, New York, NY 10013, United States", "Keyword": "公所", "Neighborhood": "Chinatown Manhattan, NY", "Level": 2.0 }, "geometry": { "type": "Point", "coordinates": [ -73.9981392, 40.7160503 ] } },
{ "type": "Feature", "properties": { "Business_Name": "US Supermarket", "Address": "82-66 Broadway, Elmhurst, NY 11373, United States", "Keyword": "Chinese supermarket", "Neighborhood": "Elmhurst, NY", "Level": 2.0 }, "geometry": { "type": "Point", "coordinates": [ -73.8815814, 40.7416231 ] } },
{ "type": "Feature", "properties": { "Business_Name": "Good Supermarket", "Address": "86-18 Broadway, Elmhurst, NY 11373, United States", "Keyword": "Chinese supermarket", "Neighborhood": "Elmhurst, NY", "Level": 2.0 }, "geometry": { "type": "Point", "coordinates": [ -73.877445, 40.738203 ] } },
{ "type": "Feature", "properties": { "Business_Name": "SeasonFresh Supermarket", "Address": "4510 83rd St, Elmhurst, NY 11373, United States", "Keyword": "Chinese supermarket", "Neighborhood": "Elmhurst, NY", "Level": 2.0 }, "geometry": { "type": "Point", "coordinates": [ -73.8818486, 40.7415405 ] } },
{ "type": "Feature", "properties": { "Business_Name": "D & Z Supermarket", "Address": "77-00 Queens Blvd, Elmhurst, NY 11373, United States", "Keyword": "Chinese supermarket", "Neighborhood": "Elmhurst, NY", "Level": 2.0 }, "geometry": { "type": "Point", "coordinates": [ -73.8863165, 40.7380883 ] } },
{ "type": "Feature", "properties": { "Business_Name": "SkyFoods-Elmhurst", "Address": "7955 Albion Ave, Elmhurst, NY 11373, United States", "Keyword": "Chinese supermarket", "Neighborhood": "Elmhurst, NY", "Level": 2.0 }, "geometry": { "type": "Point", "coordinates": [ -73.8836961, 40.7396122 ] } },
{ "type": "Feature", "properties": { "Business_Name": "Top Line Supermarket", "Address": "8137 Broadway, Elmhurst, NY 11373, United States", "Keyword": "Chinese supermarket", "Neighborhood": "Elmhurst, NY", "Level": 2.0 }, "geometry": { "type": "Point", "coordinates": [ -73.8828407, 40.743044700000013 ] } },
{ "type": "Feature", "properties": { "Business_Name": "G Mart", "Address": "75-01 Broadway, Elmhurst, NY 11373, United States", "Keyword": "Chinese supermarket", "Neighborhood": "Elmhurst, NY", "Level": 2.0 }, "geometry": { "type": "Point", "coordinates": [ -73.8902614, 40.7464246 ] } },
{ "type": "Feature", "properties": { "Business_Name": "Asian Taste Store", "Address": "86-25 Whitney Ave, Elmhurst, NY 11373, United States", "Keyword": "Chinese supermarket", "Neighborhood": "Elmhurst, NY", "Level": 2.0 }, "geometry": { "type": "Point", "coordinates": [ -73.8786325, 40.7421769 ] } },
{ "type": "Feature", "properties": { "Business_Name": "Lucky Huang", "Address": "8261 Broadway, Elmhurst, NY 11373, United States", "Keyword": "Chinese supermarket", "Neighborhood": "Elmhurst, NY", "Level": 2.0 }, "geometry": { "type": "Point", "coordinates": [ -73.8810482, 40.7420394 ] } },
{ "type": "Feature", "properties": { "Business_Name": "大众超市", "Address": "7700 New York 25 Service, Elmhurst, NY 11373, United States", "Keyword": "Chinese supermarket", "Neighborhood": "Elmhurst, NY", "Level": 2.0 }, "geometry": { "type": "Point", "coordinates": [ -73.8863738, 40.7374932 ] } },
{ "type": "Feature", "properties": { "Business_Name": "H Mart Woodside", "Address": "59-18 Woodside Ave, Flushing, NY 11377, United States", "Keyword": "Chinese supermarket", "Neighborhood": "Elmhurst, NY", "Level": 2.0 }, "geometry": { "type": "Point", "coordinates": [ -73.90500440000001, 40.7450234 ] } },
{ "type": "Feature", "properties": { "Business_Name": "Pata Market", "Address": "81-16 Broadway, Elmhurst, NY 11373, United States", "Keyword": "Chinese supermarket", "Neighborhood": "Elmhurst, NY", "Level": 2.0 }, "geometry": { "type": "Point", "coordinates": [ -73.8834988, 40.7430764 ] } },
{ "type": "Feature", "properties": { "Business_Name": "Jmart", "Address": "136-20 Roosevelt Ave, Flushing, NY 11354, United States", "Keyword": "Chinese supermarket", "Neighborhood": "Elmhurst, NY", "Level": 2.0 }, "geometry": { "type": "Point", "coordinates": [ -73.8296876, 40.7590799 ] } },
{ "type": "Feature", "properties": { "Business_Name": "SkyFoods Supermarket", "Address": "40-24 College Point Blvd, Flushing, NY 11354, United States", "Keyword": "Chinese supermarket", "Neighborhood": "Elmhurst, NY", "Level": 2.0 }, "geometry": { "type": "Point", "coordinates": [ -73.8356575, 40.757229 ] } },
{ "type": "Feature", "properties": { "Business_Name": "G Mart", "Address": "57-15 Roosevelt Ave, Flushing, NY 11377, United States", "Keyword": "Chinese supermarket", "Neighborhood": "Elmhurst, NY", "Level": 2.0 }, "geometry": { "type": "Point", "coordinates": [ -73.9071623, 40.7455043 ] } },
{ "type": "Feature", "properties": { "Business_Name": "Fresh Food Bazar", "Address": "76-12-76-14 Woodside Ave, Elmhurst, NY 11373, United States", "Keyword": "Chinese supermarket", "Neighborhood": "Elmhurst, NY", "Level": 2.0 }, "geometry": { "type": "Point", "coordinates": [ -73.8883041, 40.743384 ] } },
{ "type": "Feature", "properties": { "Business_Name": "Great Wall Supermarket", "Address": "59-16 99th St, Corona, NY 11368, United States", "Keyword": "Chinese supermarket", "Neighborhood": "Elmhurst, NY", "Level": 2.0 }, "geometry": { "type": "Point", "coordinates": [ -73.8593846, 40.736685 ] } },
{ "type": "Feature", "properties": { "Business_Name": "HingHing Grocery Shop", "Address": "93-26 Corona Ave., Elmhurst, NY 11373, United States", "Keyword": "Chinese supermarket", "Neighborhood": "Elmhurst, NY", "Level": 2.0 }, "geometry": { "type": "Point", "coordinates": [ -73.8703939, 40.7422591 ] } },
{ "type": "Feature", "properties": { "Business_Name": "SuperFresh Elmhurst", "Address": "82-10 Baxter Ave, Elmhurst, NY 11373, United States", "Keyword": "Chinese supermarket", "Neighborhood": "Elmhurst, NY", "Level": 2.0 }, "geometry": { "type": "Point", "coordinates": [ -73.8830898, 40.7466456 ] } },
{ "type": "Feature", "properties": { "Business_Name": "Hua Chu Grocery", "Address": "83-3 Grand Ave, Elmhurst, NY 11373, United States", "Keyword": "Chinese supermarket", "Neighborhood": "Elmhurst, NY", "Level": 2.0 }, "geometry": { "type": "Point", "coordinates": [ -73.8837209, 40.7334004 ] } },
{ "type": "Feature", "properties": { "Business_Name": "SeasonFresh Supermarket", "Address": "4510 83rd St, Elmhurst, NY 11373, United States", "Keyword": "Chinese grocery store", "Neighborhood": "Elmhurst, NY", "Level": 2.0 }, "geometry": { "type": "Point", "coordinates": [ -73.8818486, 40.7415405 ] } },
{ "type": "Feature", "properties": { "Business_Name": "US Supermarket", "Address": "82-66 Broadway, Elmhurst, NY 11373, United States", "Keyword": "Chinese grocery store", "Neighborhood": "Elmhurst, NY", "Level": 2.0 }, "geometry": { "type": "Point", "coordinates": [ -73.8815814, 40.7416231 ] } },
{ "type": "Feature", "properties": { "Business_Name": "Good Supermarket", "Address": "86-18 Broadway, Elmhurst, NY 11373, United States", "Keyword": "Chinese grocery store", "Neighborhood": "Elmhurst, NY", "Level": 2.0 }, "geometry": { "type": "Point", "coordinates": [ -73.877445, 40.738203 ] } },
{ "type": "Feature", "properties": { "Business_Name": "H Mart Woodside", "Address": "59-18 Woodside Ave, Flushing, NY 11377, United States", "Keyword": "Chinese grocery store", "Neighborhood": "Elmhurst, NY", "Level": 2.0 }, "geometry": { "type": "Point", "coordinates": [ -73.90500440000001, 40.7450234 ] } },
{ "type": "Feature", "properties": { "Business_Name": "SkyFoods-Elmhurst", "Address": "7955 Albion Ave, Elmhurst, NY 11373, United States", "Keyword": "Chinese grocery store", "Neighborhood": "Elmhurst, NY", "Level": 2.0 }, "geometry": { "type": "Point", "coordinates": [ -73.8836961, 40.7396122 ] } },
{ "type": "Feature", "properties": { "Business_Name": "D & Z Supermarket", "Address": "77-00 Queens Blvd, Elmhurst, NY 11373, United States", "Keyword": "Chinese grocery store", "Neighborhood": "Elmhurst, NY", "Level": 2.0 }, "geometry": { "type": "Point", "coordinates": [ -73.8863165, 40.7380883 ] } },
{ "type": "Feature", "properties": { "Business_Name": "Top Line Supermarket", "Address": "8137 Broadway, Elmhurst, NY 11373, United States", "Keyword": "Chinese grocery store", "Neighborhood": "Elmhurst, NY", "Level": 2.0 }, "geometry": { "type": "Point", "coordinates": [ -73.8828407, 40.743044700000013 ] } },
{ "type": "Feature", "properties": { "Business_Name": "Jmart", "Address": "136-20 Roosevelt Ave, Flushing, NY 11354, United States", "Keyword": "Chinese grocery store", "Neighborhood": "Elmhurst, NY", "Level": 2.0 }, "geometry": { "type": "Point", "coordinates": [ -73.8296876, 40.7590799 ] } },
{ "type": "Feature", "properties": { "Business_Name": "Asian Taste Store", "Address": "86-25 Whitney Ave, Elmhurst, NY 11373, United States", "Keyword": "Chinese grocery store", "Neighborhood": "Elmhurst, NY", "Level": 2.0 }, "geometry": { "type": "Point", "coordinates": [ -73.8786325, 40.7421769 ] } },
{ "type": "Feature", "properties": { "Business_Name": "G Mart", "Address": "57-15 Roosevelt Ave, Flushing, NY 11377, United States", "Keyword": "Chinese grocery store", "Neighborhood": "Elmhurst, NY", "Level": 2.0 }, "geometry": { "type": "Point", "coordinates": [ -73.9071623, 40.7455043 ] } },
{ "type": "Feature", "properties": { "Business_Name": "Pata Market", "Address": "81-16 Broadway, Elmhurst, NY 11373, United States", "Keyword": "Chinese grocery store", "Neighborhood": "Elmhurst, NY", "Level": 2.0 }, "geometry": { "type": "Point", "coordinates": [ -73.8834988, 40.7430764 ] } },
{ "type": "Feature", "properties": { "Business_Name": "G Mart", "Address": "75-01 Broadway, Elmhurst, NY 11373, United States", "Keyword": "Chinese grocery store", "Neighborhood": "Elmhurst, NY", "Level": 2.0 }, "geometry": { "type": "Point", "coordinates": [ -73.8902614, 40.7464246 ] } },
{ "type": "Feature", "properties": { "Business_Name": "SkyFoods Supermarket", "Address": "40-24 College Point Blvd, Flushing, NY 11354, United States", "Keyword": "Chinese grocery store", "Neighborhood": "Elmhurst, NY", "Level": 2.0 }, "geometry": { "type": "Point", "coordinates": [ -73.8356575, 40.757229 ] } },
{ "type": "Feature", "properties": { "Business_Name": "大众超市", "Address": "7700 New York 25 Service, Elmhurst, NY 11373, United States", "Keyword": "Chinese grocery store", "Neighborhood": "Elmhurst, NY", "Level": 2.0 }, "geometry": { "type": "Point", "coordinates": [ -73.8863738, 40.7374932 ] } },
{ "type": "Feature", "properties": { "Business_Name": "K-Food Market", "Address": "92-32 Queens Blvd, Rego Park, NY 11374, United States", "Keyword": "Chinese grocery store", "Neighborhood": "Elmhurst, NY", "Level": 2.0 }, "geometry": { "type": "Point", "coordinates": [ -73.8679406, 40.7321093 ] } },
{ "type": "Feature", "properties": { "Business_Name": "H Mart Long Island City", "Address": "48-18 Northern Blvd, Long Island City, NY 11101, United States", "Keyword": "Chinese grocery store", "Neighborhood": "Elmhurst, NY", "Level": 2.0 }, "geometry": { "type": "Point", "coordinates": [ -73.9145507, 40.7518768 ] } },
{ "type": "Feature", "properties": { "Business_Name": "Supermarket Bazaar", "Address": "75-10 31st Ave, East Elmhurst, NY 11370, United States", "Keyword": "Chinese grocery store", "Neighborhood": "Elmhurst, NY", "Level": 2.0 }, "geometry": { "type": "Point", "coordinates": [ -73.8922215, 40.7584714 ] } },
{ "type": "Feature", "properties": { "Business_Name": "Siam Market", "Address": "35-15 11th St, Astoria, NY 11106, United States", "Keyword": "Chinese grocery store", "Neighborhood": "Elmhurst, NY", "Level": 2.0 }, "geometry": { "type": "Point", "coordinates": [ -73.938965600000017, 40.7621545 ] } },
{ "type": "Feature", "properties": { "Business_Name": "3 Aunties Thai Market", "Address": "64-04 39th Ave, Woodside, NY 11377, United States", "Keyword": "Chinese grocery store", "Neighborhood": "Elmhurst, NY", "Level": 2.0 }, "geometry": { "type": "Point", "coordinates": [ -73.8997133, 40.7462987 ] } },
{ "type": "Feature", "properties": { "Business_Name": "Great Wall Supermarket", "Address": "59-16 99th St, Corona, NY 11368, United States", "Keyword": "Chinese grocery store", "Neighborhood": "Elmhurst, NY", "Level": 2.0 }, "geometry": { "type": "Point", "coordinates": [ -73.8593846, 40.736685 ] } },
{ "type": "Feature", "properties": { "Business_Name": "Lin Yan Shan Buddhist Temple", "Address": "8514 Grand Ave, Elmhurst, NY 11373, United States", "Keyword": "Chinese temple", "Neighborhood": "Elmhurst, NY", "Level": 2.0 }, "geometry": { "type": "Point", "coordinates": [ -73.8815719, 40.7350881 ] } },
{ "type": "Feature", "properties": { "Business_Name": "Wat Buddha Thai Thavorn Vanaram", "Address": "76-16 46th Ave, Elmhurst, NY 11373, United States", "Keyword": "Chinese temple", "Neighborhood": "Elmhurst, NY", "Level": 2.0 }, "geometry": { "type": "Point", "coordinates": [ -73.8876522, 40.7401592 ] } },
{ "type": "Feature", "properties": { "Business_Name": "Chan Meditation Center (法鼓山東初禪寺)", "Address": "91-26 Corona Ave., Elmhurst, NY 11373, United States", "Keyword": "Chinese temple", "Neighborhood": "Elmhurst, NY", "Level": 2.0 }, "geometry": { "type": "Point", "coordinates": [ -73.8726379, 40.7423522 ] } },
{ "type": "Feature", "properties": { "Business_Name": "Chan Meditation Center", "Address": "91-26 Corona Ave., Elmhurst, NY 11373, United States", "Keyword": "Chinese temple", "Neighborhood": "Elmhurst, NY", "Level": 2.0 }, "geometry": { "type": "Point", "coordinates": [ -73.8726255, 40.7423503 ] } },
{ "type": "Feature", "properties": { "Business_Name": "Vihara Parivara Dhamma Acala - Indonesian Buddhist Temple", "Address": "86-40 56th Ave, Elmhurst, NY 11373, United States", "Keyword": "Chinese temple", "Neighborhood": "Elmhurst, NY", "Level": 2.0 }, "geometry": { "type": "Point", "coordinates": [ -73.8758957, 40.7336058 ] } },
{ "type": "Feature", "properties": { "Business_Name": "New York Buddhist Vihara", "Address": "21422 Spencer Ave, Queens Village, NY 11427, United States", "Keyword": "Chinese temple", "Neighborhood": "Elmhurst, NY", "Level": 2.0 }, "geometry": { "type": "Point", "coordinates": [ -73.7509644, 40.7278673 ] } },
{ "type": "Feature", "properties": { "Business_Name": "New York Hua Lian Tsu Hui", "Address": "2202 121st St, College Point, NY 11356, United States", "Keyword": "Chinese temple", "Neighborhood": "Elmhurst, NY", "Level": 2.0 }, "geometry": { "type": "Point", "coordinates": [ -73.8472208, 40.780028 ] } },
{ "type": "Feature", "properties": { "Business_Name": "(ChongXin ShuYuan) Temple", "Address": "4141 74th Street, Elmhurst, NY 11373, United States", "Keyword": "Chinese temple", "Neighborhood": "Elmhurst, NY", "Level": 2.0 }, "geometry": { "type": "Point", "coordinates": [ -73.8907326, 40.7439586 ] } },
{ "type": "Feature", "properties": { "Business_Name": "Burmese Monastery (သုံးပါးကျောင်း)", "Address": "42-15 74th Street, Flushing, NY 11373, United States", "Keyword": "Chinese temple", "Neighborhood": "Elmhurst, NY", "Level": 2.0 }, "geometry": { "type": "Point", "coordinates": [ -73.8906267, 40.7426537 ] } },
{ "type": "Feature", "properties": { "Business_Name": "Mahayana Temple Buddhist Association", "Address": "133 Canal St, New York, NY 10002, United States", "Keyword": "Chinese temple", "Neighborhood": "Elmhurst, NY", "Level": 2.0 }, "geometry": { "type": "Point", "coordinates": [ -73.995419, 40.716140300000013 ] } },
{ "type": "Feature", "properties": { "Business_Name": "Eastern States Buddhist Temple", "Address": "64 Mott St, New York, NY 10013, United States", "Keyword": "Chinese temple", "Neighborhood": "Elmhurst, NY", "Level": 2.0 }, "geometry": { "type": "Point", "coordinates": [ -73.9981355, 40.7160553 ] } },
{ "type": "Feature", "properties": { "Business_Name": "New York Dhammaram Temple", "Address": "33-37 97th St, Corona, NY 11368, United States", "Keyword": "Chinese temple", "Neighborhood": "Elmhurst, NY", "Level": 2.0 }, "geometry": { "type": "Point", "coordinates": [ -73.8709496, 40.7559096 ] } },
{ "type": "Feature", "properties": { "Business_Name": "True Buddha Diamond Temple of NY Inc., 真佛宗美國紐約金剛雷藏寺", "Address": "3332 148th St, Flushing, NY 11354, United States", "Keyword": "Chinese temple", "Neighborhood": "Elmhurst, NY", "Level": 2.0 }, "geometry": { "type": "Point", "coordinates": [ -73.8183361, 40.7680083 ] } },
{ "type": "Feature", "properties": { "Business_Name": "法拉盛静安寺 Jing An Temple of Flushing", "Address": "35-22 Prince St, Flushing, NY 11354, United States", "Keyword": "Chinese temple", "Neighborhood": "Elmhurst, NY", "Level": 2.0 }, "geometry": { "type": "Point", "coordinates": [ -73.8335075, 40.7634075 ] } },
{ "type": "Feature", "properties": { "Business_Name": "China Buddhist Associates", "Address": "13612 39th Ave, Flushing, NY 11354, United States", "Keyword": "Chinese temple", "Neighborhood": "Elmhurst, NY", "Level": 2.0 }, "geometry": { "type": "Point", "coordinates": [ -73.8297468, 40.7602157 ] } },
{ "type": "Feature", "properties": { "Business_Name": "Happy Buddha Precious Temple", "Address": "135-37 37th Ave #2a, Flushing, NY 11354, United States", "Keyword": "Chinese temple", "Neighborhood": "Elmhurst, NY", "Level": 2.0 }, "geometry": { "type": "Point", "coordinates": [ -73.8319332, 40.7613691 ] } },
{ "type": "Feature", "properties": { "Business_Name": "Han Ma Um Zen Center of New York", "Address": "144-39 32nd Ave, Flushing, NY 11354, United States", "Keyword": "Chinese temple", "Neighborhood": "Elmhurst, NY", "Level": 2.0 }, "geometry": { "type": "Point", "coordinates": [ -73.8229352, 40.770509 ] } },
{ "type": "Feature", "properties": { "Business_Name": "美國關帝廟 Guan Gong Temple of USA", "Address": "294 Broome St, New York, NY 10002, United States", "Keyword": "Chinese temple", "Neighborhood": "Elmhurst, NY", "Level": 2.0 }, "geometry": { "type": "Point", "coordinates": [ -73.9919217, 40.7187208 ] } },
{ "type": "Feature", "properties": { "Business_Name": "Wenzhou Taoist Associates Temple", "Address": "102-05 44th Ave # A, Corona, NY 11368, United States", "Keyword": "Chinese temple", "Neighborhood": "Elmhurst, NY", "Level": 2.0 }, "geometry": { "type": "Point", "coordinates": [ -73.8622994, 40.7467798 ] } },
{ "type": "Feature", "properties": { "Business_Name": "Fo Guang Shan New York Temple", "Address": "154-37 Barclay Ave, Flushing, NY 11355, United States", "Keyword": "Chinese temple", "Neighborhood": "Elmhurst, NY", "Level": 2.0 }, "geometry": { "type": "Point", "coordinates": [ -73.8095143, 40.7622107 ] } },
{ "type": "Feature", "properties": { "Business_Name": "Chinese Christian Church of Queens New York", "Address": "63-16 39th Ave, Woodside, NY 11377, United States", "Keyword": "Chinese church", "Neighborhood": "Elmhurst, NY", "Level": 2.0 }, "geometry": { "type": "Point", "coordinates": [ -73.9001522, 40.7464201 ] } },
{ "type": "Feature", "properties": { "Business_Name": "New York Chinese Seventh-day Adventist Church", "Address": "7606 41st Ave, Elmhurst, NY 11373, United States", "Keyword": "Chinese church", "Neighborhood": "Elmhurst, NY", "Level": 2.0 }, "geometry": { "type": "Point", "coordinates": [ -73.8887981, 40.7452942 ] } },
{ "type": "Feature", "properties": { "Business_Name": "The Reformed Church of Newtown", "Address": "85-15 Broadway, Elmhurst, NY 11373, United States", "Keyword": "Chinese church", "Neighborhood": "Elmhurst, NY", "Level": 2.0 }, "geometry": { "type": "Point", "coordinates": [ -73.8773666, 40.739156 ] } },
{ "type": "Feature", "properties": { "Business_Name": "Grace Chinese Lutheran Church", "Address": "4333 91st Pl, Flushing, NY 11373, United States", "Keyword": "Chinese church", "Neighborhood": "Elmhurst, NY", "Level": 2.0 }, "geometry": { "type": "Point", "coordinates": [ -73.8736128, 40.7428374 ] } },
{ "type": "Feature", "properties": { "Business_Name": "Elmhurst Christian Gospel Church", "Address": "90-41 Corona Ave., Elmhurst, NY 11373, United States", "Keyword": "Chinese church", "Neighborhood": "Elmhurst, NY", "Level": 2.0 }, "geometry": { "type": "Point", "coordinates": [ -73.8742875, 40.7422036 ] } },
{ "type": "Feature", "properties": { "Business_Name": "Queens Chinese Presbyterian Church", "Address": "9854 Horace Harding Expy, Rego Park, NY 11374, United States", "Keyword": "Chinese church", "Neighborhood": "Elmhurst, NY", "Level": 2.0 }, "geometry": { "type": "Point", "coordinates": [ -73.8588467, 40.7352715 ] } },
{ "type": "Feature", "properties": { "Business_Name": "Catholic Chinese Apostolate", "Address": "5409 92nd St, Flushing, NY 11373, United States", "Keyword": "Chinese church", "Neighborhood": "Elmhurst, NY", "Level": 2.0 }, "geometry": { "type": "Point", "coordinates": [ -73.8704138, 40.7377352 ] } },
{ "type": "Feature", "properties": { "Business_Name": "Chinese For Christ NY Church", "Address": "14221 Franklin Ave, Flushing, NY 11355, United States", "Keyword": "Chinese church", "Neighborhood": "Elmhurst, NY", "Level": 2.0 }, "geometry": { "type": "Point", "coordinates": [ -73.823070200000018, 40.7570066 ] } },
{ "type": "Feature", "properties": { "Business_Name": "Christian Testimony Church", "Address": "87-11 Whitney Ave, Flushing, NY 11373, United States", "Keyword": "Chinese church", "Neighborhood": "Elmhurst, NY", "Level": 2.0 }, "geometry": { "type": "Point", "coordinates": [ -73.878068, 40.742773799999988 ] } },
{ "type": "Feature", "properties": { "Business_Name": "Chinese Evangel Mission Church of Queens", "Address": "20310 Rocky Hill Rd, Flushing, NY 11361, United States", "Keyword": "Chinese church", "Neighborhood": "Elmhurst, NY", "Level": 2.0 }, "geometry": { "type": "Point", "coordinates": [ -73.7770581, 40.7529508 ] } },
{ "type": "Feature", "properties": { "Business_Name": "CPC Nan Shan Senior Center", "Address": "133-14 41st Ave, Flushing, NY 11355, United States", "Keyword": "Chinese senior center", "Neighborhood": "Elmhurst, NY", "Level": 2.0 }, "geometry": { "type": "Point", "coordinates": [ -73.8312903, 40.7571862 ] } },
{ "type": "Feature", "properties": { "Business_Name": "Elmhurst-J.H. Senior Center", "Address": "7501 Broadway # 3, Elmhurst, NY 11373, United States", "Keyword": "Chinese senior center", "Neighborhood": "Elmhurst, NY", "Level": 2.0 }, "geometry": { "type": "Point", "coordinates": [ -73.8900268, 40.74623 ] } },
{ "type": "Feature", "properties": { "Business_Name": "Elmcor Senior Center - Elmcor Youth & Adult Activities, Inc.", "Address": "98-19 Astoria Blvd, Flushing, NY 11369, United States", "Keyword": "Chinese senior center", "Neighborhood": "Elmhurst, NY", "Level": 2.0 }, "geometry": { "type": "Point", "coordinates": [ -73.8706105, 40.7624527 ] } },
{ "type": "Feature", "properties": { "Business_Name": "Newtown Italian Senior Center", "Address": "83-20 Queens Blvd, Elmhurst, NY 11373, United States", "Keyword": "Chinese senior center", "Neighborhood": "Elmhurst, NY", "Level": 2.0 }, "geometry": { "type": "Point", "coordinates": [ -73.8797999, 40.736811 ] } },
{ "type": "Feature", "properties": { "Business_Name": "IPRHE Corona Senior Center", "Address": "108-74 Roosevelt Ave, Corona, NY 11368, United States", "Keyword": "Chinese senior center", "Neighborhood": "Elmhurst, NY", "Level": 2.0 }, "geometry": { "type": "Point", "coordinates": [ -73.8561177, 40.7513627 ] } },
{ "type": "Feature", "properties": { "Business_Name": "Chinese-American Planning Council - Chinatown Senior Center", "Address": "55 Chrystie St, New York, NY 10002, United States", "Keyword": "Chinese senior center", "Neighborhood": "Elmhurst, NY", "Level": 2.0 }, "geometry": { "type": "Point", "coordinates": [ -73.9949779, 40.7163825 ] } },
{ "type": "Feature", "properties": { "Business_Name": "Queens Adult Care Center", "Address": "8008 45th Ave, Elmhurst, NY 11373, United States", "Keyword": "Chinese senior center", "Neighborhood": "Elmhurst, NY", "Level": 2.0 }, "geometry": { "type": "Point", "coordinates": [ -73.8844138, 40.7413058 ] } },
{ "type": "Feature", "properties": { "Business_Name": "Allen Community Senior Citizens Center", "Address": "166-01 Linden Blvd #1, South Jamaica, NY 11434, United States", "Keyword": "Chinese senior center", "Neighborhood": "Elmhurst, NY", "Level": 2.0 }, "geometry": { "type": "Point", "coordinates": [ -73.7831851, 40.6903823 ] } },
{ "type": "Feature", "properties": { "Business_Name": "Catherine Sheridan Senior Center", "Address": "35-24 83rd St, Jackson Heights, NY 11372, United States", "Keyword": "Chinese senior center", "Neighborhood": "Elmhurst, NY", "Level": 2.0 }, "geometry": { "type": "Point", "coordinates": [ -73.8837635, 40.7510608 ] } },
{ "type": "Feature", "properties": { "Business_Name": "Chinese Community Center of Flushing", "Address": "4317 Union St level c, Flushing, NY 11355, United States", "Keyword": "Chinese community center", "Neighborhood": "Elmhurst, NY", "Level": 2.0 }, "geometry": { "type": "Point", "coordinates": [ -73.8211513, 40.754302 ] } },
{ "type": "Feature", "properties": { "Business_Name": "New York Chinese Community Center", "Address": "62 Mott St, New York, NY 10013, United States", "Keyword": "Chinese community center", "Neighborhood": "Elmhurst, NY", "Level": 2.0 }, "geometry": { "type": "Point", "coordinates": [ -73.9981392, 40.7160503 ] } },
{ "type": "Feature", "properties": { "Business_Name": "South Asian Community Center", "Address": "37-07 74th Street 2nd Floor Suite #2, Jackson Heights, NY 11372, United States", "Keyword": "Chinese community center", "Neighborhood": "Elmhurst, NY", "Level": 2.0 }, "geometry": { "type": "Point", "coordinates": [ -73.891507, 40.748695 ] } },
{ "type": "Feature", "properties": { "Business_Name": "Phuntsok Deshe - Tibetan Community Center of NY & NJ", "Address": "57-12 Tibet Way, 32nd Ave, Woodside, NY 11377, United States", "Keyword": "Chinese community center", "Neighborhood": "Elmhurst, NY", "Level": 2.0 }, "geometry": { "type": "Point", "coordinates": [ -73.9036993, 40.7556923 ] } },
{ "type": "Feature", "properties": { "Business_Name": "Little Neck Chinese Community Center(小颈华社)", "Address": "54-47B, Little Neck Pkwy, Little Neck, NY 11362, United States", "Keyword": "Chinese community center", "Neighborhood": "Elmhurst, NY", "Level": 2.0 }, "geometry": { "type": "Point", "coordinates": [ -73.7249455, 40.7665068 ] } },
{ "type": "Feature", "properties": { "Business_Name": "Taiwan Center Inc. 紐約台灣會館", "Address": "137-44 Northern Blvd, Flushing, NY 11354, United States", "Keyword": "Chinese community center", "Neighborhood": "Elmhurst, NY", "Level": 2.0 }, "geometry": { "type": "Point", "coordinates": [ -73.8295544, 40.763285499999988 ] } },
{ "type": "Feature", "properties": { "Business_Name": "Community center services organization", "Address": "93-15 Corona Ave. Ground Floor, Elmhurst, NY 11373, United States", "Keyword": "Chinese community center", "Neighborhood": "Elmhurst, NY", "Level": 2.0 }, "geometry": { "type": "Point", "coordinates": [ -73.8709194, 40.7426204 ] } },
{ "type": "Feature", "properties": { "Business_Name": "Chinese Alliance Center of the C&MA", "Address": "43-29 162nd St, Flushing, NY 11358, United States", "Keyword": "Chinese community center", "Neighborhood": "Elmhurst, NY", "Level": 2.0 }, "geometry": { "type": "Point", "coordinates": [ -73.8040673, 40.7578086 ] } },
{ "type": "Feature", "properties": { "Business_Name": "New York Chinese School", "Address": "62 Mott St 3rd floor, New York, NY 10013, United States", "Keyword": "Chinese community center", "Neighborhood": "Elmhurst, NY", "Level": 2.0 }, "geometry": { "type": "Point", "coordinates": [ -73.998024, 40.7159896 ] } },
{ "type": "Feature", "properties": { "Business_Name": "Community Center Services", "Address": "9221 Corona Ave., Elmhurst, NY 11373, United States", "Keyword": "Chinese community center", "Neighborhood": "Elmhurst, NY", "Level": 2.0 }, "geometry": { "type": "Point", "coordinates": [ -73.871094, 40.7425951 ] } },
{ "type": "Feature", "properties": { "Business_Name": "Glow Cultural Center, Inc.", "Address": "133-29 41st Ave floor 1, Flushing, NY 11355, United States", "Keyword": "Chinese community center", "Neighborhood": "Elmhurst, NY", "Level": 2.0 }, "geometry": { "type": "Point", "coordinates": [ -73.8311571, 40.7575405 ] } },
{ "type": "Feature", "properties": { "Business_Name": "Chinese Christian Herald Crusades - Herald Mission Center (CCHC - HMC) 基督教角聲佈道團 - 角聲使命中心", "Address": "156-03 Horace Harding Expy, Flushing, NY 11367, United States", "Keyword": "Chinese community center", "Neighborhood": "Elmhurst, NY", "Level": 2.0 }, "geometry": { "type": "Point", "coordinates": [ -73.8117822, 40.7390496 ] } },
{ "type": "Feature", "properties": { "Business_Name": "Chinese-American Planning Council", "Address": "133-14 41st Ave, Flushing, NY 11355, United States", "Keyword": "Chinese community center", "Neighborhood": "Elmhurst, NY", "Level": 2.0 }, "geometry": { "type": "Point", "coordinates": [ -73.8312903, 40.7571862 ] } },
{ "type": "Feature", "properties": { "Business_Name": "Together We Can Community Resource Center", "Address": "91-08 Roosevelt Ave, Jackson Heights, NY 11372, United States", "Keyword": "Chinese community center", "Neighborhood": "Elmhurst, NY", "Level": 2.0 }, "geometry": { "type": "Point", "coordinates": [ -73.8744516, 40.7485164 ] } },
{ "type": "Feature", "properties": { "Business_Name": "Asian American Cohesion", "Address": "132-35A Sanford Ave, Flushing, NY 11355, United States", "Keyword": "Chinese community center", "Neighborhood": "Elmhurst, NY", "Level": 2.0 }, "geometry": { "type": "Point", "coordinates": [ -73.8319867, 40.7553129 ] } },
{ "type": "Feature", "properties": { "Business_Name": "Greater Chinatown Community Association", "Address": "6 Doyers St, New York, NY 10013, United States", "Keyword": "Chinese community center", "Neighborhood": "Elmhurst, NY", "Level": 2.0 }, "geometry": { "type": "Point", "coordinates": [ -73.9979012, 40.714453 ] } },
{ "type": "Feature", "properties": { "Business_Name": "MinKwon Center for Community Action", "Address": "133-29 41st Ave Suite 202, Flushing, NY 11355, United States", "Keyword": "Chinese community center", "Neighborhood": "Elmhurst, NY", "Level": 2.0 }, "geometry": { "type": "Point", "coordinates": [ -73.8307014, 40.7577053 ] } },
{ "type": "Feature", "properties": { "Business_Name": "New York Chinese Community Center", "Address": "62 Mott St, New York, NY 10013, United States", "Keyword": "Chinese association", "Neighborhood": "Elmhurst, NY", "Level": 2.0 }, "geometry": { "type": "Point", "coordinates": [ -73.9981392, 40.7160503 ] } },
{ "type": "Feature", "properties": { "Business_Name": "Chinese Organizations in the US", "Address": "149-35 Cherry Ave, Flushing, NY 11355, United States", "Keyword": "Chinese association", "Neighborhood": "Elmhurst, NY", "Level": 2.0 }, "geometry": { "type": "Point", "coordinates": [ -73.8127402, 40.7585478 ] } },
{ "type": "Feature", "properties": { "Business_Name": "Chinese Community Center of Flushing", "Address": "4317 Union St level c, Flushing, NY 11355, United States", "Keyword": "Chinese association", "Neighborhood": "Elmhurst, NY", "Level": 2.0 }, "geometry": { "type": "Point", "coordinates": [ -73.8211513, 40.754302 ] } },
{ "type": "Feature", "properties": { "Business_Name": "Flushing Chinese Business Association", "Address": "4048 Main St #302, Flushing, NY 11354, United States", "Keyword": "Chinese association", "Neighborhood": "Elmhurst, NY", "Level": 2.0 }, "geometry": { "type": "Point", "coordinates": [ -73.8297542, 40.7583245 ] } },
{ "type": "Feature", "properties": { "Business_Name": "South Asian Community Center", "Address": "37-07 74th Street 2nd Floor Suite #2, Jackson Heights, NY 11372, United States", "Keyword": "Chinese association", "Neighborhood": "Elmhurst, NY", "Level": 2.0 }, "geometry": { "type": "Point", "coordinates": [ -73.891507, 40.748695 ] } },
{ "type": "Feature", "properties": { "Business_Name": "AAFE", "Address": "37-61 84th St, Jackson Heights, NY 11372, United States", "Keyword": "Chinese association", "Neighborhood": "Elmhurst, NY", "Level": 2.0 }, "geometry": { "type": "Point", "coordinates": [ -73.8820293, 40.7481184 ] } },
{ "type": "Feature", "properties": { "Business_Name": "New York Chinese Seventh-day Adventist Church", "Address": "7606 41st Ave, Elmhurst, NY 11373, United States", "Keyword": "Chinese association", "Neighborhood": "Elmhurst, NY", "Level": 2.0 }, "geometry": { "type": "Point", "coordinates": [ -73.8887981, 40.7452942 ] } },
{ "type": "Feature", "properties": { "Business_Name": "Chinese Christian Church of Queens New York", "Address": "63-16 39th Ave, Woodside, NY 11377, United States", "Keyword": "Chinese association", "Neighborhood": "Elmhurst, NY", "Level": 2.0 }, "geometry": { "type": "Point", "coordinates": [ -73.9001522, 40.7464201 ] } },
{ "type": "Feature", "properties": { "Business_Name": "Grace Chinese Lutheran Church", "Address": "4333 91st Pl, Flushing, NY 11373, United States", "Keyword": "Chinese association", "Neighborhood": "Elmhurst, NY", "Level": 2.0 }, "geometry": { "type": "Point", "coordinates": [ -73.8736128, 40.7428374 ] } },
{ "type": "Feature", "properties": { "Business_Name": "Brooklyn Chinese America Association", "Address": "5002 8th Ave, Brooklyn, NY 11220, United States", "Keyword": "Chinese association", "Neighborhood": "Elmhurst, NY", "Level": 2.0 }, "geometry": { "type": "Point", "coordinates": [ -74.0039994, 40.6411656 ] } },
{ "type": "Feature", "properties": { "Business_Name": "Catholic Chinese Apostolate", "Address": "5409 92nd St, Flushing, NY 11373, United States", "Keyword": "Chinese association", "Neighborhood": "Elmhurst, NY", "Level": 2.0 }, "geometry": { "type": "Point", "coordinates": [ -73.8704138, 40.7377352 ] } },
{ "type": "Feature", "properties": { "Business_Name": "Chinese Society of Staten Island", "Address": "614 Richmond Rd, Staten Island, NY 10304, United States", "Keyword": "Chinese association", "Neighborhood": "Elmhurst, NY", "Level": 2.0 }, "geometry": { "type": "Point", "coordinates": [ -74.0882303, 40.6115768 ] } },
{ "type": "Feature", "properties": { "Business_Name": "New York Chinese School", "Address": "62 Mott St 3rd floor, New York, NY 10013, United States", "Keyword": "Chinese association", "Neighborhood": "Elmhurst, NY", "Level": 2.0 }, "geometry": { "type": "Point", "coordinates": [ -73.998024, 40.7159896 ] } },
{ "type": "Feature", "properties": { "Business_Name": "Chan Meditation Center", "Address": "91-26 Corona Ave., Elmhurst, NY 11373, United States", "Keyword": "Chinese association", "Neighborhood": "Elmhurst, NY", "Level": 2.0 }, "geometry": { "type": "Point", "coordinates": [ -73.8726255, 40.7423503 ] } },
{ "type": "Feature", "properties": { "Business_Name": "Lin Yan Shan Buddhist Temple", "Address": "8514 Grand Ave, Elmhurst, NY 11373, United States", "Keyword": "Chinese association", "Neighborhood": "Elmhurst, NY", "Level": 2.0 }, "geometry": { "type": "Point", "coordinates": [ -73.8815719, 40.7350881 ] } },
{ "type": "Feature", "properties": { "Business_Name": "China Buddhist Associates", "Address": "13612 39th Ave, Flushing, NY 11354, United States", "Keyword": "Chinese association", "Neighborhood": "Elmhurst, NY", "Level": 2.0 }, "geometry": { "type": "Point", "coordinates": [ -73.8297468, 40.7602157 ] } },
{ "type": "Feature", "properties": { "Business_Name": "Chinese-American Planning Council (CPC)", "Address": "45 Suffolk St, New York, NY 10002, United States", "Keyword": "Chinese association", "Neighborhood": "Elmhurst, NY", "Level": 2.0 }, "geometry": { "type": "Point", "coordinates": [ -73.9873448, 40.7166988 ] } },
{ "type": "Feature", "properties": { "Business_Name": "Italian Charities of America, Inc.", "Address": "83-20 Queens Blvd, Elmhurst, NY 11373, United States", "Keyword": "Chinese association", "Neighborhood": "Elmhurst, NY", "Level": 2.0 }, "geometry": { "type": "Point", "coordinates": [ -73.8797042, 40.7369054 ] } },
{ "type": "Feature", "properties": { "Business_Name": "Wenzhou Taoist Associates Temple", "Address": "102-05 44th Ave # A, Corona, NY 11368, United States", "Keyword": "Chinese association", "Neighborhood": "Elmhurst, NY", "Level": 2.0 }, "geometry": { "type": "Point", "coordinates": [ -73.8622994, 40.7467798 ] } },
{ "type": "Feature", "properties": { "Business_Name": "SeasonFresh Supermarket", "Address": "4510 83rd St, Elmhurst, NY 11373, United States", "Keyword": "华人超市", "Neighborhood": "Elmhurst, NY", "Level": 2.0 }, "geometry": { "type": "Point", "coordinates": [ -73.8818486, 40.7415405 ] } },
{ "type": "Feature", "properties": { "Business_Name": "US Supermarket", "Address": "82-66 Broadway, Elmhurst, NY 11373, United States", "Keyword": "华人超市", "Neighborhood": "Elmhurst, NY", "Level": 2.0 }, "geometry": { "type": "Point", "coordinates": [ -73.8815814, 40.7416231 ] } },
{ "type": "Feature", "properties": { "Business_Name": "Good Supermarket", "Address": "86-18 Broadway, Elmhurst, NY 11373, United States", "Keyword": "华人超市", "Neighborhood": "Elmhurst, NY", "Level": 2.0 }, "geometry": { "type": "Point", "coordinates": [ -73.877445, 40.738203 ] } },
{ "type": "Feature", "properties": { "Business_Name": "D & Z Supermarket", "Address": "77-00 Queens Blvd, Elmhurst, NY 11373, United States", "Keyword": "华人超市", "Neighborhood": "Elmhurst, NY", "Level": 2.0 }, "geometry": { "type": "Point", "coordinates": [ -73.8863165, 40.7380883 ] } },
{ "type": "Feature", "properties": { "Business_Name": "SkyFoods-Elmhurst", "Address": "7955 Albion Ave, Elmhurst, NY 11373, United States", "Keyword": "华人超市", "Neighborhood": "Elmhurst, NY", "Level": 2.0 }, "geometry": { "type": "Point", "coordinates": [ -73.8836961, 40.7396122 ] } },
{ "type": "Feature", "properties": { "Business_Name": "大众超市", "Address": "7700 New York 25 Service, Elmhurst, NY 11373, United States", "Keyword": "华人超市", "Neighborhood": "Elmhurst, NY", "Level": 2.0 }, "geometry": { "type": "Point", "coordinates": [ -73.8863738, 40.7374932 ] } },
{ "type": "Feature", "properties": { "Business_Name": "New York Mart", "Address": "128 Mott St, New York, NY 10013, United States", "Keyword": "华人超市", "Neighborhood": "Elmhurst, NY", "Level": 2.0 }, "geometry": { "type": "Point", "coordinates": [ -73.9966318, 40.718503899999988 ] } },
{ "type": "Feature", "properties": { "Business_Name": "Top Line Supermarket", "Address": "8137 Broadway, Elmhurst, NY 11373, United States", "Keyword": "华人超市", "Neighborhood": "Elmhurst, NY", "Level": 2.0 }, "geometry": { "type": "Point", "coordinates": [ -73.8828407, 40.743044700000013 ] } },
{ "type": "Feature", "properties": { "Business_Name": "Asian Taste Store", "Address": "86-25 Whitney Ave, Elmhurst, NY 11373, United States", "Keyword": "华人超市", "Neighborhood": "Elmhurst, NY", "Level": 2.0 }, "geometry": { "type": "Point", "coordinates": [ -73.8786325, 40.7421769 ] } },
{ "type": "Feature", "properties": { "Business_Name": "G Mart", "Address": "75-01 Broadway, Elmhurst, NY 11373, United States", "Keyword": "华人超市", "Neighborhood": "Elmhurst, NY", "Level": 2.0 }, "geometry": { "type": "Point", "coordinates": [ -73.8902614, 40.7464246 ] } },
{ "type": "Feature", "properties": { "Business_Name": "Lucky Huang", "Address": "8261 Broadway, Elmhurst, NY 11373, United States", "Keyword": "华人超市", "Neighborhood": "Elmhurst, NY", "Level": 2.0 }, "geometry": { "type": "Point", "coordinates": [ -73.8810482, 40.7420394 ] } },
{ "type": "Feature", "properties": { "Business_Name": "Fresh Food Bazar", "Address": "76-12-76-14 Woodside Ave, Elmhurst, NY 11373, United States", "Keyword": "华人超市", "Neighborhood": "Elmhurst, NY", "Level": 2.0 }, "geometry": { "type": "Point", "coordinates": [ -73.8883041, 40.743384 ] } },
{ "type": "Feature", "properties": { "Business_Name": "Jmart", "Address": "136-20 Roosevelt Ave, Flushing, NY 11354, United States", "Keyword": "华人超市", "Neighborhood": "Elmhurst, NY", "Level": 2.0 }, "geometry": { "type": "Point", "coordinates": [ -73.8296876, 40.7590799 ] } },
{ "type": "Feature", "properties": { "Business_Name": "Zhong US Supermarket Inc", "Address": "5911 Main St, Flushing, NY 11355, United States", "Keyword": "华人超市", "Neighborhood": "Elmhurst, NY", "Level": 2.0 }, "geometry": { "type": "Point", "coordinates": [ -73.8254036, 40.7433895 ] } },
{ "type": "Feature", "properties": { "Business_Name": "Xinlongxing Supermarket", "Address": "135-35 Roosevelt Ave, Flushing, NY 11354, United States", "Keyword": "华人超市", "Neighborhood": "Elmhurst, NY", "Level": 2.0 }, "geometry": { "type": "Point", "coordinates": [ -73.8307772, 40.7595051 ] } },
{ "type": "Feature", "properties": { "Business_Name": "Hua Lian Supermarket", "Address": "25-03 Parsons Blvd, Flushing, NY 11354, United States", "Keyword": "华人超市", "Neighborhood": "Elmhurst, NY", "Level": 2.0 }, "geometry": { "type": "Point", "coordinates": [ -73.8236111, 40.7763889 ] } },
{ "type": "Feature", "properties": { "Business_Name": "Hua Chu Grocery", "Address": "83-3 Grand Ave, Elmhurst, NY 11373, United States", "Keyword": "华人超市", "Neighborhood": "Elmhurst, NY", "Level": 2.0 }, "geometry": { "type": "Point", "coordinates": [ -73.8837209, 40.7334004 ] } },
{ "type": "Feature", "properties": { "Business_Name": "Ny China Market", "Address": "9124 Corona Ave., Flushing, NY 11373, United States", "Keyword": "华人超市", "Neighborhood": "Elmhurst, NY", "Level": 2.0 }, "geometry": { "type": "Point", "coordinates": [ -73.8727201, 40.7423565 ] } },
{ "type": "Feature", "properties": { "Business_Name": "SuperFresh Elmhurst", "Address": "82-10 Baxter Ave, Elmhurst, NY 11373, United States", "Keyword": "华人超市", "Neighborhood": "Elmhurst, NY", "Level": 2.0 }, "geometry": { "type": "Point", "coordinates": [ -73.8830898, 40.7466456 ] } },
{ "type": "Feature", "properties": { "Business_Name": "YJ ELMHURST GROCERY INC", "Address": "89-39 Elmhurst Ave, Elmhurst, NY 11373, United States", "Keyword": "华人超市", "Neighborhood": "Elmhurst, NY", "Level": 2.0 }, "geometry": { "type": "Point", "coordinates": [ -73.8767061, 40.748024 ] } },
{ "type": "Feature", "properties": { "Business_Name": "SeasonFresh Supermarket", "Address": "4510 83rd St, Elmhurst, NY 11373, United States", "Keyword": "华超", "Neighborhood": "Elmhurst, NY", "Level": 2.0 }, "geometry": { "type": "Point", "coordinates": [ -73.8818486, 40.7415405 ] } },
{ "type": "Feature", "properties": { "Business_Name": "Good Supermarket", "Address": "86-18 Broadway, Elmhurst, NY 11373, United States", "Keyword": "华超", "Neighborhood": "Elmhurst, NY", "Level": 2.0 }, "geometry": { "type": "Point", "coordinates": [ -73.877445, 40.738203 ] } },
{ "type": "Feature", "properties": { "Business_Name": "US Supermarket", "Address": "82-66 Broadway, Elmhurst, NY 11373, United States", "Keyword": "华超", "Neighborhood": "Elmhurst, NY", "Level": 2.0 }, "geometry": { "type": "Point", "coordinates": [ -73.8815814, 40.7416231 ] } },
{ "type": "Feature", "properties": { "Business_Name": "大众超市", "Address": "7700 New York 25 Service, Elmhurst, NY 11373, United States", "Keyword": "华超", "Neighborhood": "Elmhurst, NY", "Level": 2.0 }, "geometry": { "type": "Point", "coordinates": [ -73.8863738, 40.7374932 ] } },
{ "type": "Feature", "properties": { "Business_Name": "D & Z Supermarket", "Address": "77-00 Queens Blvd, Elmhurst, NY 11373, United States", "Keyword": "华超", "Neighborhood": "Elmhurst, NY", "Level": 2.0 }, "geometry": { "type": "Point", "coordinates": [ -73.8863165, 40.7380883 ] } },
{ "type": "Feature", "properties": { "Business_Name": "Asian Taste Store", "Address": "86-25 Whitney Ave, Elmhurst, NY 11373, United States", "Keyword": "华超", "Neighborhood": "Elmhurst, NY", "Level": 2.0 }, "geometry": { "type": "Point", "coordinates": [ -73.8786325, 40.7421769 ] } },
{ "type": "Feature", "properties": { "Business_Name": "Top Line Supermarket", "Address": "8137 Broadway, Elmhurst, NY 11373, United States", "Keyword": "华超", "Neighborhood": "Elmhurst, NY", "Level": 2.0 }, "geometry": { "type": "Point", "coordinates": [ -73.8828407, 40.743044700000013 ] } },
{ "type": "Feature", "properties": { "Business_Name": "SkyFoods-Elmhurst", "Address": "7955 Albion Ave, Elmhurst, NY 11373, United States", "Keyword": "华超", "Neighborhood": "Elmhurst, NY", "Level": 2.0 }, "geometry": { "type": "Point", "coordinates": [ -73.8836961, 40.7396122 ] } },
{ "type": "Feature", "properties": { "Business_Name": "Great Wall Supermarket", "Address": "59-16 99th St, Corona, NY 11368, United States", "Keyword": "华超", "Neighborhood": "Elmhurst, NY", "Level": 2.0 }, "geometry": { "type": "Point", "coordinates": [ -73.8593846, 40.736685 ] } },
{ "type": "Feature", "properties": { "Business_Name": "Lucky Huang", "Address": "8261 Broadway, Elmhurst, NY 11373, United States", "Keyword": "华超", "Neighborhood": "Elmhurst, NY", "Level": 2.0 }, "geometry": { "type": "Point", "coordinates": [ -73.8810482, 40.7420394 ] } },
{ "type": "Feature", "properties": { "Business_Name": "G Mart", "Address": "75-01 Broadway, Elmhurst, NY 11373, United States", "Keyword": "华超", "Neighborhood": "Elmhurst, NY", "Level": 2.0 }, "geometry": { "type": "Point", "coordinates": [ -73.8902614, 40.7464246 ] } },
{ "type": "Feature", "properties": { "Business_Name": "Hua Chu Grocery", "Address": "83-3 Grand Ave, Elmhurst, NY 11373, United States", "Keyword": "华超", "Neighborhood": "Elmhurst, NY", "Level": 2.0 }, "geometry": { "type": "Point", "coordinates": [ -73.8837209, 40.7334004 ] } },
{ "type": "Feature", "properties": { "Business_Name": "Hua Lian Supermarket", "Address": "25-03 Parsons Blvd, Flushing, NY 11354, United States", "Keyword": "华超", "Neighborhood": "Elmhurst, NY", "Level": 2.0 }, "geometry": { "type": "Point", "coordinates": [ -73.8236111, 40.7763889 ] } },
{ "type": "Feature", "properties": { "Business_Name": "Fresh Food Bazar", "Address": "76-12-76-14 Woodside Ave, Elmhurst, NY 11373, United States", "Keyword": "华超", "Neighborhood": "Elmhurst, NY", "Level": 2.0 }, "geometry": { "type": "Point", "coordinates": [ -73.8883041, 40.743384 ] } },
{ "type": "Feature", "properties": { "Business_Name": "Ny China Market", "Address": "9124 Corona Ave., Flushing, NY 11373, United States", "Keyword": "华超", "Neighborhood": "Elmhurst, NY", "Level": 2.0 }, "geometry": { "type": "Point", "coordinates": [ -73.8727201, 40.7423565 ] } },
{ "type": "Feature", "properties": { "Business_Name": "Food Express Supermarket", "Address": "39-39 63rd St, Woodside, NY 11377, United States", "Keyword": "华超", "Neighborhood": "Elmhurst, NY", "Level": 2.0 }, "geometry": { "type": "Point", "coordinates": [ -73.9010946, 40.745568 ] } },
{ "type": "Feature", "properties": { "Business_Name": "华联市场 Hua Lian Supermarket", "Address": "193-01 Northern Blvd, Flushing, NY 11358, United States", "Keyword": "华超", "Neighborhood": "Elmhurst, NY", "Level": 2.0 }, "geometry": { "type": "Point", "coordinates": [ -73.7879579, 40.7581723 ] } },
{ "type": "Feature", "properties": { "Business_Name": "YJ ELMHURST GROCERY INC", "Address": "89-39 Elmhurst Ave, Elmhurst, NY 11373, United States", "Keyword": "华超", "Neighborhood": "Elmhurst, NY", "Level": 2.0 }, "geometry": { "type": "Point", "coordinates": [ -73.8767061, 40.748024 ] } },
{ "type": "Feature", "properties": { "Business_Name": "SeasonFresh Supermarket", "Address": "4510 83rd St, Elmhurst, NY 11373, United States", "Keyword": "中国超市", "Neighborhood": "Elmhurst, NY", "Level": 2.0 }, "geometry": { "type": "Point", "coordinates": [ -73.8818486, 40.7415405 ] } },
{ "type": "Feature", "properties": { "Business_Name": "Good Supermarket", "Address": "86-18 Broadway, Elmhurst, NY 11373, United States", "Keyword": "中国超市", "Neighborhood": "Elmhurst, NY", "Level": 2.0 }, "geometry": { "type": "Point", "coordinates": [ -73.877445, 40.738203 ] } },
{ "type": "Feature", "properties": { "Business_Name": "US Supermarket", "Address": "82-66 Broadway, Elmhurst, NY 11373, United States", "Keyword": "中国超市", "Neighborhood": "Elmhurst, NY", "Level": 2.0 }, "geometry": { "type": "Point", "coordinates": [ -73.8815814, 40.7416231 ] } },
{ "type": "Feature", "properties": { "Business_Name": "D & Z Supermarket", "Address": "77-00 Queens Blvd, Elmhurst, NY 11373, United States", "Keyword": "中国超市", "Neighborhood": "Elmhurst, NY", "Level": 2.0 }, "geometry": { "type": "Point", "coordinates": [ -73.8863165, 40.7380883 ] } },
{ "type": "Feature", "properties": { "Business_Name": "大众超市", "Address": "7700 New York 25 Service, Elmhurst, NY 11373, United States", "Keyword": "中国超市", "Neighborhood": "Elmhurst, NY", "Level": 2.0 }, "geometry": { "type": "Point", "coordinates": [ -73.8863738, 40.7374932 ] } },
{ "type": "Feature", "properties": { "Business_Name": "New York Mart", "Address": "128 Mott St, New York, NY 10013, United States", "Keyword": "中国超市", "Neighborhood": "Elmhurst, NY", "Level": 2.0 }, "geometry": { "type": "Point", "coordinates": [ -73.9966318, 40.718503899999988 ] } },
{ "type": "Feature", "properties": { "Business_Name": "SkyFoods-Elmhurst", "Address": "7955 Albion Ave, Elmhurst, NY 11373, United States", "Keyword": "中国超市", "Neighborhood": "Elmhurst, NY", "Level": 2.0 }, "geometry": { "type": "Point", "coordinates": [ -73.8836961, 40.7396122 ] } },
{ "type": "Feature", "properties": { "Business_Name": "G Mart", "Address": "75-01 Broadway, Elmhurst, NY 11373, United States", "Keyword": "中国超市", "Neighborhood": "Elmhurst, NY", "Level": 2.0 }, "geometry": { "type": "Point", "coordinates": [ -73.8902614, 40.7464246 ] } },
{ "type": "Feature", "properties": { "Business_Name": "Asian Taste Store", "Address": "86-25 Whitney Ave, Elmhurst, NY 11373, United States", "Keyword": "中国超市", "Neighborhood": "Elmhurst, NY", "Level": 2.0 }, "geometry": { "type": "Point", "coordinates": [ -73.8786325, 40.7421769 ] } },
{ "type": "Feature", "properties": { "Business_Name": "Top Line Supermarket", "Address": "8137 Broadway, Elmhurst, NY 11373, United States", "Keyword": "中国超市", "Neighborhood": "Elmhurst, NY", "Level": 2.0 }, "geometry": { "type": "Point", "coordinates": [ -73.8828407, 40.743044700000013 ] } },
{ "type": "Feature", "properties": { "Business_Name": "Lucky Huang", "Address": "8261 Broadway, Elmhurst, NY 11373, United States", "Keyword": "中国超市", "Neighborhood": "Elmhurst, NY", "Level": 2.0 }, "geometry": { "type": "Point", "coordinates": [ -73.8810482, 40.7420394 ] } },
{ "type": "Feature", "properties": { "Business_Name": "Zhong US Supermarket Inc", "Address": "5911 Main St, Flushing, NY 11355, United States", "Keyword": "中国超市", "Neighborhood": "Elmhurst, NY", "Level": 2.0 }, "geometry": { "type": "Point", "coordinates": [ -73.8254036, 40.7433895 ] } },
{ "type": "Feature", "properties": { "Business_Name": "Ny China Market", "Address": "9124 Corona Ave., Flushing, NY 11373, United States", "Keyword": "中国超市", "Neighborhood": "Elmhurst, NY", "Level": 2.0 }, "geometry": { "type": "Point", "coordinates": [ -73.8727201, 40.7423565 ] } },
{ "type": "Feature", "properties": { "Business_Name": "Fresh Food Bazar", "Address": "76-12-76-14 Woodside Ave, Elmhurst, NY 11373, United States", "Keyword": "中国超市", "Neighborhood": "Elmhurst, NY", "Level": 2.0 }, "geometry": { "type": "Point", "coordinates": [ -73.8883041, 40.743384 ] } },
{ "type": "Feature", "properties": { "Business_Name": "K-Food Market", "Address": "92-32 Queens Blvd, Rego Park, NY 11374, United States", "Keyword": "中国超市", "Neighborhood": "Elmhurst, NY", "Level": 2.0 }, "geometry": { "type": "Point", "coordinates": [ -73.8679406, 40.7321093 ] } },
{ "type": "Feature", "properties": { "Business_Name": "Xinlongxing Supermarket", "Address": "135-35 Roosevelt Ave, Flushing, NY 11354, United States", "Keyword": "中国超市", "Neighborhood": "Elmhurst, NY", "Level": 2.0 }, "geometry": { "type": "Point", "coordinates": [ -73.8307772, 40.7595051 ] } },
{ "type": "Feature", "properties": { "Business_Name": "YJ ELMHURST GROCERY INC", "Address": "89-39 Elmhurst Ave, Elmhurst, NY 11373, United States", "Keyword": "中国超市", "Neighborhood": "Elmhurst, NY", "Level": 2.0 }, "geometry": { "type": "Point", "coordinates": [ -73.8767061, 40.748024 ] } },
{ "type": "Feature", "properties": { "Business_Name": "Great Wall Supermarket", "Address": "59-16 99th St, Corona, NY 11368, United States", "Keyword": "中国超市", "Neighborhood": "Elmhurst, NY", "Level": 2.0 }, "geometry": { "type": "Point", "coordinates": [ -73.8593846, 40.736685 ] } },
{ "type": "Feature", "properties": { "Business_Name": "H Mart Woodside", "Address": "59-18 Woodside Ave, Flushing, NY 11377, United States", "Keyword": "中国超市", "Neighborhood": "Elmhurst, NY", "Level": 2.0 }, "geometry": { "type": "Point", "coordinates": [ -73.90500440000001, 40.7450234 ] } },
{ "type": "Feature", "properties": { "Business_Name": "Hua Chu Grocery", "Address": "83-3 Grand Ave, Elmhurst, NY 11373, United States", "Keyword": "中国超市", "Neighborhood": "Elmhurst, NY", "Level": 2.0 }, "geometry": { "type": "Point", "coordinates": [ -73.8837209, 40.7334004 ] } },
{ "type": "Feature", "properties": { "Business_Name": "SeasonFresh Supermarket", "Address": "4510 83rd St, Elmhurst, NY 11373, United States", "Keyword": "华人杂货店", "Neighborhood": "Elmhurst, NY", "Level": 2.0 }, "geometry": { "type": "Point", "coordinates": [ -73.8818486, 40.7415405 ] } },
{ "type": "Feature", "properties": { "Business_Name": "Good Supermarket", "Address": "86-18 Broadway, Elmhurst, NY 11373, United States", "Keyword": "华人杂货店", "Neighborhood": "Elmhurst, NY", "Level": 2.0 }, "geometry": { "type": "Point", "coordinates": [ -73.877445, 40.738203 ] } },
{ "type": "Feature", "properties": { "Business_Name": "大众超市", "Address": "7700 New York 25 Service, Elmhurst, NY 11373, United States", "Keyword": "华人杂货店", "Neighborhood": "Elmhurst, NY", "Level": 2.0 }, "geometry": { "type": "Point", "coordinates": [ -73.8863738, 40.7374932 ] } },
{ "type": "Feature", "properties": { "Business_Name": "US Supermarket", "Address": "82-66 Broadway, Elmhurst, NY 11373, United States", "Keyword": "华人杂货店", "Neighborhood": "Elmhurst, NY", "Level": 2.0 }, "geometry": { "type": "Point", "coordinates": [ -73.8815814, 40.7416231 ] } },
{ "type": "Feature", "properties": { "Business_Name": "D & Z Supermarket", "Address": "77-00 Queens Blvd, Elmhurst, NY 11373, United States", "Keyword": "华人杂货店", "Neighborhood": "Elmhurst, NY", "Level": 2.0 }, "geometry": { "type": "Point", "coordinates": [ -73.8863165, 40.7380883 ] } },
{ "type": "Feature", "properties": { "Business_Name": "Asian Taste Store", "Address": "86-25 Whitney Ave, Elmhurst, NY 11373, United States", "Keyword": "华人杂货店", "Neighborhood": "Elmhurst, NY", "Level": 2.0 }, "geometry": { "type": "Point", "coordinates": [ -73.8786325, 40.7421769 ] } },
{ "type": "Feature", "properties": { "Business_Name": "G Mart", "Address": "75-01 Broadway, Elmhurst, NY 11373, United States", "Keyword": "华人杂货店", "Neighborhood": "Elmhurst, NY", "Level": 2.0 }, "geometry": { "type": "Point", "coordinates": [ -73.8902614, 40.7464246 ] } },
{ "type": "Feature", "properties": { "Business_Name": "Top Line Supermarket", "Address": "8137 Broadway, Elmhurst, NY 11373, United States", "Keyword": "华人杂货店", "Neighborhood": "Elmhurst, NY", "Level": 2.0 }, "geometry": { "type": "Point", "coordinates": [ -73.8828407, 40.743044700000013 ] } },
{ "type": "Feature", "properties": { "Business_Name": "Lucky Huang", "Address": "8261 Broadway, Elmhurst, NY 11373, United States", "Keyword": "华人杂货店", "Neighborhood": "Elmhurst, NY", "Level": 2.0 }, "geometry": { "type": "Point", "coordinates": [ -73.8810482, 40.7420394 ] } },
{ "type": "Feature", "properties": { "Business_Name": "HingHing Grocery Shop", "Address": "93-26 Corona Ave., Elmhurst, NY 11373, United States", "Keyword": "华人杂货店", "Neighborhood": "Elmhurst, NY", "Level": 2.0 }, "geometry": { "type": "Point", "coordinates": [ -73.8703939, 40.7422591 ] } },
{ "type": "Feature", "properties": { "Business_Name": "Ny China Market", "Address": "9124 Corona Ave., Flushing, NY 11373, United States", "Keyword": "华人杂货店", "Neighborhood": "Elmhurst, NY", "Level": 2.0 }, "geometry": { "type": "Point", "coordinates": [ -73.8727201, 40.7423565 ] } },
{ "type": "Feature", "properties": { "Business_Name": "SkyFoods-Elmhurst", "Address": "7955 Albion Ave, Elmhurst, NY 11373, United States", "Keyword": "华人杂货店", "Neighborhood": "Elmhurst, NY", "Level": 2.0 }, "geometry": { "type": "Point", "coordinates": [ -73.8836961, 40.7396122 ] } },
{ "type": "Feature", "properties": { "Business_Name": "A & R Grocery", "Address": "59-10 92nd St, Elmhurst, NY 11373, United States", "Keyword": "华人杂货店", "Neighborhood": "Elmhurst, NY", "Level": 2.0 }, "geometry": { "type": "Point", "coordinates": [ -73.8691739, 40.7337441 ] } },
{ "type": "Feature", "properties": { "Business_Name": "Great Wall Supermarket", "Address": "59-16 99th St, Corona, NY 11368, United States", "Keyword": "华人杂货店", "Neighborhood": "Elmhurst, NY", "Level": 2.0 }, "geometry": { "type": "Point", "coordinates": [ -73.8593846, 40.736685 ] } },
{ "type": "Feature", "properties": { "Business_Name": "Economic mini market inc", "Address": "91-04 43rd Ave, Elmhurst, NY 11373, United States", "Keyword": "华人杂货店", "Neighborhood": "Elmhurst, NY", "Level": 2.0 }, "geometry": { "type": "Point", "coordinates": [ -73.8742162, 40.7433171 ] } },
{ "type": "Feature", "properties": { "Business_Name": "Hua Chu Grocery", "Address": "83-3 Grand Ave, Elmhurst, NY 11373, United States", "Keyword": "华人杂货店", "Neighborhood": "Elmhurst, NY", "Level": 2.0 }, "geometry": { "type": "Point", "coordinates": [ -73.8837209, 40.7334004 ] } },
{ "type": "Feature", "properties": { "Business_Name": "Food Express Supermarket", "Address": "39-39 63rd St, Woodside, NY 11377, United States", "Keyword": "华人杂货店", "Neighborhood": "Elmhurst, NY", "Level": 2.0 }, "geometry": { "type": "Point", "coordinates": [ -73.9010946, 40.745568 ] } },
{ "type": "Feature", "properties": { "Business_Name": "New York Mart", "Address": "128 Mott St, New York, NY 10013, United States", "Keyword": "华人杂货店", "Neighborhood": "Elmhurst, NY", "Level": 2.0 }, "geometry": { "type": "Point", "coordinates": [ -73.9966318, 40.718503899999988 ] } },
{ "type": "Feature", "properties": { "Business_Name": "Chaw Su Kyaw", "Address": "86-55 Broadway, Elmhurst, NY 11373, United States", "Keyword": "华人杂货店", "Neighborhood": "Elmhurst, NY", "Level": 2.0 }, "geometry": { "type": "Point", "coordinates": [ -73.8770402, 40.7372474 ] } },
{ "type": "Feature", "properties": { "Business_Name": "Broadway Snacks", "Address": "86-10 Justice Ave, Elmhurst, NY 11373, United States", "Keyword": "华人杂货店", "Neighborhood": "Elmhurst, NY", "Level": 2.0 }, "geometry": { "type": "Point", "coordinates": [ -73.8767836, 40.7375785 ] } },
{ "type": "Feature", "properties": { "Business_Name": "Chan Meditation Center (法鼓山東初禪寺)", "Address": "91-26 Corona Ave., Elmhurst, NY 11373, United States", "Keyword": "華人寺庙", "Neighborhood": "Elmhurst, NY", "Level": 2.0 }, "geometry": { "type": "Point", "coordinates": [ -73.8726379, 40.7423522 ] } },
{ "type": "Feature", "properties": { "Business_Name": "Lin Yan Shan Buddhist Temple", "Address": "8514 Grand Ave, Elmhurst, NY 11373, United States", "Keyword": "華人寺庙", "Neighborhood": "Elmhurst, NY", "Level": 2.0 }, "geometry": { "type": "Point", "coordinates": [ -73.8815719, 40.7350881 ] } },
{ "type": "Feature", "properties": { "Business_Name": "Chan Meditation Center", "Address": "91-26 Corona Ave., Elmhurst, NY 11373, United States", "Keyword": "華人寺庙", "Neighborhood": "Elmhurst, NY", "Level": 2.0 }, "geometry": { "type": "Point", "coordinates": [ -73.8726255, 40.7423503 ] } },
{ "type": "Feature", "properties": { "Business_Name": "Wat Buddha Thai Thavorn Vanaram", "Address": "76-16 46th Ave, Elmhurst, NY 11373, United States", "Keyword": "華人寺庙", "Neighborhood": "Elmhurst, NY", "Level": 2.0 }, "geometry": { "type": "Point", "coordinates": [ -73.8876522, 40.7401592 ] } },
{ "type": "Feature", "properties": { "Business_Name": "法拉盛静安寺 Jing An Temple of Flushing", "Address": "35-22 Prince St, Flushing, NY 11354, United States", "Keyword": "華人寺庙", "Neighborhood": "Elmhurst, NY", "Level": 2.0 }, "geometry": { "type": "Point", "coordinates": [ -73.8335075, 40.7634075 ] } },
{ "type": "Feature", "properties": { "Business_Name": "New York Hua Lian Tsu Hui", "Address": "2202 121st St, College Point, NY 11356, United States", "Keyword": "華人寺庙", "Neighborhood": "Elmhurst, NY", "Level": 2.0 }, "geometry": { "type": "Point", "coordinates": [ -73.8472208, 40.780028 ] } },
{ "type": "Feature", "properties": { "Business_Name": "True Buddha Diamond Temple of NY Inc., 真佛宗美國紐約金剛雷藏寺", "Address": "3332 148th St, Flushing, NY 11354, United States", "Keyword": "華人寺庙", "Neighborhood": "Elmhurst, NY", "Level": 2.0 }, "geometry": { "type": "Point", "coordinates": [ -73.8183361, 40.7680083 ] } },
{ "type": "Feature", "properties": { "Business_Name": "(ChongXin ShuYuan) Temple", "Address": "4141 74th Street, Elmhurst, NY 11373, United States", "Keyword": "華人寺庙", "Neighborhood": "Elmhurst, NY", "Level": 2.0 }, "geometry": { "type": "Point", "coordinates": [ -73.8907326, 40.7439586 ] } },
{ "type": "Feature", "properties": { "Business_Name": "Chan Meditation Center (法鼓山東初禪寺)", "Address": "91-26 Corona Ave., Elmhurst, NY 11373, United States", "Keyword": "佛堂", "Neighborhood": "Elmhurst, NY", "Level": 2.0 }, "geometry": { "type": "Point", "coordinates": [ -73.8726379, 40.7423522 ] } },
{ "type": "Feature", "properties": { "Business_Name": "Chan Meditation Center", "Address": "91-26 Corona Ave., Elmhurst, NY 11373, United States", "Keyword": "佛堂", "Neighborhood": "Elmhurst, NY", "Level": 2.0 }, "geometry": { "type": "Point", "coordinates": [ -73.8726255, 40.7423503 ] } },
{ "type": "Feature", "properties": { "Business_Name": "Dharma Treasure Monastery 法藏寺", "Address": "88-17 Justice Ave, Elmhurst, NY 11373, United States", "Keyword": "佛堂", "Neighborhood": "Elmhurst, NY", "Level": 2.0 }, "geometry": { "type": "Point", "coordinates": [ -73.87453, 40.736755 ] } },
{ "type": "Feature", "properties": { "Business_Name": "Chan Meditation Center (法鼓山東初禪寺)", "Address": "91-26 Corona Ave., Elmhurst, NY 11373, United States", "Keyword": "佛教中心", "Neighborhood": "Elmhurst, NY", "Level": 2.0 }, "geometry": { "type": "Point", "coordinates": [ -73.8726379, 40.7423522 ] } },
{ "type": "Feature", "properties": { "Business_Name": "Chan Meditation Center", "Address": "91-26 Corona Ave., Elmhurst, NY 11373, United States", "Keyword": "佛教中心", "Neighborhood": "Elmhurst, NY", "Level": 2.0 }, "geometry": { "type": "Point", "coordinates": [ -73.8726255, 40.7423503 ] } },
{ "type": "Feature", "properties": { "Business_Name": "Wat Buddha Thai Thavorn Vanaram", "Address": "76-16 46th Ave, Elmhurst, NY 11373, United States", "Keyword": "佛教中心", "Neighborhood": "Elmhurst, NY", "Level": 2.0 }, "geometry": { "type": "Point", "coordinates": [ -73.8876522, 40.7401592 ] } },
{ "type": "Feature", "properties": { "Business_Name": "Lin Yan Shan Buddhist Temple", "Address": "8514 Grand Ave, Elmhurst, NY 11373, United States", "Keyword": "佛教中心", "Neighborhood": "Elmhurst, NY", "Level": 2.0 }, "geometry": { "type": "Point", "coordinates": [ -73.8815719, 40.7350881 ] } },
{ "type": "Feature", "properties": { "Business_Name": "Buddha Dharma Listening Center Of New York 紐約佛教聞法中心", "Address": "45-04 162nd St #201, Flushing, NY 11358, United States", "Keyword": "佛教中心", "Neighborhood": "Elmhurst, NY", "Level": 2.0 }, "geometry": { "type": "Point", "coordinates": [ -73.8047641, 40.75615 ] } },
{ "type": "Feature", "properties": { "Business_Name": "Nyingma Palyul Dharma Center", "Address": "23-11 98th St, East Elmhurst, NY 11369, United States", "Keyword": "佛教中心", "Neighborhood": "Elmhurst, NY", "Level": 2.0 }, "geometry": { "type": "Point", "coordinates": [ -73.8722661, 40.7681408 ] } },
{ "type": "Feature", "properties": { "Business_Name": "Vihara Parivara Dhamma Acala - Indonesian Buddhist Temple", "Address": "86-40 56th Ave, Elmhurst, NY 11373, United States", "Keyword": "佛教中心", "Neighborhood": "Elmhurst, NY", "Level": 2.0 }, "geometry": { "type": "Point", "coordinates": [ -73.8758957, 40.7336058 ] } },
{ "type": "Feature", "properties": { "Business_Name": "Guanyinsi - World Buddhist Center", "Address": "158 Henry St, New York, NY 10002, United States", "Keyword": "佛教中心", "Neighborhood": "Elmhurst, NY", "Level": 2.0 }, "geometry": { "type": "Point", "coordinates": [ -73.9894366, 40.7132794 ] } },
{ "type": "Feature", "properties": { "Business_Name": "Fo Guang Shan New York Temple", "Address": "154-37 Barclay Ave, Flushing, NY 11355, United States", "Keyword": "佛教中心", "Neighborhood": "Elmhurst, NY", "Level": 2.0 }, "geometry": { "type": "Point", "coordinates": [ -73.8095143, 40.7622107 ] } },
{ "type": "Feature", "properties": { "Business_Name": "World Buddhist Ch'an Jing Center", "Address": "43-35 Main St, Flushing, NY 11355, United States", "Keyword": "佛教中心", "Neighborhood": "Elmhurst, NY", "Level": 2.0 }, "geometry": { "type": "Point", "coordinates": [ -73.826016600000017, 40.7516925 ] } },
{ "type": "Feature", "properties": { "Business_Name": "Sera Jey Buddhist Culture Center", "Address": "41-30 57th St, Woodside, NY 11377, United States", "Keyword": "佛教中心", "Neighborhood": "Elmhurst, NY", "Level": 2.0 }, "geometry": { "type": "Point", "coordinates": [ -73.90797, 40.7444019 ] } },
{ "type": "Feature", "properties": { "Business_Name": "Burmese Monastery (သုံးပါးကျောင်း)", "Address": "42-15 74th Street, Flushing, NY 11373, United States", "Keyword": "佛教中心", "Neighborhood": "Elmhurst, NY", "Level": 2.0 }, "geometry": { "type": "Point", "coordinates": [ -73.8906267, 40.7426537 ] } },
{ "type": "Feature", "properties": { "Business_Name": "New York Dhammaram Temple", "Address": "33-37 97th St, Corona, NY 11368, United States", "Keyword": "佛教中心", "Neighborhood": "Elmhurst, NY", "Level": 2.0 }, "geometry": { "type": "Point", "coordinates": [ -73.8709496, 40.7559096 ] } },
{ "type": "Feature", "properties": { "Business_Name": "Dharma Treasure Monastery 法藏寺", "Address": "88-17 Justice Ave, Elmhurst, NY 11373, United States", "Keyword": "佛教中心", "Neighborhood": "Elmhurst, NY", "Level": 2.0 }, "geometry": { "type": "Point", "coordinates": [ -73.87453, 40.736755 ] } },
{ "type": "Feature", "properties": { "Business_Name": "China Buddhist Associates", "Address": "13612 39th Ave, Flushing, NY 11354, United States", "Keyword": "佛教中心", "Neighborhood": "Elmhurst, NY", "Level": 2.0 }, "geometry": { "type": "Point", "coordinates": [ -73.8297468, 40.7602157 ] } },
{ "type": "Feature", "properties": { "Business_Name": "True Buddha Diamond Temple of NY Inc., 真佛宗美國紐約金剛雷藏寺", "Address": "3332 148th St, Flushing, NY 11354, United States", "Keyword": "佛教中心", "Neighborhood": "Elmhurst, NY", "Level": 2.0 }, "geometry": { "type": "Point", "coordinates": [ -73.8183361, 40.7680083 ] } },
{ "type": "Feature", "properties": { "Business_Name": "Won Buddhism of America (Won Buddhism of New York)", "Address": "14342 Cherry Ave, Flushing, NY 11355, United States", "Keyword": "佛教中心", "Neighborhood": "Elmhurst, NY", "Level": 2.0 }, "geometry": { "type": "Point", "coordinates": [ -73.818881, 40.7561949 ] } },
{ "type": "Feature", "properties": { "Business_Name": "Queens Brahma Kumaris Meditation Center", "Address": "41-30 Forley St, Elmhurst, NY 11373, United States", "Keyword": "佛教中心", "Neighborhood": "Elmhurst, NY", "Level": 2.0 }, "geometry": { "type": "Point", "coordinates": [ -73.8784659, 40.7464738 ] } },
{ "type": "Feature", "properties": { "Business_Name": "New York Buddhist Vihara", "Address": "21422 Spencer Ave, Queens Village, NY 11427, United States", "Keyword": "佛教中心", "Neighborhood": "Elmhurst, NY", "Level": 2.0 }, "geometry": { "type": "Point", "coordinates": [ -73.7509644, 40.7278673 ] } },
{ "type": "Feature", "properties": { "Business_Name": "Zen Center of New York City - Fire Lotus Temple", "Address": "500 State St, Brooklyn, NY 11217, United States", "Keyword": "佛教中心", "Neighborhood": "Elmhurst, NY", "Level": 2.0 }, "geometry": { "type": "Point", "coordinates": [ -73.9807462, 40.6860047 ] } },
{ "type": "Feature", "properties": { "Business_Name": "Chinese Christian Church of Queens New York", "Address": "63-16 39th Ave, Woodside, NY 11377, United States", "Keyword": "华人教会", "Neighborhood": "Elmhurst, NY", "Level": 2.0 }, "geometry": { "type": "Point", "coordinates": [ -73.9001522, 40.7464201 ] } },
{ "type": "Feature", "properties": { "Business_Name": "纽约艺人基督教生命堂（华人教会）Performing Artists Gospel Fellowship of New York", "Address": "138-10 35th Ave, Flushing, NY 11354, United States", "Keyword": "华人教会", "Neighborhood": "Elmhurst, NY", "Level": 2.0 }, "geometry": { "type": "Point", "coordinates": [ -73.8286525, 40.7650565 ] } },
{ "type": "Feature", "properties": { "Business_Name": "Grace Chinese Lutheran Church", "Address": "4333 91st Pl, Flushing, NY 11373, United States", "Keyword": "华人教会", "Neighborhood": "Elmhurst, NY", "Level": 2.0 }, "geometry": { "type": "Point", "coordinates": [ -73.8736128, 40.7428374 ] } },
{ "type": "Feature", "properties": { "Business_Name": "New York Chinese Seventh-day Adventist Church", "Address": "7606 41st Ave, Elmhurst, NY 11373, United States", "Keyword": "华人教会", "Neighborhood": "Elmhurst, NY", "Level": 2.0 }, "geometry": { "type": "Point", "coordinates": [ -73.8887981, 40.7452942 ] } },
{ "type": "Feature", "properties": { "Business_Name": "好消息法拉盛华人教会", "Address": "35-15 Linden Pl, Flushing, NY 11354, United States", "Keyword": "华人教会", "Neighborhood": "Elmhurst, NY", "Level": 2.0 }, "geometry": { "type": "Point", "coordinates": [ -73.830238, 40.7643 ] } },
{ "type": "Feature", "properties": { "Business_Name": "Christian Testimony Church", "Address": "87-11 Whitney Ave, Flushing, NY 11373, United States", "Keyword": "华人教会", "Neighborhood": "Elmhurst, NY", "Level": 2.0 }, "geometry": { "type": "Point", "coordinates": [ -73.878068, 40.742773799999988 ] } },
{ "type": "Feature", "properties": { "Business_Name": "纽约在基督里聚会", "Address": "134-28 Northern Blvd, Flushing, NY 11354, United States", "Keyword": "华人教会", "Neighborhood": "Elmhurst, NY", "Level": 2.0 }, "geometry": { "type": "Point", "coordinates": [ -73.8336613, 40.7625013 ] } },
{ "type": "Feature", "properties": { "Business_Name": "布碌崙基督教會Brooklyn Christian Church 華語 中文 禮拜", "Address": "1413 Avenue T, E 15th St at, Brooklyn, NY 11229, United States", "Keyword": "华人教会", "Neighborhood": "Elmhurst, NY", "Level": 2.0 }, "geometry": { "type": "Point", "coordinates": [ -73.957221, 40.6014439 ] } },
{ "type": "Feature", "properties": { "Business_Name": "生命之泉基督教会 Spring of Life Christian Church", "Address": "136-46 41st Ave, Flushing, NY 11355, United States", "Keyword": "华人教会", "Neighborhood": "Elmhurst, NY", "Level": 2.0 }, "geometry": { "type": "Point", "coordinates": [ -73.8277085, 40.7587546 ] } },
{ "type": "Feature", "properties": { "Business_Name": "Chinese For Christ NY Church", "Address": "14221 Franklin Ave, Flushing, NY 11355, United States", "Keyword": "华人教会", "Neighborhood": "Elmhurst, NY", "Level": 2.0 }, "geometry": { "type": "Point", "coordinates": [ -73.823070200000018, 40.7570066 ] } },
{ "type": "Feature", "properties": { "Business_Name": "纽约市八会所", "Address": "86-18 60th Rd, Elmhurst, NY 11373, United States", "Keyword": "华人教会", "Neighborhood": "Elmhurst, NY", "Level": 2.0 }, "geometry": { "type": "Point", "coordinates": [ -73.8722976, 40.7304446 ] } },
{ "type": "Feature", "properties": { "Business_Name": "华信教会 Chinese Faith Church", "Address": "133-32 41st Rd, Flushing, NY 11355, United States", "Keyword": "华人教会", "Neighborhood": "Elmhurst, NY", "Level": 2.0 }, "geometry": { "type": "Point", "coordinates": [ -73.8300743, 40.7568378 ] } },
{ "type": "Feature", "properties": { "Business_Name": "可乐娜信心圣经教会", "Address": "99-14 43rd Ave, Flushing, NY 11368, United States", "Keyword": "华人教会", "Neighborhood": "Elmhurst, NY", "Level": 2.0 }, "geometry": { "type": "Point", "coordinates": [ -73.8642888, 40.7466443 ] } },
{ "type": "Feature", "properties": { "Business_Name": "NY Chinese Alliance Church", "Address": "160 Eldridge St, New York, NY 10002, United States", "Keyword": "华人教会", "Neighborhood": "Elmhurst, NY", "Level": 2.0 }, "geometry": { "type": "Point", "coordinates": [ -73.9909862, 40.7198402 ] } },
{ "type": "Feature", "properties": { "Business_Name": "Elmhurst Christian Gospel Church", "Address": "90-41 Corona Ave., Elmhurst, NY 11373, United States", "Keyword": "华人教会", "Neighborhood": "Elmhurst, NY", "Level": 2.0 }, "geometry": { "type": "Point", "coordinates": [ -73.8742875, 40.7422036 ] } },
{ "type": "Feature", "properties": { "Business_Name": "Chinese Christian Fellowship", "Address": "91 Claremont Ave, New York, NY 10027, United States", "Keyword": "华人教会", "Neighborhood": "Elmhurst, NY", "Level": 2.0 }, "geometry": { "type": "Point", "coordinates": [ -73.9630756, 40.8119008 ] } },
{ "type": "Feature", "properties": { "Business_Name": "Flushing Chinese United Methodist Church", "Address": "220-20 94th Dr, Queens Village, NY 11428, United States", "Keyword": "华人教会", "Neighborhood": "Elmhurst, NY", "Level": 2.0 }, "geometry": { "type": "Point", "coordinates": [ -73.7340642, 40.7199003 ] } },
{ "type": "Feature", "properties": { "Business_Name": "Boon Church of Oversea Chinese Mission", "Address": "43-72 Bowne St, Flushing, NY 11355, United States", "Keyword": "华人教会", "Neighborhood": "Elmhurst, NY", "Level": 2.0 }, "geometry": { "type": "Point", "coordinates": [ -73.8186615, 40.7539067 ] } },
{ "type": "Feature", "properties": { "Business_Name": "Queens Christian Alliance Church", "Address": "135-20 35th Ave, Flushing, NY 11354, United States", "Keyword": "华人教会", "Neighborhood": "Elmhurst, NY", "Level": 2.0 }, "geometry": { "type": "Point", "coordinates": [ -73.8308342, 40.7643721 ] } },
{ "type": "Feature", "properties": { "Business_Name": "Staten Island Chinese Christian Church", "Address": "159 Schmidts Ln, Staten Island, NY 10314, United States", "Keyword": "华人教会", "Neighborhood": "Elmhurst, NY", "Level": 2.0 }, "geometry": { "type": "Point", "coordinates": [ -74.1181156, 40.6093803 ] } },
{ "type": "Feature", "properties": { "Business_Name": "Christian Testimony Church", "Address": "87-11 Whitney Ave, Flushing, NY 11373, United States", "Keyword": "基督教堂", "Neighborhood": "Elmhurst, NY", "Level": 2.0 }, "geometry": { "type": "Point", "coordinates": [ -73.878068, 40.742773799999988 ] } },
{ "type": "Feature", "properties": { "Business_Name": "The Rock Church", "Address": "57-02 Hoffman Dr, Elmhurst, NY 11373, United States", "Keyword": "基督教堂", "Neighborhood": "Elmhurst, NY", "Level": 2.0 }, "geometry": { "type": "Point", "coordinates": [ -73.874204, 40.7337703 ] } },
{ "type": "Feature", "properties": { "Business_Name": "Elmhurst Christian Gospel Church", "Address": "90-41 Corona Ave., Elmhurst, NY 11373, United States", "Keyword": "基督教堂", "Neighborhood": "Elmhurst, NY", "Level": 2.0 }, "geometry": { "type": "Point", "coordinates": [ -73.8742875, 40.7422036 ] } },
{ "type": "Feature", "properties": { "Business_Name": "The Elm Church", "Address": "8828 Corona Ave., Elmhurst, NY 11373, United States", "Keyword": "基督教堂", "Neighborhood": "Elmhurst, NY", "Level": 2.0 }, "geometry": { "type": "Point", "coordinates": [ -73.8753524, 40.7410169 ] } },
{ "type": "Feature", "properties": { "Business_Name": "Life In Christ Mennonite Church", "Address": "9328 Corona Ave., Elmhurst, NY 11373, United States", "Keyword": "基督教堂", "Neighborhood": "Elmhurst, NY", "Level": 2.0 }, "geometry": { "type": "Point", "coordinates": [ -73.870230300000017, 40.742136 ] } },
{ "type": "Feature", "properties": { "Business_Name": "St. Bartholomew Roman Catholic Church", "Address": "43-22 Ithaca St, Elmhurst, NY 11373, United States", "Keyword": "基督教堂", "Neighborhood": "Elmhurst, NY", "Level": 2.0 }, "geometry": { "type": "Point", "coordinates": [ -73.8769438, 40.7433036 ] } },
{ "type": "Feature", "properties": { "Business_Name": "New Life Fellowship Church", "Address": "8210 Queens Blvd, Elmhurst, NY 11373, United States", "Keyword": "基督教堂", "Neighborhood": "Elmhurst, NY", "Level": 2.0 }, "geometry": { "type": "Point", "coordinates": [ -73.8811243, 40.7370406 ] } },
{ "type": "Feature", "properties": { "Business_Name": "Waypoint Church (Elmhurst, Queens)", "Address": "86-55 Broadway C4-C5, Elmhurst, NY 11373, United States", "Keyword": "基督教堂", "Neighborhood": "Elmhurst, NY", "Level": 2.0 }, "geometry": { "type": "Point", "coordinates": [ -73.8771249, 40.7373229 ] } },
{ "type": "Feature", "properties": { "Business_Name": "New York Church of Christ", "Address": "3706 111th St, Corona, NY 11368, United States", "Keyword": "基督教堂", "Neighborhood": "Elmhurst, NY", "Level": 2.0 }, "geometry": { "type": "Point", "coordinates": [ -73.8570524, 40.7536523 ] } },
{ "type": "Feature", "properties": { "Business_Name": "The Church of Jesus Christ of Latter-day Saints", "Address": "40-24 62nd St, Woodside, NY 11377, United States", "Keyword": "基督教堂", "Neighborhood": "Elmhurst, NY", "Level": 2.0 }, "geometry": { "type": "Point", "coordinates": [ -73.902749, 40.743821 ] } },
{ "type": "Feature", "properties": { "Business_Name": "Elmhurst Baptist Church", "Address": "87-37 Whitney Ave, Elmhurst, NY 11373, United States", "Keyword": "基督教堂", "Neighborhood": "Elmhurst, NY", "Level": 2.0 }, "geometry": { "type": "Point", "coordinates": [ -73.8776696, 40.7433443 ] } },
{ "type": "Feature", "properties": { "Business_Name": "Chinese Christian Church of Queens New York", "Address": "63-16 39th Ave, Woodside, NY 11377, United States", "Keyword": "基督教堂", "Neighborhood": "Elmhurst, NY", "Level": 2.0 }, "geometry": { "type": "Point", "coordinates": [ -73.9001522, 40.7464201 ] } },
{ "type": "Feature", "properties": { "Business_Name": "St. Bartholomew Chapel", "Address": "43-28 Ithaca St, Flushing, NY 11373, United States", "Keyword": "基督教堂", "Neighborhood": "Elmhurst, NY", "Level": 2.0 }, "geometry": { "type": "Point", "coordinates": [ -73.8762807, 40.7431548 ] } },
{ "type": "Feature", "properties": { "Business_Name": "Korean Evangelical Church-NY", "Address": "88-22 Corona Ave., Elmhurst, NY 11373, United States", "Keyword": "基督教堂", "Neighborhood": "Elmhurst, NY", "Level": 2.0 }, "geometry": { "type": "Point", "coordinates": [ -73.8755654, 40.7408541 ] } },
{ "type": "Feature", "properties": { "Business_Name": "BREAD OF LIFE CHRISTIAN CHURCH", "Address": "132-16 Maple Ave, Flushing, NY 11355, United States", "Keyword": "基督教堂", "Neighborhood": "Elmhurst, NY", "Level": 2.0 }, "geometry": { "type": "Point", "coordinates": [ -73.8323148, 40.7537707 ] } },
{ "type": "Feature", "properties": { "Business_Name": "New York Christian Assembly", "Address": "41-21 Elbertson St, Elmhurst, NY 11373, United States", "Keyword": "基督教堂", "Neighborhood": "Elmhurst, NY", "Level": 2.0 }, "geometry": { "type": "Point", "coordinates": [ -73.8763922, 40.7466587 ] } },
{ "type": "Feature", "properties": { "Business_Name": "纽约在基督里聚会", "Address": "134-28 Northern Blvd, Flushing, NY 11354, United States", "Keyword": "基督教堂", "Neighborhood": "Elmhurst, NY", "Level": 2.0 }, "geometry": { "type": "Point", "coordinates": [ -73.8336613, 40.7625013 ] } },
{ "type": "Feature", "properties": { "Business_Name": "Living Water Victory Church 活水得胜教会", "Address": "33-01 Union St, Flushing, NY 11354, United States", "Keyword": "基督教堂", "Neighborhood": "Elmhurst, NY", "Level": 2.0 }, "geometry": { "type": "Point", "coordinates": [ -73.8266434, 40.7678089 ] } },
{ "type": "Feature", "properties": { "Business_Name": "Evangelistic Church Of Christ of the Apostolic Faith, Inc.", "Address": "90-04 Astoria Blvd, East Elmhurst, NY 11369, United States", "Keyword": "基督教堂", "Neighborhood": "Elmhurst, NY", "Level": 2.0 }, "geometry": { "type": "Point", "coordinates": [ -73.8790036, 40.7633066 ] } },
{ "type": "Feature", "properties": { "Business_Name": "First Presbyterian Church of Elmhurst", "Address": "86-35 Queens Blvd, Elmhurst, NY 11373, United States", "Keyword": "基督教堂", "Neighborhood": "Elmhurst, NY", "Level": 2.0 }, "geometry": { "type": "Point", "coordinates": [ -73.8769365, 40.7357163 ] } },
{ "type": "Feature", "properties": { "Business_Name": "Queens Adult Care Center", "Address": "8008 45th Ave, Elmhurst, NY 11373, United States", "Keyword": "华人老人中心", "Neighborhood": "Elmhurst, NY", "Level": 2.0 }, "geometry": { "type": "Point", "coordinates": [ -73.8844138, 40.7413058 ] } },
{ "type": "Feature", "properties": { "Business_Name": "康居园老人服务中心", "Address": "136-22 35th Ave, Flushing, NY 11354, United States", "Keyword": "华人老人中心", "Neighborhood": "Elmhurst, NY", "Level": 2.0 }, "geometry": { "type": "Point", "coordinates": [ -73.8298321, 40.7647777 ] } },
{ "type": "Feature", "properties": { "Business_Name": "大帝国成人护理中心", "Address": "132-29 Blossom Ave, Flushing, NY 11355, United States", "Keyword": "华人老人中心", "Neighborhood": "Elmhurst, NY", "Level": 2.0 }, "geometry": { "type": "Point", "coordinates": [ -73.8311185, 40.7520278 ] } },
{ "type": "Feature", "properties": { "Business_Name": "Elmhurst-J.H. Senior Center", "Address": "7501 Broadway # 3, Elmhurst, NY 11373, United States", "Keyword": "华人老人中心", "Neighborhood": "Elmhurst, NY", "Level": 2.0 }, "geometry": { "type": "Point", "coordinates": [ -73.8900268, 40.74623 ] } },
{ "type": "Feature", "properties": { "Business_Name": "恩典之家护理公司 Health Care", "Address": "135-27 38th Ave #107, Flushing, NY 11354, United States", "Keyword": "华人老人中心", "Neighborhood": "Elmhurst, NY", "Level": 2.0 }, "geometry": { "type": "Point", "coordinates": [ -73.8318453, 40.7606608 ] } },
{ "type": "Feature", "properties": { "Business_Name": "Elmhurst Care Center", "Address": "100-17 23rd Ave, East Elmhurst, NY 11369, United States", "Keyword": "华人老人中心", "Neighborhood": "Elmhurst, NY", "Level": 2.0 }, "geometry": { "type": "Point", "coordinates": [ -73.8701003, 40.7689658 ] } },
{ "type": "Feature", "properties": { "Business_Name": "Elmcor Senior Center - Elmcor Youth & Adult Activities, Inc.", "Address": "98-19 Astoria Blvd, Flushing, NY 11369, United States", "Keyword": "华人老人中心", "Neighborhood": "Elmhurst, NY", "Level": 2.0 }, "geometry": { "type": "Point", "coordinates": [ -73.8706105, 40.7624527 ] } },
{ "type": "Feature", "properties": { "Business_Name": "South Asian Community Center", "Address": "37-07 74th Street 2nd Floor Suite #2, Jackson Heights, NY 11372, United States", "Keyword": "华人老人中心", "Neighborhood": "Elmhurst, NY", "Level": 2.0 }, "geometry": { "type": "Point", "coordinates": [ -73.891507, 40.748695 ] } },
{ "type": "Feature", "properties": { "Business_Name": "YLC", "Address": "78-14 Roosevelt Ave, Elmhurst, NY 11373, United States", "Keyword": "华人老人中心", "Neighborhood": "Elmhurst, NY", "Level": 2.0 }, "geometry": { "type": "Point", "coordinates": [ -73.8875259, 40.7467882 ] } },
{ "type": "Feature", "properties": { "Business_Name": "Chinese Community Center of Flushing", "Address": "4317 Union St level c, Flushing, NY 11355, United States", "Keyword": "华人老人中心", "Neighborhood": "Elmhurst, NY", "Level": 2.0 }, "geometry": { "type": "Point", "coordinates": [ -73.8211513, 40.754302 ] } },
{ "type": "Feature", "properties": { "Business_Name": "金鹰日间护理中心", "Address": "36-36 Prince St, Flushing, NY 11354, United States", "Keyword": "华人老人中心", "Neighborhood": "Elmhurst, NY", "Level": 2.0 }, "geometry": { "type": "Point", "coordinates": [ -73.8354501, 40.7621374 ] } },
{ "type": "Feature", "properties": { "Business_Name": "Newtown Italian Senior Center", "Address": "83-20 Queens Blvd, Elmhurst, NY 11373, United States", "Keyword": "华人老人中心", "Neighborhood": "Elmhurst, NY", "Level": 2.0 }, "geometry": { "type": "Point", "coordinates": [ -73.8797999, 40.736811 ] } },
{ "type": "Feature", "properties": { "Business_Name": "Castle Senior Living", "Address": "108-25 Horace Harding Expy, Corona, NY 11368, United States", "Keyword": "华人老人中心", "Neighborhood": "Elmhurst, NY", "Level": 2.0 }, "geometry": { "type": "Point", "coordinates": [ -73.8514366, 40.7384956 ] } },
{ "type": "Feature", "properties": { "Business_Name": "天天日間護理中心", "Address": "142-30 38th Ave 2nd fl, Flushing, NY 11354, United States", "Keyword": "华人老人中心", "Neighborhood": "Elmhurst, NY", "Level": 2.0 }, "geometry": { "type": "Point", "coordinates": [ -73.825847, 40.7617579 ] } },
{ "type": "Feature", "properties": { "Business_Name": "Elm York Assisted Living", "Address": "100-30 Ditmars Blvd, East Elmhurst, NY 11369, United States", "Keyword": "华人老人中心", "Neighborhood": "Elmhurst, NY", "Level": 2.0 }, "geometry": { "type": "Point", "coordinates": [ -73.870017, 40.7696256 ] } },
{ "type": "Feature", "properties": { "Business_Name": "Flushing House", "Address": "3820 Bowne St, Flushing, NY 11354, United States", "Keyword": "华人老人中心", "Neighborhood": "Elmhurst, NY", "Level": 2.0 }, "geometry": { "type": "Point", "coordinates": [ -73.8250659, 40.7619009 ] } },
{ "type": "Feature", "properties": { "Business_Name": "New York Golden Eagle Senior Corp.", "Address": "3636 Prince St 2nd floor, Flushing, NY 11354, United States", "Keyword": "华人老人中心", "Neighborhood": "Elmhurst, NY", "Level": 2.0 }, "geometry": { "type": "Point", "coordinates": [ -73.8331287, 40.7609139 ] } },
{ "type": "Feature", "properties": { "Business_Name": "Elmhurst Adult Day Care Center", "Address": "8219 Queens Blvd, Elmhurst, NY 11373, United States", "Keyword": "华人老人中心", "Neighborhood": "Elmhurst, NY", "Level": 2.0 }, "geometry": { "type": "Point", "coordinates": [ -73.8806411, 40.7377276 ] } },
{ "type": "Feature", "properties": { "Business_Name": "Queens Adult Care Center", "Address": "8008 45th Ave, Elmhurst, NY 11373, United States", "Keyword": "老人日托", "Neighborhood": "Elmhurst, NY", "Level": 2.0 }, "geometry": { "type": "Point", "coordinates": [ -73.8844138, 40.7413058 ] } },
{ "type": "Feature", "properties": { "Business_Name": "YLC", "Address": "78-14 Roosevelt Ave, Elmhurst, NY 11373, United States", "Keyword": "老人日托", "Neighborhood": "Elmhurst, NY", "Level": 2.0 }, "geometry": { "type": "Point", "coordinates": [ -73.8875259, 40.7467882 ] } },
{ "type": "Feature", "properties": { "Business_Name": "Elmhurst-J.H. Senior Center", "Address": "7501 Broadway # 3, Elmhurst, NY 11373, United States", "Keyword": "老人日托", "Neighborhood": "Elmhurst, NY", "Level": 2.0 }, "geometry": { "type": "Point", "coordinates": [ -73.8900268, 40.74623 ] } },
{ "type": "Feature", "properties": { "Business_Name": "Elmhurst Care Center", "Address": "100-17 23rd Ave, East Elmhurst, NY 11369, United States", "Keyword": "老人日托", "Neighborhood": "Elmhurst, NY", "Level": 2.0 }, "geometry": { "type": "Point", "coordinates": [ -73.8701003, 40.7689658 ] } },
{ "type": "Feature", "properties": { "Business_Name": "Elmhurst Adult Day Care Center", "Address": "8219 Queens Blvd, Elmhurst, NY 11373, United States", "Keyword": "老人日托", "Neighborhood": "Elmhurst, NY", "Level": 2.0 }, "geometry": { "type": "Point", "coordinates": [ -73.8806411, 40.7377276 ] } },
{ "type": "Feature", "properties": { "Business_Name": "Joy Senior Social Day Center", "Address": "82-20 Britton Ave, Elmhurst, NY 11373, United States", "Keyword": "老人日托", "Neighborhood": "Elmhurst, NY", "Level": 2.0 }, "geometry": { "type": "Point", "coordinates": [ -73.881974, 40.743156 ] } },
{ "type": "Feature", "properties": { "Business_Name": "Newtown Italian Senior Center", "Address": "83-20 Queens Blvd, Elmhurst, NY 11373, United States", "Keyword": "老人日托", "Neighborhood": "Elmhurst, NY", "Level": 2.0 }, "geometry": { "type": "Point", "coordinates": [ -73.8797999, 40.736811 ] } },
{ "type": "Feature", "properties": { "Business_Name": "NYC Health + Hospitals/Elmhurst", "Address": "79-01 Broadway, Elmhurst, NY 11373, United States", "Keyword": "老人日托", "Neighborhood": "Elmhurst, NY", "Level": 2.0 }, "geometry": { "type": "Point", "coordinates": [ -73.8857797, 40.7450814 ] } },
{ "type": "Feature", "properties": { "Business_Name": "Little jungle Daycare", "Address": "32-41 104th St, East Elmhurst, NY 11369, United States", "Keyword": "老人日托", "Neighborhood": "Elmhurst, NY", "Level": 2.0 }, "geometry": { "type": "Point", "coordinates": [ -73.8643906, 40.7583831 ] } },
{ "type": "Feature", "properties": { "Business_Name": "Unicare Adult Daycare Inc.", "Address": "173-15 Horace Harding Expy, Fresh Meadows, NY 11365, United States", "Keyword": "老人日托", "Neighborhood": "Elmhurst, NY", "Level": 2.0 }, "geometry": { "type": "Point", "coordinates": [ -73.795936, 40.7389642 ] } },
{ "type": "Feature", "properties": { "Business_Name": "Italian Charities of America, Inc.", "Address": "83-20 Queens Blvd, Elmhurst, NY 11373, United States", "Keyword": "老人日托", "Neighborhood": "Elmhurst, NY", "Level": 2.0 }, "geometry": { "type": "Point", "coordinates": [ -73.8797042, 40.7369054 ] } },
{ "type": "Feature", "properties": { "Business_Name": "Chinese Community Center of Flushing", "Address": "4317 Union St level c, Flushing, NY 11355, United States", "Keyword": "华人社区中心", "Neighborhood": "Elmhurst, NY", "Level": 2.0 }, "geometry": { "type": "Point", "coordinates": [ -73.8211513, 40.754302 ] } },
{ "type": "Feature", "properties": { "Business_Name": "New York Chinese Community Center", "Address": "62 Mott St, New York, NY 10013, United States", "Keyword": "华人社区中心", "Neighborhood": "Elmhurst, NY", "Level": 2.0 }, "geometry": { "type": "Point", "coordinates": [ -73.9981392, 40.7160503 ] } },
{ "type": "Feature", "properties": { "Business_Name": "Culture Center of Taipei Economic and Cultural Office in New York", "Address": "133-32 41st Rd, Flushing, NY 11355, United States", "Keyword": "华侨会馆", "Neighborhood": "Elmhurst, NY", "Level": 2.0 }, "geometry": { "type": "Point", "coordinates": [ -73.8301974, 40.7568677 ] } },
{ "type": "Feature", "properties": { "Business_Name": "Hua Rong", "Address": "8323 Broadway #1, Flushing, NY 11373, United States", "Keyword": "华侨会馆", "Neighborhood": "Elmhurst, NY", "Level": 2.0 }, "geometry": { "type": "Point", "coordinates": [ -73.879192, 40.740866 ] } },
{ "type": "Feature", "properties": { "Business_Name": "New York Chinese Community Center", "Address": "62 Mott St, New York, NY 10013, United States", "Keyword": "华侨会馆", "Neighborhood": "Elmhurst, NY", "Level": 2.0 }, "geometry": { "type": "Point", "coordinates": [ -73.9981392, 40.7160503 ] } },
{ "type": "Feature", "properties": { "Business_Name": "Q Town Asian Cuisine Inc.", "Address": "82-87, 82-87 Broadway, Elmhurst, NY 11373, United States", "Keyword": "华侨会馆", "Neighborhood": "Elmhurst, NY", "Level": 2.0 }, "geometry": { "type": "Point", "coordinates": [ -73.8802519, 40.7414539 ] } },
{ "type": "Feature", "properties": { "Business_Name": "spa", "Address": "85-04 Queens Blvd 2 Floor, Elmhurst, NY 11373, United States", "Keyword": "华侨会馆", "Neighborhood": "Elmhurst, NY", "Level": 2.0 }, "geometry": { "type": "Point", "coordinates": [ -73.8782422, 40.736620599999988 ] } },
{ "type": "Feature", "properties": { "Business_Name": "Lao Fu Zhou", "Address": "83-11 Broadway, Flushing, NY 11373, United States", "Keyword": "华侨会馆", "Neighborhood": "Elmhurst, NY", "Level": 2.0 }, "geometry": { "type": "Point", "coordinates": [ -73.8795356, 40.7409926 ] } },
{ "type": "Feature", "properties": { "Business_Name": "Taiwanese Gourmet", "Address": "8402 Broadway, Elmhurst, NY 11373, United States", "Keyword": "华侨会馆", "Neighborhood": "Elmhurst, NY", "Level": 2.0 }, "geometry": { "type": "Point", "coordinates": [ -73.8787719, 40.7398374 ] } },
{ "type": "Feature", "properties": { "Business_Name": "Hainan Association", "Address": "86 Schermerhorn St, Brooklyn, NY 11201, United States", "Keyword": "同乡会", "Neighborhood": "Elmhurst, NY", "Level": 2.0 }, "geometry": { "type": "Point", "coordinates": [ -73.9904792, 40.6905211 ] } },
{ "type": "Feature", "properties": { "Business_Name": "Culture Center of Taipei Economic and Cultural Office in New York", "Address": "133-32 41st Rd, Flushing, NY 11355, United States", "Keyword": "侨团", "Neighborhood": "Elmhurst, NY", "Level": 2.0 }, "geometry": { "type": "Point", "coordinates": [ -73.8301974, 40.7568677 ] } },
{ "type": "Feature", "properties": { "Business_Name": "Yili Huang, DO 黃儀立心臟血管專科 Cardiovascular", "Address": "8118 Broadway, Elmhurst, NY 11373, United States", "Keyword": "侨团", "Neighborhood": "Elmhurst, NY", "Level": 2.0 }, "geometry": { "type": "Point", "coordinates": [ -73.8834117, 40.7430346 ] } },
{ "type": "Feature", "properties": { "Business_Name": "Jing Xu MD, PLLC 許晶醫生診所", "Address": "8708 Justice Ave #1E, Elmhurst, NY 11373, United States", "Keyword": "侨团", "Neighborhood": "Elmhurst, NY", "Level": 2.0 }, "geometry": { "type": "Point", "coordinates": [ -73.876317200000017, 40.737237 ] } },
{ "type": "Feature", "properties": { "Business_Name": "Huaqiao Yihu Institute", "Address": "37-20 Prince St #4C, Flushing, NY 11354, United States", "Keyword": "侨团", "Neighborhood": "Elmhurst, NY", "Level": 2.0 }, "geometry": { "type": "Point", "coordinates": [ -73.8330397, 40.7602126 ] } },
{ "type": "Feature", "properties": { "Business_Name": "Luo Chih Yun", "Address": "7901 Broadway, Elmhurst, NY 11373, United States", "Keyword": "侨团", "Neighborhood": "Elmhurst, NY", "Level": 2.0 }, "geometry": { "type": "Point", "coordinates": [ -73.8857803, 40.7450725 ] } },
{ "type": "Feature", "properties": { "Business_Name": "New York Chinese Community Center", "Address": "62 Mott St, New York, NY 10013, United States", "Keyword": "公所", "Neighborhood": "Elmhurst, NY", "Level": 2.0 }, "geometry": { "type": "Point", "coordinates": [ -73.9981392, 40.7160503 ] } },
{ "type": "Feature", "properties": { "Business_Name": "NYC Health + Hospitals/Elmhurst", "Address": "79-01 Broadway, Elmhurst, NY 11373, United States", "Keyword": "公所", "Neighborhood": "Elmhurst, NY", "Level": 2.0 }, "geometry": { "type": "Point", "coordinates": [ -73.8857797, 40.7450814 ] } },
{ "type": "Feature", "properties": { "Business_Name": "Fei Long Market", "Address": "6301 8th Ave, Brooklyn, NY 11220, United States", "Keyword": "Chinese supermarket", "Neighborhood": "Sunset Park, NY", "Level": 2.0 }, "geometry": { "type": "Point", "coordinates": [ -74.0108287, 40.6330248 ] } },
{ "type": "Feature", "properties": { "Business_Name": "HL Supermarket", "Address": "6722 Fort Hamilton Pkwy, Brooklyn, NY 11219, United States", "Keyword": "Chinese supermarket", "Neighborhood": "Sunset Park, NY", "Level": 2.0 }, "geometry": { "type": "Point", "coordinates": [ -74.0117346, 40.6295889 ] } },
{ "type": "Feature", "properties": { "Business_Name": "Fei Long Market", "Address": "4423 8th Ave, Brooklyn, NY 11220, United States", "Keyword": "Chinese supermarket", "Neighborhood": "Sunset Park, NY", "Level": 2.0 }, "geometry": { "type": "Point", "coordinates": [ -74.0005051, 40.6438626 ] } },
{ "type": "Feature", "properties": { "Business_Name": "Forum Supermarket", "Address": "6501 7th Ave, Brooklyn, NY 11220, United States", "Keyword": "Chinese supermarket", "Neighborhood": "Sunset Park, NY", "Level": 2.0 }, "geometry": { "type": "Point", "coordinates": [ -74.0147322, 40.633563900000013 ] } },
{ "type": "Feature", "properties": { "Business_Name": "Feng Tai Market", "Address": "4506 8th Ave, Brooklyn, NY 11220, United States", "Keyword": "Chinese supermarket", "Neighborhood": "Sunset Park, NY", "Level": 2.0 }, "geometry": { "type": "Point", "coordinates": [ -74.0011365, 40.6438 ] } },
{ "type": "Feature", "properties": { "Business_Name": "Old Town Asian Market Inc", "Address": "774 56th St, Brooklyn, NY 11220, United States", "Keyword": "Chinese supermarket", "Neighborhood": "Sunset Park, NY", "Level": 2.0 }, "geometry": { "type": "Point", "coordinates": [ -74.0077114, 40.637884199999988 ] } },
{ "type": "Feature", "properties": { "Business_Name": "New Fuxing Market", "Address": "4322 8th Ave, Brooklyn, NY 11220, United States", "Keyword": "Chinese supermarket", "Neighborhood": "Sunset Park, NY", "Level": 2.0 }, "geometry": { "type": "Point", "coordinates": [ -74.000268, 40.6446373 ] } },
{ "type": "Feature", "properties": { "Business_Name": "Fu Chun Supermarket", "Address": "5114 8th Ave, Brooklyn, NY 11220, United States", "Keyword": "Chinese supermarket", "Neighborhood": "Sunset Park, NY", "Level": 2.0 }, "geometry": { "type": "Point", "coordinates": [ -74.0047348, 40.6403381 ] } },
{ "type": "Feature", "properties": { "Business_Name": "Sunrise Mart", "Address": "934 3rd Ave, Brooklyn, NY 11232, United States", "Keyword": "Chinese supermarket", "Neighborhood": "Sunset Park, NY", "Level": 2.0 }, "geometry": { "type": "Point", "coordinates": [ -74.006267100000017, 40.6561708 ] } },
{ "type": "Feature", "properties": { "Business_Name": "LANG QI FOODS SUPERMARKET", "Address": "710 57th St, Brooklyn, NY 11220, United States", "Keyword": "Chinese supermarket", "Neighborhood": "Sunset Park, NY", "Level": 2.0 }, "geometry": { "type": "Point", "coordinates": [ -74.0097914, 40.6382617 ] } },
{ "type": "Feature", "properties": { "Business_Name": "Amiga De China Supermarket", "Address": "5707 4th Ave, Brooklyn, NY 11220, United States", "Keyword": "Chinese supermarket", "Neighborhood": "Sunset Park, NY", "Level": 2.0 }, "geometry": { "type": "Point", "coordinates": [ -74.0166861, 40.6422677 ] } },
{ "type": "Feature", "properties": { "Business_Name": "Hong Sheng", "Address": "5514 8th Ave, Brooklyn, NY 11220, United States", "Keyword": "Chinese supermarket", "Neighborhood": "Sunset Park, NY", "Level": 2.0 }, "geometry": { "type": "Point", "coordinates": [ -74.0070709, 40.6380937 ] } },
{ "type": "Feature", "properties": { "Business_Name": "Kang Yi Inc.", "Address": "4002 5th Ave, Brooklyn, NY 11232, United States", "Keyword": "Chinese supermarket", "Neighborhood": "Sunset Park, NY", "Level": 2.0 }, "geometry": { "type": "Point", "coordinates": [ -74.0047013, 40.6507179 ] } },
{ "type": "Feature", "properties": { "Business_Name": "Jmart", "Address": "8121 New Utrecht Ave, Brooklyn, NY 11214, United States", "Keyword": "Chinese supermarket", "Neighborhood": "Sunset Park, NY", "Level": 2.0 }, "geometry": { "type": "Point", "coordinates": [ -74.001436400000017, 40.6098931 ] } },
{ "type": "Feature", "properties": { "Business_Name": "The Bad Wife", "Address": "378 7th Ave #1, Brooklyn, NY 11215, United States", "Keyword": "Chinese supermarket", "Neighborhood": "Sunset Park, NY", "Level": 2.0 }, "geometry": { "type": "Point", "coordinates": [ -73.9829506, 40.6654822 ] } },
{ "type": "Feature", "properties": { "Business_Name": "New Asian Supermarket", "Address": "1322 Newkirk Ave, Brooklyn, NY 11230, United States", "Keyword": "Chinese supermarket", "Neighborhood": "Sunset Park, NY", "Level": 2.0 }, "geometry": { "type": "Point", "coordinates": [ -73.9644399, 40.6348539 ] } },
{ "type": "Feature", "properties": { "Business_Name": "Qin Qin Grocery", "Address": "4706 7th Ave, Brooklyn, NY 11220, United States", "Keyword": "Chinese supermarket", "Neighborhood": "Sunset Park, NY", "Level": 2.0 }, "geometry": { "type": "Point", "coordinates": [ -74.0044698, 40.6440401 ] } },
{ "type": "Feature", "properties": { "Business_Name": "Japan Village", "Address": "934 3rd Ave, Brooklyn, NY 11232, United States", "Keyword": "Chinese supermarket", "Neighborhood": "Sunset Park, NY", "Level": 2.0 }, "geometry": { "type": "Point", "coordinates": [ -74.0064373, 40.656103 ] } },
{ "type": "Feature", "properties": { "Business_Name": "Southeast Asia Food Group", "Address": "52 15th St, Brooklyn, NY 11215, United States", "Keyword": "Chinese supermarket", "Neighborhood": "Sunset Park, NY", "Level": 2.0 }, "geometry": { "type": "Point", "coordinates": [ -73.99509, 40.668109 ] } },
{ "type": "Feature", "properties": { "Business_Name": "Royal Supermarket", "Address": "1419 8th Ave, Brooklyn, NY 11215, United States", "Keyword": "Chinese supermarket", "Neighborhood": "Sunset Park, NY", "Level": 2.0 }, "geometry": { "type": "Point", "coordinates": [ -73.98189, 40.6622324 ] } },
{ "type": "Feature", "properties": { "Business_Name": "Fei Long Market", "Address": "6301 8th Ave, Brooklyn, NY 11220, United States", "Keyword": "Chinese grocery store", "Neighborhood": "Sunset Park, NY", "Level": 2.0 }, "geometry": { "type": "Point", "coordinates": [ -74.0108287, 40.6330248 ] } },
{ "type": "Feature", "properties": { "Business_Name": "HL Supermarket", "Address": "6722 Fort Hamilton Pkwy, Brooklyn, NY 11219, United States", "Keyword": "Chinese grocery store", "Neighborhood": "Sunset Park, NY", "Level": 2.0 }, "geometry": { "type": "Point", "coordinates": [ -74.0117346, 40.6295889 ] } },
{ "type": "Feature", "properties": { "Business_Name": "Fei Long Market", "Address": "4423 8th Ave, Brooklyn, NY 11220, United States", "Keyword": "Chinese grocery store", "Neighborhood": "Sunset Park, NY", "Level": 2.0 }, "geometry": { "type": "Point", "coordinates": [ -74.0005051, 40.6438626 ] } },
{ "type": "Feature", "properties": { "Business_Name": "Forum Supermarket", "Address": "6501 7th Ave, Brooklyn, NY 11220, United States", "Keyword": "Chinese grocery store", "Neighborhood": "Sunset Park, NY", "Level": 2.0 }, "geometry": { "type": "Point", "coordinates": [ -74.0147322, 40.633563900000013 ] } },
{ "type": "Feature", "properties": { "Business_Name": "Feng Tai Market", "Address": "4506 8th Ave, Brooklyn, NY 11220, United States", "Keyword": "Chinese grocery store", "Neighborhood": "Sunset Park, NY", "Level": 2.0 }, "geometry": { "type": "Point", "coordinates": [ -74.0011365, 40.6438 ] } },
{ "type": "Feature", "properties": { "Business_Name": "Old Town Asian Market Inc", "Address": "774 56th St, Brooklyn, NY 11220, United States", "Keyword": "Chinese grocery store", "Neighborhood": "Sunset Park, NY", "Level": 2.0 }, "geometry": { "type": "Point", "coordinates": [ -74.0077114, 40.637884199999988 ] } },
{ "type": "Feature", "properties": { "Business_Name": "Sunrise Mart", "Address": "934 3rd Ave, Brooklyn, NY 11232, United States", "Keyword": "Chinese grocery store", "Neighborhood": "Sunset Park, NY", "Level": 2.0 }, "geometry": { "type": "Point", "coordinates": [ -74.006267100000017, 40.6561708 ] } },
{ "type": "Feature", "properties": { "Business_Name": "Fu Chun Supermarket", "Address": "5114 8th Ave, Brooklyn, NY 11220, United States", "Keyword": "Chinese grocery store", "Neighborhood": "Sunset Park, NY", "Level": 2.0 }, "geometry": { "type": "Point", "coordinates": [ -74.0047348, 40.6403381 ] } },
{ "type": "Feature", "properties": { "Business_Name": "New Fuxing Market", "Address": "4322 8th Ave, Brooklyn, NY 11220, United States", "Keyword": "Chinese grocery store", "Neighborhood": "Sunset Park, NY", "Level": 2.0 }, "geometry": { "type": "Point", "coordinates": [ -74.000268, 40.6446373 ] } },
{ "type": "Feature", "properties": { "Business_Name": "LANG QI FOODS SUPERMARKET", "Address": "710 57th St, Brooklyn, NY 11220, United States", "Keyword": "Chinese grocery store", "Neighborhood": "Sunset Park, NY", "Level": 2.0 }, "geometry": { "type": "Point", "coordinates": [ -74.0097914, 40.6382617 ] } },
{ "type": "Feature", "properties": { "Business_Name": "Amiga De China Supermarket", "Address": "5707 4th Ave, Brooklyn, NY 11220, United States", "Keyword": "Chinese grocery store", "Neighborhood": "Sunset Park, NY", "Level": 2.0 }, "geometry": { "type": "Point", "coordinates": [ -74.0166861, 40.6422677 ] } },
{ "type": "Feature", "properties": { "Business_Name": "Japan Village", "Address": "934 3rd Ave, Brooklyn, NY 11232, United States", "Keyword": "Chinese grocery store", "Neighborhood": "Sunset Park, NY", "Level": 2.0 }, "geometry": { "type": "Point", "coordinates": [ -74.0064373, 40.656103 ] } },
{ "type": "Feature", "properties": { "Business_Name": "New Asian Supermarket", "Address": "1322 Newkirk Ave, Brooklyn, NY 11230, United States", "Keyword": "Chinese grocery store", "Neighborhood": "Sunset Park, NY", "Level": 2.0 }, "geometry": { "type": "Point", "coordinates": [ -73.9644399, 40.6348539 ] } },
{ "type": "Feature", "properties": { "Business_Name": "New Hong Yun Grocery Store Inc.", "Address": "6701 8th Ave, Brooklyn, NY 11220, United States", "Keyword": "Chinese grocery store", "Neighborhood": "Sunset Park, NY", "Level": 2.0 }, "geometry": { "type": "Point", "coordinates": [ -74.0137058, 40.6313254 ] } },
{ "type": "Feature", "properties": { "Business_Name": "Kang Yi Inc.", "Address": "4002 5th Ave, Brooklyn, NY 11232, United States", "Keyword": "Chinese grocery store", "Neighborhood": "Sunset Park, NY", "Level": 2.0 }, "geometry": { "type": "Point", "coordinates": [ -74.0047013, 40.6507179 ] } },
{ "type": "Feature", "properties": { "Business_Name": "Jmart", "Address": "8121 New Utrecht Ave, Brooklyn, NY 11214, United States", "Keyword": "Chinese grocery store", "Neighborhood": "Sunset Park, NY", "Level": 2.0 }, "geometry": { "type": "Point", "coordinates": [ -74.001436400000017, 40.6098931 ] } },
{ "type": "Feature", "properties": { "Business_Name": "The Bad Wife", "Address": "378 7th Ave #1, Brooklyn, NY 11215, United States", "Keyword": "Chinese grocery store", "Neighborhood": "Sunset Park, NY", "Level": 2.0 }, "geometry": { "type": "Point", "coordinates": [ -73.9829506, 40.6654822 ] } },
{ "type": "Feature", "properties": { "Business_Name": "Hong Sheng", "Address": "5514 8th Ave, Brooklyn, NY 11220, United States", "Keyword": "Chinese grocery store", "Neighborhood": "Sunset Park, NY", "Level": 2.0 }, "geometry": { "type": "Point", "coordinates": [ -74.0070709, 40.6380937 ] } },
{ "type": "Feature", "properties": { "Business_Name": "Southeast Asia Food Group", "Address": "52 15th St, Brooklyn, NY 11215, United States", "Keyword": "Chinese grocery store", "Neighborhood": "Sunset Park, NY", "Level": 2.0 }, "geometry": { "type": "Point", "coordinates": [ -73.99509, 40.668109 ] } },
{ "type": "Feature", "properties": { "Business_Name": "Lucky Star Market Inc", "Address": "5316 8th Ave, Brooklyn, NY 11220, United States", "Keyword": "Chinese grocery store", "Neighborhood": "Sunset Park, NY", "Level": 2.0 }, "geometry": { "type": "Point", "coordinates": [ -74.0059548, 40.6391803 ] } },
{ "type": "Feature", "properties": { "Business_Name": "Xi Fang Temple", "Address": "5101 8th Ave, Brooklyn, NY 11220, United States", "Keyword": "Chinese temple", "Neighborhood": "Sunset Park, NY", "Level": 2.0 }, "geometry": { "type": "Point", "coordinates": [ -74.0042269, 40.6403873 ] } },
{ "type": "Feature", "properties": { "Business_Name": "Jiu Hua Zen Temple Inc of NY", "Address": "4115 8th Ave, Brooklyn, NY 11232, United States", "Keyword": "Chinese temple", "Neighborhood": "Sunset Park, NY", "Level": 2.0 }, "geometry": { "type": "Point", "coordinates": [ -73.9987092, 40.6457526 ] } },
{ "type": "Feature", "properties": { "Business_Name": "Guangong Temple", "Address": "826 64th St 3rd fl, Brooklyn, NY 11220, United States", "Keyword": "Chinese temple", "Neighborhood": "Sunset Park, NY", "Level": 2.0 }, "geometry": { "type": "Point", "coordinates": [ -74.0111737, 40.6326813 ] } },
{ "type": "Feature", "properties": { "Business_Name": "American Tianfo Temple", "Address": "837 59th St #6F, Brooklyn, NY 11220, United States", "Keyword": "Chinese temple", "Neighborhood": "Sunset Park, NY", "Level": 2.0 }, "geometry": { "type": "Point", "coordinates": [ -74.007735, 40.635613 ] } },
{ "type": "Feature", "properties": { "Business_Name": "WESTERN BUDDHIST ASSOCIATION, INC.", "Address": "5601 Fort Hamilton Pkwy, Brooklyn, NY 11219, United States", "Keyword": "Chinese temple", "Neighborhood": "Sunset Park, NY", "Level": 2.0 }, "geometry": { "type": "Point", "coordinates": [ -74.0025309, 40.6347842 ] } },
{ "type": "Feature", "properties": { "Business_Name": "Lingying miao", "Address": "826 64th St 3rf fl, Brooklyn, NY 11220, United States", "Keyword": "Chinese temple", "Neighborhood": "Sunset Park, NY", "Level": 2.0 }, "geometry": { "type": "Point", "coordinates": [ -74.0111737, 40.6326813 ] } },
{ "type": "Feature", "properties": { "Business_Name": "Prajna Zen Monastery", "Address": "450 67th St, Brooklyn, NY 11220, United States", "Keyword": "Chinese temple", "Neighborhood": "Sunset Park, NY", "Level": 2.0 }, "geometry": { "type": "Point", "coordinates": [ -74.0211937, 40.6360452 ] } },
{ "type": "Feature", "properties": { "Business_Name": "Pujue si (Universal Enlightenment Temple)", "Address": "2249 65th St, Brooklyn, NY 11204, United States", "Keyword": "Chinese temple", "Neighborhood": "Sunset Park, NY", "Level": 2.0 }, "geometry": { "type": "Point", "coordinates": [ -73.980011, 40.6131862 ] } },
{ "type": "Feature", "properties": { "Business_Name": "Shie Rong Temple", "Address": "8015 New Utrecht Ave, Brooklyn, NY 11214, United States", "Keyword": "Chinese temple", "Neighborhood": "Sunset Park, NY", "Level": 2.0 }, "geometry": { "type": "Point", "coordinates": [ -74.0010776, 40.6113271 ] } },
{ "type": "Feature", "properties": { "Business_Name": "Buddhist Peaceful Enlightenment", "Address": "4516 7th Ave, Brooklyn, NY 11220, United States", "Keyword": "Chinese temple", "Neighborhood": "Sunset Park, NY", "Level": 2.0 }, "geometry": { "type": "Point", "coordinates": [ -74.0034845, 40.6449855 ] } },
{ "type": "Feature", "properties": { "Business_Name": "Asian Buddhist Association of NY", "Address": "6810 11th Ave, Brooklyn, NY 11219, United States", "Keyword": "Chinese temple", "Neighborhood": "Sunset Park, NY", "Level": 2.0 }, "geometry": { "type": "Point", "coordinates": [ -74.0082418, 40.6266767 ] } },
{ "type": "Feature", "properties": { "Business_Name": "Zen Center of New York City - Fire Lotus Temple", "Address": "500 State St, Brooklyn, NY 11217, United States", "Keyword": "Chinese temple", "Neighborhood": "Sunset Park, NY", "Level": 2.0 }, "geometry": { "type": "Point", "coordinates": [ -73.9807462, 40.6860047 ] } },
{ "type": "Feature", "properties": { "Business_Name": "Eastern States Buddhist Temple", "Address": "64 Mott St, New York, NY 10013, United States", "Keyword": "Chinese temple", "Neighborhood": "Sunset Park, NY", "Level": 2.0 }, "geometry": { "type": "Point", "coordinates": [ -73.9981355, 40.7160553 ] } },
{ "type": "Feature", "properties": { "Business_Name": "Mahayana Temple Buddhist Association", "Address": "133 Canal St, New York, NY 10002, United States", "Keyword": "Chinese temple", "Neighborhood": "Sunset Park, NY", "Level": 2.0 }, "geometry": { "type": "Point", "coordinates": [ -73.995419, 40.716140300000013 ] } },
{ "type": "Feature", "properties": { "Business_Name": "Pu Chao Buddhist Temple", "Address": "20 Eldridge St, New York, NY 10002, United States", "Keyword": "Chinese temple", "Neighborhood": "Sunset Park, NY", "Level": 2.0 }, "geometry": { "type": "Point", "coordinates": [ -73.9934997, 40.7149363 ] } },
{ "type": "Feature", "properties": { "Business_Name": "Eastern Buddhist Association East Dhayana Temple", "Address": "83 Division St, New York, NY 10002, United States", "Keyword": "Chinese temple", "Neighborhood": "Sunset Park, NY", "Level": 2.0 }, "geometry": { "type": "Point", "coordinates": [ -73.9936241, 40.7142359 ] } },
{ "type": "Feature", "properties": { "Business_Name": "Park Asia", "Address": "6521 8th Ave, Brooklyn, NY 11220, United States", "Keyword": "Chinese temple", "Neighborhood": "Sunset Park, NY", "Level": 2.0 }, "geometry": { "type": "Point", "coordinates": [ -74.0127805, 40.6322232 ] } },
{ "type": "Feature", "properties": { "Business_Name": "紐約慈泉寺 Ci Quan Temple", "Address": "519 53rd St 1 Fl, Brooklyn, NY 11220, United States", "Keyword": "Chinese temple", "Neighborhood": "Sunset Park, NY", "Level": 2.0 }, "geometry": { "type": "Point", "coordinates": [ -74.0113858, 40.6432469 ] } },
{ "type": "Feature", "properties": { "Business_Name": "East Harbor Seafood Palace", "Address": "714 65th St, Brooklyn, NY 11220, United States", "Keyword": "Chinese temple", "Neighborhood": "Sunset Park, NY", "Level": 2.0 }, "geometry": { "type": "Point", "coordinates": [ -74.0143292, 40.6335361 ] } },
{ "type": "Feature", "properties": { "Business_Name": "Huang Da Xian Taoist Temple", "Address": "20 Bowery, New York, NY 10013, United States", "Keyword": "Chinese temple", "Neighborhood": "Sunset Park, NY", "Level": 2.0 }, "geometry": { "type": "Point", "coordinates": [ -73.99725, 40.7147212 ] } },
{ "type": "Feature", "properties": { "Business_Name": "Brooklyn Chinese Baptist Church", "Address": "5123 7th Ave, Brooklyn, NY 11220, United States", "Keyword": "Chinese church", "Neighborhood": "Sunset Park, NY", "Level": 2.0 }, "geometry": { "type": "Point", "coordinates": [ -74.006699, 40.6412566 ] } },
{ "type": "Feature", "properties": { "Business_Name": "Grace Chinese Alliance Church", "Address": "5623 7th Ave, Brooklyn, NY 11220, United States", "Keyword": "Chinese church", "Neighborhood": "Sunset Park, NY", "Level": 2.0 }, "geometry": { "type": "Point", "coordinates": [ -74.0097993, 40.6385463 ] } },
{ "type": "Feature", "properties": { "Business_Name": "Chinese Promise Baptist Church", "Address": "842 41st St, Brooklyn, NY 11232, United States", "Keyword": "Chinese church", "Neighborhood": "Sunset Park, NY", "Level": 2.0 }, "geometry": { "type": "Point", "coordinates": [ -73.997552, 40.6453149 ] } },
{ "type": "Feature", "properties": { "Business_Name": "Chinese Christian Church Of Grace", "Address": "6307 4th Ave, Brooklyn, NY 11220, United States", "Keyword": "Chinese church", "Neighborhood": "Sunset Park, NY", "Level": 2.0 }, "geometry": { "type": "Point", "coordinates": [ -74.0202522, 40.6388154 ] } },
{ "type": "Feature", "properties": { "Business_Name": "Brooklyn Chinese-American Association Eighth Avenue Senior Citizens Center", "Address": "5007 7th Ave, Brooklyn, NY 11220, United States", "Keyword": "Chinese senior center", "Neighborhood": "Sunset Park, NY", "Level": 2.0 }, "geometry": { "type": "Point", "coordinates": [ -74.0060044, 40.642186300000013 ] } },
{ "type": "Feature", "properties": { "Business_Name": "ACC(Asian Community Center)亚裔社区中心", "Address": "746 61st St, Brooklyn, NY 11220, United States", "Keyword": "Chinese community center", "Neighborhood": "Sunset Park, NY", "Level": 2.0 }, "geometry": { "type": "Point", "coordinates": [ -74.011358, 40.63534 ] } },
{ "type": "Feature", "properties": { "Business_Name": "Chinese-American Planning Council - Brooklyn Community Service", "Address": "4101 8th Ave, Brooklyn, NY 11232, United States", "Keyword": "Chinese community center", "Neighborhood": "Sunset Park, NY", "Level": 2.0 }, "geometry": { "type": "Point", "coordinates": [ -73.9982646, 40.645924 ] } },
{ "type": "Feature", "properties": { "Business_Name": "Brooklyn Chinese-American Association Eighth Avenue Senior Citizens Center", "Address": "5007 7th Ave, Brooklyn, NY 11220, United States", "Keyword": "Chinese community center", "Neighborhood": "Sunset Park, NY", "Level": 2.0 }, "geometry": { "type": "Point", "coordinates": [ -74.0060044, 40.642186300000013 ] } },
{ "type": "Feature", "properties": { "Business_Name": "New York Chinese Community Center", "Address": "62 Mott St, New York, NY 10013, United States", "Keyword": "Chinese community center", "Neighborhood": "Sunset Park, NY", "Level": 2.0 }, "geometry": { "type": "Point", "coordinates": [ -73.9981392, 40.7160503 ] } },
{ "type": "Feature", "properties": { "Business_Name": "Sunset Park Neighborhood Senior Center", "Address": "4520 4th Ave, Brooklyn, NY 11220, United States", "Keyword": "Chinese community center", "Neighborhood": "Sunset Park, NY", "Level": 2.0 }, "geometry": { "type": "Point", "coordinates": [ -74.010404, 40.6489853 ] } },
{ "type": "Feature", "properties": { "Business_Name": "Brooklyn Chinese America Association", "Address": "5002 8th Ave, Brooklyn, NY 11220, United States", "Keyword": "Chinese community center", "Neighborhood": "Sunset Park, NY", "Level": 2.0 }, "geometry": { "type": "Point", "coordinates": [ -74.0039994, 40.6411656 ] } },
{ "type": "Feature", "properties": { "Business_Name": "Tzu Chi USA Brooklyn Service Center", "Address": "513 57th St, Brooklyn, NY 11220, United States", "Keyword": "Chinese community center", "Neighborhood": "Sunset Park, NY", "Level": 2.0 }, "geometry": { "type": "Point", "coordinates": [ -74.0138904, 40.641017100000013 ] } },
{ "type": "Feature", "properties": { "Business_Name": "Brooklyn Chinese-American Association Office", "Address": "4204 8th Ave, Brooklyn, NY 11232, United States", "Keyword": "Chinese community center", "Neighborhood": "Sunset Park, NY", "Level": 2.0 }, "geometry": { "type": "Point", "coordinates": [ -73.999298, 40.6455564 ] } },
{ "type": "Feature", "properties": { "Business_Name": "Chinese Community Center of Flushing", "Address": "4317 Union St level c, Flushing, NY 11355, United States", "Keyword": "Chinese community center", "Neighborhood": "Sunset Park, NY", "Level": 2.0 }, "geometry": { "type": "Point", "coordinates": [ -73.8211513, 40.754302 ] } },
{ "type": "Feature", "properties": { "Business_Name": "Brooklyn Chinese American Association", "Address": "7207 8th Ave, Brooklyn, NY 11228, United States", "Keyword": "Chinese community center", "Neighborhood": "Sunset Park, NY", "Level": 2.0 }, "geometry": { "type": "Point", "coordinates": [ -74.0167176, 40.6284109 ] } },
{ "type": "Feature", "properties": { "Business_Name": "VNS Health: Sunset Park Community Center", "Address": "5521 8th Ave, Brooklyn, NY 11220, United States", "Keyword": "Chinese community center", "Neighborhood": "Sunset Park, NY", "Level": 2.0 }, "geometry": { "type": "Point", "coordinates": [ -74.0068849, 40.6378794 ] } },
{ "type": "Feature", "properties": { "Business_Name": "Brooklyn Chinese - American Association Early Childhood Education Center", "Address": "871 50th St, Brooklyn, NY 11219, United States", "Keyword": "Chinese community center", "Neighborhood": "Sunset Park, NY", "Level": 2.0 }, "geometry": { "type": "Point", "coordinates": [ -74.0017808, 40.6401115 ] } },
{ "type": "Feature", "properties": { "Business_Name": "Brooklyn Chinese Association", "Address": "6809 20th Ave, Brooklyn, NY 11204, United States", "Keyword": "Chinese community center", "Neighborhood": "Sunset Park, NY", "Level": 2.0 }, "geometry": { "type": "Point", "coordinates": [ -73.9877585, 40.6145143 ] } },
{ "type": "Feature", "properties": { "Business_Name": "BCA NEIGHBORHOOD SENIOR CENTER", "Address": "545 60th St, Brooklyn, NY 11220, United States", "Keyword": "Chinese community center", "Neighborhood": "Sunset Park, NY", "Level": 2.0 }, "geometry": { "type": "Point", "coordinates": [ -74.0145668, 40.6386596 ] } },
{ "type": "Feature", "properties": { "Business_Name": "Asian Community United Society Community Learning Center", "Address": "6822 20th Ave, Brooklyn, NY 11204, United States", "Keyword": "Chinese community center", "Neighborhood": "Sunset Park, NY", "Level": 2.0 }, "geometry": { "type": "Point", "coordinates": [ -73.9882232, 40.6144535 ] } },
{ "type": "Feature", "properties": { "Business_Name": "8th Avenue Chinatown, Brooklyn, NY", "Address": "5515 8th Ave # C2, Brooklyn, NY 11220, United States", "Keyword": "Chinese community center", "Neighborhood": "Sunset Park, NY", "Level": 2.0 }, "geometry": { "type": "Point", "coordinates": [ -74.0069766, 40.6377802 ] } },
{ "type": "Feature", "properties": { "Business_Name": "South Asian Community Center", "Address": "37-07 74th Street 2nd Floor Suite #2, Jackson Heights, NY 11372, United States", "Keyword": "Chinese community center", "Neighborhood": "Sunset Park, NY", "Level": 2.0 }, "geometry": { "type": "Point", "coordinates": [ -73.891507, 40.748695 ] } },
{ "type": "Feature", "properties": { "Business_Name": "Brooklyn Chinese American Association Day Care", "Address": "713 43rd St, Brooklyn, NY 11232, United States", "Keyword": "Chinese community center", "Neighborhood": "Sunset Park, NY", "Level": 2.0 }, "geometry": { "type": "Point", "coordinates": [ -74.001278, 40.6462075 ] } },
{ "type": "Feature", "properties": { "Business_Name": "NY Enping Hometown", "Address": "5910 9th Ave, Brooklyn, NY 11220, United States", "Keyword": "Chinese community center", "Neighborhood": "Sunset Park, NY", "Level": 2.0 }, "geometry": { "type": "Point", "coordinates": [ -74.0071046, 40.634611199999988 ] } },
{ "type": "Feature", "properties": { "Business_Name": "Sunset Park Recreation Center", "Address": "4200 7th Ave, Brooklyn, NY 11232, United States", "Keyword": "Chinese community center", "Neighborhood": "Sunset Park, NY", "Level": 2.0 }, "geometry": { "type": "Point", "coordinates": [ -74.0020336, 40.6468857 ] } },
{ "type": "Feature", "properties": { "Business_Name": "Brooklyn Chinese America Association", "Address": "5002 8th Ave, Brooklyn, NY 11220, United States", "Keyword": "Chinese association", "Neighborhood": "Sunset Park, NY", "Level": 2.0 }, "geometry": { "type": "Point", "coordinates": [ -74.0039994, 40.6411656 ] } },
{ "type": "Feature", "properties": { "Business_Name": "Brooklyn Chinese-American Association Office", "Address": "4204 8th Ave, Brooklyn, NY 11232, United States", "Keyword": "Chinese association", "Neighborhood": "Sunset Park, NY", "Level": 2.0 }, "geometry": { "type": "Point", "coordinates": [ -73.999298, 40.6455564 ] } },
{ "type": "Feature", "properties": { "Business_Name": "Brooklyn Chinese American Association", "Address": "812 54th St #1, Brooklyn, NY 11220, United States", "Keyword": "Chinese association", "Neighborhood": "Sunset Park, NY", "Level": 2.0 }, "geometry": { "type": "Point", "coordinates": [ -74.0057369, 40.638565 ] } },
{ "type": "Feature", "properties": { "Business_Name": "Chinese-American Planning Council - Brooklyn Community Service", "Address": "4101 8th Ave, Brooklyn, NY 11232, United States", "Keyword": "Chinese association", "Neighborhood": "Sunset Park, NY", "Level": 2.0 }, "geometry": { "type": "Point", "coordinates": [ -73.9982646, 40.645924 ] } },
{ "type": "Feature", "properties": { "Business_Name": "Fei Long Market", "Address": "6301 8th Ave, Brooklyn, NY 11220, United States", "Keyword": "华人超市", "Neighborhood": "Sunset Park, NY", "Level": 2.0 }, "geometry": { "type": "Point", "coordinates": [ -74.0108287, 40.6330248 ] } },
{ "type": "Feature", "properties": { "Business_Name": "HL Supermarket", "Address": "6722 Fort Hamilton Pkwy, Brooklyn, NY 11219, United States", "Keyword": "华人超市", "Neighborhood": "Sunset Park, NY", "Level": 2.0 }, "geometry": { "type": "Point", "coordinates": [ -74.0117346, 40.6295889 ] } },
{ "type": "Feature", "properties": { "Business_Name": "Jmart", "Address": "8121 New Utrecht Ave, Brooklyn, NY 11214, United States", "Keyword": "华人超市", "Neighborhood": "Sunset Park, NY", "Level": 2.0 }, "geometry": { "type": "Point", "coordinates": [ -74.001436400000017, 40.6098931 ] } },
{ "type": "Feature", "properties": { "Business_Name": "Fei Long Market", "Address": "4423 8th Ave, Brooklyn, NY 11220, United States", "Keyword": "华人超市", "Neighborhood": "Sunset Park, NY", "Level": 2.0 }, "geometry": { "type": "Point", "coordinates": [ -74.0005051, 40.6438626 ] } },
{ "type": "Feature", "properties": { "Business_Name": "V&W Supermarket 樂樂超級市場", "Address": "2502 86th St, Brooklyn, NY 11214, United States", "Keyword": "华人超市", "Neighborhood": "Sunset Park, NY", "Level": 2.0 }, "geometry": { "type": "Point", "coordinates": [ -73.9870764, 40.5975447 ] } },
{ "type": "Feature", "properties": { "Business_Name": "New Fuxing Market", "Address": "4322 8th Ave, Brooklyn, NY 11220, United States", "Keyword": "华人超市", "Neighborhood": "Sunset Park, NY", "Level": 2.0 }, "geometry": { "type": "Point", "coordinates": [ -74.000268, 40.6446373 ] } },
{ "type": "Feature", "properties": { "Business_Name": "Sunrise Mart", "Address": "934 3rd Ave, Brooklyn, NY 11232, United States", "Keyword": "华人超市", "Neighborhood": "Sunset Park, NY", "Level": 2.0 }, "geometry": { "type": "Point", "coordinates": [ -74.006267100000017, 40.6561708 ] } },
{ "type": "Feature", "properties": { "Business_Name": "Zhong Hua Market Inc", "Address": "5709 8th Ave, Brooklyn, NY 11220, United States", "Keyword": "华人超市", "Neighborhood": "Sunset Park, NY", "Level": 2.0 }, "geometry": { "type": "Point", "coordinates": [ -74.0079319, 40.6368763 ] } },
{ "type": "Feature", "properties": { "Business_Name": "Chang Fa Food Market", "Address": "1418 Avenue U, Brooklyn, NY 11229, United States", "Keyword": "华人超市", "Neighborhood": "Sunset Park, NY", "Level": 2.0 }, "geometry": { "type": "Point", "coordinates": [ -73.9566651, 40.59859 ] } },
{ "type": "Feature", "properties": { "Business_Name": "Z&Z Market Inc.", "Address": "6511 Bay Pkwy, Brooklyn, NY 11204, United States", "Keyword": "华人超市", "Neighborhood": "Sunset Park, NY", "Level": 2.0 }, "geometry": { "type": "Point", "coordinates": [ -73.9814861, 40.6134194 ] } },
{ "type": "Feature", "properties": { "Business_Name": "Forum Supermarket", "Address": "6501 7th Ave, Brooklyn, NY 11220, United States", "Keyword": "华人超市", "Neighborhood": "Sunset Park, NY", "Level": 2.0 }, "geometry": { "type": "Point", "coordinates": [ -74.0147322, 40.633563900000013 ] } },
{ "type": "Feature", "properties": { "Business_Name": "Fish Market中国超市", "Address": "6802 18th Ave, Brooklyn, NY 11204, United States", "Keyword": "华人超市", "Neighborhood": "Sunset Park, NY", "Level": 2.0 }, "geometry": { "type": "Point", "coordinates": [ -73.9921412, 40.6173965 ] } },
{ "type": "Feature", "properties": { "Business_Name": "Ocean Bay Market", "Address": "2424 Coney Island Ave, Brooklyn, NY 11223, United States", "Keyword": "华人超市", "Neighborhood": "Sunset Park, NY", "Level": 2.0 }, "geometry": { "type": "Point", "coordinates": [ -73.9614777, 40.5975381 ] } },
{ "type": "Feature", "properties": { "Business_Name": "Star Market", "Address": "1772 86th St, Brooklyn, NY 11214, United States", "Keyword": "华人超市", "Neighborhood": "Sunset Park, NY", "Level": 2.0 }, "geometry": { "type": "Point", "coordinates": [ -74.0028973, 40.6072365 ] } },
{ "type": "Feature", "properties": { "Business_Name": "City Fresh Market", "Address": "5009 6th Ave, Brooklyn, NY 11220, United States", "Keyword": "华人超市", "Neighborhood": "Sunset Park, NY", "Level": 2.0 }, "geometry": { "type": "Point", "coordinates": [ -74.0081944, 40.6434531 ] } },
{ "type": "Feature", "properties": { "Business_Name": "dong sheng food inc", "Address": "6719 Bay Pkwy, Brooklyn, NY 11204, United States", "Keyword": "华人超市", "Neighborhood": "Sunset Park, NY", "Level": 2.0 }, "geometry": { "type": "Point", "coordinates": [ -73.98281, 40.612091 ] } },
{ "type": "Feature", "properties": { "Business_Name": "New Asian Supermarket", "Address": "1322 Newkirk Ave, Brooklyn, NY 11230, United States", "Keyword": "华人超市", "Neighborhood": "Sunset Park, NY", "Level": 2.0 }, "geometry": { "type": "Point", "coordinates": [ -73.9644399, 40.6348539 ] } },
{ "type": "Feature", "properties": { "Business_Name": "Key Food Supermarkets", "Address": "4320 5th Ave, Brooklyn, NY 11232, United States", "Keyword": "华人超市", "Neighborhood": "Sunset Park, NY", "Level": 2.0 }, "geometry": { "type": "Point", "coordinates": [ -74.0067765, 40.6488643 ] } },
{ "type": "Feature", "properties": { "Business_Name": "Pioneer Supermarkets of Sunset Park", "Address": "5612 5th Ave, Brooklyn, NY 11220, United States", "Keyword": "华人超市", "Neighborhood": "Sunset Park, NY", "Level": 2.0 }, "geometry": { "type": "Point", "coordinates": [ -74.0142074, 40.6415704 ] } },
{ "type": "Feature", "properties": { "Business_Name": "Xing fu yuan grocery inc", "Address": "5802 Fort Hamilton Pkwy, Brooklyn, NY 11219, United States", "Keyword": "华人超市", "Neighborhood": "Sunset Park, NY", "Level": 2.0 }, "geometry": { "type": "Point", "coordinates": [ -74.0043805, 40.6340827 ] } },
{ "type": "Feature", "properties": { "Business_Name": "Fei Long Market", "Address": "6301 8th Ave, Brooklyn, NY 11220, United States", "Keyword": "华超", "Neighborhood": "Sunset Park, NY", "Level": 2.0 }, "geometry": { "type": "Point", "coordinates": [ -74.0108287, 40.6330248 ] } },
{ "type": "Feature", "properties": { "Business_Name": "HL Supermarket", "Address": "6722 Fort Hamilton Pkwy, Brooklyn, NY 11219, United States", "Keyword": "华超", "Neighborhood": "Sunset Park, NY", "Level": 2.0 }, "geometry": { "type": "Point", "coordinates": [ -74.0117346, 40.6295889 ] } },
{ "type": "Feature", "properties": { "Business_Name": "Old Town Asian Market Inc", "Address": "774 56th St, Brooklyn, NY 11220, United States", "Keyword": "华超", "Neighborhood": "Sunset Park, NY", "Level": 2.0 }, "geometry": { "type": "Point", "coordinates": [ -74.0077114, 40.637884199999988 ] } },
{ "type": "Feature", "properties": { "Business_Name": "Fei Long Market", "Address": "4423 8th Ave, Brooklyn, NY 11220, United States", "Keyword": "华超", "Neighborhood": "Sunset Park, NY", "Level": 2.0 }, "geometry": { "type": "Point", "coordinates": [ -74.0005051, 40.6438626 ] } },
{ "type": "Feature", "properties": { "Business_Name": "Feng Tai Market", "Address": "4506 8th Ave, Brooklyn, NY 11220, United States", "Keyword": "华超", "Neighborhood": "Sunset Park, NY", "Level": 2.0 }, "geometry": { "type": "Point", "coordinates": [ -74.0011365, 40.6438 ] } },
{ "type": "Feature", "properties": { "Business_Name": "Zhong Hua Market Inc", "Address": "5709 8th Ave, Brooklyn, NY 11220, United States", "Keyword": "华超", "Neighborhood": "Sunset Park, NY", "Level": 2.0 }, "geometry": { "type": "Point", "coordinates": [ -74.0079319, 40.6368763 ] } },
{ "type": "Feature", "properties": { "Business_Name": "New Fuxing Market", "Address": "4322 8th Ave, Brooklyn, NY 11220, United States", "Keyword": "华超", "Neighborhood": "Sunset Park, NY", "Level": 2.0 }, "geometry": { "type": "Point", "coordinates": [ -74.000268, 40.6446373 ] } },
{ "type": "Feature", "properties": { "Business_Name": "Forum Supermarket", "Address": "6501 7th Ave, Brooklyn, NY 11220, United States", "Keyword": "华超", "Neighborhood": "Sunset Park, NY", "Level": 2.0 }, "geometry": { "type": "Point", "coordinates": [ -74.0147322, 40.633563900000013 ] } },
{ "type": "Feature", "properties": { "Business_Name": "Fu Chun Supermarket", "Address": "5114 8th Ave, Brooklyn, NY 11220, United States", "Keyword": "华超", "Neighborhood": "Sunset Park, NY", "Level": 2.0 }, "geometry": { "type": "Point", "coordinates": [ -74.0047348, 40.6403381 ] } },
{ "type": "Feature", "properties": { "Business_Name": "Jmart", "Address": "8121 New Utrecht Ave, Brooklyn, NY 11214, United States", "Keyword": "华超", "Neighborhood": "Sunset Park, NY", "Level": 2.0 }, "geometry": { "type": "Point", "coordinates": [ -74.001436400000017, 40.6098931 ] } },
{ "type": "Feature", "properties": { "Business_Name": "Kuan Sing Food Market Inc.", "Address": "5712 8th Ave, Brooklyn, NY 11220, United States", "Keyword": "华超", "Neighborhood": "Sunset Park, NY", "Level": 2.0 }, "geometry": { "type": "Point", "coordinates": [ -74.0081825, 40.6370251 ] } },
{ "type": "Feature", "properties": { "Business_Name": "Hong Sheng", "Address": "5514 8th Ave, Brooklyn, NY 11220, United States", "Keyword": "华超", "Neighborhood": "Sunset Park, NY", "Level": 2.0 }, "geometry": { "type": "Point", "coordinates": [ -74.0070709, 40.6380937 ] } },
{ "type": "Feature", "properties": { "Business_Name": "Amiga De China Supermarket", "Address": "5707 4th Ave, Brooklyn, NY 11220, United States", "Keyword": "华超", "Neighborhood": "Sunset Park, NY", "Level": 2.0 }, "geometry": { "type": "Point", "coordinates": [ -74.0166861, 40.6422677 ] } },
{ "type": "Feature", "properties": { "Business_Name": "City Fresh Market", "Address": "5009 6th Ave, Brooklyn, NY 11220, United States", "Keyword": "华超", "Neighborhood": "Sunset Park, NY", "Level": 2.0 }, "geometry": { "type": "Point", "coordinates": [ -74.0081944, 40.6434531 ] } },
{ "type": "Feature", "properties": { "Business_Name": "Suchana Super Market", "Address": "476 McDonald Ave, Brooklyn, NY 11218, United States", "Keyword": "华超", "Neighborhood": "Sunset Park, NY", "Level": 2.0 }, "geometry": { "type": "Point", "coordinates": [ -73.9795957, 40.6424565 ] } },
{ "type": "Feature", "properties": { "Business_Name": "You Jia Food INC. Grocery", "Address": "4702 7th Ave, Brooklyn, NY 11220, United States", "Keyword": "华超", "Neighborhood": "Sunset Park, NY", "Level": 2.0 }, "geometry": { "type": "Point", "coordinates": [ -74.0045392, 40.6441724 ] } },
{ "type": "Feature", "properties": { "Business_Name": "Shan Shan Grocery", "Address": "5816 7th Ave, Brooklyn, NY 11220, United States", "Keyword": "华超", "Neighborhood": "Sunset Park, NY", "Level": 2.0 }, "geometry": { "type": "Point", "coordinates": [ -74.0110495, 40.6376969 ] } },
{ "type": "Feature", "properties": { "Business_Name": "Fei Long Market", "Address": "6301 8th Ave, Brooklyn, NY 11220, United States", "Keyword": "中国超市", "Neighborhood": "Sunset Park, NY", "Level": 2.0 }, "geometry": { "type": "Point", "coordinates": [ -74.0108287, 40.6330248 ] } },
{ "type": "Feature", "properties": { "Business_Name": "Feng Tai Market", "Address": "4506 8th Ave, Brooklyn, NY 11220, United States", "Keyword": "中国超市", "Neighborhood": "Sunset Park, NY", "Level": 2.0 }, "geometry": { "type": "Point", "coordinates": [ -74.0011365, 40.6438 ] } },
{ "type": "Feature", "properties": { "Business_Name": "HL Supermarket", "Address": "6722 Fort Hamilton Pkwy, Brooklyn, NY 11219, United States", "Keyword": "中国超市", "Neighborhood": "Sunset Park, NY", "Level": 2.0 }, "geometry": { "type": "Point", "coordinates": [ -74.0117346, 40.6295889 ] } },
{ "type": "Feature", "properties": { "Business_Name": "Fei Long Market", "Address": "4423 8th Ave, Brooklyn, NY 11220, United States", "Keyword": "中国超市", "Neighborhood": "Sunset Park, NY", "Level": 2.0 }, "geometry": { "type": "Point", "coordinates": [ -74.0005051, 40.6438626 ] } },
{ "type": "Feature", "properties": { "Business_Name": "Forum Supermarket", "Address": "6501 7th Ave, Brooklyn, NY 11220, United States", "Keyword": "中国超市", "Neighborhood": "Sunset Park, NY", "Level": 2.0 }, "geometry": { "type": "Point", "coordinates": [ -74.0147322, 40.633563900000013 ] } },
{ "type": "Feature", "properties": { "Business_Name": "EZ Fresh", "Address": "863 65th St, Brooklyn, NY 11220, United States", "Keyword": "中国超市", "Neighborhood": "Sunset Park, NY", "Level": 2.0 }, "geometry": { "type": "Point", "coordinates": [ -74.0106761, 40.6318581 ] } },
{ "type": "Feature", "properties": { "Business_Name": "Hong Sheng", "Address": "5514 8th Ave, Brooklyn, NY 11220, United States", "Keyword": "中国超市", "Neighborhood": "Sunset Park, NY", "Level": 2.0 }, "geometry": { "type": "Point", "coordinates": [ -74.0070709, 40.6380937 ] } },
{ "type": "Feature", "properties": { "Business_Name": "New Fuxing Market", "Address": "4322 8th Ave, Brooklyn, NY 11220, United States", "Keyword": "中国超市", "Neighborhood": "Sunset Park, NY", "Level": 2.0 }, "geometry": { "type": "Point", "coordinates": [ -74.000268, 40.6446373 ] } },
{ "type": "Feature", "properties": { "Business_Name": "Zhong Hua Market Inc", "Address": "5709 8th Ave, Brooklyn, NY 11220, United States", "Keyword": "中国超市", "Neighborhood": "Sunset Park, NY", "Level": 2.0 }, "geometry": { "type": "Point", "coordinates": [ -74.0079319, 40.6368763 ] } },
{ "type": "Feature", "properties": { "Business_Name": "Chang Fa Food Market", "Address": "1418 Avenue U, Brooklyn, NY 11229, United States", "Keyword": "中国超市", "Neighborhood": "Sunset Park, NY", "Level": 2.0 }, "geometry": { "type": "Point", "coordinates": [ -73.9566651, 40.59859 ] } },
{ "type": "Feature", "properties": { "Business_Name": "Fish Market中国超市", "Address": "6802 18th Ave, Brooklyn, NY 11204, United States", "Keyword": "中国超市", "Neighborhood": "Sunset Park, NY", "Level": 2.0 }, "geometry": { "type": "Point", "coordinates": [ -73.9921412, 40.6173965 ] } },
{ "type": "Feature", "properties": { "Business_Name": "New York Mart", "Address": "128 Mott St, New York, NY 10013, United States", "Keyword": "中国超市", "Neighborhood": "Sunset Park, NY", "Level": 2.0 }, "geometry": { "type": "Point", "coordinates": [ -73.9966318, 40.718503899999988 ] } },
{ "type": "Feature", "properties": { "Business_Name": "Jmart", "Address": "8121 New Utrecht Ave, Brooklyn, NY 11214, United States", "Keyword": "中国超市", "Neighborhood": "Sunset Park, NY", "Level": 2.0 }, "geometry": { "type": "Point", "coordinates": [ -74.001436400000017, 40.6098931 ] } },
{ "type": "Feature", "properties": { "Business_Name": "Fu Chun Supermarket", "Address": "5114 8th Ave, Brooklyn, NY 11220, United States", "Keyword": "中国超市", "Neighborhood": "Sunset Park, NY", "Level": 2.0 }, "geometry": { "type": "Point", "coordinates": [ -74.0047348, 40.6403381 ] } },
{ "type": "Feature", "properties": { "Business_Name": "Kang Yi Inc.", "Address": "4002 5th Ave, Brooklyn, NY 11232, United States", "Keyword": "中国超市", "Neighborhood": "Sunset Park, NY", "Level": 2.0 }, "geometry": { "type": "Point", "coordinates": [ -74.0047013, 40.6507179 ] } },
{ "type": "Feature", "properties": { "Business_Name": "LANG QI FOODS SUPERMARKET", "Address": "710 57th St, Brooklyn, NY 11220, United States", "Keyword": "中国超市", "Neighborhood": "Sunset Park, NY", "Level": 2.0 }, "geometry": { "type": "Point", "coordinates": [ -74.0097914, 40.6382617 ] } },
{ "type": "Feature", "properties": { "Business_Name": "爱新鲜超市", "Address": "6904 18th Ave, Brooklyn, NY 11204, United States", "Keyword": "中国超市", "Neighborhood": "Sunset Park, NY", "Level": 2.0 }, "geometry": { "type": "Point", "coordinates": [ -73.9927607, 40.6167879 ] } },
{ "type": "Feature", "properties": { "Business_Name": "V&W Supermarket 樂樂超級市場", "Address": "2502 86th St, Brooklyn, NY 11214, United States", "Keyword": "中国超市", "Neighborhood": "Sunset Park, NY", "Level": 2.0 }, "geometry": { "type": "Point", "coordinates": [ -73.9870764, 40.5975447 ] } },
{ "type": "Feature", "properties": { "Business_Name": "Old Town Asian Market Inc", "Address": "774 56th St, Brooklyn, NY 11220, United States", "Keyword": "中国超市", "Neighborhood": "Sunset Park, NY", "Level": 2.0 }, "geometry": { "type": "Point", "coordinates": [ -74.0077114, 40.637884199999988 ] } },
{ "type": "Feature", "properties": { "Business_Name": "Sunrise Mart", "Address": "934 3rd Ave, Brooklyn, NY 11232, United States", "Keyword": "中国超市", "Neighborhood": "Sunset Park, NY", "Level": 2.0 }, "geometry": { "type": "Point", "coordinates": [ -74.006267100000017, 40.6561708 ] } },
{ "type": "Feature", "properties": { "Business_Name": "Fei Long Market", "Address": "6301 8th Ave, Brooklyn, NY 11220, United States", "Keyword": "华人杂货店", "Neighborhood": "Sunset Park, NY", "Level": 2.0 }, "geometry": { "type": "Point", "coordinates": [ -74.0108287, 40.6330248 ] } },
{ "type": "Feature", "properties": { "Business_Name": "Feng Tai Market", "Address": "4506 8th Ave, Brooklyn, NY 11220, United States", "Keyword": "华人杂货店", "Neighborhood": "Sunset Park, NY", "Level": 2.0 }, "geometry": { "type": "Point", "coordinates": [ -74.0011365, 40.6438 ] } },
{ "type": "Feature", "properties": { "Business_Name": "Fei Long Market", "Address": "4423 8th Ave, Brooklyn, NY 11220, United States", "Keyword": "华人杂货店", "Neighborhood": "Sunset Park, NY", "Level": 2.0 }, "geometry": { "type": "Point", "coordinates": [ -74.0005051, 40.6438626 ] } },
{ "type": "Feature", "properties": { "Business_Name": "HL Supermarket", "Address": "6722 Fort Hamilton Pkwy, Brooklyn, NY 11219, United States", "Keyword": "华人杂货店", "Neighborhood": "Sunset Park, NY", "Level": 2.0 }, "geometry": { "type": "Point", "coordinates": [ -74.0117346, 40.6295889 ] } },
{ "type": "Feature", "properties": { "Business_Name": "LANG QI FOODS SUPERMARKET", "Address": "710 57th St, Brooklyn, NY 11220, United States", "Keyword": "华人杂货店", "Neighborhood": "Sunset Park, NY", "Level": 2.0 }, "geometry": { "type": "Point", "coordinates": [ -74.0097914, 40.6382617 ] } },
{ "type": "Feature", "properties": { "Business_Name": "Zhong Hua Market Inc", "Address": "5709 8th Ave, Brooklyn, NY 11220, United States", "Keyword": "华人杂货店", "Neighborhood": "Sunset Park, NY", "Level": 2.0 }, "geometry": { "type": "Point", "coordinates": [ -74.0079319, 40.6368763 ] } },
{ "type": "Feature", "properties": { "Business_Name": "Fu Chun Supermarket", "Address": "5114 8th Ave, Brooklyn, NY 11220, United States", "Keyword": "华人杂货店", "Neighborhood": "Sunset Park, NY", "Level": 2.0 }, "geometry": { "type": "Point", "coordinates": [ -74.0047348, 40.6403381 ] } },
{ "type": "Feature", "properties": { "Business_Name": "You Jia Food INC. Grocery", "Address": "4702 7th Ave, Brooklyn, NY 11220, United States", "Keyword": "华人杂货店", "Neighborhood": "Sunset Park, NY", "Level": 2.0 }, "geometry": { "type": "Point", "coordinates": [ -74.0045392, 40.6441724 ] } },
{ "type": "Feature", "properties": { "Business_Name": "Chang Fa Food Market", "Address": "1418 Avenue U, Brooklyn, NY 11229, United States", "Keyword": "华人杂货店", "Neighborhood": "Sunset Park, NY", "Level": 2.0 }, "geometry": { "type": "Point", "coordinates": [ -73.9566651, 40.59859 ] } },
{ "type": "Feature", "properties": { "Business_Name": "Qiang Wang Market INC.", "Address": "5624 7th Ave, Brooklyn, NY 11220, United States", "Keyword": "华人杂货店", "Neighborhood": "Sunset Park, NY", "Level": 2.0 }, "geometry": { "type": "Point", "coordinates": [ -74.0100493, 40.6386784 ] } },
{ "type": "Feature", "properties": { "Business_Name": "New Fuxing Market", "Address": "4322 8th Ave, Brooklyn, NY 11220, United States", "Keyword": "华人杂货店", "Neighborhood": "Sunset Park, NY", "Level": 2.0 }, "geometry": { "type": "Point", "coordinates": [ -74.000268, 40.6446373 ] } },
{ "type": "Feature", "properties": { "Business_Name": "Hong Sheng", "Address": "5514 8th Ave, Brooklyn, NY 11220, United States", "Keyword": "华人杂货店", "Neighborhood": "Sunset Park, NY", "Level": 2.0 }, "geometry": { "type": "Point", "coordinates": [ -74.0070709, 40.6380937 ] } },
{ "type": "Feature", "properties": { "Business_Name": "Jmart", "Address": "8121 New Utrecht Ave, Brooklyn, NY 11214, United States", "Keyword": "华人杂货店", "Neighborhood": "Sunset Park, NY", "Level": 2.0 }, "geometry": { "type": "Point", "coordinates": [ -74.001436400000017, 40.6098931 ] } },
{ "type": "Feature", "properties": { "Business_Name": "Old Town Asian Market Inc", "Address": "774 56th St, Brooklyn, NY 11220, United States", "Keyword": "华人杂货店", "Neighborhood": "Sunset Park, NY", "Level": 2.0 }, "geometry": { "type": "Point", "coordinates": [ -74.0077114, 40.637884199999988 ] } },
{ "type": "Feature", "properties": { "Business_Name": "Amiga De China Supermarket", "Address": "5707 4th Ave, Brooklyn, NY 11220, United States", "Keyword": "华人杂货店", "Neighborhood": "Sunset Park, NY", "Level": 2.0 }, "geometry": { "type": "Point", "coordinates": [ -74.0166861, 40.6422677 ] } },
{ "type": "Feature", "properties": { "Business_Name": "Kang Yi Inc.", "Address": "4002 5th Ave, Brooklyn, NY 11232, United States", "Keyword": "华人杂货店", "Neighborhood": "Sunset Park, NY", "Level": 2.0 }, "geometry": { "type": "Point", "coordinates": [ -74.0047013, 40.6507179 ] } },
{ "type": "Feature", "properties": { "Business_Name": "Xing fu yuan grocery inc", "Address": "5802 Fort Hamilton Pkwy, Brooklyn, NY 11219, United States", "Keyword": "华人杂货店", "Neighborhood": "Sunset Park, NY", "Level": 2.0 }, "geometry": { "type": "Point", "coordinates": [ -74.0043805, 40.6340827 ] } },
{ "type": "Feature", "properties": { "Business_Name": "Sunrise Mart", "Address": "934 3rd Ave, Brooklyn, NY 11232, United States", "Keyword": "华人杂货店", "Neighborhood": "Sunset Park, NY", "Level": 2.0 }, "geometry": { "type": "Point", "coordinates": [ -74.006267100000017, 40.6561708 ] } },
{ "type": "Feature", "properties": { "Business_Name": "EZ Fresh", "Address": "863 65th St, Brooklyn, NY 11220, United States", "Keyword": "华人杂货店", "Neighborhood": "Sunset Park, NY", "Level": 2.0 }, "geometry": { "type": "Point", "coordinates": [ -74.0106761, 40.6318581 ] } },
{ "type": "Feature", "properties": { "Business_Name": "Yun Hai Shop 雲海嚴選柑仔店", "Address": "170 Montrose Ave, Brooklyn, NY 11206, United States", "Keyword": "华人杂货店", "Neighborhood": "Sunset Park, NY", "Level": 2.0 }, "geometry": { "type": "Point", "coordinates": [ -73.9425298, 40.7071743 ] } },
{ "type": "Feature", "properties": { "Business_Name": "Xi Fang Temple", "Address": "5101 8th Ave, Brooklyn, NY 11220, United States", "Keyword": "華人寺庙", "Neighborhood": "Sunset Park, NY", "Level": 2.0 }, "geometry": { "type": "Point", "coordinates": [ -74.0042269, 40.6403873 ] } },
{ "type": "Feature", "properties": { "Business_Name": "WESTERN BUDDHIST ASSOCIATION, INC.", "Address": "5601 Fort Hamilton Pkwy, Brooklyn, NY 11219, United States", "Keyword": "華人寺庙", "Neighborhood": "Sunset Park, NY", "Level": 2.0 }, "geometry": { "type": "Point", "coordinates": [ -74.0025309, 40.6347842 ] } },
{ "type": "Feature", "properties": { "Business_Name": "American Tianfo Temple", "Address": "837 59th St #6F, Brooklyn, NY 11220, United States", "Keyword": "華人寺庙", "Neighborhood": "Sunset Park, NY", "Level": 2.0 }, "geometry": { "type": "Point", "coordinates": [ -74.007735, 40.635613 ] } },
{ "type": "Feature", "properties": { "Business_Name": "Jiu Hua Zen Temple Inc of NY", "Address": "4115 8th Ave, Brooklyn, NY 11232, United States", "Keyword": "華人寺庙", "Neighborhood": "Sunset Park, NY", "Level": 2.0 }, "geometry": { "type": "Point", "coordinates": [ -73.9987092, 40.6457526 ] } },
{ "type": "Feature", "properties": { "Business_Name": "Pujue si (Universal Enlightenment Temple)", "Address": "2249 65th St, Brooklyn, NY 11204, United States", "Keyword": "華人寺庙", "Neighborhood": "Sunset Park, NY", "Level": 2.0 }, "geometry": { "type": "Point", "coordinates": [ -73.980011, 40.6131862 ] } },
{ "type": "Feature", "properties": { "Business_Name": "Guangong Temple", "Address": "826 64th St 3rd fl, Brooklyn, NY 11220, United States", "Keyword": "華人寺庙", "Neighborhood": "Sunset Park, NY", "Level": 2.0 }, "geometry": { "type": "Point", "coordinates": [ -74.0111737, 40.6326813 ] } },
{ "type": "Feature", "properties": { "Business_Name": "紐約慈泉寺 Ci Quan Temple", "Address": "519 53rd St 1 Fl, Brooklyn, NY 11220, United States", "Keyword": "華人寺庙", "Neighborhood": "Sunset Park, NY", "Level": 2.0 }, "geometry": { "type": "Point", "coordinates": [ -74.0113858, 40.6432469 ] } },
{ "type": "Feature", "properties": { "Business_Name": "Buddhist Peaceful Enlightenment", "Address": "4516 7th Ave, Brooklyn, NY 11220, United States", "Keyword": "華人寺庙", "Neighborhood": "Sunset Park, NY", "Level": 2.0 }, "geometry": { "type": "Point", "coordinates": [ -74.0034845, 40.6449855 ] } },
{ "type": "Feature", "properties": { "Business_Name": "美國慈悲寺American Ci Bei Temple", "Address": "6410 8th Ave Suite C2, Brooklyn, NY 11220, United States", "Keyword": "華人寺庙", "Neighborhood": "Sunset Park, NY", "Level": 2.0 }, "geometry": { "type": "Point", "coordinates": [ -74.0123474, 40.6331299 ] } },
{ "type": "Feature", "properties": { "Business_Name": "Nantianmen / Nantian Zhao tianjun gong", "Address": "4618 7th Ave, Brooklyn, NY 11220, United States", "Keyword": "華人寺庙", "Neighborhood": "Sunset Park, NY", "Level": 2.0 }, "geometry": { "type": "Point", "coordinates": [ -74.0041117, 40.6443817 ] } },
{ "type": "Feature", "properties": { "Business_Name": "Famensi", "Address": "basement, 6112 7th Ave, Brooklyn, NY 11220, United States", "Keyword": "華人寺庙", "Neighborhood": "Sunset Park, NY", "Level": 2.0 }, "geometry": { "type": "Point", "coordinates": [ -74.0127194, 40.636111 ] } },
{ "type": "Feature", "properties": { "Business_Name": "WESTERN BUDDHIST ASSOCIATION, INC.", "Address": "5601 Fort Hamilton Pkwy, Brooklyn, NY 11219, United States", "Keyword": "佛堂", "Neighborhood": "Sunset Park, NY", "Level": 2.0 }, "geometry": { "type": "Point", "coordinates": [ -74.0025309, 40.6347842 ] } },
{ "type": "Feature", "properties": { "Business_Name": "American Tianfo Temple", "Address": "837 59th St #6F, Brooklyn, NY 11220, United States", "Keyword": "佛堂", "Neighborhood": "Sunset Park, NY", "Level": 2.0 }, "geometry": { "type": "Point", "coordinates": [ -74.007735, 40.635613 ] } },
{ "type": "Feature", "properties": { "Business_Name": "Xi Fang Temple", "Address": "5101 8th Ave, Brooklyn, NY 11220, United States", "Keyword": "佛堂", "Neighborhood": "Sunset Park, NY", "Level": 2.0 }, "geometry": { "type": "Point", "coordinates": [ -74.0042269, 40.6403873 ] } },
{ "type": "Feature", "properties": { "Business_Name": "Buddhist Peaceful Enlightenment", "Address": "4516 7th Ave, Brooklyn, NY 11220, United States", "Keyword": "佛堂", "Neighborhood": "Sunset Park, NY", "Level": 2.0 }, "geometry": { "type": "Point", "coordinates": [ -74.0034845, 40.6449855 ] } },
{ "type": "Feature", "properties": { "Business_Name": "大覺淨苑 Maha Bodhi Monastery", "Address": "5102 6th Ave, Brooklyn, NY 11220, United States", "Keyword": "佛堂", "Neighborhood": "Sunset Park, NY", "Level": 2.0 }, "geometry": { "type": "Point", "coordinates": [ -74.0089093, 40.6432314 ] } },
{ "type": "Feature", "properties": { "Business_Name": "Jiu Hua Zen Temple Inc of NY", "Address": "4115 8th Ave, Brooklyn, NY 11232, United States", "Keyword": "佛堂", "Neighborhood": "Sunset Park, NY", "Level": 2.0 }, "geometry": { "type": "Point", "coordinates": [ -73.9987092, 40.6457526 ] } },
{ "type": "Feature", "properties": { "Business_Name": "Pujue si (Universal Enlightenment Temple)", "Address": "2249 65th St, Brooklyn, NY 11204, United States", "Keyword": "佛堂", "Neighborhood": "Sunset Park, NY", "Level": 2.0 }, "geometry": { "type": "Point", "coordinates": [ -73.980011, 40.6131862 ] } },
{ "type": "Feature", "properties": { "Business_Name": "New York Tsurphu Goshir Dharma Center", "Address": "250 44th St #304, Brooklyn, NY 11232, United States", "Keyword": "佛堂", "Neighborhood": "Sunset Park, NY", "Level": 2.0 }, "geometry": { "type": "Point", "coordinates": [ -74.01223, 40.6516205 ] } },
{ "type": "Feature", "properties": { "Business_Name": "Watt Samakki វត្តសាមគ្គី", "Address": "26 Rugby Rd, Brooklyn, NY 11226, United States", "Keyword": "佛堂", "Neighborhood": "Sunset Park, NY", "Level": 2.0 }, "geometry": { "type": "Point", "coordinates": [ -73.9670791, 40.649275 ] } },
{ "type": "Feature", "properties": { "Business_Name": "Zen Center of New York City - Fire Lotus Temple", "Address": "500 State St, Brooklyn, NY 11217, United States", "Keyword": "佛堂", "Neighborhood": "Sunset Park, NY", "Level": 2.0 }, "geometry": { "type": "Point", "coordinates": [ -73.9807462, 40.6860047 ] } },
{ "type": "Feature", "properties": { "Business_Name": "Famensi", "Address": "basement, 6112 7th Ave, Brooklyn, NY 11220, United States", "Keyword": "佛堂", "Neighborhood": "Sunset Park, NY", "Level": 2.0 }, "geometry": { "type": "Point", "coordinates": [ -74.0127194, 40.636111 ] } },
{ "type": "Feature", "properties": { "Business_Name": "Xi Fang Temple", "Address": "5101 8th Ave, Brooklyn, NY 11220, United States", "Keyword": "佛教中心", "Neighborhood": "Sunset Park, NY", "Level": 2.0 }, "geometry": { "type": "Point", "coordinates": [ -74.0042269, 40.6403873 ] } },
{ "type": "Feature", "properties": { "Business_Name": "Shantideva Center (FPMT)", "Address": "432 6th Ave, Brooklyn, NY 11215, United States", "Keyword": "佛教中心", "Neighborhood": "Sunset Park, NY", "Level": 2.0 }, "geometry": { "type": "Point", "coordinates": [ -73.9839676, 40.6682188 ] } },
{ "type": "Feature", "properties": { "Business_Name": "WESTERN BUDDHIST ASSOCIATION, INC.", "Address": "5601 Fort Hamilton Pkwy, Brooklyn, NY 11219, United States", "Keyword": "佛教中心", "Neighborhood": "Sunset Park, NY", "Level": 2.0 }, "geometry": { "type": "Point", "coordinates": [ -74.0025309, 40.6347842 ] } },
{ "type": "Feature", "properties": { "Business_Name": "American Tianfo Temple", "Address": "837 59th St #6F, Brooklyn, NY 11220, United States", "Keyword": "佛教中心", "Neighborhood": "Sunset Park, NY", "Level": 2.0 }, "geometry": { "type": "Point", "coordinates": [ -74.007735, 40.635613 ] } },
{ "type": "Feature", "properties": { "Business_Name": "Pujue si (Universal Enlightenment Temple)", "Address": "2249 65th St, Brooklyn, NY 11204, United States", "Keyword": "佛教中心", "Neighborhood": "Sunset Park, NY", "Level": 2.0 }, "geometry": { "type": "Point", "coordinates": [ -73.980011, 40.6131862 ] } },
{ "type": "Feature", "properties": { "Business_Name": "寶光寺", "Address": "1543 71st St, Brooklyn, NY 11228, United States", "Keyword": "佛教中心", "Neighborhood": "Sunset Park, NY", "Level": 2.0 }, "geometry": { "type": "Point", "coordinates": [ -73.9994578, 40.6193432 ] } },
{ "type": "Feature", "properties": { "Business_Name": "紐約慈泉寺 Ci Quan Temple", "Address": "519 53rd St 1 Fl, Brooklyn, NY 11220, United States", "Keyword": "佛教中心", "Neighborhood": "Sunset Park, NY", "Level": 2.0 }, "geometry": { "type": "Point", "coordinates": [ -74.0113858, 40.6432469 ] } },
{ "type": "Feature", "properties": { "Business_Name": "Guanyinsi - World Buddhist Center", "Address": "158 Henry St, New York, NY 10002, United States", "Keyword": "佛教中心", "Neighborhood": "Sunset Park, NY", "Level": 2.0 }, "geometry": { "type": "Point", "coordinates": [ -73.9894366, 40.7132794 ] } },
{ "type": "Feature", "properties": { "Business_Name": "Brooklyn SGI USA Buddhist Centre", "Address": "13 St Marks Pl, Brooklyn, NY 11217, United States", "Keyword": "佛教中心", "Neighborhood": "Sunset Park, NY", "Level": 2.0 }, "geometry": { "type": "Point", "coordinates": [ -73.9818551, 40.682836 ] } },
{ "type": "Feature", "properties": { "Business_Name": "Jiu Hua Zen Temple Inc of NY", "Address": "4115 8th Ave, Brooklyn, NY 11232, United States", "Keyword": "佛教中心", "Neighborhood": "Sunset Park, NY", "Level": 2.0 }, "geometry": { "type": "Point", "coordinates": [ -73.9987092, 40.6457526 ] } },
{ "type": "Feature", "properties": { "Business_Name": "Brooklyn Zen Center", "Address": "326 Clinton St, Brooklyn, NY 11231, United States", "Keyword": "佛教中心", "Neighborhood": "Sunset Park, NY", "Level": 2.0 }, "geometry": { "type": "Point", "coordinates": [ -73.9966898, 40.685767299999988 ] } },
{ "type": "Feature", "properties": { "Business_Name": "Buddhist Peaceful Enlightenment", "Address": "4516 7th Ave, Brooklyn, NY 11220, United States", "Keyword": "佛教中心", "Neighborhood": "Sunset Park, NY", "Level": 2.0 }, "geometry": { "type": "Point", "coordinates": [ -74.0034845, 40.6449855 ] } },
{ "type": "Feature", "properties": { "Business_Name": "美國慈悲寺American Ci Bei Temple", "Address": "6410 8th Ave Suite C2, Brooklyn, NY 11220, United States", "Keyword": "佛教中心", "Neighborhood": "Sunset Park, NY", "Level": 2.0 }, "geometry": { "type": "Point", "coordinates": [ -74.0123474, 40.6331299 ] } },
{ "type": "Feature", "properties": { "Business_Name": "Zen Center of New York City - Fire Lotus Temple", "Address": "500 State St, Brooklyn, NY 11217, United States", "Keyword": "佛教中心", "Neighborhood": "Sunset Park, NY", "Level": 2.0 }, "geometry": { "type": "Point", "coordinates": [ -73.9807462, 40.6860047 ] } },
{ "type": "Feature", "properties": { "Business_Name": "New York Tsurphu Goshir Dharma Center", "Address": "250 44th St #304, Brooklyn, NY 11232, United States", "Keyword": "佛教中心", "Neighborhood": "Sunset Park, NY", "Level": 2.0 }, "geometry": { "type": "Point", "coordinates": [ -74.01223, 40.6516205 ] } },
{ "type": "Feature", "properties": { "Business_Name": "Fo Guang Shan New York Temple", "Address": "154-37 Barclay Ave, Flushing, NY 11355, United States", "Keyword": "佛教中心", "Neighborhood": "Sunset Park, NY", "Level": 2.0 }, "geometry": { "type": "Point", "coordinates": [ -73.8095143, 40.7622107 ] } },
{ "type": "Feature", "properties": { "Business_Name": "Avatamsaka Buddhist Association of America", "Address": "861 61st St, Brooklyn, NY 11220, United States", "Keyword": "佛教中心", "Neighborhood": "Sunset Park, NY", "Level": 2.0 }, "geometry": { "type": "Point", "coordinates": [ -74.008432, 40.634146 ] } },
{ "type": "Feature", "properties": { "Business_Name": "Fawang si (China Buddhist Association)", "Address": "245 Canal St # 2, New York, NY 10013, United States", "Keyword": "佛教中心", "Neighborhood": "Sunset Park, NY", "Level": 2.0 }, "geometry": { "type": "Point", "coordinates": [ -74.0002401, 40.7184124 ] } },
{ "type": "Feature", "properties": { "Business_Name": "Mahayana Temple Buddhist Association", "Address": "133 Canal St, New York, NY 10002, United States", "Keyword": "佛教中心", "Neighborhood": "Sunset Park, NY", "Level": 2.0 }, "geometry": { "type": "Point", "coordinates": [ -73.995419, 40.716140300000013 ] } },
{ "type": "Feature", "properties": { "Business_Name": "Benevolent Buddhist Temple", "Address": "7116 Fort Hamilton Pkwy, Brooklyn, NY 11228, United States", "Keyword": "佛教中心", "Neighborhood": "Sunset Park, NY", "Level": 2.0 }, "geometry": { "type": "Point", "coordinates": [ -74.0141874, 40.627518599999988 ] } },
{ "type": "Feature", "properties": { "Business_Name": "Brooklyn Chinese Baptist Church", "Address": "5123 7th Ave, Brooklyn, NY 11220, United States", "Keyword": "华人教会", "Neighborhood": "Sunset Park, NY", "Level": 2.0 }, "geometry": { "type": "Point", "coordinates": [ -74.006699, 40.6412566 ] } },
{ "type": "Feature", "properties": { "Business_Name": "Grace Chinese Alliance Church", "Address": "5623 7th Ave, Brooklyn, NY 11220, United States", "Keyword": "华人教会", "Neighborhood": "Sunset Park, NY", "Level": 2.0 }, "geometry": { "type": "Point", "coordinates": [ -74.0097993, 40.6385463 ] } },
{ "type": "Feature", "properties": { "Business_Name": "纽约活泉基督教会", "Address": "5504 8th Ave, Brooklyn, NY 11220, United States", "Keyword": "华人教会", "Neighborhood": "Sunset Park, NY", "Level": 2.0 }, "geometry": { "type": "Point", "coordinates": [ -74.0068883, 40.6382693 ] } },
{ "type": "Feature", "properties": { "Business_Name": "闽恩教会", "Address": "5216 6th Ave, Brooklyn, NY 11220, United States", "Keyword": "华人教会", "Neighborhood": "Sunset Park, NY", "Level": 2.0 }, "geometry": { "type": "Point", "coordinates": [ -74.0098436, 40.642358 ] } },
{ "type": "Feature", "properties": { "Business_Name": "Brooklyn Chinese America Association", "Address": "5002 8th Ave, Brooklyn, NY 11220, United States", "Keyword": "华人教会", "Neighborhood": "Sunset Park, NY", "Level": 2.0 }, "geometry": { "type": "Point", "coordinates": [ -74.0039994, 40.6411656 ] } },
{ "type": "Feature", "properties": { "Business_Name": "The Church of Grace to Fujianese NY", "Address": "5212 6th Ave, Brooklyn, NY 11220, United States", "Keyword": "华人教会", "Neighborhood": "Sunset Park, NY", "Level": 2.0 }, "geometry": { "type": "Point", "coordinates": [ -74.0096813, 40.6425124 ] } },
{ "type": "Feature", "properties": { "Business_Name": "布碌崙基督教會Brooklyn Christian Church 華語 中文 禮拜", "Address": "1413 Avenue T, E 15th St at, Brooklyn, NY 11229, United States", "Keyword": "华人教会", "Neighborhood": "Sunset Park, NY", "Level": 2.0 }, "geometry": { "type": "Point", "coordinates": [ -73.957221, 40.6014439 ] } },
{ "type": "Feature", "properties": { "Business_Name": "Chinese Promise Baptist Church", "Address": "842 41st St, Brooklyn, NY 11232, United States", "Keyword": "华人教会", "Neighborhood": "Sunset Park, NY", "Level": 2.0 }, "geometry": { "type": "Point", "coordinates": [ -73.997552, 40.6453149 ] } },
{ "type": "Feature", "properties": { "Business_Name": "New York Chinese Efc", "Address": "6501 6th Ave, Brooklyn, NY 11220, United States", "Keyword": "华人教会", "Neighborhood": "Sunset Park, NY", "Level": 2.0 }, "geometry": { "type": "Point", "coordinates": [ -74.0172332, 40.6347714 ] } },
{ "type": "Feature", "properties": { "Business_Name": "新福堂教堂", "Address": "4702 4th Ave, Brooklyn, NY 11220, United States", "Keyword": "华人教会", "Neighborhood": "Sunset Park, NY", "Level": 2.0 }, "geometry": { "type": "Point", "coordinates": [ -74.0111043, 40.6481786 ] } },
{ "type": "Feature", "properties": { "Business_Name": "Good News Brooklyn NY Church 好消息布鲁伦纽约教会", "Address": "765 43rd St #1fl, Brooklyn, NY 11232, United States", "Keyword": "华人教会", "Neighborhood": "Sunset Park, NY", "Level": 2.0 }, "geometry": { "type": "Point", "coordinates": [ -73.9999203, 40.6453887 ] } },
{ "type": "Feature", "properties": { "Business_Name": "World Harvest Community Center", "Address": "6324 7th Ave, Brooklyn, NY 11220, United States", "Keyword": "华人教会", "Neighborhood": "Sunset Park, NY", "Level": 2.0 }, "geometry": { "type": "Point", "coordinates": [ -74.0141754, 40.6349183 ] } },
{ "type": "Feature", "properties": { "Business_Name": "Chinese Community Church Of New York", "Address": "6 W 96th St, New York, NY 10025, United States", "Keyword": "华人教会", "Neighborhood": "Sunset Park, NY", "Level": 2.0 }, "geometry": { "type": "Point", "coordinates": [ -73.9651769, 40.7916427 ] } },
{ "type": "Feature", "properties": { "Business_Name": "Tian Fu United Methodist Church", "Address": "4616 4th Ave, Brooklyn, NY 11220, United States", "Keyword": "华人教会", "Neighborhood": "Sunset Park, NY", "Level": 2.0 }, "geometry": { "type": "Point", "coordinates": [ -74.0109676, 40.648453 ] } },
{ "type": "Feature", "properties": { "Business_Name": "NY Chinese Alliance Church", "Address": "160 Eldridge St, New York, NY 10002, United States", "Keyword": "华人教会", "Neighborhood": "Sunset Park, NY", "Level": 2.0 }, "geometry": { "type": "Point", "coordinates": [ -73.9909862, 40.7198402 ] } },
{ "type": "Feature", "properties": { "Business_Name": "Sunset Park Community Church", "Address": "5324 4th Ave, Brooklyn, NY 11220, United States", "Keyword": "华人教会", "Neighborhood": "Sunset Park, NY", "Level": 2.0 }, "geometry": { "type": "Point", "coordinates": [ -74.0149822, 40.6444615 ] } },
{ "type": "Feature", "properties": { "Business_Name": "Basilica of Our Lady of Perpetual Help", "Address": "526 59th St, Brooklyn, NY 11220, United States", "Keyword": "华人教会", "Neighborhood": "Sunset Park, NY", "Level": 2.0 }, "geometry": { "type": "Point", "coordinates": [ -74.015542700000012, 40.6395922 ] } },
{ "type": "Feature", "properties": { "Business_Name": "Staten Island Chinese Christian Church", "Address": "159 Schmidts Ln, Staten Island, NY 10314, United States", "Keyword": "华人教会", "Neighborhood": "Sunset Park, NY", "Level": 2.0 }, "geometry": { "type": "Point", "coordinates": [ -74.1181156, 40.6093803 ] } },
{ "type": "Feature", "properties": { "Business_Name": "Chinese For Christ NY Church", "Address": "14221 Franklin Ave, Flushing, NY 11355, United States", "Keyword": "华人教会", "Neighborhood": "Sunset Park, NY", "Level": 2.0 }, "geometry": { "type": "Point", "coordinates": [ -73.823070200000018, 40.7570066 ] } },
{ "type": "Feature", "properties": { "Business_Name": "Fourth Avenue Methodist Church", "Address": "4614 4th Ave, Brooklyn, NY 11220, United States", "Keyword": "华人教会", "Neighborhood": "Sunset Park, NY", "Level": 2.0 }, "geometry": { "type": "Point", "coordinates": [ -74.0109895, 40.6484658 ] } },
{ "type": "Feature", "properties": { "Business_Name": "纽约活泉基督教会", "Address": "5504 8th Ave, Brooklyn, NY 11220, United States", "Keyword": "基督教堂", "Neighborhood": "Sunset Park, NY", "Level": 2.0 }, "geometry": { "type": "Point", "coordinates": [ -74.0068883, 40.6382693 ] } },
{ "type": "Feature", "properties": { "Business_Name": "Sunset Park Community Church", "Address": "5324 4th Ave, Brooklyn, NY 11220, United States", "Keyword": "基督教堂", "Neighborhood": "Sunset Park, NY", "Level": 2.0 }, "geometry": { "type": "Point", "coordinates": [ -74.0149822, 40.6444615 ] } },
{ "type": "Feature", "properties": { "Business_Name": "The Church of Jesus Christ of Latter-day Saints", "Address": "828 60th St, Brooklyn, NY 11220, United States", "Keyword": "基督教堂", "Neighborhood": "Sunset Park, NY", "Level": 2.0 }, "geometry": { "type": "Point", "coordinates": [ -74.0085696, 40.6346237 ] } },
{ "type": "Feature", "properties": { "Business_Name": "闽恩教会", "Address": "5216 6th Ave, Brooklyn, NY 11220, United States", "Keyword": "基督教堂", "Neighborhood": "Sunset Park, NY", "Level": 2.0 }, "geometry": { "type": "Point", "coordinates": [ -74.0098436, 40.642358 ] } },
{ "type": "Feature", "properties": { "Business_Name": "希伯崙基督教生命堂 Evangelical Church Mission Seminary International in Brooklyn", "Address": "861 51st St, Brooklyn, NY 11220, United States", "Keyword": "基督教堂", "Neighborhood": "Sunset Park, NY", "Level": 2.0 }, "geometry": { "type": "Point", "coordinates": [ -74.002565, 40.639791 ] } },
{ "type": "Feature", "properties": { "Business_Name": "First Evangelical Free Church, Brooklyn", "Address": "6501 6th Ave, Brooklyn, NY 11220, United States", "Keyword": "基督教堂", "Neighborhood": "Sunset Park, NY", "Level": 2.0 }, "geometry": { "type": "Point", "coordinates": [ -74.0172283, 40.6346944 ] } },
{ "type": "Feature", "properties": { "Business_Name": "The Church of Grace to Fujianese NY", "Address": "5212 6th Ave, Brooklyn, NY 11220, United States", "Keyword": "基督教堂", "Neighborhood": "Sunset Park, NY", "Level": 2.0 }, "geometry": { "type": "Point", "coordinates": [ -74.0096813, 40.6425124 ] } },
{ "type": "Feature", "properties": { "Business_Name": "Walking with Christ Church", "Address": "4002 3rd Ave, Brooklyn, NY 11232, United States", "Keyword": "基督教堂", "Neighborhood": "Sunset Park, NY", "Level": 2.0 }, "geometry": { "type": "Point", "coordinates": [ -74.0092239, 40.6533928 ] } },
{ "type": "Feature", "properties": { "Business_Name": "Good News Brooklyn NY Church 好消息布鲁伦纽约教会", "Address": "765 43rd St #1fl, Brooklyn, NY 11232, United States", "Keyword": "基督教堂", "Neighborhood": "Sunset Park, NY", "Level": 2.0 }, "geometry": { "type": "Point", "coordinates": [ -73.9999203, 40.6453887 ] } },
{ "type": "Feature", "properties": { "Business_Name": "Brooklyn Chinese Baptist Church", "Address": "5123 7th Ave, Brooklyn, NY 11220, United States", "Keyword": "基督教堂", "Neighborhood": "Sunset Park, NY", "Level": 2.0 }, "geometry": { "type": "Point", "coordinates": [ -74.006699, 40.6412566 ] } },
{ "type": "Feature", "properties": { "Business_Name": "Christ Evangelical Lutheran Church", "Address": "1070 59th St, Brooklyn, NY 11219, United States", "Keyword": "基督教堂", "Neighborhood": "Sunset Park, NY", "Level": 2.0 }, "geometry": { "type": "Point", "coordinates": [ -74.002967, 40.632174 ] } },
{ "type": "Feature", "properties": { "Business_Name": "Basilica of Our Lady of Perpetual Help", "Address": "526 59th St, Brooklyn, NY 11220, United States", "Keyword": "基督教堂", "Neighborhood": "Sunset Park, NY", "Level": 2.0 }, "geometry": { "type": "Point", "coordinates": [ -74.015542700000012, 40.6395922 ] } },
{ "type": "Feature", "properties": { "Business_Name": "新福堂教堂", "Address": "4702 4th Ave, Brooklyn, NY 11220, United States", "Keyword": "基督教堂", "Neighborhood": "Sunset Park, NY", "Level": 2.0 }, "geometry": { "type": "Point", "coordinates": [ -74.0111043, 40.6481786 ] } },
{ "type": "Feature", "properties": { "Business_Name": "La Casita Comunal De Sunset Park", "Address": "414 45th St, Brooklyn, NY 11220, United States", "Keyword": "基督教堂", "Neighborhood": "Sunset Park, NY", "Level": 2.0 }, "geometry": { "type": "Point", "coordinates": [ -74.0092717, 40.648911 ] } },
{ "type": "Feature", "properties": { "Business_Name": "Christ United Methodist Church", "Address": "673 45th St, Brooklyn, NY 11220, United States", "Keyword": "基督教堂", "Neighborhood": "Sunset Park, NY", "Level": 2.0 }, "geometry": { "type": "Point", "coordinates": [ -74.00309, 40.645434900000012 ] } },
{ "type": "Feature", "properties": { "Business_Name": "World Harvest Community Center", "Address": "6324 7th Ave, Brooklyn, NY 11220, United States", "Keyword": "基督教堂", "Neighborhood": "Sunset Park, NY", "Level": 2.0 }, "geometry": { "type": "Point", "coordinates": [ -74.0141754, 40.6349183 ] } },
{ "type": "Feature", "properties": { "Business_Name": "ZION", "Address": "740 40th St, Brooklyn, NY 11232, United States", "Keyword": "基督教堂", "Neighborhood": "Sunset Park, NY", "Level": 2.0 }, "geometry": { "type": "Point", "coordinates": [ -73.9994439, 40.6473106 ] } },
{ "type": "Feature", "properties": { "Business_Name": "St. Jacobi's Lutheran Church 信義會聖雅各堂 Iglesia Luterana de San Jacobo", "Address": "5406 4th Ave, Brooklyn, NY 11220, United States", "Keyword": "基督教堂", "Neighborhood": "Sunset Park, NY", "Level": 2.0 }, "geometry": { "type": "Point", "coordinates": [ -74.0152862, 40.6441251 ] } },
{ "type": "Feature", "properties": { "Business_Name": "Resurrection Church", "Address": "740 40th St, Brooklyn, NY 11232, United States", "Keyword": "基督教堂", "Neighborhood": "Sunset Park, NY", "Level": 2.0 }, "geometry": { "type": "Point", "coordinates": [ -73.9994615, 40.6473813 ] } },
{ "type": "Feature", "properties": { "Business_Name": "healthy family social daycare inc百家乐老人活动中心", "Address": "864 56th St #1A, Brooklyn, NY 11220, United States", "Keyword": "华人老人中心", "Neighborhood": "Sunset Park, NY", "Level": 2.0 }, "geometry": { "type": "Point", "coordinates": [ -74.0057401, 40.6366147 ] } },
{ "type": "Feature", "properties": { "Business_Name": "healthy family social daycare inc百家乐老人活动中心", "Address": "864 56th St #1A, Brooklyn, NY 11220, United States", "Keyword": "老人日托", "Neighborhood": "Sunset Park, NY", "Level": 2.0 }, "geometry": { "type": "Point", "coordinates": [ -74.0057401, 40.6366147 ] } },
{ "type": "Feature", "properties": { "Business_Name": "Sunset Park Neighborhood Senior Center", "Address": "4520 4th Ave, Brooklyn, NY 11220, United States", "Keyword": "老人日托", "Neighborhood": "Sunset Park, NY", "Level": 2.0 }, "geometry": { "type": "Point", "coordinates": [ -74.010404, 40.6489853 ] } },
{ "type": "Feature", "properties": { "Business_Name": "Harmony day care center 怡和园活动中心", "Address": "749 60th St, Brooklyn, NY 11220, United States", "Keyword": "老人日托", "Neighborhood": "Sunset Park, NY", "Level": 2.0 }, "geometry": { "type": "Point", "coordinates": [ -74.010369, 40.6361779 ] } },
{ "type": "Feature", "properties": { "Business_Name": "ACC(Asian Community Center)亚裔社区中心", "Address": "746 61st St, Brooklyn, NY 11220, United States", "Keyword": "华人社区中心", "Neighborhood": "Sunset Park, NY", "Level": 2.0 }, "geometry": { "type": "Point", "coordinates": [ -74.011358, 40.63534 ] } },
{ "type": "Feature", "properties": { "Business_Name": "Brooklyn Chinese America Association", "Address": "5002 8th Ave, Brooklyn, NY 11220, United States", "Keyword": "华人社区中心", "Neighborhood": "Sunset Park, NY", "Level": 2.0 }, "geometry": { "type": "Point", "coordinates": [ -74.0039994, 40.6411656 ] } },
{ "type": "Feature", "properties": { "Business_Name": "Brooklyn Chinese-American Association Eighth Avenue Senior Citizens Center", "Address": "5007 7th Ave, Brooklyn, NY 11220, United States", "Keyword": "华人社区中心", "Neighborhood": "Sunset Park, NY", "Level": 2.0 }, "geometry": { "type": "Point", "coordinates": [ -74.0060044, 40.642186300000013 ] } },
{ "type": "Feature", "properties": { "Business_Name": "Chinese-American Planning Council - Brooklyn Community Service", "Address": "4101 8th Ave, Brooklyn, NY 11232, United States", "Keyword": "华人社区中心", "Neighborhood": "Sunset Park, NY", "Level": 2.0 }, "geometry": { "type": "Point", "coordinates": [ -73.9982646, 40.645924 ] } },
{ "type": "Feature", "properties": { "Business_Name": "New York Chinese Community Center", "Address": "62 Mott St, New York, NY 10013, United States", "Keyword": "华人社区中心", "Neighborhood": "Sunset Park, NY", "Level": 2.0 }, "geometry": { "type": "Point", "coordinates": [ -73.9981392, 40.7160503 ] } },
{ "type": "Feature", "properties": { "Business_Name": "VNS Health: Sunset Park Community Center", "Address": "5521 8th Ave, Brooklyn, NY 11220, United States", "Keyword": "华人社区中心", "Neighborhood": "Sunset Park, NY", "Level": 2.0 }, "geometry": { "type": "Point", "coordinates": [ -74.0068849, 40.6378794 ] } },
{ "type": "Feature", "properties": { "Business_Name": "Brooklyn Chinese-American Association Office", "Address": "4204 8th Ave, Brooklyn, NY 11232, United States", "Keyword": "华人社区中心", "Neighborhood": "Sunset Park, NY", "Level": 2.0 }, "geometry": { "type": "Point", "coordinates": [ -73.999298, 40.6455564 ] } },
{ "type": "Feature", "properties": { "Business_Name": "8th Avenue Chinatown, Brooklyn, NY", "Address": "5515 8th Ave # C2, Brooklyn, NY 11220, United States", "Keyword": "华人社区中心", "Neighborhood": "Sunset Park, NY", "Level": 2.0 }, "geometry": { "type": "Point", "coordinates": [ -74.0069766, 40.6377802 ] } },
{ "type": "Feature", "properties": { "Business_Name": "Brooklyn Chinese American Association", "Address": "7207 8th Ave, Brooklyn, NY 11228, United States", "Keyword": "华人社区中心", "Neighborhood": "Sunset Park, NY", "Level": 2.0 }, "geometry": { "type": "Point", "coordinates": [ -74.0167176, 40.6284109 ] } },
{ "type": "Feature", "properties": { "Business_Name": "BCA NEIGHBORHOOD SENIOR CENTER", "Address": "545 60th St, Brooklyn, NY 11220, United States", "Keyword": "华人社区中心", "Neighborhood": "Sunset Park, NY", "Level": 2.0 }, "geometry": { "type": "Point", "coordinates": [ -74.0145668, 40.6386596 ] } },
{ "type": "Feature", "properties": { "Business_Name": "Chinese Community Center of Flushing", "Address": "4317 Union St level c, Flushing, NY 11355, United States", "Keyword": "华人社区中心", "Neighborhood": "Sunset Park, NY", "Level": 2.0 }, "geometry": { "type": "Point", "coordinates": [ -73.8211513, 40.754302 ] } },
{ "type": "Feature", "properties": { "Business_Name": "Xi Fang Temple", "Address": "5101 8th Ave, Brooklyn, NY 11220, United States", "Keyword": "华人社区中心", "Neighborhood": "Sunset Park, NY", "Level": 2.0 }, "geometry": { "type": "Point", "coordinates": [ -74.0042269, 40.6403873 ] } },
{ "type": "Feature", "properties": { "Business_Name": "Brooklyn Chinese Association", "Address": "6809 20th Ave, Brooklyn, NY 11204, United States", "Keyword": "华人社区中心", "Neighborhood": "Sunset Park, NY", "Level": 2.0 }, "geometry": { "type": "Point", "coordinates": [ -73.9877585, 40.6145143 ] } },
{ "type": "Feature", "properties": { "Business_Name": "Brooklyn Chinese America Association", "Address": "5002 8th Ave, Brooklyn, NY 11220, United States", "Keyword": "华侨会馆", "Neighborhood": "Sunset Park, NY", "Level": 2.0 }, "geometry": { "type": "Point", "coordinates": [ -74.0039994, 40.6411656 ] } },
{ "type": "Feature", "properties": { "Business_Name": "8th Avenue Chinatown, Brooklyn, NY", "Address": "5515 8th Ave # C2, Brooklyn, NY 11220, United States", "Keyword": "华侨会馆", "Neighborhood": "Sunset Park, NY", "Level": 2.0 }, "geometry": { "type": "Point", "coordinates": [ -74.0069766, 40.6377802 ] } },
{ "type": "Feature", "properties": { "Business_Name": "Chinese-American Planning Council - Brooklyn Community Service", "Address": "4101 8th Ave, Brooklyn, NY 11232, United States", "Keyword": "华侨会馆", "Neighborhood": "Sunset Park, NY", "Level": 2.0 }, "geometry": { "type": "Point", "coordinates": [ -73.9982646, 40.645924 ] } },
{ "type": "Feature", "properties": { "Business_Name": "Brooklyn Chinese-American Association Eighth Avenue Senior Citizens Center", "Address": "5007 7th Ave, Brooklyn, NY 11220, United States", "Keyword": "华侨会馆", "Neighborhood": "Sunset Park, NY", "Level": 2.0 }, "geometry": { "type": "Point", "coordinates": [ -74.0060044, 40.642186300000013 ] } },
{ "type": "Feature", "properties": { "Business_Name": "New Pacific Palace", "Address": "813 55th St, Brooklyn, NY 11220, United States", "Keyword": "同乡会", "Neighborhood": "Sunset Park, NY", "Level": 2.0 }, "geometry": { "type": "Point", "coordinates": [ -74.0061472, 40.6381685 ] } },
{ "type": "Feature", "properties": { "Business_Name": "Sunset Park", "Address": "7th Avenue &, 43rd St, Brooklyn, NY 11232, United States", "Keyword": "侨团", "Neighborhood": "Sunset Park, NY", "Level": 2.0 }, "geometry": { "type": "Point", "coordinates": [ -74.0037443, 40.6479517 ] } },
{ "type": "Feature", "properties": { "Business_Name": "The Salvation Army Brooklyn Sunset Park Corps Community Center", "Address": "520 50th St, Brooklyn, NY 11220, United States", "Keyword": "侨团", "Neighborhood": "Sunset Park, NY", "Level": 2.0 }, "geometry": { "type": "Point", "coordinates": [ -74.00984720000001, 40.6446891 ] } },
{ "type": "Feature", "properties": { "Business_Name": "Sunset park", "Address": "400 59th St, Brooklyn, NY 11220, United States", "Keyword": "侨团", "Neighborhood": "Sunset Park, NY", "Level": 2.0 }, "geometry": { "type": "Point", "coordinates": [ -74.0186852, 40.6413324 ] } },
{ "type": "Feature", "properties": { "Business_Name": "Brooklyn Chinese America Association", "Address": "5002 8th Ave, Brooklyn, NY 11220, United States", "Keyword": "侨团", "Neighborhood": "Sunset Park, NY", "Level": 2.0 }, "geometry": { "type": "Point", "coordinates": [ -74.0039994, 40.6411656 ] } },
{ "type": "Feature", "properties": { "Business_Name": "Prospect Park", "Address": "Brooklyn, NY, United States", "Keyword": "侨团", "Neighborhood": "Sunset Park, NY", "Level": 2.0 }, "geometry": { "type": "Point", "coordinates": [ -73.9689558, 40.6602037 ] } },
{ "type": "Feature", "properties": { "Business_Name": "Sunset Park BID", "Address": "5116 5th Ave #3, Brooklyn, NY 11220, United States", "Keyword": "侨团", "Neighborhood": "Sunset Park, NY", "Level": 2.0 }, "geometry": { "type": "Point", "coordinates": [ -74.0113338, 40.6443252 ] } },
{ "type": "Feature", "properties": { "Business_Name": "Salvation Army Sunset Park Corp- Food Distribution Center", "Address": "520 50th St, Brooklyn, NY 11220, United States", "Keyword": "侨团", "Neighborhood": "Sunset Park, NY", "Level": 2.0 }, "geometry": { "type": "Point", "coordinates": [ -74.0098458, 40.6446882 ] } },
{ "type": "Feature", "properties": { "Business_Name": "Center For Family Life", "Address": "443 39th St, Brooklyn, NY 11232, United States", "Keyword": "侨团", "Neighborhood": "Sunset Park, NY", "Level": 2.0 }, "geometry": { "type": "Point", "coordinates": [ -74.0047805, 40.6519399 ] } },
{ "type": "Feature", "properties": { "Business_Name": "Joan's 5th Avenue", "Address": "5404 5th Ave, Brooklyn, NY 11220, United States", "Keyword": "侨团", "Neighborhood": "Sunset Park, NY", "Level": 2.0 }, "geometry": { "type": "Point", "coordinates": [ -74.0129269, 40.6427957 ] } },
{ "type": "Feature", "properties": { "Business_Name": "Brooklyn Chinese American Association Day Care", "Address": "713 43rd St, Brooklyn, NY 11232, United States", "Keyword": "侨团", "Neighborhood": "Sunset Park, NY", "Level": 2.0 }, "geometry": { "type": "Point", "coordinates": [ -74.001278, 40.6462075 ] } },
{ "type": "Feature", "properties": { "Business_Name": "Sunset Park", "Address": "7th Avenue &, 43rd St, Brooklyn, NY 11232, United States", "Keyword": "公所", "Neighborhood": "Sunset Park, NY", "Level": 2.0 }, "geometry": { "type": "Point", "coordinates": [ -74.0037443, 40.6479517 ] } },
{ "type": "Feature", "properties": { "Business_Name": "Sunset Park BID", "Address": "5116 5th Ave #3, Brooklyn, NY 11220, United States", "Keyword": "公所", "Neighborhood": "Sunset Park, NY", "Level": 2.0 }, "geometry": { "type": "Point", "coordinates": [ -74.0113338, 40.6443252 ] } },
{ "type": "Feature", "properties": { "Business_Name": "Sunset Park", "Address": "Sunset Park, Brooklyn, NY, USA", "Keyword": "公所", "Neighborhood": "Sunset Park, NY", "Level": 2.0 }, "geometry": { "type": "Point", "coordinates": [ -74.0091872, 40.6526345 ] } },
{ "type": "Feature", "properties": { "Business_Name": "Sunset park", "Address": "400 59th St, Brooklyn, NY 11220, United States", "Keyword": "公所", "Neighborhood": "Sunset Park, NY", "Level": 2.0 }, "geometry": { "type": "Point", "coordinates": [ -74.0186852, 40.6413324 ] } },
{ "type": "Feature", "properties": { "Business_Name": "Sunset Park Courthouse", "Address": "4201 4th Ave, Brooklyn, NY 11232, United States", "Keyword": "公所", "Neighborhood": "Sunset Park, NY", "Level": 2.0 }, "geometry": { "type": "Point", "coordinates": [ -74.0078535, 40.6505805 ] } },
{ "type": "Feature", "properties": { "Business_Name": "Sunset Park Playground", "Address": "7th Avenue &, 43rd St, Brooklyn, NY 11232, United States", "Keyword": "公所", "Neighborhood": "Sunset Park, NY", "Level": 2.0 }, "geometry": { "type": "Point", "coordinates": [ -74.0044813, 40.6477567 ] } },
{ "type": "Feature", "properties": { "Business_Name": "Sunset Park Apartments", "Address": "5302 6th Ave, Brooklyn, NY 11220, United States", "Keyword": "公所", "Neighborhood": "Sunset Park, NY", "Level": 2.0 }, "geometry": { "type": "Point", "coordinates": [ -74.0101789, 40.6420234 ] } },
{ "type": "Feature", "properties": { "Business_Name": "New York Chinese Community Center", "Address": "62 Mott St, New York, NY 10013, United States", "Keyword": "公所", "Neighborhood": "Sunset Park, NY", "Level": 2.0 }, "geometry": { "type": "Point", "coordinates": [ -73.9981392, 40.7160503 ] } },
{ "type": "Feature", "properties": { "Business_Name": "Sunset Park RE", "Address": "5215 7th Ave, Brooklyn, NY 11220, United States", "Keyword": "公所", "Neighborhood": "Sunset Park, NY", "Level": 2.0 }, "geometry": { "type": "Point", "coordinates": [ -74.0073082, 40.6409055 ] } },
{ "type": "Feature", "properties": { "Business_Name": "Sunset Park", "Address": "5724 4th Ave, Brooklyn, NY 11220, United States", "Keyword": "公所", "Neighborhood": "Sunset Park, NY", "Level": 2.0 }, "geometry": { "type": "Point", "coordinates": [ -74.0171628, 40.6423528 ] } },
{ "type": "Feature", "properties": { "Business_Name": "Sunset Park Recreation Center", "Address": "4200 7th Ave, Brooklyn, NY 11232, United States", "Keyword": "公所", "Neighborhood": "Sunset Park, NY", "Level": 2.0 }, "geometry": { "type": "Point", "coordinates": [ -74.0020336, 40.6468857 ] } }
]
}
