{
"type": "FeatureCollection",
"name": "L3",
"crs": { "type": "name", "properties": { "name": "urn:ogc:def:crs:OGC:1.3:CRS84" } },
"features": [
{ "type": "Feature", "properties": { "Business_Name": "Bank of China", "Address": "42-35 Main St, Flushing, NY 11355, United States", "Keyword": "Chinese bank", "Neighborhood": "Flushing, NY", "Level": 3.0 }, "geometry": { "type": "Point", "coordinates": [ -73.8275875, 40.7545285 ] } },
{ "type": "Feature", "properties": { "Business_Name": "Chinese American Real Estate Association", "Address": "136-20 38th Ave #11a, Flushing, NY 11354, United States", "Keyword": "Chinese real estate", "Neighborhood": "Flushing, NY", "Level": 3.0 }, "geometry": { "type": "Point", "coordinates": [ -73.8298336, 40.7607693 ] } },
{ "type": "Feature", "properties": { "Business_Name": "Wei Lin, Chase Global Realty Corp", "Address": "14075 Ash Ave ofc 2e, Flushing, NY 11355, United States", "Keyword": "Chinese real estate", "Neighborhood": "Flushing, NY", "Level": 3.0 }, "geometry": { "type": "Point", "coordinates": [ -73.8217716, 40.7565166 ] } },
{ "type": "Feature", "properties": { "Business_Name": "Century Homes Realty Group LLC.", "Address": "34-36 Union St Ste.201, Flushing, NY 11354, United States", "Keyword": "Chinese real estate", "Neighborhood": "Flushing, NY", "Level": 3.0 }, "geometry": { "type": "Point", "coordinates": [ -73.8279554, 40.765912 ] } },
{ "type": "Feature", "properties": { "Business_Name": "June Chang, Realtor - JuneNYC Team - E Realty International Corp", "Address": "39-07 Prince St #4d, Flushing, NY 11354, United States", "Keyword": "Chinese real estate", "Neighborhood": "Flushing, NY", "Level": 3.0 }, "geometry": { "type": "Point", "coordinates": [ -73.8320321, 40.7594624 ] } },
{ "type": "Feature", "properties": { "Business_Name": "E Realty International Corp.", "Address": "39-07 Prince Street #4D, 39-07 Prince St #4d, Flushing, NY 11354, United States", "Keyword": "Chinese real estate", "Neighborhood": "Flushing, NY", "Level": 3.0 }, "geometry": { "type": "Point", "coordinates": [ -73.8320225, 40.7595667 ] } },
{ "type": "Feature", "properties": { "Business_Name": "Zhen Hu Realtor | Key Impact Realty Group, Inc. - Queens, NY - Real Estate Agent", "Address": "131-06 40th Rd 4 fl, Flushing, NY 11354, United States", "Keyword": "Chinese real estate", "Neighborhood": "Flushing, NY", "Level": 3.0 }, "geometry": { "type": "Point", "coordinates": [ -73.836207, 40.7557128 ] } },
{ "type": "Feature", "properties": { "Business_Name": "纽约环球地产-代理房屋买卖，出租，商业用地买卖，法拍屋", "Address": "39-07 Prince St, Flushing, NY 11354, United States", "Keyword": "Chinese real estate", "Neighborhood": "Flushing, NY", "Level": 3.0 }, "geometry": { "type": "Point", "coordinates": [ -73.83205, 40.7594773 ] } },
{ "type": "Feature", "properties": { "Business_Name": "Li Ling Wang, Chase Global Realty Corp", "Address": "14075 Ash Ave Ofc 2E, Flushing, NY 11355, United States", "Keyword": "Chinese real estate", "Neighborhood": "Flushing, NY", "Level": 3.0 }, "geometry": { "type": "Point", "coordinates": [ -73.8220842, 40.7563128 ] } },
{ "type": "Feature", "properties": { "Business_Name": "Huang \"Jimmy\" Chen at Century Homes Realty Group LLC", "Address": "34-36 Union St Ste.201, Flushing, NY 11354, United States", "Keyword": "Chinese real estate", "Neighborhood": "Flushing, NY", "Level": 3.0 }, "geometry": { "type": "Point", "coordinates": [ -73.8279169, 40.7659029 ] } },
{ "type": "Feature", "properties": { "Business_Name": "建 峰 地产", "Address": "131-08 40th Rd, Flushing, NY 11354, United States", "Keyword": "Chinese real estate", "Neighborhood": "Flushing, NY", "Level": 3.0 }, "geometry": { "type": "Point", "coordinates": [ -73.8361704, 40.7557617 ] } },
{ "type": "Feature", "properties": { "Business_Name": "Tian Qing Zhuo - E Reatly International Corp", "Address": "39-07 Prince St #4d, Flushing, NY 11354, United States", "Keyword": "Chinese real estate", "Neighborhood": "Flushing, NY", "Level": 3.0 }, "geometry": { "type": "Point", "coordinates": [ -73.8320321, 40.7594624 ] } },
{ "type": "Feature", "properties": { "Business_Name": "Yu Jia \"Chantal\" Liu at Century Homes Realty Group", "Address": "34-36 Union St Ste.201, Flushing, NY 11354, United States", "Keyword": "Chinese real estate", "Neighborhood": "Flushing, NY", "Level": 3.0 }, "geometry": { "type": "Point", "coordinates": [ -73.8279169, 40.7659029 ] } },
{ "type": "Feature", "properties": { "Business_Name": "Xiao \"Annie\" Zheng at Century Homes Realty Group LLC", "Address": "34-36 Union St, Flushing, NY 11354, United States", "Keyword": "Chinese real estate", "Neighborhood": "Flushing, NY", "Level": 3.0 }, "geometry": { "type": "Point", "coordinates": [ -73.8279169, 40.7659029 ] } },
{ "type": "Feature", "properties": { "Business_Name": "【家禾置业】房地产公司-Jiahe Realty Inc.", "Address": "136-16 35th Ave STE 1A, Flushing, NY 11354, United States", "Keyword": "Chinese real estate", "Neighborhood": "Flushing, NY", "Level": 3.0 }, "geometry": { "type": "Point", "coordinates": [ -73.8299333, 40.764646 ] } },
{ "type": "Feature", "properties": { "Business_Name": "Xia Weng, E Realty International Corp", "Address": "3907 Prince St #4d, Flushing, NY 11354, United States", "Keyword": "Chinese real estate", "Neighborhood": "Flushing, NY", "Level": 3.0 }, "geometry": { "type": "Point", "coordinates": [ -73.8320321, 40.7594624 ] } },
{ "type": "Feature", "properties": { "Business_Name": "iTraining Real Estate School", "Address": "133-36 41st Rd C6(B, Flushing, NY 11355, United States", "Keyword": "Chinese real estate", "Neighborhood": "Flushing, NY", "Level": 3.0 }, "geometry": { "type": "Point", "coordinates": [ -73.8296428, 40.7570768 ] } },
{ "type": "Feature", "properties": { "Business_Name": "Law Office of Thomas Lai", "Address": "135-27 38th Ave, Flushing, NY 11354, United States", "Keyword": "Chinese real estate", "Neighborhood": "Flushing, NY", "Level": 3.0 }, "geometry": { "type": "Point", "coordinates": [ -73.8318438, 40.7606552 ] } },
{ "type": "Feature", "properties": { "Business_Name": "Riches Wu, Realtor", "Address": "34-36 Union St Ste.201, Flushing, NY 11354, United States", "Keyword": "Chinese real estate", "Neighborhood": "Flushing, NY", "Level": 3.0 }, "geometry": { "type": "Point", "coordinates": [ -73.827917, 40.765903 ] } },
{ "type": "Feature", "properties": { "Business_Name": "Sze Guan Tan Real Estate Salesperson", "Address": "136-20 38th Ave #3e, Flushing, NY 11354, United States", "Keyword": "Chinese real estate", "Neighborhood": "Flushing, NY", "Level": 3.0 }, "geometry": { "type": "Point", "coordinates": [ -73.8300252, 40.7609223 ] } },
{ "type": "Feature", "properties": { "Business_Name": "Ying Jian \"David\" Fung at Century Homes Realty Group LLC", "Address": "34-36 Union St Ste.201, Flushing, NY 11354, United States", "Keyword": "Chinese real estate", "Neighborhood": "Flushing, NY", "Level": 3.0 }, "geometry": { "type": "Point", "coordinates": [ -73.8279169, 40.7659029 ] } },
{ "type": "Feature", "properties": { "Business_Name": "Modern Chinese School", "Address": "14480 Barclay Ave, Flushing, NY 11355, United States", "Keyword": "Chinese school", "Neighborhood": "Flushing, NY", "Level": 3.0 }, "geometry": { "type": "Point", "coordinates": [ -73.8182716, 40.7603203 ] } },
{ "type": "Feature", "properties": { "Business_Name": "Modern Chinese School (Office)", "Address": "13639 41st Ave #1A, Flushing, NY 11355, United States", "Keyword": "Chinese school", "Neighborhood": "Flushing, NY", "Level": 3.0 }, "geometry": { "type": "Point", "coordinates": [ -73.8282211, 40.7589604 ] } },
{ "type": "Feature", "properties": { "Business_Name": "Flushing Chinese School", "Address": "41-60 Kissena Blvd, Flushing, NY 11355, United States", "Keyword": "Chinese school", "Neighborhood": "Flushing, NY", "Level": 3.0 }, "geometry": { "type": "Point", "coordinates": [ -73.8281808, 40.7571316 ] } },
{ "type": "Feature", "properties": { "Business_Name": "Mchat Media 纽约领客传媒", "Address": "30-62 Whitestone Expy #2/FL, Flushing, NY 11354, United States", "Keyword": "Chinese media", "Neighborhood": "Flushing, NY", "Level": 3.0 }, "geometry": { "type": "Point", "coordinates": [ -73.8370714, 40.7697169 ] } },
{ "type": "Feature", "properties": { "Business_Name": "China Books & Publications Inc", "Address": "43-12 Main St, Flushing, NY 11355, United States", "Keyword": "Chinese media", "Neighborhood": "Flushing, NY", "Level": 3.0 }, "geometry": { "type": "Point", "coordinates": [ -73.8269146, 40.7521547 ] } },
{ "type": "Feature", "properties": { "Business_Name": "Chinese Radio Network", "Address": "13311 41st Rd, Flushing, NY 11355, United States", "Keyword": "Chinese media", "Neighborhood": "Flushing, NY", "Level": 3.0 }, "geometry": { "type": "Point", "coordinates": [ -73.831085, 40.7568051 ] } },
{ "type": "Feature", "properties": { "Business_Name": "Sinovision", "Address": "3447 Collins Pl, Flushing, NY 11354, United States", "Keyword": "Chinese media", "Neighborhood": "Flushing, NY", "Level": 3.0 }, "geometry": { "type": "Point", "coordinates": [ -73.83509, 40.7643286 ] } },
{ "type": "Feature", "properties": { "Business_Name": "Milli Media 米粒传媒 网络营销推广/设计/广告/网站建设/活动策划/SEO/印刷 纽约最好广告公司", "Address": "130-30 31st Ave Room704, Flushing, NY 11354, United States", "Keyword": "Chinese media", "Neighborhood": "Flushing, NY", "Level": 3.0 }, "geometry": { "type": "Point", "coordinates": [ -73.8390617, 40.7698322 ] } },
{ "type": "Feature", "properties": { "Business_Name": "KOREAN MEDIA GROUP", "Address": "45-16 162nd St #201, Flushing, NY 11358, United States", "Keyword": "Chinese media", "Neighborhood": "Flushing, NY", "Level": 3.0 }, "geometry": { "type": "Point", "coordinates": [ -73.8048048, 40.7558506 ] } },
{ "type": "Feature", "properties": { "Business_Name": "World Journal", "Address": "141-07 20th Ave 2 fl, College Point, NY 11357, United States", "Keyword": "Chinese media", "Neighborhood": "Flushing, NY", "Level": 3.0 }, "geometry": { "type": "Point", "coordinates": [ -73.8272948, 40.782177 ] } },
{ "type": "Feature", "properties": { "Business_Name": "WuKong Media 悟空传媒", "Address": "5 W 37th St Floor 2, New York, NY 10018, United States", "Keyword": "Chinese media", "Neighborhood": "Flushing, NY", "Level": 3.0 }, "geometry": { "type": "Point", "coordinates": [ -73.983974, 40.7508638 ] } },
{ "type": "Feature", "properties": { "Business_Name": "International Entertainment", "Address": "13505 40th Rd, Flushing, NY 11354, United States", "Keyword": "Chinese media", "Neighborhood": "Flushing, NY", "Level": 3.0 }, "geometry": { "type": "Point", "coordinates": [ -73.8312876, 40.7586069 ] } },
{ "type": "Feature", "properties": { "Business_Name": "纽约鼎688广告", "Address": "2FL, 149-11 41st Ave, Flushing, NY 11355, United States", "Keyword": "Chinese media", "Neighborhood": "Flushing, NY", "Level": 3.0 }, "geometry": { "type": "Point", "coordinates": [ -73.8154611, 40.7623162 ] } },
{ "type": "Feature", "properties": { "Business_Name": "大众 368 免费分类广告", "Address": "149-11 41st Ave, Flushing, NY 11355, United States", "Keyword": "Chinese media", "Neighborhood": "Flushing, NY", "Level": 3.0 }, "geometry": { "type": "Point", "coordinates": [ -73.8154622, 40.7623159 ] } },
{ "type": "Feature", "properties": { "Business_Name": "Asian American Times Inc", "Address": "13525 40th Rd #3, Flushing, NY 11354, United States", "Keyword": "Chinese media", "Neighborhood": "Flushing, NY", "Level": 3.0 }, "geometry": { "type": "Point", "coordinates": [ -73.8307589, 40.7588032 ] } },
{ "type": "Feature", "properties": { "Business_Name": "Epoch Media Group", "Address": "229 W 28th St 7th Floor, New York, NY 10001, United States", "Keyword": "Chinese media", "Neighborhood": "Flushing, NY", "Level": 3.0 }, "geometry": { "type": "Point", "coordinates": [ -73.994748, 40.748055099999988 ] } },
{ "type": "Feature", "properties": { "Business_Name": "Korean New York News", "Address": "4522 162nd St, Flushing, NY 11358, United States", "Keyword": "Chinese media", "Neighborhood": "Flushing, NY", "Level": 3.0 }, "geometry": { "type": "Point", "coordinates": [ -73.804831, 40.7556583 ] } },
{ "type": "Feature", "properties": { "Business_Name": "Chinese Investors", "Address": "136-33 37th Ave, Flushing, NY 11354, United States", "Keyword": "Chinese media", "Neighborhood": "Flushing, NY", "Level": 3.0 }, "geometry": { "type": "Point", "coordinates": [ -73.8300064, 40.7622489 ] } },
{ "type": "Feature", "properties": { "Business_Name": "Korea Times NY Inc", "Address": "150-15 41st Ave Suite 3A, Flushing, NY 11354, United States", "Keyword": "Chinese media", "Neighborhood": "Flushing, NY", "Level": 3.0 }, "geometry": { "type": "Point", "coordinates": [ -73.8135524, 40.7630608 ] } },
{ "type": "Feature", "properties": { "Business_Name": "Queens Public Library at Flushing", "Address": "41-17 Main St, Flushing, NY 11355, United States", "Keyword": "Chinese media", "Neighborhood": "Flushing, NY", "Level": 3.0 }, "geometry": { "type": "Point", "coordinates": [ -73.8289109, 40.757796 ] } },
{ "type": "Feature", "properties": { "Business_Name": "Peace Times Inc", "Address": "14527 33rd Ave, Flushing, NY 11354, United States", "Keyword": "Chinese media", "Neighborhood": "Flushing, NY", "Level": 3.0 }, "geometry": { "type": "Point", "coordinates": [ -73.8222092, 40.7686616 ] } },
{ "type": "Feature", "properties": { "Business_Name": "Xie Bao Flushing 蟹寶", "Address": "133-35 Roosevelt Ave, Flushing, NY 11354, United States", "Keyword": "Chinese media", "Neighborhood": "Flushing, NY", "Level": 3.0 }, "geometry": { "type": "Point", "coordinates": [ -73.8331334, 40.7588367 ] } },
{ "type": "Feature", "properties": { "Business_Name": "GS Printing NY Inc.", "Address": "35-30B Farrington St, Flushing, NY 11354, United States", "Keyword": "Chinese media", "Neighborhood": "Flushing, NY", "Level": 3.0 }, "geometry": { "type": "Point", "coordinates": [ -73.8315613, 40.7635793 ] } },
{ "type": "Feature", "properties": { "Business_Name": "World Journal", "Address": "141-07 20th Ave 2 fl, College Point, NY 11357, United States", "Keyword": "Chinese newspaper", "Neighborhood": "Flushing, NY", "Level": 3.0 }, "geometry": { "type": "Point", "coordinates": [ -73.8272948, 40.782177 ] } },
{ "type": "Feature", "properties": { "Business_Name": "Korean New York News", "Address": "4522 162nd St, Flushing, NY 11358, United States", "Keyword": "Chinese newspaper", "Neighborhood": "Flushing, NY", "Level": 3.0 }, "geometry": { "type": "Point", "coordinates": [ -73.804831, 40.7556583 ] } },
{ "type": "Feature", "properties": { "Business_Name": "Korea Times NY Inc", "Address": "150-15 41st Ave Suite 3A, Flushing, NY 11354, United States", "Keyword": "Chinese newspaper", "Neighborhood": "Flushing, NY", "Level": 3.0 }, "geometry": { "type": "Point", "coordinates": [ -73.8135524, 40.7630608 ] } },
{ "type": "Feature", "properties": { "Business_Name": "Asian American Times Inc", "Address": "13525 40th Rd #3, Flushing, NY 11354, United States", "Keyword": "Chinese newspaper", "Neighborhood": "Flushing, NY", "Level": 3.0 }, "geometry": { "type": "Point", "coordinates": [ -73.8307589, 40.7588032 ] } },
{ "type": "Feature", "properties": { "Business_Name": "Peace Times Inc", "Address": "14527 33rd Ave, Flushing, NY 11354, United States", "Keyword": "Chinese newspaper", "Neighborhood": "Flushing, NY", "Level": 3.0 }, "geometry": { "type": "Point", "coordinates": [ -73.8222092, 40.7686616 ] } },
{ "type": "Feature", "properties": { "Business_Name": "Bank of China", "Address": "42-35 Main St, Flushing, NY 11355, United States", "Keyword": "华人银行", "Neighborhood": "Flushing, NY", "Level": 3.0 }, "geometry": { "type": "Point", "coordinates": [ -73.8275875, 40.7545285 ] } },
{ "type": "Feature", "properties": { "Business_Name": "CTBC Bank", "Address": "41-99 Main St, Flushing, NY 11355, United States", "Keyword": "华人银行", "Neighborhood": "Flushing, NY", "Level": 3.0 }, "geometry": { "type": "Point", "coordinates": [ -73.8281173, 40.7555918 ] } },
{ "type": "Feature", "properties": { "Business_Name": "Industrial and Commercial Bank of China (USA) NA", "Address": "39-02 Main St, Flushing, NY 11354, United States", "Keyword": "华人银行", "Neighborhood": "Flushing, NY", "Level": 3.0 }, "geometry": { "type": "Point", "coordinates": [ -73.8305742, 40.7600805 ] } },
{ "type": "Feature", "properties": { "Business_Name": "TD Bank", "Address": "38-19 Main St, Flushing, NY 11354, United States", "Keyword": "华人银行", "Neighborhood": "Flushing, NY", "Level": 3.0 }, "geometry": { "type": "Point", "coordinates": [ -73.8303226, 40.7604254 ] } },
{ "type": "Feature", "properties": { "Business_Name": "Royal Business Bank", "Address": "42-08 Main St, Flushing, NY 11355, United States", "Keyword": "华人银行", "Neighborhood": "Flushing, NY", "Level": 3.0 }, "geometry": { "type": "Point", "coordinates": [ -73.8285442, 40.7550435 ] } },
{ "type": "Feature", "properties": { "Business_Name": "Royal Business Bank", "Address": "135-34 Roosevelt Ave, Flushing, NY 11354, United States", "Keyword": "华人银行", "Neighborhood": "Flushing, NY", "Level": 3.0 }, "geometry": { "type": "Point", "coordinates": [ -73.8307644, 40.7591317 ] } },
{ "type": "Feature", "properties": { "Business_Name": "Cathay Bank", "Address": "41-48 Main St, Flushing, NY 11355, United States", "Keyword": "华人银行", "Neighborhood": "Flushing, NY", "Level": 3.0 }, "geometry": { "type": "Point", "coordinates": [ -73.8290156, 40.756702 ] } },
{ "type": "Feature", "properties": { "Business_Name": "Cathay Bank", "Address": "40 - 14/16, 40-14 Main St, Flushing, NY 11354, United States", "Keyword": "华人银行", "Neighborhood": "Flushing, NY", "Level": 3.0 }, "geometry": { "type": "Point", "coordinates": [ -73.8302932, 40.7590886 ] } },
{ "type": "Feature", "properties": { "Business_Name": "Citi", "Address": "3817 Main St, Flushing, NY 11354, United States", "Keyword": "华人银行", "Neighborhood": "Flushing, NY", "Level": 3.0 }, "geometry": { "type": "Point", "coordinates": [ -73.8303286, 40.7606085 ] } },
{ "type": "Feature", "properties": { "Business_Name": "East Bank", "Address": "13681 Roosevelt Ave # 2, Flushing, NY 11354, United States", "Keyword": "华人银行", "Neighborhood": "Flushing, NY", "Level": 3.0 }, "geometry": { "type": "Point", "coordinates": [ -73.82731, 40.7605009 ] } },
{ "type": "Feature", "properties": { "Business_Name": "Chase Bank", "Address": "39-01 Main St, Flushing, NY 11354, United States", "Keyword": "华人银行", "Neighborhood": "Flushing, NY", "Level": 3.0 }, "geometry": { "type": "Point", "coordinates": [ -73.830081, 40.760126 ] } },
{ "type": "Feature", "properties": { "Business_Name": "Cathay Bank", "Address": "36-54 Main St, Flushing, NY 11354, United States", "Keyword": "华人银行", "Neighborhood": "Flushing, NY", "Level": 3.0 }, "geometry": { "type": "Point", "coordinates": [ -73.8314473, 40.7617965 ] } },
{ "type": "Feature", "properties": { "Business_Name": "East West Bank", "Address": "38-05 Union St, Flushing, NY 11354, United States", "Keyword": "华人银行", "Neighborhood": "Flushing, NY", "Level": 3.0 }, "geometry": { "type": "Point", "coordinates": [ -73.8268234, 40.7615797 ] } },
{ "type": "Feature", "properties": { "Business_Name": "East West Bank", "Address": "135-11 Roosevelt Ave, Flushing, NY 11354, United States", "Keyword": "华人银行", "Neighborhood": "Flushing, NY", "Level": 3.0 }, "geometry": { "type": "Point", "coordinates": [ -73.8315684, 40.759278 ] } },
{ "type": "Feature", "properties": { "Business_Name": "Bank of America Financial Center", "Address": "4201 Main St, Flushing, NY 11355, United States", "Keyword": "华人银行", "Neighborhood": "Flushing, NY", "Level": 3.0 }, "geometry": { "type": "Point", "coordinates": [ -73.82795, 40.7552929 ] } },
{ "type": "Feature", "properties": { "Business_Name": "Flushing Bank", "Address": "136-41 Roosevelt Ave, Flushing, NY 11354, United States", "Keyword": "华人银行", "Neighborhood": "Flushing, NY", "Level": 3.0 }, "geometry": { "type": "Point", "coordinates": [ -73.828643, 40.7600647 ] } },
{ "type": "Feature", "properties": { "Business_Name": "法拉盛信贷 Flushing Lending", "Address": "39-15 Main St Suite 401A, Flushing, NY 11354, United States", "Keyword": "华人银行", "Neighborhood": "Flushing, NY", "Level": 3.0 }, "geometry": { "type": "Point", "coordinates": [ -73.8299883, 40.759833400000012 ] } },
{ "type": "Feature", "properties": { "Business_Name": "HSBC Bank", "Address": "39-10 Main St, Flushing, NY 11354, United States", "Keyword": "华人银行", "Neighborhood": "Flushing, NY", "Level": 3.0 }, "geometry": { "type": "Point", "coordinates": [ -73.8305205, 40.759968699999988 ] } },
{ "type": "Feature", "properties": { "Business_Name": "Bank of America Financial Center", "Address": "3912 Main St, Flushing, NY 11354, United States", "Keyword": "华人银行", "Neighborhood": "Flushing, NY", "Level": 3.0 }, "geometry": { "type": "Point", "coordinates": [ -73.8304709, 40.7598622 ] } },
{ "type": "Feature", "properties": { "Business_Name": "Flushing Bank", "Address": "44-43 Kissena Blvd, Flushing, NY 11355, United States", "Keyword": "华人银行", "Neighborhood": "Flushing, NY", "Level": 3.0 }, "geometry": { "type": "Point", "coordinates": [ -73.8215153, 40.753088 ] } },
{ "type": "Feature", "properties": { "Business_Name": "Bank of China", "Address": "42-35 Main St, Flushing, NY 11355, United States", "Keyword": "中资银行", "Neighborhood": "Flushing, NY", "Level": 3.0 }, "geometry": { "type": "Point", "coordinates": [ -73.8275875, 40.7545285 ] } },
{ "type": "Feature", "properties": { "Business_Name": "CTBC Bank", "Address": "41-99 Main St, Flushing, NY 11355, United States", "Keyword": "中资银行", "Neighborhood": "Flushing, NY", "Level": 3.0 }, "geometry": { "type": "Point", "coordinates": [ -73.8281173, 40.7555918 ] } },
{ "type": "Feature", "properties": { "Business_Name": "Industrial and Commercial Bank of China (USA) NA", "Address": "39-02 Main St, Flushing, NY 11354, United States", "Keyword": "中资银行", "Neighborhood": "Flushing, NY", "Level": 3.0 }, "geometry": { "type": "Point", "coordinates": [ -73.8305742, 40.7600805 ] } },
{ "type": "Feature", "properties": { "Business_Name": "Cathay Bank", "Address": "36-54 Main St, Flushing, NY 11354, United States", "Keyword": "中资银行", "Neighborhood": "Flushing, NY", "Level": 3.0 }, "geometry": { "type": "Point", "coordinates": [ -73.8314473, 40.7617965 ] } },
{ "type": "Feature", "properties": { "Business_Name": "Cathay Bank", "Address": "41-48 Main St, Flushing, NY 11355, United States", "Keyword": "中资银行", "Neighborhood": "Flushing, NY", "Level": 3.0 }, "geometry": { "type": "Point", "coordinates": [ -73.8290156, 40.756702 ] } },
{ "type": "Feature", "properties": { "Business_Name": "Cathay Bank", "Address": "40 - 14/16, 40-14 Main St, Flushing, NY 11354, United States", "Keyword": "中资银行", "Neighborhood": "Flushing, NY", "Level": 3.0 }, "geometry": { "type": "Point", "coordinates": [ -73.8302932, 40.7590886 ] } },
{ "type": "Feature", "properties": { "Business_Name": "Bank of America Financial Center", "Address": "4201 Main St, Flushing, NY 11355, United States", "Keyword": "中资银行", "Neighborhood": "Flushing, NY", "Level": 3.0 }, "geometry": { "type": "Point", "coordinates": [ -73.82795, 40.7552929 ] } },
{ "type": "Feature", "properties": { "Business_Name": "HSBC Bank", "Address": "39-10 Main St, Flushing, NY 11354, United States", "Keyword": "中资银行", "Neighborhood": "Flushing, NY", "Level": 3.0 }, "geometry": { "type": "Point", "coordinates": [ -73.8305205, 40.759968699999988 ] } },
{ "type": "Feature", "properties": { "Business_Name": "Royal Business Bank", "Address": "135-34 Roosevelt Ave, Flushing, NY 11354, United States", "Keyword": "中资银行", "Neighborhood": "Flushing, NY", "Level": 3.0 }, "geometry": { "type": "Point", "coordinates": [ -73.8307644, 40.7591317 ] } },
{ "type": "Feature", "properties": { "Business_Name": "Bank of China", "Address": "42-35 Main St, Flushing, NY 11355, United States", "Keyword": "中国银行", "Neighborhood": "Flushing, NY", "Level": 3.0 }, "geometry": { "type": "Point", "coordinates": [ -73.8275875, 40.7545285 ] } },
{ "type": "Feature", "properties": { "Business_Name": "Industrial and Commercial Bank of China (USA) NA", "Address": "39-02 Main St, Flushing, NY 11354, United States", "Keyword": "中国银行", "Neighborhood": "Flushing, NY", "Level": 3.0 }, "geometry": { "type": "Point", "coordinates": [ -73.8305742, 40.7600805 ] } },
{ "type": "Feature", "properties": { "Business_Name": "建 峰 地产", "Address": "131-08 40th Rd, Flushing, NY 11354, United States", "Keyword": "华人地产", "Neighborhood": "Flushing, NY", "Level": 3.0 }, "geometry": { "type": "Point", "coordinates": [ -73.8361704, 40.7557617 ] } },
{ "type": "Feature", "properties": { "Business_Name": "【家禾置业】房地产公司-Jiahe Realty Inc.", "Address": "136-16 35th Ave STE 1A, Flushing, NY 11354, United States", "Keyword": "华人地产", "Neighborhood": "Flushing, NY", "Level": 3.0 }, "geometry": { "type": "Point", "coordinates": [ -73.8299333, 40.764646 ] } },
{ "type": "Feature", "properties": { "Business_Name": "金牌地产经纪 Lin Li NY Realtor - B Square Realty", "Address": "136-20 38th Ave #3e, Flushing, NY 11354, United States", "Keyword": "华人地产", "Neighborhood": "Flushing, NY", "Level": 3.0 }, "geometry": { "type": "Point", "coordinates": [ -73.8300252, 40.7609223 ] } },
{ "type": "Feature", "properties": { "Business_Name": "Chase Global Realty (凯业地产)", "Address": "140-75 Ash Ave # 2e, Flushing, NY 11355, United States", "Keyword": "华人地产", "Neighborhood": "Flushing, NY", "Level": 3.0 }, "geometry": { "type": "Point", "coordinates": [ -73.8220674, 40.7563659 ] } },
{ "type": "Feature", "properties": { "Business_Name": "纽约环球地产-代理房屋买卖，出租，商业用地买卖，法拍屋", "Address": "39-07 Prince St, Flushing, NY 11354, United States", "Keyword": "华人地产", "Neighborhood": "Flushing, NY", "Level": 3.0 }, "geometry": { "type": "Point", "coordinates": [ -73.83205, 40.7594773 ] } },
{ "type": "Feature", "properties": { "Business_Name": "纽约房地产网 | 地产经纪 | 房屋出租 | 房屋出售 | 房屋买卖 |房地产信息中心", "Address": "3707 147th St #3D, Flushing, NY 11354, United States", "Keyword": "华人地产", "Neighborhood": "Flushing, NY", "Level": 3.0 }, "geometry": { "type": "Point", "coordinates": [ -73.8190084, 40.7645312 ] } },
{ "type": "Feature", "properties": { "Business_Name": "LAN & ASSOCIATES, P.C.", "Address": "3901 Main St #5/Fl, Flushing, NY 11354, United States", "Keyword": "华人地产", "Neighborhood": "Flushing, NY", "Level": 3.0 }, "geometry": { "type": "Point", "coordinates": [ -73.8300113, 40.760164499999988 ] } },
{ "type": "Feature", "properties": { "Business_Name": "地产经纪 | 商业地产买卖租赁 |（ Jon ）Jun Yan | Realtor | XYZ THE ONE LLC", "Address": "44-06 Kissena Blvd Rear, Flushing, NY 11355, United States", "Keyword": "华人地产", "Neighborhood": "Flushing, NY", "Level": 3.0 }, "geometry": { "type": "Point", "coordinates": [ -73.8228296, 40.7536846 ] } },
{ "type": "Feature", "properties": { "Business_Name": "E Realty International Corp.", "Address": "39-07 Prince Street #4D, 39-07 Prince St #4d, Flushing, NY 11354, United States", "Keyword": "华人地产", "Neighborhood": "Flushing, NY", "Level": 3.0 }, "geometry": { "type": "Point", "coordinates": [ -73.8320225, 40.7595667 ] } },
{ "type": "Feature", "properties": { "Business_Name": "Law Offices of Xuejie Wong PLLC 中华律师楼", "Address": "136-20 38th Ave #9i, Flushing, NY 11354, United States", "Keyword": "华人地产", "Neighborhood": "Flushing, NY", "Level": 3.0 }, "geometry": { "type": "Point", "coordinates": [ -73.8300252, 40.7609223 ] } },
{ "type": "Feature", "properties": { "Business_Name": "Katrina Wang -Chase Global Realty Agent 纽约地产销冠", "Address": "140-75 Ash Ave # 2e, Flushing, NY 11355, United States", "Keyword": "华人地产", "Neighborhood": "Flushing, NY", "Level": 3.0 }, "geometry": { "type": "Point", "coordinates": [ -73.8221254, 40.7563492 ] } },
{ "type": "Feature", "properties": { "Business_Name": "Prospes Real Estate Corp 凯盛地产", "Address": "Back Office, 198-08 33rd Ave, Flushing, NY 11358, United States", "Keyword": "华人地产", "Neighborhood": "Flushing, NY", "Level": 3.0 }, "geometry": { "type": "Point", "coordinates": [ -73.7899895, 40.7674737 ] } },
{ "type": "Feature", "properties": { "Business_Name": "Xiao \"Annie\" Zheng at Century Homes Realty Group LLC", "Address": "34-36 Union St, Flushing, NY 11354, United States", "Keyword": "华人地产", "Neighborhood": "Flushing, NY", "Level": 3.0 }, "geometry": { "type": "Point", "coordinates": [ -73.8279169, 40.7659029 ] } },
{ "type": "Feature", "properties": { "Business_Name": "法拉盛地产中介", "Address": "136-85 Roosevelt Ave, Flushing, NY 11354, United States", "Keyword": "华人地产", "Neighborhood": "Flushing, NY", "Level": 3.0 }, "geometry": { "type": "Point", "coordinates": [ -73.8267664, 40.7612963 ] } },
{ "type": "Feature", "properties": { "Business_Name": "Jelin Zhao | Real Estate Professional || BUY & SELL (Español, 中文)", "Address": "34-36 Union St Ste.201, Flushing, NY 11354, United States", "Keyword": "华人地产", "Neighborhood": "Flushing, NY", "Level": 3.0 }, "geometry": { "type": "Point", "coordinates": [ -73.8279169, 40.7659029 ] } },
{ "type": "Feature", "properties": { "Business_Name": "Chinese American Real Estate Association", "Address": "136-20 38th Ave #11a, Flushing, NY 11354, United States", "Keyword": "华人地产", "Neighborhood": "Flushing, NY", "Level": 3.0 }, "geometry": { "type": "Point", "coordinates": [ -73.8298336, 40.7607693 ] } },
{ "type": "Feature", "properties": { "Business_Name": "Zhun (George) Zhang - Licensed Real Estate Associate Broker", "Address": "136-20 38th Ave #3e, Flushing, NY 11354, United States", "Keyword": "华人地产", "Neighborhood": "Flushing, NY", "Level": 3.0 }, "geometry": { "type": "Point", "coordinates": [ -73.8300252, 40.7609223 ] } },
{ "type": "Feature", "properties": { "Business_Name": "June Chang, Realtor - JuneNYC Team - E Realty International Corp", "Address": "39-07 Prince St #4d, Flushing, NY 11354, United States", "Keyword": "华人地产", "Neighborhood": "Flushing, NY", "Level": 3.0 }, "geometry": { "type": "Point", "coordinates": [ -73.8320321, 40.7594624 ] } },
{ "type": "Feature", "properties": { "Business_Name": "鼎略税务 DL LAW GROUP PLLC", "Address": "38-08 Union St #12C, Flushing, NY 11354, United States", "Keyword": "华人地产", "Neighborhood": "Flushing, NY", "Level": 3.0 }, "geometry": { "type": "Point", "coordinates": [ -73.8277565, 40.7611905 ] } },
{ "type": "Feature", "properties": { "Business_Name": "Vision Global Capital Resource - Loan Agency", "Address": "37-01 Main St #500, Flushing, NY 11354, United States", "Keyword": "华人地产", "Neighborhood": "Flushing, NY", "Level": 3.0 }, "geometry": { "type": "Point", "coordinates": [ -73.8307797, 40.7615263 ] } },
{ "type": "Feature", "properties": { "Business_Name": "纽约房地产网 | 地产经纪 | 房屋出租 | 房屋出售 | 房屋买卖 |房地产信息中心", "Address": "3707 147th St #3D, Flushing, NY 11354, United States", "Keyword": "房产中介", "Neighborhood": "Flushing, NY", "Level": 3.0 }, "geometry": { "type": "Point", "coordinates": [ -73.8190084, 40.7645312 ] } },
{ "type": "Feature", "properties": { "Business_Name": "建 峰 地产", "Address": "131-08 40th Rd, Flushing, NY 11354, United States", "Keyword": "房产中介", "Neighborhood": "Flushing, NY", "Level": 3.0 }, "geometry": { "type": "Point", "coordinates": [ -73.8361704, 40.7557617 ] } },
{ "type": "Feature", "properties": { "Business_Name": "纽约环球地产-代理房屋买卖，出租，商业用地买卖，法拍屋", "Address": "39-07 Prince St, Flushing, NY 11354, United States", "Keyword": "房产中介", "Neighborhood": "Flushing, NY", "Level": 3.0 }, "geometry": { "type": "Point", "coordinates": [ -73.83205, 40.7594773 ] } },
{ "type": "Feature", "properties": { "Business_Name": "法拉盛地产中介", "Address": "136-85 Roosevelt Ave, Flushing, NY 11354, United States", "Keyword": "房产中介", "Neighborhood": "Flushing, NY", "Level": 3.0 }, "geometry": { "type": "Point", "coordinates": [ -73.8267664, 40.7612963 ] } },
{ "type": "Feature", "properties": { "Business_Name": "【家禾置业】房地产公司-Jiahe Realty Inc.", "Address": "136-16 35th Ave STE 1A, Flushing, NY 11354, United States", "Keyword": "房产中介", "Neighborhood": "Flushing, NY", "Level": 3.0 }, "geometry": { "type": "Point", "coordinates": [ -73.8299333, 40.764646 ] } },
{ "type": "Feature", "properties": { "Business_Name": "Homieland Realty Inc.", "Address": "31-38 137th St, Flushing, NY 11354, United States", "Keyword": "房产中介", "Neighborhood": "Flushing, NY", "Level": 3.0 }, "geometry": { "type": "Point", "coordinates": [ -73.8312519, 40.768449 ] } },
{ "type": "Feature", "properties": { "Business_Name": "金牌地产经纪 Lin Li NY Realtor - B Square Realty", "Address": "136-20 38th Ave #3e, Flushing, NY 11354, United States", "Keyword": "房产中介", "Neighborhood": "Flushing, NY", "Level": 3.0 }, "geometry": { "type": "Point", "coordinates": [ -73.8300252, 40.7609223 ] } },
{ "type": "Feature", "properties": { "Business_Name": "Prospes Real Estate Corp 凯盛地产", "Address": "Back Office, 198-08 33rd Ave, Flushing, NY 11358, United States", "Keyword": "房产中介", "Neighborhood": "Flushing, NY", "Level": 3.0 }, "geometry": { "type": "Point", "coordinates": [ -73.7899895, 40.7674737 ] } },
{ "type": "Feature", "properties": { "Business_Name": "Sze Guan Tan Real Estate Salesperson", "Address": "136-20 38th Ave #3e, Flushing, NY 11354, United States", "Keyword": "房产中介", "Neighborhood": "Flushing, NY", "Level": 3.0 }, "geometry": { "type": "Point", "coordinates": [ -73.8300252, 40.7609223 ] } },
{ "type": "Feature", "properties": { "Business_Name": "Chase Global Realty (凯业地产)", "Address": "140-75 Ash Ave # 2e, Flushing, NY 11355, United States", "Keyword": "房产中介", "Neighborhood": "Flushing, NY", "Level": 3.0 }, "geometry": { "type": "Point", "coordinates": [ -73.8220674, 40.7563659 ] } },
{ "type": "Feature", "properties": { "Business_Name": "Xiao \"Annie\" Zheng at Century Homes Realty Group LLC", "Address": "34-36 Union St, Flushing, NY 11354, United States", "Keyword": "房产中介", "Neighborhood": "Flushing, NY", "Level": 3.0 }, "geometry": { "type": "Point", "coordinates": [ -73.8279169, 40.7659029 ] } },
{ "type": "Feature", "properties": { "Business_Name": "地产经纪 | 商业地产买卖租赁 |（ Jon ）Jun Yan | Realtor | XYZ THE ONE LLC", "Address": "44-06 Kissena Blvd Rear, Flushing, NY 11355, United States", "Keyword": "房产中介", "Neighborhood": "Flushing, NY", "Level": 3.0 }, "geometry": { "type": "Point", "coordinates": [ -73.8228296, 40.7536846 ] } },
{ "type": "Feature", "properties": { "Business_Name": "纽约金牌地产经纪罗先生 Martin Long Luo NY Realtor - B Square Realty", "Address": "136-20 38th Ave #3e, Flushing, NY 11354, United States", "Keyword": "房产中介", "Neighborhood": "Flushing, NY", "Level": 3.0 }, "geometry": { "type": "Point", "coordinates": [ -73.8300252, 40.7609223 ] } },
{ "type": "Feature", "properties": { "Business_Name": "Denise li 纽约地产", "Address": "140-75 Ash Ave, Flushing, NY 11355, United States", "Keyword": "房产中介", "Neighborhood": "Flushing, NY", "Level": 3.0 }, "geometry": { "type": "Point", "coordinates": [ -73.8221254, 40.7563492 ] } },
{ "type": "Feature", "properties": { "Business_Name": "建 峰 地产", "Address": "131-08 40th Rd, Flushing, NY 11354, United States", "Keyword": "房地产公司", "Neighborhood": "Flushing, NY", "Level": 3.0 }, "geometry": { "type": "Point", "coordinates": [ -73.8361704, 40.7557617 ] } },
{ "type": "Feature", "properties": { "Business_Name": "【家禾置业】房地产公司-Jiahe Realty Inc.", "Address": "136-16 35th Ave STE 1A, Flushing, NY 11354, United States", "Keyword": "房地产公司", "Neighborhood": "Flushing, NY", "Level": 3.0 }, "geometry": { "type": "Point", "coordinates": [ -73.8299333, 40.764646 ] } },
{ "type": "Feature", "properties": { "Business_Name": "纽约环球地产-代理房屋买卖，出租，商业用地买卖，法拍屋", "Address": "39-07 Prince St, Flushing, NY 11354, United States", "Keyword": "房地产公司", "Neighborhood": "Flushing, NY", "Level": 3.0 }, "geometry": { "type": "Point", "coordinates": [ -73.83205, 40.7594773 ] } },
{ "type": "Feature", "properties": { "Business_Name": "纽约专业地产顾问Janice Shao-B Square Realty", "Address": "136-20 38th Ave #3e, Flushing, NY 11354, United States", "Keyword": "房地产公司", "Neighborhood": "Flushing, NY", "Level": 3.0 }, "geometry": { "type": "Point", "coordinates": [ -73.8300252, 40.7609223 ] } },
{ "type": "Feature", "properties": { "Business_Name": "纽约房地产网 | 地产经纪 | 房屋出租 | 房屋出售 | 房屋买卖 |房地产信息中心", "Address": "3707 147th St #3D, Flushing, NY 11354, United States", "Keyword": "房地产公司", "Neighborhood": "Flushing, NY", "Level": 3.0 }, "geometry": { "type": "Point", "coordinates": [ -73.8190084, 40.7645312 ] } },
{ "type": "Feature", "properties": { "Business_Name": "Homieland Realty Inc.", "Address": "31-38 137th St, Flushing, NY 11354, United States", "Keyword": "房地产公司", "Neighborhood": "Flushing, NY", "Level": 3.0 }, "geometry": { "type": "Point", "coordinates": [ -73.8312519, 40.768449 ] } },
{ "type": "Feature", "properties": { "Business_Name": "法拉盛地产中介", "Address": "136-85 Roosevelt Ave, Flushing, NY 11354, United States", "Keyword": "房地产公司", "Neighborhood": "Flushing, NY", "Level": 3.0 }, "geometry": { "type": "Point", "coordinates": [ -73.8267664, 40.7612963 ] } },
{ "type": "Feature", "properties": { "Business_Name": "Chase Global Realty (凯业地产)", "Address": "140-75 Ash Ave # 2e, Flushing, NY 11355, United States", "Keyword": "房地产公司", "Neighborhood": "Flushing, NY", "Level": 3.0 }, "geometry": { "type": "Point", "coordinates": [ -73.8220674, 40.7563659 ] } },
{ "type": "Feature", "properties": { "Business_Name": "E Realty International Corp.", "Address": "39-07 Prince Street #4D, 39-07 Prince St #4d, Flushing, NY 11354, United States", "Keyword": "房地产公司", "Neighborhood": "Flushing, NY", "Level": 3.0 }, "geometry": { "type": "Point", "coordinates": [ -73.8320225, 40.7595667 ] } },
{ "type": "Feature", "properties": { "Business_Name": "百通法商中心", "Address": "136-20 38th Ave #3a, Flushing, NY 11354, United States", "Keyword": "房地产公司", "Neighborhood": "Flushing, NY", "Level": 3.0 }, "geometry": { "type": "Point", "coordinates": [ -73.8298336, 40.7607693 ] } },
{ "type": "Feature", "properties": { "Business_Name": "Eazzy Consulting LLC", "Address": "39-06 Main St 3rd Floor, Queens, NY 11354, United States", "Keyword": "房地产公司", "Neighborhood": "Flushing, NY", "Level": 3.0 }, "geometry": { "type": "Point", "coordinates": [ -73.8308, 40.7599403 ] } },
{ "type": "Feature", "properties": { "Business_Name": "Xiao \"Annie\" Zheng at Century Homes Realty Group LLC", "Address": "34-36 Union St, Flushing, NY 11354, United States", "Keyword": "房地产公司", "Neighborhood": "Flushing, NY", "Level": 3.0 }, "geometry": { "type": "Point", "coordinates": [ -73.8279169, 40.7659029 ] } },
{ "type": "Feature", "properties": { "Business_Name": "Katrina Wang -Chase Global Realty Agent 纽约地产销冠", "Address": "140-75 Ash Ave # 2e, Flushing, NY 11355, United States", "Keyword": "房地产公司", "Neighborhood": "Flushing, NY", "Level": 3.0 }, "geometry": { "type": "Point", "coordinates": [ -73.8221254, 40.7563492 ] } },
{ "type": "Feature", "properties": { "Business_Name": "Sze Guan Tan Real Estate Salesperson", "Address": "136-20 38th Ave #3e, Flushing, NY 11354, United States", "Keyword": "房地产公司", "Neighborhood": "Flushing, NY", "Level": 3.0 }, "geometry": { "type": "Point", "coordinates": [ -73.8300252, 40.7609223 ] } },
{ "type": "Feature", "properties": { "Business_Name": "金牌地产经纪 Lin Li NY Realtor - B Square Realty", "Address": "136-20 38th Ave #3e, Flushing, NY 11354, United States", "Keyword": "房地产公司", "Neighborhood": "Flushing, NY", "Level": 3.0 }, "geometry": { "type": "Point", "coordinates": [ -73.8300252, 40.7609223 ] } },
{ "type": "Feature", "properties": { "Business_Name": "BARBIE LI REAL ESTATE TEAM 纽约地产团队", "Address": "136-20 38th Ave APT 3E, Flushing, NY 11354, United States", "Keyword": "房地产公司", "Neighborhood": "Flushing, NY", "Level": 3.0 }, "geometry": { "type": "Point", "coordinates": [ -73.8294727, 40.7607334 ] } },
{ "type": "Feature", "properties": { "Business_Name": "Guo & Associates inc.", "Address": "19-02 Whitestone Expy #402, Flushing, NY 11357, United States", "Keyword": "房地产公司", "Neighborhood": "Flushing, NY", "Level": 3.0 }, "geometry": { "type": "Point", "coordinates": [ -73.8260877, 40.7821524 ] } },
{ "type": "Feature", "properties": { "Business_Name": "Prospes Real Estate Corp 凯盛地产", "Address": "Back Office, 198-08 33rd Ave, Flushing, NY 11358, United States", "Keyword": "房地产公司", "Neighborhood": "Flushing, NY", "Level": 3.0 }, "geometry": { "type": "Point", "coordinates": [ -73.7899895, 40.7674737 ] } },
{ "type": "Feature", "properties": { "Business_Name": "Flushing Kent Realty Management LLC", "Address": "13648 39th Ave Entire Second Floor, Flushing, NY 11354, United States", "Keyword": "房地产公司", "Neighborhood": "Flushing, NY", "Level": 3.0 }, "geometry": { "type": "Point", "coordinates": [ -73.8286081, 40.7604827 ] } },
{ "type": "Feature", "properties": { "Business_Name": "Wei Lin, Chase Global Realty Corp", "Address": "14075 Ash Ave ofc 2e, Flushing, NY 11355, United States", "Keyword": "房地产公司", "Neighborhood": "Flushing, NY", "Level": 3.0 }, "geometry": { "type": "Point", "coordinates": [ -73.8217716, 40.7565166 ] } },
{ "type": "Feature", "properties": { "Business_Name": "Modern Chinese School (Office)", "Address": "13639 41st Ave #1A, Flushing, NY 11355, United States", "Keyword": "中文学校", "Neighborhood": "Flushing, NY", "Level": 3.0 }, "geometry": { "type": "Point", "coordinates": [ -73.8282211, 40.7589604 ] } },
{ "type": "Feature", "properties": { "Business_Name": "Modern Chinese School", "Address": "14480 Barclay Ave, Flushing, NY 11355, United States", "Keyword": "中文学校", "Neighborhood": "Flushing, NY", "Level": 3.0 }, "geometry": { "type": "Point", "coordinates": [ -73.8182716, 40.7603203 ] } },
{ "type": "Feature", "properties": { "Business_Name": "Flushing Chinese School", "Address": "41-60 Kissena Blvd, Flushing, NY 11355, United States", "Keyword": "中文学校", "Neighborhood": "Flushing, NY", "Level": 3.0 }, "geometry": { "type": "Point", "coordinates": [ -73.8281808, 40.7571316 ] } },
{ "type": "Feature", "properties": { "Business_Name": "Wei Bo Learning School K- G12教育机构", "Address": "136-40 39th Ave Suite 602, Flushing, NY 11354, United States", "Keyword": "中文学校", "Neighborhood": "Flushing, NY", "Level": 3.0 }, "geometry": { "type": "Point", "coordinates": [ -73.8288112, 40.7604518 ] } },
{ "type": "Feature", "properties": { "Business_Name": "Huan-Yu Education Center", "Address": "42-11 158th St, Flushing, NY 11358, United States", "Keyword": "中文学校", "Neighborhood": "Flushing, NY", "Level": 3.0 }, "geometry": { "type": "Point", "coordinates": [ -73.8074927, 40.7604873 ] } },
{ "type": "Feature", "properties": { "Business_Name": "Excellent Chinese Learning School 卓越中文学校", "Address": "113-15 76th Rd, Forest Hills, NY 11375, United States", "Keyword": "中文学校", "Neighborhood": "Flushing, NY", "Level": 3.0 }, "geometry": { "type": "Point", "coordinates": [ -73.8338469, 40.7182834 ] } },
{ "type": "Feature", "properties": { "Business_Name": "New York Chinese School", "Address": "62 Mott St 3rd floor, New York, NY 10013, United States", "Keyword": "中文学校", "Neighborhood": "Flushing, NY", "Level": 3.0 }, "geometry": { "type": "Point", "coordinates": [ -73.998024, 40.7159896 ] } },
{ "type": "Feature", "properties": { "Business_Name": "Fresh Meadows Chinese School", "Address": "51-60 Marathon Pkwy, Douglaston, NY 11362, United States", "Keyword": "中文学校", "Neighborhood": "Flushing, NY", "Level": 3.0 }, "geometry": { "type": "Point", "coordinates": [ -73.7339125, 40.7626602 ] } },
{ "type": "Feature", "properties": { "Business_Name": "Golden Dream 金梦想教育中心 - 皇后区补习班 法拉盛课后班 补习学校 夏令营 幼儿班 艺术学校 舞蹈培训 美术老师 培训 班 数学 英语学校 中文班 课后辅导 学校 老师 小班教学 蛋糕烘焙 珠心算 推荐", "Address": "146-49 Horace Harding Expy, Flushing, NY 11355, United States", "Keyword": "中文学校", "Neighborhood": "Flushing, NY", "Level": 3.0 }, "geometry": { "type": "Point", "coordinates": [ -73.8217346, 40.7415452 ] } },
{ "type": "Feature", "properties": { "Business_Name": "Angie’s Academy", "Address": "132-49 41st Rd, Flushing, NY 11355, United States", "Keyword": "中文学校", "Neighborhood": "Flushing, NY", "Level": 3.0 }, "geometry": { "type": "Point", "coordinates": [ -73.8320581, 40.756383199999988 ] } },
{ "type": "Feature", "properties": { "Business_Name": "Flushing Chinese School", "Address": "41-60 Kissena Blvd, Flushing, NY 11355, United States", "Keyword": "华人学校", "Neighborhood": "Flushing, NY", "Level": 3.0 }, "geometry": { "type": "Point", "coordinates": [ -73.8281808, 40.7571316 ] } },
{ "type": "Feature", "properties": { "Business_Name": "Modern Chinese School (Office)", "Address": "13639 41st Ave #1A, Flushing, NY 11355, United States", "Keyword": "华人学校", "Neighborhood": "Flushing, NY", "Level": 3.0 }, "geometry": { "type": "Point", "coordinates": [ -73.8282211, 40.7589604 ] } },
{ "type": "Feature", "properties": { "Business_Name": "Modern Chinese School", "Address": "14480 Barclay Ave, Flushing, NY 11355, United States", "Keyword": "华人学校", "Neighborhood": "Flushing, NY", "Level": 3.0 }, "geometry": { "type": "Point", "coordinates": [ -73.8182716, 40.7603203 ] } },
{ "type": "Feature", "properties": { "Business_Name": "Wei Bo Learning School K- G12教育机构", "Address": "136-40 39th Ave Suite 602, Flushing, NY 11354, United States", "Keyword": "华人学校", "Neighborhood": "Flushing, NY", "Level": 3.0 }, "geometry": { "type": "Point", "coordinates": [ -73.8288112, 40.7604518 ] } },
{ "type": "Feature", "properties": { "Business_Name": "eMath prep school 成龙补习班", "Address": "41-60 Kissena Blvd, Flushing, NY 11355, United States", "Keyword": "补习班", "Neighborhood": "Flushing, NY", "Level": 3.0 }, "geometry": { "type": "Point", "coordinates": [ -73.8281314, 40.7574522 ] } },
{ "type": "Feature", "properties": { "Business_Name": "必昇補習班 IVY ROAD PREP", "Address": "43-44 Kissena Blvd lobby a, Flushing, NY 11355, United States", "Keyword": "补习班", "Neighborhood": "Flushing, NY", "Level": 3.0 }, "geometry": { "type": "Point", "coordinates": [ -73.8241243, 40.7539936 ] } },
{ "type": "Feature", "properties": { "Business_Name": "Ai Plus Learning Center - 金銘學習中心", "Address": "41-23 150th St, Flushing, NY 11355, United States", "Keyword": "补习班", "Neighborhood": "Flushing, NY", "Level": 3.0 }, "geometry": { "type": "Point", "coordinates": [ -73.8134864, 40.7621678 ] } },
{ "type": "Feature", "properties": { "Business_Name": "AUSA 青云补习", "Address": "137-03 Northern Blvd #2FL, Flushing, NY 11354, United States", "Keyword": "补习班", "Neighborhood": "Flushing, NY", "Level": 3.0 }, "geometry": { "type": "Point", "coordinates": [ -73.8311784, 40.763449 ] } },
{ "type": "Feature", "properties": { "Business_Name": "New Turbo Education Center", "Address": "38-08 Union St #12a, Flushing, NY 11354, United States", "Keyword": "补习班", "Neighborhood": "Flushing, NY", "Level": 3.0 }, "geometry": { "type": "Point", "coordinates": [ -73.8277565, 40.7611905 ] } },
{ "type": "Feature", "properties": { "Business_Name": "Accelerate Academy", "Address": "36-50 Main St 4th floor, Flushing, NY 11354, United States", "Keyword": "补习班", "Neighborhood": "Flushing, NY", "Level": 3.0 }, "geometry": { "type": "Point", "coordinates": [ -73.831558, 40.7617942 ] } },
{ "type": "Feature", "properties": { "Business_Name": "GPS Academy (Ling Hang International Education)", "Address": "36-25 Main St #2F, Flushing, NY 11354, United States", "Keyword": "补习班", "Neighborhood": "Flushing, NY", "Level": 3.0 }, "geometry": { "type": "Point", "coordinates": [ -73.831501, 40.76254 ] } },
{ "type": "Feature", "properties": { "Business_Name": "杰出补习班 Nationwide Master", "Address": "37-20 Prince St #4b, Flushing, NY 11354, United States", "Keyword": "补习班", "Neighborhood": "Flushing, NY", "Level": 3.0 }, "geometry": { "type": "Point", "coordinates": [ -73.8330397, 40.7602126 ] } },
{ "type": "Feature", "properties": { "Business_Name": "声望教育 Prestigious Tutors", "Address": "136-68 Roosevelt Ave #903, Flushing, NY 11354, United States", "Keyword": "补习班", "Neighborhood": "Flushing, NY", "Level": 3.0 }, "geometry": { "type": "Point", "coordinates": [ -73.8277155, 40.760037 ] } },
{ "type": "Feature", "properties": { "Business_Name": "得益补习deyibuxi", "Address": "142-09 37th Ave 1st floor, Flushing, NY 11354, United States", "Keyword": "补习班", "Neighborhood": "Flushing, NY", "Level": 3.0 }, "geometry": { "type": "Point", "coordinates": [ -73.827192, 40.76271 ] } },
{ "type": "Feature", "properties": { "Business_Name": "诚信课后辅导中心 Chengxin Tutoring Center/After school/1对1私人家教/SHSAT/State Test/州考/接送/小班制", "Address": "142-04 Bayside Ave Suite 10UA, Flushing, NY 11354, United States", "Keyword": "补习班", "Neighborhood": "Flushing, NY", "Level": 3.0 }, "geometry": { "type": "Point", "coordinates": [ -73.8262419, 40.7699629 ] } },
{ "type": "Feature", "properties": { "Business_Name": "ABCMath 學府", "Address": "43-55 Kissena Blvd, Flushing, NY 11355, United States", "Keyword": "补习班", "Neighborhood": "Flushing, NY", "Level": 3.0 }, "geometry": { "type": "Point", "coordinates": [ -73.8228376, 40.7545034 ] } },
{ "type": "Feature", "properties": { "Business_Name": "DEYI Tutoring 得益英数课后补习", "Address": "45-05 Francis Lewis Blvd, Flushing, NY 11361, United States", "Keyword": "补习班", "Neighborhood": "Flushing, NY", "Level": 3.0 }, "geometry": { "type": "Point", "coordinates": [ -73.78234, 40.756581 ] } },
{ "type": "Feature", "properties": { "Business_Name": "E Global Learning 易学教育中心 课后提高班/周末班/兴趣班/暑期班 纽约法拉盛补习学校", "Address": "43-17 Union St, Flushing, NY 11355, United States", "Keyword": "补习班", "Neighborhood": "Flushing, NY", "Level": 3.0 }, "geometry": { "type": "Point", "coordinates": [ -73.8212275, 40.7543687 ] } },
{ "type": "Feature", "properties": { "Business_Name": "Chinese Community Center of Flushing", "Address": "4317 Union St level c, Flushing, NY 11355, United States", "Keyword": "华人媒体", "Neighborhood": "Flushing, NY", "Level": 3.0 }, "geometry": { "type": "Point", "coordinates": [ -73.8211513, 40.754302 ] } },
{ "type": "Feature", "properties": { "Business_Name": "纽约金钥匙广告网站设计公司", "Address": "142-38 37th Ave Ste 2g, Flushing, NY 11354, United States", "Keyword": "华人媒体", "Neighborhood": "Flushing, NY", "Level": 3.0 }, "geometry": { "type": "Point", "coordinates": [ -73.8260014, 40.7626074 ] } },
{ "type": "Feature", "properties": { "Business_Name": "法拉盛旅行社 中山国际旅游－法拉盛 中国 旅行社 代办签证 订机票 旅游 旅行 公司 机票 旅游社/ best;travel agency;top;travel;tour;companies;ticketing;agency;services", "Address": "39-15 Main St #509, Flushing, NY 11354, United States", "Keyword": "华人媒体", "Neighborhood": "Flushing, NY", "Level": 3.0 }, "geometry": { "type": "Point", "coordinates": [ -73.8299883, 40.759833400000012 ] } },
{ "type": "Feature", "properties": { "Business_Name": "Flushing Chinese Business Association", "Address": "4048 Main St #302, Flushing, NY 11354, United States", "Keyword": "华人媒体", "Neighborhood": "Flushing, NY", "Level": 3.0 }, "geometry": { "type": "Point", "coordinates": [ -73.8297542, 40.7583245 ] } },
{ "type": "Feature", "properties": { "Business_Name": "Milli Media 米粒传媒 网络营销推广/设计/广告/网站建设/活动策划/SEO/印刷 纽约最好广告公司", "Address": "130-30 31st Ave Room704, Flushing, NY 11354, United States", "Keyword": "华人媒体", "Neighborhood": "Flushing, NY", "Level": 3.0 }, "geometry": { "type": "Point", "coordinates": [ -73.8390617, 40.7698322 ] } },
{ "type": "Feature", "properties": { "Business_Name": "纽约华鼎翻译公证（法拉盛缅街）", "Address": "135-25 40th Rd #2fl, Flushing, NY 11354, United States", "Keyword": "华人媒体", "Neighborhood": "Flushing, NY", "Level": 3.0 }, "geometry": { "type": "Point", "coordinates": [ -73.8307228, 40.7588178 ] } },
{ "type": "Feature", "properties": { "Business_Name": "Modern Chinese School (Office)", "Address": "13639 41st Ave #1A, Flushing, NY 11355, United States", "Keyword": "华人媒体", "Neighborhood": "Flushing, NY", "Level": 3.0 }, "geometry": { "type": "Point", "coordinates": [ -73.8282211, 40.7589604 ] } },
{ "type": "Feature", "properties": { "Business_Name": "Talent Communications Group", "Address": "3719 Main St #3, Flushing, NY 11354, United States", "Keyword": "华人媒体", "Neighborhood": "Flushing, NY", "Level": 3.0 }, "geometry": { "type": "Point", "coordinates": [ -73.8307364, 40.7611256 ] } },
{ "type": "Feature", "properties": { "Business_Name": "文景假期WenJing 法拉盛店", "Address": "40-06 Main St rm 3a, Flushing, NY 11354, United States", "Keyword": "华人媒体", "Neighborhood": "Flushing, NY", "Level": 3.0 }, "geometry": { "type": "Point", "coordinates": [ -73.830216, 40.759321 ] } },
{ "type": "Feature", "properties": { "Business_Name": "纽约华美电召车", "Address": "134-14 Northern Blvd, Flushing, NY 11354, United States", "Keyword": "华人媒体", "Neighborhood": "Flushing, NY", "Level": 3.0 }, "geometry": { "type": "Point", "coordinates": [ -73.834313, 40.7623966 ] } },
{ "type": "Feature", "properties": { "Business_Name": "Mchat Media 纽约领客传媒", "Address": "30-62 Whitestone Expy #2/FL, Flushing, NY 11354, United States", "Keyword": "华人媒体", "Neighborhood": "Flushing, NY", "Level": 3.0 }, "geometry": { "type": "Point", "coordinates": [ -73.8370714, 40.7697169 ] } },
{ "type": "Feature", "properties": { "Business_Name": "Chinese Radio Network", "Address": "13311 41st Rd, Flushing, NY 11355, United States", "Keyword": "华人媒体", "Neighborhood": "Flushing, NY", "Level": 3.0 }, "geometry": { "type": "Point", "coordinates": [ -73.831085, 40.7568051 ] } },
{ "type": "Feature", "properties": { "Business_Name": "法拉盛盗梦空间xM谋已久剧本杀Inception Flushing", "Address": "32-16 137th St, Flushing, NY 11354, United States", "Keyword": "华人媒体", "Neighborhood": "Flushing, NY", "Level": 3.0 }, "geometry": { "type": "Point", "coordinates": [ -73.8309978, 40.7675011 ] } },
{ "type": "Feature", "properties": { "Business_Name": "纽约鼎688广告", "Address": "2FL, 149-11 41st Ave, Flushing, NY 11355, United States", "Keyword": "华人媒体", "Neighborhood": "Flushing, NY", "Level": 3.0 }, "geometry": { "type": "Point", "coordinates": [ -73.8154611, 40.7623162 ] } },
{ "type": "Feature", "properties": { "Business_Name": "KOREAN MEDIA GROUP", "Address": "45-16 162nd St #201, Flushing, NY 11358, United States", "Keyword": "华人媒体", "Neighborhood": "Flushing, NY", "Level": 3.0 }, "geometry": { "type": "Point", "coordinates": [ -73.8048048, 40.7558506 ] } },
{ "type": "Feature", "properties": { "Business_Name": "Flushing Chinese Baptist Church", "Address": "154-29 65th Ave, Flushing, NY 11367, United States", "Keyword": "华人媒体", "Neighborhood": "Flushing, NY", "Level": 3.0 }, "geometry": { "type": "Point", "coordinates": [ -73.8134896, 40.7372814 ] } },
{ "type": "Feature", "properties": { "Business_Name": "中文消息通", "Address": "138-06 35th Ave, Flushing, NY 11354, United States", "Keyword": "华人媒体", "Neighborhood": "Flushing, NY", "Level": 3.0 }, "geometry": { "type": "Point", "coordinates": [ -73.8286959, 40.764904 ] } },
{ "type": "Feature", "properties": { "Business_Name": "뉴욕한인커뮤니티 미국한인커뮤니티 미국구인구직 무료영화보기 뉴욕커뮤니티", "Address": "3611 Bowne St, Flushing, NY 11354, United States", "Keyword": "华人媒体", "Neighborhood": "Flushing, NY", "Level": 3.0 }, "geometry": { "type": "Point", "coordinates": [ -73.825511, 40.764097 ] } },
{ "type": "Feature", "properties": { "Business_Name": "World Journal", "Address": "141-07 20th Ave 2 fl, College Point, NY 11357, United States", "Keyword": "中文报纸", "Neighborhood": "Flushing, NY", "Level": 3.0 }, "geometry": { "type": "Point", "coordinates": [ -73.8272948, 40.782177 ] } },
{ "type": "Feature", "properties": { "Business_Name": "唐人街生活网", "Address": "157-03 Horace Harding Expy, Flushing, NY 11358, United States", "Keyword": "中文报纸", "Neighborhood": "Flushing, NY", "Level": 3.0 }, "geometry": { "type": "Point", "coordinates": [ -73.8111346, 40.739056 ] } },
{ "type": "Feature", "properties": { "Business_Name": "中文消息通", "Address": "138-06 35th Ave, Flushing, NY 11354, United States", "Keyword": "中文报纸", "Neighborhood": "Flushing, NY", "Level": 3.0 }, "geometry": { "type": "Point", "coordinates": [ -73.8286959, 40.764904 ] } },
{ "type": "Feature", "properties": { "Business_Name": "Sinovision", "Address": "3447 Collins Pl, Flushing, NY 11354, United States", "Keyword": "中文报纸", "Neighborhood": "Flushing, NY", "Level": 3.0 }, "geometry": { "type": "Point", "coordinates": [ -73.83509, 40.7643286 ] } },
{ "type": "Feature", "properties": { "Business_Name": "Modern Chinese School (Office)", "Address": "13639 41st Ave #1A, Flushing, NY 11355, United States", "Keyword": "中文报纸", "Neighborhood": "Flushing, NY", "Level": 3.0 }, "geometry": { "type": "Point", "coordinates": [ -73.8282211, 40.7589604 ] } },
{ "type": "Feature", "properties": { "Business_Name": "Asian American Times Inc", "Address": "13525 40th Rd #3, Flushing, NY 11354, United States", "Keyword": "中文报纸", "Neighborhood": "Flushing, NY", "Level": 3.0 }, "geometry": { "type": "Point", "coordinates": [ -73.8307589, 40.7588032 ] } },
{ "type": "Feature", "properties": { "Business_Name": "纽约皇后印刷-Queens Printing", "Address": "3702 Main St Suite F6, Flushing, NY 11354, United States", "Keyword": "中文报纸", "Neighborhood": "Flushing, NY", "Level": 3.0 }, "geometry": { "type": "Point", "coordinates": [ -73.831327, 40.7613205 ] } },
{ "type": "Feature", "properties": { "Business_Name": "World Journal", "Address": "141-07 20th Ave 2 fl, College Point, NY 11357, United States", "Keyword": "华人日报", "Neighborhood": "Flushing, NY", "Level": 3.0 }, "geometry": { "type": "Point", "coordinates": [ -73.8272948, 40.782177 ] } },
{ "type": "Feature", "properties": { "Business_Name": "Zhong US Supermarket Inc", "Address": "5911 Main St, Flushing, NY 11355, United States", "Keyword": "华人日报", "Neighborhood": "Flushing, NY", "Level": 3.0 }, "geometry": { "type": "Point", "coordinates": [ -73.8254036, 40.7433895 ] } },
{ "type": "Feature", "properties": { "Business_Name": "World Journal Bookstore", "Address": "141-07 20th Ave, College Point, NY 11357, United States", "Keyword": "华人日报", "Neighborhood": "Flushing, NY", "Level": 3.0 }, "geometry": { "type": "Point", "coordinates": [ -73.8272948, 40.782177 ] } },
{ "type": "Feature", "properties": { "Business_Name": "法拉盛旅行社 中山国际旅游－法拉盛 中国 旅行社 代办签证 订机票 旅游 旅行 公司 机票 旅游社/ best;travel agency;top;travel;tour;companies;ticketing;agency;services", "Address": "39-15 Main St #509, Flushing, NY 11354, United States", "Keyword": "华人日报", "Neighborhood": "Flushing, NY", "Level": 3.0 }, "geometry": { "type": "Point", "coordinates": [ -73.8299883, 40.759833400000012 ] } },
{ "type": "Feature", "properties": { "Business_Name": "纽约华人服务中心", "Address": "41-25 Kissena Blvd #115, Flushing, NY 11355, United States", "Keyword": "华人日报", "Neighborhood": "Flushing, NY", "Level": 3.0 }, "geometry": { "type": "Point", "coordinates": [ -73.8284245, 40.7582704 ] } },
{ "type": "Feature", "properties": { "Business_Name": "Flushing Chinese Business Association", "Address": "4048 Main St #302, Flushing, NY 11354, United States", "Keyword": "华人日报", "Neighborhood": "Flushing, NY", "Level": 3.0 }, "geometry": { "type": "Point", "coordinates": [ -73.8297542, 40.7583245 ] } },
{ "type": "Feature", "properties": { "Business_Name": "纽约华鼎翻译公证（法拉盛缅街）", "Address": "135-25 40th Rd #2fl, Flushing, NY 11354, United States", "Keyword": "华人日报", "Neighborhood": "Flushing, NY", "Level": 3.0 }, "geometry": { "type": "Point", "coordinates": [ -73.8307228, 40.7588178 ] } },
{ "type": "Feature", "properties": { "Business_Name": "纽约华人报税会计师事务所", "Address": "3712 Prince St UNIT 8C, Flushing, NY 11354, United States", "Keyword": "华人日报", "Neighborhood": "Flushing, NY", "Level": 3.0 }, "geometry": { "type": "Point", "coordinates": [ -73.8331616, 40.7604178 ] } },
{ "type": "Feature", "properties": { "Business_Name": "世界单身联谊会－婚恋交友、征婚择偶平台／婚恋网 婚介网", "Address": "3370 Prince St, Flushing, NY 11354, United States", "Keyword": "华人日报", "Neighborhood": "Flushing, NY", "Level": 3.0 }, "geometry": { "type": "Point", "coordinates": [ -73.8339115, 40.7646158 ] } },
{ "type": "Feature", "properties": { "Business_Name": "Flushing", "Address": "Flushing, Queens, NY, USA", "Keyword": "华人日报", "Neighborhood": "Flushing, NY", "Level": 3.0 }, "geometry": { "type": "Point", "coordinates": [ -73.8306716, 40.7647238 ] } },
{ "type": "Feature", "properties": { "Business_Name": "Chang Jiang Supermarket", "Address": "41-41 Kissena Blvd, Flushing, NY 11355, United States", "Keyword": "华人日报", "Neighborhood": "Flushing, NY", "Level": 3.0 }, "geometry": { "type": "Point", "coordinates": [ -73.8281022, 40.7579426 ] } },
{ "type": "Feature", "properties": { "Business_Name": "美中华人服务中心", "Address": "41-25 Kissena Blvd Suite 104, Flushing, NY 11355, United States", "Keyword": "华人日报", "Neighborhood": "Flushing, NY", "Level": 3.0 }, "geometry": { "type": "Point", "coordinates": [ -73.8283123, 40.7583505 ] } },
{ "type": "Feature", "properties": { "Business_Name": "纽约金钥匙广告网站设计公司", "Address": "142-38 37th Ave Ste 2g, Flushing, NY 11354, United States", "Keyword": "华人日报", "Neighborhood": "Flushing, NY", "Level": 3.0 }, "geometry": { "type": "Point", "coordinates": [ -73.8260014, 40.7626074 ] } },
{ "type": "Feature", "properties": { "Business_Name": "华晟美国", "Address": "3915 Main St Suite 211, Flushing, NY 11354, United States", "Keyword": "华人日报", "Neighborhood": "Flushing, NY", "Level": 3.0 }, "geometry": { "type": "Point", "coordinates": [ -73.8299776, 40.7598588 ] } },
{ "type": "Feature", "properties": { "Business_Name": "Xinlongxing Supermarket", "Address": "135-35 Roosevelt Ave, Flushing, NY 11354, United States", "Keyword": "华人日报", "Neighborhood": "Flushing, NY", "Level": 3.0 }, "geometry": { "type": "Point", "coordinates": [ -73.8307772, 40.7595051 ] } },
{ "type": "Feature", "properties": { "Business_Name": "Chinese Investors", "Address": "136-33 37th Ave, Flushing, NY 11354, United States", "Keyword": "华人日报", "Neighborhood": "Flushing, NY", "Level": 3.0 }, "geometry": { "type": "Point", "coordinates": [ -73.8300064, 40.7622489 ] } },
{ "type": "Feature", "properties": { "Business_Name": "文景假期WenJing 法拉盛店", "Address": "40-06 Main St rm 3a, Flushing, NY 11354, United States", "Keyword": "华人日报", "Neighborhood": "Flushing, NY", "Level": 3.0 }, "geometry": { "type": "Point", "coordinates": [ -73.830216, 40.759321 ] } },
{ "type": "Feature", "properties": { "Business_Name": "创未来管理会计师楼－FUTURE CREATION INTERNATIONAL CORP", "Address": "39-15 Main St #418, Flushing, NY 11354, United States", "Keyword": "华人日报", "Neighborhood": "Flushing, NY", "Level": 3.0 }, "geometry": { "type": "Point", "coordinates": [ -73.8300673, 40.7598054 ] } },
{ "type": "Feature", "properties": { "Business_Name": "法拉盛公司", "Address": "137-36 Leavitt St, Flushing, NY 11354, United States", "Keyword": "华人日报", "Neighborhood": "Flushing, NY", "Level": 3.0 }, "geometry": { "type": "Point", "coordinates": [ -73.8290927, 40.7646252 ] } },
{ "type": "Feature", "properties": { "Business_Name": "华美入籍 纽约 入籍培训 移民入籍中心／入籍考试 入籍 美国入籍考试 入籍培训班 入籍面试 材料 攻略 申请／法拉盛 入籍班 美国入籍 美国公民入籍 移民入籍 入籍美国", "Address": "135-27 38th Ave #1-127, Flushing, NY 11354, United States", "Keyword": "华人日报", "Neighborhood": "Flushing, NY", "Level": 3.0 }, "geometry": { "type": "Point", "coordinates": [ -73.8318453, 40.7606608 ] } },
{ "type": "Feature", "properties": { "Business_Name": "Sing Tao Daily", "Address": "188 Lafayette St, New York, NY 10013, United States", "Keyword": "星岛日报", "Neighborhood": "Flushing, NY", "Level": 3.0 }, "geometry": { "type": "Point", "coordinates": [ -73.9984403, 40.7210486 ] } },
{ "type": "Feature", "properties": { "Business_Name": "Industrial and Commercial Bank of China (USA) NA", "Address": "202 Canal St Suite 500, New York, NY 10013, United States", "Keyword": "Chinese bank", "Neighborhood": "Chinatown Manhattan, NY", "Level": 3.0 }, "geometry": { "type": "Point", "coordinates": [ -73.9985833, 40.7168081 ] } },
{ "type": "Feature", "properties": { "Business_Name": "Cathay Bank", "Address": "45 E Broadway, New York, NY 10002, United States", "Keyword": "Chinese bank", "Neighborhood": "Chinatown Manhattan, NY", "Level": 3.0 }, "geometry": { "type": "Point", "coordinates": [ -73.9959282, 40.7134661 ] } },
{ "type": "Feature", "properties": { "Business_Name": "HSBC Bank", "Address": "150 Canal St, New York, NY 10013, United States", "Keyword": "Chinese bank", "Neighborhood": "Chinatown Manhattan, NY", "Level": 3.0 }, "geometry": { "type": "Point", "coordinates": [ -73.9964622, 40.7161613 ] } },
{ "type": "Feature", "properties": { "Business_Name": "Flushing Bank", "Address": "183 Canal St, New York, NY 10013, United States", "Keyword": "Chinese bank", "Neighborhood": "Chinatown Manhattan, NY", "Level": 3.0 }, "geometry": { "type": "Point", "coordinates": [ -73.9975547, 40.7169478 ] } },
{ "type": "Feature", "properties": { "Business_Name": "Abacus Federal Savings Bank 国宝银行 曼哈顿 | 商业 房屋 贷款 利率 | 储蓄 支票 账户 存款 利息", "Address": "6 Bowery, New York, NY 10013, United States", "Keyword": "Chinese bank", "Neighborhood": "Chinatown Manhattan, NY", "Level": 3.0 }, "geometry": { "type": "Point", "coordinates": [ -73.9975979, 40.7143379 ] } },
{ "type": "Feature", "properties": { "Business_Name": "Chase Bank", "Address": "180 Canal St, New York, NY 10013, United States", "Keyword": "Chinese bank", "Neighborhood": "Chinatown Manhattan, NY", "Level": 3.0 }, "geometry": { "type": "Point", "coordinates": [ -73.9977271, 40.7166221 ] } },
{ "type": "Feature", "properties": { "Business_Name": "Royal Business Bank", "Address": "179 Canal St, New York, NY 10013, United States", "Keyword": "Chinese bank", "Neighborhood": "Chinatown Manhattan, NY", "Level": 3.0 }, "geometry": { "type": "Point", "coordinates": [ -73.9974063, 40.7168583 ] } },
{ "type": "Feature", "properties": { "Business_Name": "East West Bank", "Address": "208 Canal St, New York, NY 10013, United States", "Keyword": "Chinese bank", "Neighborhood": "Chinatown Manhattan, NY", "Level": 3.0 }, "geometry": { "type": "Point", "coordinates": [ -73.9988798, 40.7169822 ] } },
{ "type": "Feature", "properties": { "Business_Name": "Citi", "Address": "164 Canal St, New York, NY 10013, United States", "Keyword": "Chinese bank", "Neighborhood": "Chinatown Manhattan, NY", "Level": 3.0 }, "geometry": { "type": "Point", "coordinates": [ -73.9972749, 40.7164233 ] } },
{ "type": "Feature", "properties": { "Business_Name": "Bank of China", "Address": "1045 6th Ave, New York, NY 10018, United States", "Keyword": "Chinese bank", "Neighborhood": "Chinatown Manhattan, NY", "Level": 3.0 }, "geometry": { "type": "Point", "coordinates": [ -73.9854684, 40.7534084 ] } },
{ "type": "Feature", "properties": { "Business_Name": "Cathay Bank", "Address": "159 Canal St, New York, NY 10013, United States", "Keyword": "Chinese bank", "Neighborhood": "Chinatown Manhattan, NY", "Level": 3.0 }, "geometry": { "type": "Point", "coordinates": [ -73.9965597, 40.716553 ] } },
{ "type": "Feature", "properties": { "Business_Name": "TD Bank", "Address": "155 Canal St, New York, NY 10013, United States", "Keyword": "Chinese bank", "Neighborhood": "Chinatown Manhattan, NY", "Level": 3.0 }, "geometry": { "type": "Point", "coordinates": [ -73.9961845, 40.7164425 ] } },
{ "type": "Feature", "properties": { "Business_Name": "China Acupuncture Center", "Address": "139 Canal St Suite #308, New York, NY 10002, United States", "Keyword": "Chinese bank", "Neighborhood": "Chinatown Manhattan, NY", "Level": 3.0 }, "geometry": { "type": "Point", "coordinates": [ -73.9954578, 40.7162689 ] } },
{ "type": "Feature", "properties": { "Business_Name": "United Orient Bank", "Address": "185 Canal St # 4, New York, NY 10013, United States", "Keyword": "Chinese bank", "Neighborhood": "Chinatown Manhattan, NY", "Level": 3.0 }, "geometry": { "type": "Point", "coordinates": [ -73.9977215, 40.7170893 ] } },
{ "type": "Feature", "properties": { "Business_Name": "TD Bank", "Address": "250 Canal St, New York, NY 10013, United States", "Keyword": "Chinese bank", "Neighborhood": "Chinatown Manhattan, NY", "Level": 3.0 }, "geometry": { "type": "Point", "coordinates": [ -74.000479, 40.7181945 ] } },
{ "type": "Feature", "properties": { "Business_Name": "Citi", "Address": "2 Mott St, New York, NY 10013, United States", "Keyword": "Chinese bank", "Neighborhood": "Chinatown Manhattan, NY", "Level": 3.0 }, "geometry": { "type": "Point", "coordinates": [ -73.9985173, 40.7138408 ] } },
{ "type": "Feature", "properties": { "Business_Name": "Chase Bank", "Address": "231 Grand St, New York, NY 10013, United States", "Keyword": "Chinese bank", "Neighborhood": "Chinatown Manhattan, NY", "Level": 3.0 }, "geometry": { "type": "Point", "coordinates": [ -73.9951604, 40.7184527 ] } },
{ "type": "Feature", "properties": { "Business_Name": "Chase Bank", "Address": "221 Canal St, New York, NY 10013, United States", "Keyword": "Chinese bank", "Neighborhood": "Chinatown Manhattan, NY", "Level": 3.0 }, "geometry": { "type": "Point", "coordinates": [ -73.9993386, 40.7178758 ] } },
{ "type": "Feature", "properties": { "Business_Name": "Eastbank", "Address": "183 Centre St # 2, New York, NY 10013, United States", "Keyword": "Chinese bank", "Neighborhood": "Chinatown Manhattan, NY", "Level": 3.0 }, "geometry": { "type": "Point", "coordinates": [ -73.9998643, 40.7183499 ] } },
{ "type": "Feature", "properties": { "Business_Name": "Mei Lai Wah", "Address": "62 Bayard St, New York, NY 10013, United States", "Keyword": "Chinese bank", "Neighborhood": "Chinatown Manhattan, NY", "Level": 3.0 }, "geometry": { "type": "Point", "coordinates": [ -73.9978853, 40.7154856 ] } },
{ "type": "Feature", "properties": { "Business_Name": "Kinyu Realty and Management Corp.", "Address": "2 Allen St UNIT 3F, New York, NY 10002, United States", "Keyword": "Chinese real estate", "Neighborhood": "Chinatown Manhattan, NY", "Level": 3.0 }, "geometry": { "type": "Point", "coordinates": [ -73.9923442, 40.714515600000013 ] } },
{ "type": "Feature", "properties": { "Business_Name": "LoHo Realty, Inc.", "Address": "397 Grand St, New York, NY 10002, United States", "Keyword": "Chinese real estate", "Neighborhood": "Chinatown Manhattan, NY", "Level": 3.0 }, "geometry": { "type": "Point", "coordinates": [ -73.9874926, 40.7159025 ] } },
{ "type": "Feature", "properties": { "Business_Name": "Chinatown Apartments Inc", "Address": "Confucius Plaza, 33 Bowery, New York, NY 10002, United States", "Keyword": "Chinese real estate", "Neighborhood": "Chinatown Manhattan, NY", "Level": 3.0 }, "geometry": { "type": "Point", "coordinates": [ -73.9964212, 40.7147797 ] } },
{ "type": "Feature", "properties": { "Business_Name": "Great China International Tours", "Address": "139 Canal St, New York, NY 10002, United States", "Keyword": "Chinese real estate", "Neighborhood": "Chinatown Manhattan, NY", "Level": 3.0 }, "geometry": { "type": "Point", "coordinates": [ -73.9954133, 40.7162491 ] } },
{ "type": "Feature", "properties": { "Business_Name": "New Golden Age Realty", "Address": "9 E Broadway 2nd Fl, New York, NY 10038, United States", "Keyword": "Chinese real estate", "Neighborhood": "Chinatown Manhattan, NY", "Level": 3.0 }, "geometry": { "type": "Point", "coordinates": [ -73.9975427, 40.713238700000012 ] } },
{ "type": "Feature", "properties": { "Business_Name": "Chinatown Partnership Local Development Corporation", "Address": "217 Park Row #9, New York, NY 10038, United States", "Keyword": "Chinese real estate", "Neighborhood": "Chinatown Manhattan, NY", "Level": 3.0 }, "geometry": { "type": "Point", "coordinates": [ -73.9986865, 40.7130567 ] } },
{ "type": "Feature", "properties": { "Business_Name": "Confucius Plaza", "Address": "10 Confucius Plz, New York, NY 10002, United States", "Keyword": "Chinese real estate", "Neighborhood": "Chinatown Manhattan, NY", "Level": 3.0 }, "geometry": { "type": "Point", "coordinates": [ -73.9958123, 40.7147169 ] } },
{ "type": "Feature", "properties": { "Business_Name": "安家纽约陈东——纽约资深地产顾问", "Address": "1460 Broadway, New York, NY 10036, United States", "Keyword": "Chinese real estate", "Neighborhood": "Chinatown Manhattan, NY", "Level": 3.0 }, "geometry": { "type": "Point", "coordinates": [ -73.9861749, 40.7551279 ] } },
{ "type": "Feature", "properties": { "Business_Name": "Chinatown Brokerage House Inc.", "Address": "191 Canal St #403, New York, NY 10013, United States", "Keyword": "Chinese real estate", "Neighborhood": "Chinatown Manhattan, NY", "Level": 3.0 }, "geometry": { "type": "Point", "coordinates": [ -73.9979748, 40.7171222 ] } },
{ "type": "Feature", "properties": { "Business_Name": "New York Chinese School", "Address": "62 Mott St 3rd floor, New York, NY 10013, United States", "Keyword": "Chinese school", "Neighborhood": "Chinatown Manhattan, NY", "Level": 3.0 }, "geometry": { "type": "Point", "coordinates": [ -73.998024, 40.7159896 ] } },
{ "type": "Feature", "properties": { "Business_Name": "Transfiguration Chinese School", "Address": "29 Mott St, New York, NY 10013, United States", "Keyword": "Chinese school", "Neighborhood": "Chinatown Manhattan, NY", "Level": 3.0 }, "geometry": { "type": "Point", "coordinates": [ -73.9991172, 40.7148035 ] } },
{ "type": "Feature", "properties": { "Business_Name": "Chinese Language Academy of New York Wall St.", "Address": "48 Wall St #1100, New York, NY 10005, United States", "Keyword": "Chinese school", "Neighborhood": "Chinatown Manhattan, NY", "Level": 3.0 }, "geometry": { "type": "Point", "coordinates": [ -74.0090492, 40.7065569 ] } },
{ "type": "Feature", "properties": { "Business_Name": "Sishu Mandarin Chinese Language School", "Address": "22 Beaver St 3rd Floor, New York, NY 10004, United States", "Keyword": "Chinese school", "Neighborhood": "Chinatown Manhattan, NY", "Level": 3.0 }, "geometry": { "type": "Point", "coordinates": [ -74.0121983, 40.7049396 ] } },
{ "type": "Feature", "properties": { "Business_Name": "Shuang Wen Academy Network (SWAN)", "Address": "90 Bowery 2nd floor, Chinatown, NY 10013, United States", "Keyword": "Chinese school", "Neighborhood": "Chinatown Manhattan, NY", "Level": 3.0 }, "geometry": { "type": "Point", "coordinates": [ -73.995666, 40.717511 ] } },
{ "type": "Feature", "properties": { "Business_Name": "Chinatown Information Kiosk", "Address": "101 Baxter St, New York, NY 10013, United States", "Keyword": "Chinese media", "Neighborhood": "Chinatown Manhattan, NY", "Level": 3.0 }, "geometry": { "type": "Point", "coordinates": [ -73.9992858, 40.7173952 ] } },
{ "type": "Feature", "properties": { "Business_Name": "Welcome to Chinatown", "Address": "115 Bowery, New York, NY 10002, United States", "Keyword": "Chinese media", "Neighborhood": "Chinatown Manhattan, NY", "Level": 3.0 }, "geometry": { "type": "Point", "coordinates": [ -73.9947857, 40.7179183 ] } },
{ "type": "Feature", "properties": { "Business_Name": "New York Chinese Community Center", "Address": "62 Mott St, New York, NY 10013, United States", "Keyword": "Chinese media", "Neighborhood": "Chinatown Manhattan, NY", "Level": 3.0 }, "geometry": { "type": "Point", "coordinates": [ -73.9981392, 40.7160503 ] } },
{ "type": "Feature", "properties": { "Business_Name": "Think!Chinatown", "Address": "1 Pike St, New York, NY 10002, United States", "Keyword": "Chinese media", "Neighborhood": "Chinatown Manhattan, NY", "Level": 3.0 }, "geometry": { "type": "Point", "coordinates": [ -73.992356, 40.7142846 ] } },
{ "type": "Feature", "properties": { "Business_Name": "Sing Tao Daily", "Address": "188 Lafayette St, New York, NY 10013, United States", "Keyword": "Chinese media", "Neighborhood": "Chinatown Manhattan, NY", "Level": 3.0 }, "geometry": { "type": "Point", "coordinates": [ -73.9984403, 40.7210486 ] } },
{ "type": "Feature", "properties": { "Business_Name": "Chinatown Supermarket of Manhattan 新中華超市", "Address": "109 E Broadway, New York, NY 10002, United States", "Keyword": "Chinese media", "Neighborhood": "Chinatown Manhattan, NY", "Level": 3.0 }, "geometry": { "type": "Point", "coordinates": [ -73.9928845, 40.713698699999988 ] } },
{ "type": "Feature", "properties": { "Business_Name": "Museum of Chinese in America", "Address": "215 Centre St, New York, NY 10013, United States", "Keyword": "Chinese media", "Neighborhood": "Chinatown Manhattan, NY", "Level": 3.0 }, "geometry": { "type": "Point", "coordinates": [ -73.9990506, 40.7193785 ] } },
{ "type": "Feature", "properties": { "Business_Name": "New Oriental Gallery 新東方畫廊 J.W Trading inc Frame store", "Address": "205 Grand St B, New York, NY 10013, United States", "Keyword": "Chinese media", "Neighborhood": "Chinatown Manhattan, NY", "Level": 3.0 }, "geometry": { "type": "Point", "coordinates": [ -73.996492, 40.7188162 ] } },
{ "type": "Feature", "properties": { "Business_Name": "Chinatown Night Market", "Address": "Forsyth St &, Canal St, New York, NY 10002, United States", "Keyword": "Chinese media", "Neighborhood": "Chinatown Manhattan, NY", "Level": 3.0 }, "geometry": { "type": "Point", "coordinates": [ -73.9945749, 40.7154005 ] } },
{ "type": "Feature", "properties": { "Business_Name": "China Town Internet Cafe", "Address": "75 Eldridge St, New York, NY 10002, United States", "Keyword": "Chinese media", "Neighborhood": "Chinatown Manhattan, NY", "Level": 3.0 }, "geometry": { "type": "Point", "coordinates": [ -73.9927188, 40.7169184 ] } },
{ "type": "Feature", "properties": { "Business_Name": "New York Mart", "Address": "128 Mott St, New York, NY 10013, United States", "Keyword": "Chinese media", "Neighborhood": "Chinatown Manhattan, NY", "Level": 3.0 }, "geometry": { "type": "Point", "coordinates": [ -73.9966318, 40.718503899999988 ] } },
{ "type": "Feature", "properties": { "Business_Name": "Chinatown", "Address": "Chinatown, New York, NY, USA", "Keyword": "Chinese media", "Neighborhood": "Chinatown Manhattan, NY", "Level": 3.0 }, "geometry": { "type": "Point", "coordinates": [ -73.9970307, 40.7157509 ] } },
{ "type": "Feature", "properties": { "Business_Name": "Mei Lai Wah", "Address": "62 Bayard St, New York, NY 10013, United States", "Keyword": "Chinese media", "Neighborhood": "Chinatown Manhattan, NY", "Level": 3.0 }, "geometry": { "type": "Point", "coordinates": [ -73.9978853, 40.7154856 ] } },
{ "type": "Feature", "properties": { "Business_Name": "Myanmar Chinese Association of New York", "Address": "100 Bowery 4th floor, New York, NY 10013, United States", "Keyword": "Chinese media", "Neighborhood": "Chinatown Manhattan, NY", "Level": 3.0 }, "geometry": { "type": "Point", "coordinates": [ -73.995468, 40.717777 ] } },
{ "type": "Feature", "properties": { "Business_Name": "DCTV", "Address": "87 Lafayette St, New York, NY 10013, United States", "Keyword": "Chinese media", "Neighborhood": "Chinatown Manhattan, NY", "Level": 3.0 }, "geometry": { "type": "Point", "coordinates": [ -74.0012227, 40.7172875 ] } },
{ "type": "Feature", "properties": { "Business_Name": "Noodle Village", "Address": "70 Mott St, New York, NY 10013, United States", "Keyword": "Chinese media", "Neighborhood": "Chinatown Manhattan, NY", "Level": 3.0 }, "geometry": { "type": "Point", "coordinates": [ -73.9979722, 40.7162331 ] } },
{ "type": "Feature", "properties": { "Business_Name": "Kam Hing Coffee Shop", "Address": "118 Baxter St, New York, NY 10013, United States", "Keyword": "Chinese media", "Neighborhood": "Chinatown Manhattan, NY", "Level": 3.0 }, "geometry": { "type": "Point", "coordinates": [ -73.9992065, 40.7179794 ] } },
{ "type": "Feature", "properties": { "Business_Name": "Chinatown", "Address": "74 Bayard St, New York, NY 10013, United States", "Keyword": "Chinese media", "Neighborhood": "Chinatown Manhattan, NY", "Level": 3.0 }, "geometry": { "type": "Point", "coordinates": [ -73.9981791, 40.7159846 ] } },
{ "type": "Feature", "properties": { "Business_Name": "Nom Wah Tea Parlor", "Address": "13 Doyers St, New York, NY 10013, United States", "Keyword": "Chinese media", "Neighborhood": "Chinatown Manhattan, NY", "Level": 3.0 }, "geometry": { "type": "Point", "coordinates": [ -73.998188, 40.7145089 ] } },
{ "type": "Feature", "properties": { "Business_Name": "Sun Sai Gai", "Address": "220 Canal St, New York, NY 10013, United States", "Keyword": "Chinese media", "Neighborhood": "Chinatown Manhattan, NY", "Level": 3.0 }, "geometry": { "type": "Point", "coordinates": [ -73.9993918, 40.7172288 ] } },
{ "type": "Feature", "properties": { "Business_Name": "Sing Tao Daily", "Address": "188 Lafayette St, New York, NY 10013, United States", "Keyword": "Chinese newspaper", "Neighborhood": "Chinatown Manhattan, NY", "Level": 3.0 }, "geometry": { "type": "Point", "coordinates": [ -73.9984403, 40.7210486 ] } },
{ "type": "Feature", "properties": { "Business_Name": "Industrial and Commercial Bank of China (USA) NA", "Address": "202 Canal St Suite 500, New York, NY 10013, United States", "Keyword": "华人银行", "Neighborhood": "Chinatown Manhattan, NY", "Level": 3.0 }, "geometry": { "type": "Point", "coordinates": [ -73.9985833, 40.7168081 ] } },
{ "type": "Feature", "properties": { "Business_Name": "East West Bank", "Address": "77 Bowery, New York, NY 10002, United States", "Keyword": "华人银行", "Neighborhood": "Chinatown Manhattan, NY", "Level": 3.0 }, "geometry": { "type": "Point", "coordinates": [ -73.9954791, 40.7166538 ] } },
{ "type": "Feature", "properties": { "Business_Name": "Cathay Bank", "Address": "45 E Broadway, New York, NY 10002, United States", "Keyword": "华人银行", "Neighborhood": "Chinatown Manhattan, NY", "Level": 3.0 }, "geometry": { "type": "Point", "coordinates": [ -73.9959282, 40.7134661 ] } },
{ "type": "Feature", "properties": { "Business_Name": "Royal Business Bank", "Address": "179 Canal St, New York, NY 10013, United States", "Keyword": "华人银行", "Neighborhood": "Chinatown Manhattan, NY", "Level": 3.0 }, "geometry": { "type": "Point", "coordinates": [ -73.9974063, 40.7168583 ] } },
{ "type": "Feature", "properties": { "Business_Name": "Cathay Bank", "Address": "159 Canal St, New York, NY 10013, United States", "Keyword": "华人银行", "Neighborhood": "Chinatown Manhattan, NY", "Level": 3.0 }, "geometry": { "type": "Point", "coordinates": [ -73.9965597, 40.716553 ] } },
{ "type": "Feature", "properties": { "Business_Name": "Abacus Federal Savings Bank 国宝银行 曼哈顿 | 商业 房屋 贷款 利率 | 储蓄 支票 账户 存款 利息", "Address": "6 Bowery, New York, NY 10013, United States", "Keyword": "华人银行", "Neighborhood": "Chinatown Manhattan, NY", "Level": 3.0 }, "geometry": { "type": "Point", "coordinates": [ -73.9975979, 40.7143379 ] } },
{ "type": "Feature", "properties": { "Business_Name": "Bank of China", "Address": "1045 6th Ave, New York, NY 10018, United States", "Keyword": "华人银行", "Neighborhood": "Chinatown Manhattan, NY", "Level": 3.0 }, "geometry": { "type": "Point", "coordinates": [ -73.9854684, 40.7534084 ] } },
{ "type": "Feature", "properties": { "Business_Name": "Great Eastern Bank", "Address": "16 E Broadway # 1, New York, NY 10002, United States", "Keyword": "华人银行", "Neighborhood": "Chinatown Manhattan, NY", "Level": 3.0 }, "geometry": { "type": "Point", "coordinates": [ -73.997245, 40.7136003 ] } },
{ "type": "Feature", "properties": { "Business_Name": "International Commercial Bankof China", "Address": "65 Liberty St, New York, NY 10005, United States", "Keyword": "华人银行", "Neighborhood": "Chinatown Manhattan, NY", "Level": 3.0 }, "geometry": { "type": "Point", "coordinates": [ -74.0098043, 40.7089574 ] } },
{ "type": "Feature", "properties": { "Business_Name": "HSBC Bank", "Address": "150 Canal St, New York, NY 10013, United States", "Keyword": "华人银行", "Neighborhood": "Chinatown Manhattan, NY", "Level": 3.0 }, "geometry": { "type": "Point", "coordinates": [ -73.9964622, 40.7161613 ] } },
{ "type": "Feature", "properties": { "Business_Name": "East West Bank", "Address": "208 Canal St, New York, NY 10013, United States", "Keyword": "华人银行", "Neighborhood": "Chinatown Manhattan, NY", "Level": 3.0 }, "geometry": { "type": "Point", "coordinates": [ -73.9988798, 40.7169822 ] } },
{ "type": "Feature", "properties": { "Business_Name": "Flushing Bank", "Address": "183 Canal St, New York, NY 10013, United States", "Keyword": "华人银行", "Neighborhood": "Chinatown Manhattan, NY", "Level": 3.0 }, "geometry": { "type": "Point", "coordinates": [ -73.9975547, 40.7169478 ] } },
{ "type": "Feature", "properties": { "Business_Name": "United Orient Bank", "Address": "10 Chatham Square, New York, NY 10038, United States", "Keyword": "华人银行", "Neighborhood": "Chinatown Manhattan, NY", "Level": 3.0 }, "geometry": { "type": "Point", "coordinates": [ -73.9979477, 40.713985 ] } },
{ "type": "Feature", "properties": { "Business_Name": "TD Bank", "Address": "250 Canal St, New York, NY 10013, United States", "Keyword": "华人银行", "Neighborhood": "Chinatown Manhattan, NY", "Level": 3.0 }, "geometry": { "type": "Point", "coordinates": [ -74.000479, 40.7181945 ] } },
{ "type": "Feature", "properties": { "Business_Name": "CTBC Bank", "Address": "521 5th Ave 11th floor, New York, NY 10175, United States", "Keyword": "华人银行", "Neighborhood": "Chinatown Manhattan, NY", "Level": 3.0 }, "geometry": { "type": "Point", "coordinates": [ -73.9798288, 40.7541286 ] } },
{ "type": "Feature", "properties": { "Business_Name": "Hanover Bank", "Address": "109 Bowery, New York, NY 10002, United States", "Keyword": "华人银行", "Neighborhood": "Chinatown Manhattan, NY", "Level": 3.0 }, "geometry": { "type": "Point", "coordinates": [ -73.9949056, 40.7177106 ] } },
{ "type": "Feature", "properties": { "Business_Name": "TD Bank", "Address": "155 Canal St, New York, NY 10013, United States", "Keyword": "华人银行", "Neighborhood": "Chinatown Manhattan, NY", "Level": 3.0 }, "geometry": { "type": "Point", "coordinates": [ -73.9961845, 40.7164425 ] } },
{ "type": "Feature", "properties": { "Business_Name": "Bank of China", "Address": "42-35 Main St, Flushing, NY 11355, United States", "Keyword": "华人银行", "Neighborhood": "Chinatown Manhattan, NY", "Level": 3.0 }, "geometry": { "type": "Point", "coordinates": [ -73.8275875, 40.7545285 ] } },
{ "type": "Feature", "properties": { "Business_Name": "Eastbank", "Address": "183 Centre St # 2, New York, NY 10013, United States", "Keyword": "华人银行", "Neighborhood": "Chinatown Manhattan, NY", "Level": 3.0 }, "geometry": { "type": "Point", "coordinates": [ -73.9998643, 40.7183499 ] } },
{ "type": "Feature", "properties": { "Business_Name": "Citi", "Address": "164 Canal St, New York, NY 10013, United States", "Keyword": "华人银行", "Neighborhood": "Chinatown Manhattan, NY", "Level": 3.0 }, "geometry": { "type": "Point", "coordinates": [ -73.9972749, 40.7164233 ] } },
{ "type": "Feature", "properties": { "Business_Name": "Industrial and Commercial Bank of China (USA) NA", "Address": "202 Canal St Suite 500, New York, NY 10013, United States", "Keyword": "中资银行", "Neighborhood": "Chinatown Manhattan, NY", "Level": 3.0 }, "geometry": { "type": "Point", "coordinates": [ -73.9985833, 40.7168081 ] } },
{ "type": "Feature", "properties": { "Business_Name": "Bank of China", "Address": "1045 6th Ave, New York, NY 10018, United States", "Keyword": "中资银行", "Neighborhood": "Chinatown Manhattan, NY", "Level": 3.0 }, "geometry": { "type": "Point", "coordinates": [ -73.9854684, 40.7534084 ] } },
{ "type": "Feature", "properties": { "Business_Name": "Cathay Bank", "Address": "45 E Broadway, New York, NY 10002, United States", "Keyword": "中资银行", "Neighborhood": "Chinatown Manhattan, NY", "Level": 3.0 }, "geometry": { "type": "Point", "coordinates": [ -73.9959282, 40.7134661 ] } },
{ "type": "Feature", "properties": { "Business_Name": "Cathay Bank", "Address": "159 Canal St, New York, NY 10013, United States", "Keyword": "中资银行", "Neighborhood": "Chinatown Manhattan, NY", "Level": 3.0 }, "geometry": { "type": "Point", "coordinates": [ -73.9965597, 40.716553 ] } },
{ "type": "Feature", "properties": { "Business_Name": "CTBC Bank", "Address": "521 5th Ave 11th floor, New York, NY 10175, United States", "Keyword": "中资银行", "Neighborhood": "Chinatown Manhattan, NY", "Level": 3.0 }, "geometry": { "type": "Point", "coordinates": [ -73.9798288, 40.7541286 ] } },
{ "type": "Feature", "properties": { "Business_Name": "Chase Bank", "Address": "180 Canal St, New York, NY 10013, United States", "Keyword": "中资银行", "Neighborhood": "Chinatown Manhattan, NY", "Level": 3.0 }, "geometry": { "type": "Point", "coordinates": [ -73.9977271, 40.7166221 ] } },
{ "type": "Feature", "properties": { "Business_Name": "International Commercial Bankof China", "Address": "65 Liberty St, New York, NY 10005, United States", "Keyword": "中资银行", "Neighborhood": "Chinatown Manhattan, NY", "Level": 3.0 }, "geometry": { "type": "Point", "coordinates": [ -74.0098043, 40.7089574 ] } },
{ "type": "Feature", "properties": { "Business_Name": "Bank of China", "Address": "42-35 Main St, Flushing, NY 11355, United States", "Keyword": "中资银行", "Neighborhood": "Chinatown Manhattan, NY", "Level": 3.0 }, "geometry": { "type": "Point", "coordinates": [ -73.8275875, 40.7545285 ] } },
{ "type": "Feature", "properties": { "Business_Name": "Great Eastern Bank", "Address": "16 E Broadway # 1, New York, NY 10002, United States", "Keyword": "中资银行", "Neighborhood": "Chinatown Manhattan, NY", "Level": 3.0 }, "geometry": { "type": "Point", "coordinates": [ -73.997245, 40.7136003 ] } },
{ "type": "Feature", "properties": { "Business_Name": "HSBC Bank", "Address": "150 Canal St, New York, NY 10013, United States", "Keyword": "中资银行", "Neighborhood": "Chinatown Manhattan, NY", "Level": 3.0 }, "geometry": { "type": "Point", "coordinates": [ -73.9964622, 40.7161613 ] } },
{ "type": "Feature", "properties": { "Business_Name": "Royal Business Bank", "Address": "179 Canal St, New York, NY 10013, United States", "Keyword": "中资银行", "Neighborhood": "Chinatown Manhattan, NY", "Level": 3.0 }, "geometry": { "type": "Point", "coordinates": [ -73.9974063, 40.7168583 ] } },
{ "type": "Feature", "properties": { "Business_Name": "Flushing Bank", "Address": "183 Canal St, New York, NY 10013, United States", "Keyword": "中资银行", "Neighborhood": "Chinatown Manhattan, NY", "Level": 3.0 }, "geometry": { "type": "Point", "coordinates": [ -73.9975547, 40.7169478 ] } },
{ "type": "Feature", "properties": { "Business_Name": "Citi", "Address": "2 Mott St, New York, NY 10013, United States", "Keyword": "中资银行", "Neighborhood": "Chinatown Manhattan, NY", "Level": 3.0 }, "geometry": { "type": "Point", "coordinates": [ -73.9985173, 40.7138408 ] } },
{ "type": "Feature", "properties": { "Business_Name": "TD Bank", "Address": "155 Canal St, New York, NY 10013, United States", "Keyword": "中资银行", "Neighborhood": "Chinatown Manhattan, NY", "Level": 3.0 }, "geometry": { "type": "Point", "coordinates": [ -73.9961845, 40.7164425 ] } },
{ "type": "Feature", "properties": { "Business_Name": "East West Bank", "Address": "77 Bowery, New York, NY 10002, United States", "Keyword": "中资银行", "Neighborhood": "Chinatown Manhattan, NY", "Level": 3.0 }, "geometry": { "type": "Point", "coordinates": [ -73.9954791, 40.7166538 ] } },
{ "type": "Feature", "properties": { "Business_Name": "East West Bank", "Address": "208 Canal St, New York, NY 10013, United States", "Keyword": "中资银行", "Neighborhood": "Chinatown Manhattan, NY", "Level": 3.0 }, "geometry": { "type": "Point", "coordinates": [ -73.9988798, 40.7169822 ] } },
{ "type": "Feature", "properties": { "Business_Name": "TD Bank", "Address": "250 Canal St, New York, NY 10013, United States", "Keyword": "中资银行", "Neighborhood": "Chinatown Manhattan, NY", "Level": 3.0 }, "geometry": { "type": "Point", "coordinates": [ -74.000479, 40.7181945 ] } },
{ "type": "Feature", "properties": { "Business_Name": "Chase Bank", "Address": "231 Grand St, New York, NY 10013, United States", "Keyword": "中资银行", "Neighborhood": "Chinatown Manhattan, NY", "Level": 3.0 }, "geometry": { "type": "Point", "coordinates": [ -73.9951604, 40.7184527 ] } },
{ "type": "Feature", "properties": { "Business_Name": "Bank of America Financial Center", "Address": "50 Bayard St, New York, NY 10013, United States", "Keyword": "中资银行", "Neighborhood": "Chinatown Manhattan, NY", "Level": 3.0 }, "geometry": { "type": "Point", "coordinates": [ -73.9969542, 40.7153629 ] } },
{ "type": "Feature", "properties": { "Business_Name": "United Orient Bank", "Address": "10 Chatham Square, New York, NY 10038, United States", "Keyword": "中资银行", "Neighborhood": "Chinatown Manhattan, NY", "Level": 3.0 }, "geometry": { "type": "Point", "coordinates": [ -73.9979477, 40.713985 ] } },
{ "type": "Feature", "properties": { "Business_Name": "Bank of China", "Address": "1045 6th Ave, New York, NY 10018, United States", "Keyword": "中国银行", "Neighborhood": "Chinatown Manhattan, NY", "Level": 3.0 }, "geometry": { "type": "Point", "coordinates": [ -73.9854684, 40.7534084 ] } },
{ "type": "Feature", "properties": { "Business_Name": "Industrial and Commercial Bank of China (USA) NA", "Address": "202 Canal St Suite 500, New York, NY 10013, United States", "Keyword": "中国银行", "Neighborhood": "Chinatown Manhattan, NY", "Level": 3.0 }, "geometry": { "type": "Point", "coordinates": [ -73.9985833, 40.7168081 ] } },
{ "type": "Feature", "properties": { "Business_Name": "Cathay Bank", "Address": "159 Canal St, New York, NY 10013, United States", "Keyword": "中国银行", "Neighborhood": "Chinatown Manhattan, NY", "Level": 3.0 }, "geometry": { "type": "Point", "coordinates": [ -73.9965597, 40.716553 ] } },
{ "type": "Feature", "properties": { "Business_Name": "Emma Hao Team 纽约首席华语地产经纪团队 (Douglas Elliman Real Estate)", "Address": "1934 Broadway, New York, NY 10023, United States", "Keyword": "华人地产", "Neighborhood": "Chinatown Manhattan, NY", "Level": 3.0 }, "geometry": { "type": "Point", "coordinates": [ -73.981851, 40.7727418 ] } },
{ "type": "Feature", "properties": { "Business_Name": "曼哈顿唐人街", "Address": "17 Elizabeth St, New York, NY 10013, United States", "Keyword": "华人地产", "Neighborhood": "Chinatown Manhattan, NY", "Level": 3.0 }, "geometry": { "type": "Point", "coordinates": [ -73.9975785, 40.7160062 ] } },
{ "type": "Feature", "properties": { "Business_Name": "地产经纪人郭女士", "Address": "211 E 43rd St 24th floor, New York, NY 10017, United States", "Keyword": "华人地产", "Neighborhood": "Chinatown Manhattan, NY", "Level": 3.0 }, "geometry": { "type": "Point", "coordinates": [ -73.973158, 40.7512735 ] } },
{ "type": "Feature", "properties": { "Business_Name": "Chinatown Partnership Local Development Corporation", "Address": "217 Park Row #9, New York, NY 10038, United States", "Keyword": "华人地产", "Neighborhood": "Chinatown Manhattan, NY", "Level": 3.0 }, "geometry": { "type": "Point", "coordinates": [ -73.9986865, 40.7130567 ] } },
{ "type": "Feature", "properties": { "Business_Name": "【家禾置业】房地产公司-Jiahe Realty Inc.", "Address": "136-16 35th Ave STE 1A, Flushing, NY 11354, United States", "Keyword": "华人地产", "Neighborhood": "Chinatown Manhattan, NY", "Level": 3.0 }, "geometry": { "type": "Point", "coordinates": [ -73.8299333, 40.764646 ] } },
{ "type": "Feature", "properties": { "Business_Name": "纽约房地产网 | 地产经纪 | 房屋出租 | 房屋出售 | 房屋买卖 |房地产信息中心", "Address": "3707 147th St #3D, Flushing, NY 11354, United States", "Keyword": "华人地产", "Neighborhood": "Chinatown Manhattan, NY", "Level": 3.0 }, "geometry": { "type": "Point", "coordinates": [ -73.8190084, 40.7645312 ] } },
{ "type": "Feature", "properties": { "Business_Name": "Chinatown Brokerage House Inc.", "Address": "191 Canal St #403, New York, NY 10013, United States", "Keyword": "华人地产", "Neighborhood": "Chinatown Manhattan, NY", "Level": 3.0 }, "geometry": { "type": "Point", "coordinates": [ -73.9979748, 40.7171222 ] } },
{ "type": "Feature", "properties": { "Business_Name": "永喜大厦", "Address": "23 E Broadway, New York, NY 10002, United States", "Keyword": "华人地产", "Neighborhood": "Chinatown Manhattan, NY", "Level": 3.0 }, "geometry": { "type": "Point", "coordinates": [ -73.99691510000001, 40.713385 ] } },
{ "type": "Feature", "properties": { "Business_Name": "Great China International Tours", "Address": "139 Canal St, New York, NY 10002, United States", "Keyword": "华人地产", "Neighborhood": "Chinatown Manhattan, NY", "Level": 3.0 }, "geometry": { "type": "Point", "coordinates": [ -73.9954133, 40.7162491 ] } },
{ "type": "Feature", "properties": { "Business_Name": "Chinatown Brokerage House Inc.", "Address": "191 Canal St #403, New York, NY 10013, United States", "Keyword": "房产中介", "Neighborhood": "Chinatown Manhattan, NY", "Level": 3.0 }, "geometry": { "type": "Point", "coordinates": [ -73.9979748, 40.7171222 ] } },
{ "type": "Feature", "properties": { "Business_Name": "Kinyu Realty and Management Corp.", "Address": "2 Allen St UNIT 3F, New York, NY 10002, United States", "Keyword": "房产中介", "Neighborhood": "Chinatown Manhattan, NY", "Level": 3.0 }, "geometry": { "type": "Point", "coordinates": [ -73.9923442, 40.714515600000013 ] } },
{ "type": "Feature", "properties": { "Business_Name": "Confucius Plaza", "Address": "1-9 Bowery, New York, NY 10002, United States", "Keyword": "房产中介", "Neighborhood": "Chinatown Manhattan, NY", "Level": 3.0 }, "geometry": { "type": "Point", "coordinates": [ -73.9971182, 40.7142161 ] } },
{ "type": "Feature", "properties": { "Business_Name": "地产经纪人郭女士", "Address": "211 E 43rd St 24th floor, New York, NY 10017, United States", "Keyword": "房产中介", "Neighborhood": "Chinatown Manhattan, NY", "Level": 3.0 }, "geometry": { "type": "Point", "coordinates": [ -73.973158, 40.7512735 ] } },
{ "type": "Feature", "properties": { "Business_Name": "纽约地产 纽约房产 纽约地产经纪／纽约学区房 纽约二手房 纽约房地产／纽约房屋买卖 纽约法拍屋 纽约房产中介 纽约地产中介", "Address": "210 Targee St, Staten Island, NY 10304, United States", "Keyword": "房产中介", "Neighborhood": "Chinatown Manhattan, NY", "Level": 3.0 }, "geometry": { "type": "Point", "coordinates": [ -74.084288, 40.6219921 ] } },
{ "type": "Feature", "properties": { "Business_Name": "纽约房地产网 | 地产经纪 | 房屋出租 | 房屋出售 | 房屋买卖 |房地产信息中心", "Address": "3707 147th St #3D, Flushing, NY 11354, United States", "Keyword": "房产中介", "Neighborhood": "Chinatown Manhattan, NY", "Level": 3.0 }, "geometry": { "type": "Point", "coordinates": [ -73.8190084, 40.7645312 ] } },
{ "type": "Feature", "properties": { "Business_Name": "建 峰 地产", "Address": "131-08 40th Rd, Flushing, NY 11354, United States", "Keyword": "房产中介", "Neighborhood": "Chinatown Manhattan, NY", "Level": 3.0 }, "geometry": { "type": "Point", "coordinates": [ -73.8361704, 40.7557617 ] } },
{ "type": "Feature", "properties": { "Business_Name": "Fang Fang Realty Inc. 芳芳地產", "Address": "816 59th St #2FL, Brooklyn, NY 11220, United States", "Keyword": "房产中介", "Neighborhood": "Chinatown Manhattan, NY", "Level": 3.0 }, "geometry": { "type": "Point", "coordinates": [ -74.0086689, 40.6356256 ] } },
{ "type": "Feature", "properties": { "Business_Name": "New York Property Agent, Weimin Tan", "Address": "641 Lexington Ave 22nd floor, New York, NY 10022, United States", "Keyword": "房产中介", "Neighborhood": "Chinatown Manhattan, NY", "Level": 3.0 }, "geometry": { "type": "Point", "coordinates": [ -73.9701907, 40.7589852 ] } },
{ "type": "Feature", "properties": { "Business_Name": "纽约环球地产-代理房屋买卖，出租，商业用地买卖，法拍屋", "Address": "39-07 Prince St, Flushing, NY 11354, United States", "Keyword": "房产中介", "Neighborhood": "Chinatown Manhattan, NY", "Level": 3.0 }, "geometry": { "type": "Point", "coordinates": [ -73.83205, 40.7594773 ] } },
{ "type": "Feature", "properties": { "Business_Name": "EILEEN HSU, REALTOR", "Address": "111 5th Ave 7th Floor, New York, NY 10003, United States", "Keyword": "房产中介", "Neighborhood": "Chinatown Manhattan, NY", "Level": 3.0 }, "geometry": { "type": "Point", "coordinates": [ -73.9912013, 40.7384502 ] } },
{ "type": "Feature", "properties": { "Business_Name": "Kinyu Realty and Management Corp.", "Address": "2 Allen St UNIT 3F, New York, NY 10002, United States", "Keyword": "房地产公司", "Neighborhood": "Chinatown Manhattan, NY", "Level": 3.0 }, "geometry": { "type": "Point", "coordinates": [ -73.9923442, 40.714515600000013 ] } },
{ "type": "Feature", "properties": { "Business_Name": "Jerry Wang Real Estate Broker 紐約房產經紀仲介 Fact Real Estate", "Address": "1120 6th Ave #4069, New York, NY 10036, United States", "Keyword": "房地产公司", "Neighborhood": "Chinatown Manhattan, NY", "Level": 3.0 }, "geometry": { "type": "Point", "coordinates": [ -73.9831735, 40.7557701 ] } },
{ "type": "Feature", "properties": { "Business_Name": "Chase Global M Realty", "Address": "141 Canal St, New York, NY 10002, United States", "Keyword": "房地产公司", "Neighborhood": "Chinatown Manhattan, NY", "Level": 3.0 }, "geometry": { "type": "Point", "coordinates": [ -73.9954372, 40.7162921 ] } },
{ "type": "Feature", "properties": { "Business_Name": "Chinatown Brokerage House Inc.", "Address": "191 Canal St #403, New York, NY 10013, United States", "Keyword": "房地产公司", "Neighborhood": "Chinatown Manhattan, NY", "Level": 3.0 }, "geometry": { "type": "Point", "coordinates": [ -73.9979748, 40.7171222 ] } },
{ "type": "Feature", "properties": { "Business_Name": "安家纽约陈东——纽约资深地产顾问", "Address": "1460 Broadway, New York, NY 10036, United States", "Keyword": "房地产公司", "Neighborhood": "Chinatown Manhattan, NY", "Level": 3.0 }, "geometry": { "type": "Point", "coordinates": [ -73.9861749, 40.7551279 ] } },
{ "type": "Feature", "properties": { "Business_Name": "LoHo Realty, Inc.", "Address": "397 Grand St, New York, NY 10002, United States", "Keyword": "房地产公司", "Neighborhood": "Chinatown Manhattan, NY", "Level": 3.0 }, "geometry": { "type": "Point", "coordinates": [ -73.9874926, 40.7159025 ] } },
{ "type": "Feature", "properties": { "Business_Name": "纽约福临门地产", "Address": "295 Madison Ave, New York, NY 10017, United States", "Keyword": "房地产公司", "Neighborhood": "Chinatown Manhattan, NY", "Level": 3.0 }, "geometry": { "type": "Point", "coordinates": [ -73.9798821, 40.7517948 ] } },
{ "type": "Feature", "properties": { "Business_Name": "地产经纪人郭女士", "Address": "211 E 43rd St 24th floor, New York, NY 10017, United States", "Keyword": "房地产公司", "Neighborhood": "Chinatown Manhattan, NY", "Level": 3.0 }, "geometry": { "type": "Point", "coordinates": [ -73.973158, 40.7512735 ] } },
{ "type": "Feature", "properties": { "Business_Name": "Chinatown Partnership Local Development Corporation", "Address": "217 Park Row #9, New York, NY 10038, United States", "Keyword": "房地产公司", "Neighborhood": "Chinatown Manhattan, NY", "Level": 3.0 }, "geometry": { "type": "Point", "coordinates": [ -73.9986865, 40.7130567 ] } },
{ "type": "Feature", "properties": { "Business_Name": "纽约房地产网 | 地产经纪 | 房屋出租 | 房屋出售 | 房屋买卖 |房地产信息中心", "Address": "3707 147th St #3D, Flushing, NY 11354, United States", "Keyword": "房地产公司", "Neighborhood": "Chinatown Manhattan, NY", "Level": 3.0 }, "geometry": { "type": "Point", "coordinates": [ -73.8190084, 40.7645312 ] } },
{ "type": "Feature", "properties": { "Business_Name": "REAL New York", "Address": "164 Ludlow St 1st Floor, New York, NY 10002, United States", "Keyword": "房地产公司", "Neighborhood": "Chinatown Manhattan, NY", "Level": 3.0 }, "geometry": { "type": "Point", "coordinates": [ -73.9874058, 40.7213064 ] } },
{ "type": "Feature", "properties": { "Business_Name": "The Team B-纽约专业房地产置业安家团队", "Address": "138 E 50th St #30B, New York, NY 10022, United States", "Keyword": "房地产公司", "Neighborhood": "Chinatown Manhattan, NY", "Level": 3.0 }, "geometry": { "type": "Point", "coordinates": [ -73.9717539, 40.7560086 ] } },
{ "type": "Feature", "properties": { "Business_Name": "【家禾置业】房地产公司-Jiahe Realty Inc.", "Address": "136-16 35th Ave STE 1A, Flushing, NY 11354, United States", "Keyword": "房地产公司", "Neighborhood": "Chinatown Manhattan, NY", "Level": 3.0 }, "geometry": { "type": "Point", "coordinates": [ -73.8299333, 40.764646 ] } },
{ "type": "Feature", "properties": { "Business_Name": "纽约地产 纽约房产 纽约地产经纪／纽约学区房 纽约二手房 纽约房地产／纽约房屋买卖 纽约法拍屋 纽约房产中介 纽约地产中介", "Address": "210 Targee St, Staten Island, NY 10304, United States", "Keyword": "房地产公司", "Neighborhood": "Chinatown Manhattan, NY", "Level": 3.0 }, "geometry": { "type": "Point", "coordinates": [ -74.084288, 40.6219921 ] } },
{ "type": "Feature", "properties": { "Business_Name": "建 峰 地产", "Address": "131-08 40th Rd, Flushing, NY 11354, United States", "Keyword": "房地产公司", "Neighborhood": "Chinatown Manhattan, NY", "Level": 3.0 }, "geometry": { "type": "Point", "coordinates": [ -73.8361704, 40.7557617 ] } },
{ "type": "Feature", "properties": { "Business_Name": "YEUNG 楊 REAL ESTATE DEVELOPMENT", "Address": "100 E Broadway, New York, NY 10002, United States", "Keyword": "房地产公司", "Neighborhood": "Chinatown Manhattan, NY", "Level": 3.0 }, "geometry": { "type": "Point", "coordinates": [ -73.9932166, 40.7139708 ] } },
{ "type": "Feature", "properties": { "Business_Name": "New York Chinese School", "Address": "62 Mott St 3rd floor, New York, NY 10013, United States", "Keyword": "中文学校", "Neighborhood": "Chinatown Manhattan, NY", "Level": 3.0 }, "geometry": { "type": "Point", "coordinates": [ -73.998024, 40.7159896 ] } },
{ "type": "Feature", "properties": { "Business_Name": "Shuang Wen Academy Network (SWAN)", "Address": "90 Bowery 2nd floor, Chinatown, NY 10013, United States", "Keyword": "中文学校", "Neighborhood": "Chinatown Manhattan, NY", "Level": 3.0 }, "geometry": { "type": "Point", "coordinates": [ -73.995666, 40.717511 ] } },
{ "type": "Feature", "properties": { "Business_Name": "New York Chinese School", "Address": "62 Mott St 3rd floor, New York, NY 10013, United States", "Keyword": "华人学校", "Neighborhood": "Chinatown Manhattan, NY", "Level": 3.0 }, "geometry": { "type": "Point", "coordinates": [ -73.998024, 40.7159896 ] } },
{ "type": "Feature", "properties": { "Business_Name": "Transfiguration Chinese School", "Address": "29 Mott St, New York, NY 10013, United States", "Keyword": "华人学校", "Neighborhood": "Chinatown Manhattan, NY", "Level": 3.0 }, "geometry": { "type": "Point", "coordinates": [ -73.9991172, 40.7148035 ] } },
{ "type": "Feature", "properties": { "Business_Name": "Shuang Wen Academy Network (SWAN)", "Address": "90 Bowery 2nd floor, Chinatown, NY 10013, United States", "Keyword": "华人学校", "Neighborhood": "Chinatown Manhattan, NY", "Level": 3.0 }, "geometry": { "type": "Point", "coordinates": [ -73.995666, 40.717511 ] } },
{ "type": "Feature", "properties": { "Business_Name": "大华补习班", "Address": "158 Hester St, New York, NY 10013, United States", "Keyword": "补习班", "Neighborhood": "Chinatown Manhattan, NY", "Level": 3.0 }, "geometry": { "type": "Point", "coordinates": [ -73.9967613, 40.7176304 ] } },
{ "type": "Feature", "properties": { "Business_Name": "Citiwide Tutoring Prep Academy", "Address": "230 Grand St, New York, NY 10013, United States", "Keyword": "补习班", "Neighborhood": "Chinatown Manhattan, NY", "Level": 3.0 }, "geometry": { "type": "Point", "coordinates": [ -73.9950885, 40.7187888 ] } },
{ "type": "Feature", "properties": { "Business_Name": "Excel After School Academy", "Address": "98 Mott St # 4, New York, NY 10013, United States", "Keyword": "补习班", "Neighborhood": "Chinatown Manhattan, NY", "Level": 3.0 }, "geometry": { "type": "Point", "coordinates": [ -73.9972861, 40.7171726 ] } },
{ "type": "Feature", "properties": { "Business_Name": "Museum of Chinese in America", "Address": "215 Centre St, New York, NY 10013, United States", "Keyword": "华人媒体", "Neighborhood": "Chinatown Manhattan, NY", "Level": 3.0 }, "geometry": { "type": "Point", "coordinates": [ -73.9990506, 40.7193785 ] } },
{ "type": "Feature", "properties": { "Business_Name": "Chinatown Information Kiosk", "Address": "101 Baxter St, New York, NY 10013, United States", "Keyword": "华人媒体", "Neighborhood": "Chinatown Manhattan, NY", "Level": 3.0 }, "geometry": { "type": "Point", "coordinates": [ -73.9992858, 40.7173952 ] } },
{ "type": "Feature", "properties": { "Business_Name": "曼哈顿唐人街", "Address": "17 Elizabeth St, New York, NY 10013, United States", "Keyword": "华人媒体", "Neighborhood": "Chinatown Manhattan, NY", "Level": 3.0 }, "geometry": { "type": "Point", "coordinates": [ -73.9975785, 40.7160062 ] } },
{ "type": "Feature", "properties": { "Business_Name": "Think!Chinatown", "Address": "1 Pike St, New York, NY 10002, United States", "Keyword": "华人媒体", "Neighborhood": "Chinatown Manhattan, NY", "Level": 3.0 }, "geometry": { "type": "Point", "coordinates": [ -73.992356, 40.7142846 ] } },
{ "type": "Feature", "properties": { "Business_Name": "Greater Chinatown Community Association", "Address": "6 Doyers St, New York, NY 10013, United States", "Keyword": "华人媒体", "Neighborhood": "Chinatown Manhattan, NY", "Level": 3.0 }, "geometry": { "type": "Point", "coordinates": [ -73.9979012, 40.714453 ] } },
{ "type": "Feature", "properties": { "Business_Name": "唐人街生活网", "Address": "157-03 Horace Harding Expy, Flushing, NY 11358, United States", "Keyword": "华人媒体", "Neighborhood": "Chinatown Manhattan, NY", "Level": 3.0 }, "geometry": { "type": "Point", "coordinates": [ -73.8111346, 40.739056 ] } },
{ "type": "Feature", "properties": { "Business_Name": "Chinese Chamber of Commerce", "Address": "Confucius Plaza, 33 Bowery # C202, New York, NY 10002, United States", "Keyword": "华人媒体", "Neighborhood": "Chinatown Manhattan, NY", "Level": 3.0 }, "geometry": { "type": "Point", "coordinates": [ -73.9964038, 40.7147797 ] } },
{ "type": "Feature", "properties": { "Business_Name": "Chinatown NYC", "Address": "120 E Broadway, New York, NY 10002, United States", "Keyword": "华人媒体", "Neighborhood": "Chinatown Manhattan, NY", "Level": 3.0 }, "geometry": { "type": "Point", "coordinates": [ -73.9922783, 40.7140631 ] } },
{ "type": "Feature", "properties": { "Business_Name": "Oriental Culture Enterprises Co. Inc. (Eastern Bookstore)", "Address": "13 - 17 Elizabeth St 2nd floor, New York, NY 10013, United States", "Keyword": "中文报纸", "Neighborhood": "Chinatown Manhattan, NY", "Level": 3.0 }, "geometry": { "type": "Point", "coordinates": [ -73.9974838, 40.7159525 ] } },
{ "type": "Feature", "properties": { "Business_Name": "Welcome to Chinatown", "Address": "115 Bowery, New York, NY 10002, United States", "Keyword": "中文报纸", "Neighborhood": "Chinatown Manhattan, NY", "Level": 3.0 }, "geometry": { "type": "Point", "coordinates": [ -73.9947857, 40.7179183 ] } },
{ "type": "Feature", "properties": { "Business_Name": "New York Mart", "Address": "128 Mott St, New York, NY 10013, United States", "Keyword": "中文报纸", "Neighborhood": "Chinatown Manhattan, NY", "Level": 3.0 }, "geometry": { "type": "Point", "coordinates": [ -73.9966318, 40.718503899999988 ] } },
{ "type": "Feature", "properties": { "Business_Name": "Museum of Chinese in America", "Address": "215 Centre St, New York, NY 10013, United States", "Keyword": "中文报纸", "Neighborhood": "Chinatown Manhattan, NY", "Level": 3.0 }, "geometry": { "type": "Point", "coordinates": [ -73.9990506, 40.7193785 ] } },
{ "type": "Feature", "properties": { "Business_Name": "East Broadway Mall", "Address": "88 E Broadway, New York, NY 10002, United States", "Keyword": "中文报纸", "Neighborhood": "Chinatown Manhattan, NY", "Level": 3.0 }, "geometry": { "type": "Point", "coordinates": [ -73.9941774, 40.7138367 ] } },
{ "type": "Feature", "properties": { "Business_Name": "曼哈顿唐人街", "Address": "17 Elizabeth St, New York, NY 10013, United States", "Keyword": "中文报纸", "Neighborhood": "Chinatown Manhattan, NY", "Level": 3.0 }, "geometry": { "type": "Point", "coordinates": [ -73.9975785, 40.7160062 ] } },
{ "type": "Feature", "properties": { "Business_Name": "August Gatherings", "Address": "266 Canal St, New York, NY 10013, United States", "Keyword": "中文报纸", "Neighborhood": "Chinatown Manhattan, NY", "Level": 3.0 }, "geometry": { "type": "Point", "coordinates": [ -74.0012532, 40.7186116 ] } },
{ "type": "Feature", "properties": { "Business_Name": "Sing Tao Daily", "Address": "188 Lafayette St, New York, NY 10013, United States", "Keyword": "中文报纸", "Neighborhood": "Chinatown Manhattan, NY", "Level": 3.0 }, "geometry": { "type": "Point", "coordinates": [ -73.9984403, 40.7210486 ] } },
{ "type": "Feature", "properties": { "Business_Name": "Xi Ne Du 喺呢度", "Address": "43 Bayard St, New York, NY 10013, United States", "Keyword": "中文报纸", "Neighborhood": "Chinatown Manhattan, NY", "Level": 3.0 }, "geometry": { "type": "Point", "coordinates": [ -73.9970448, 40.7150341 ] } },
{ "type": "Feature", "properties": { "Business_Name": "Chinese Staff & Workers’ Association", "Address": "345 Grand St #1W, New York, NY 10002, United States", "Keyword": "中文报纸", "Neighborhood": "Chinatown Manhattan, NY", "Level": 3.0 }, "geometry": { "type": "Point", "coordinates": [ -73.9897204, 40.7167968 ] } },
{ "type": "Feature", "properties": { "Business_Name": "Columbus Park", "Address": "Mulberry Street &, Baxter St, New York, NY 10013, United States", "Keyword": "中文报纸", "Neighborhood": "Chinatown Manhattan, NY", "Level": 3.0 }, "geometry": { "type": "Point", "coordinates": [ -74.0000423, 40.7155504 ] } },
{ "type": "Feature", "properties": { "Business_Name": "Chinese Chamber of Commerce", "Address": "Confucius Plaza, 33 Bowery # C202, New York, NY 10002, United States", "Keyword": "中文报纸", "Neighborhood": "Chinatown Manhattan, NY", "Level": 3.0 }, "geometry": { "type": "Point", "coordinates": [ -73.9964038, 40.7147797 ] } },
{ "type": "Feature", "properties": { "Business_Name": "Chinatown NYC", "Address": "120 E Broadway, New York, NY 10002, United States", "Keyword": "中文报纸", "Neighborhood": "Chinatown Manhattan, NY", "Level": 3.0 }, "geometry": { "type": "Point", "coordinates": [ -73.9922783, 40.7140631 ] } },
{ "type": "Feature", "properties": { "Business_Name": "Chinatown Supermarket of Manhattan 新中華超市", "Address": "109 E Broadway, New York, NY 10002, United States", "Keyword": "华人日报", "Neighborhood": "Chinatown Manhattan, NY", "Level": 3.0 }, "geometry": { "type": "Point", "coordinates": [ -73.9928845, 40.713698699999988 ] } },
{ "type": "Feature", "properties": { "Business_Name": "New York Chinese Community Center", "Address": "62 Mott St, New York, NY 10013, United States", "Keyword": "华人日报", "Neighborhood": "Chinatown Manhattan, NY", "Level": 3.0 }, "geometry": { "type": "Point", "coordinates": [ -73.9981392, 40.7160503 ] } },
{ "type": "Feature", "properties": { "Business_Name": "Jing Fong", "Address": "202 Centre St, New York, NY 10013, United States", "Keyword": "华人日报", "Neighborhood": "Chinatown Manhattan, NY", "Level": 3.0 }, "geometry": { "type": "Point", "coordinates": [ -73.9990774, 40.7188949 ] } },
{ "type": "Feature", "properties": { "Business_Name": "曼哈顿唐人街", "Address": "17 Elizabeth St, New York, NY 10013, United States", "Keyword": "华人日报", "Neighborhood": "Chinatown Manhattan, NY", "Level": 3.0 }, "geometry": { "type": "Point", "coordinates": [ -73.9975785, 40.7160062 ] } },
{ "type": "Feature", "properties": { "Business_Name": "Chinatown Information Kiosk", "Address": "101 Baxter St, New York, NY 10013, United States", "Keyword": "华人日报", "Neighborhood": "Chinatown Manhattan, NY", "Level": 3.0 }, "geometry": { "type": "Point", "coordinates": [ -73.9992858, 40.7173952 ] } },
{ "type": "Feature", "properties": { "Business_Name": "Sing Tao Daily", "Address": "188 Lafayette St, New York, NY 10013, United States", "Keyword": "华人日报", "Neighborhood": "Chinatown Manhattan, NY", "Level": 3.0 }, "geometry": { "type": "Point", "coordinates": [ -73.9984403, 40.7210486 ] } },
{ "type": "Feature", "properties": { "Business_Name": "Sing Tao Daily", "Address": "188 Lafayette St, New York, NY 10013, United States", "Keyword": "星岛日报", "Neighborhood": "Chinatown Manhattan, NY", "Level": 3.0 }, "geometry": { "type": "Point", "coordinates": [ -73.9984403, 40.7210486 ] } },
{ "type": "Feature", "properties": { "Business_Name": "Bank of China", "Address": "42-35 Main St, Flushing, NY 11355, United States", "Keyword": "Chinese bank", "Neighborhood": "Elmhurst, NY", "Level": 3.0 }, "geometry": { "type": "Point", "coordinates": [ -73.8275875, 40.7545285 ] } },
{ "type": "Feature", "properties": { "Business_Name": "Amerasia Bank", "Address": "86-26 Broadway, Elmhurst, NY 11373, United States", "Keyword": "Chinese bank", "Neighborhood": "Elmhurst, NY", "Level": 3.0 }, "geometry": { "type": "Point", "coordinates": [ -73.8773515, 40.7378295 ] } },
{ "type": "Feature", "properties": { "Business_Name": "Cathay Bank", "Address": "82-62 Broadway, Elmhurst, NY 11373, United States", "Keyword": "Chinese bank", "Neighborhood": "Elmhurst, NY", "Level": 3.0 }, "geometry": { "type": "Point", "coordinates": [ -73.8812117, 40.741666599999988 ] } },
{ "type": "Feature", "properties": { "Business_Name": "Citizens", "Address": "8703 Queens Blvd, Elmhurst, NY 11373, United States", "Keyword": "Chinese bank", "Neighborhood": "Elmhurst, NY", "Level": 3.0 }, "geometry": { "type": "Point", "coordinates": [ -73.8755517, 40.7357663 ] } },
{ "type": "Feature", "properties": { "Business_Name": "Royal Business Bank", "Address": "86 -55 Broadway, Elmhurst, NY 11373, United States", "Keyword": "Chinese bank", "Neighborhood": "Elmhurst, NY", "Level": 3.0 }, "geometry": { "type": "Point", "coordinates": [ -73.8772399, 40.7370668 ] } },
{ "type": "Feature", "properties": { "Business_Name": "Flushing Bank", "Address": "85-15 Queens Blvd, Elmhurst, NY 11373, United States", "Keyword": "Chinese bank", "Neighborhood": "Elmhurst, NY", "Level": 3.0 }, "geometry": { "type": "Point", "coordinates": [ -73.87764, 40.737347 ] } },
{ "type": "Feature", "properties": { "Business_Name": "Industrial and Commercial Bank of China (USA) NA", "Address": "39-02 Main St, Flushing, NY 11354, United States", "Keyword": "Chinese bank", "Neighborhood": "Elmhurst, NY", "Level": 3.0 }, "geometry": { "type": "Point", "coordinates": [ -73.8305742, 40.7600805 ] } },
{ "type": "Feature", "properties": { "Business_Name": "Bank of China", "Address": "1045 6th Ave, New York, NY 10018, United States", "Keyword": "Chinese bank", "Neighborhood": "Elmhurst, NY", "Level": 3.0 }, "geometry": { "type": "Point", "coordinates": [ -73.9854684, 40.7534084 ] } },
{ "type": "Feature", "properties": { "Business_Name": "Agricultural Bank of China", "Address": "277 Park Ave, New York, NY 10172, United States", "Keyword": "Chinese bank", "Neighborhood": "Elmhurst, NY", "Level": 3.0 }, "geometry": { "type": "Point", "coordinates": [ -73.9746353, 40.7554089 ] } },
{ "type": "Feature", "properties": { "Business_Name": "Chase Bank", "Address": "8921 Queens Blvd, Elmhurst, NY 11373, United States", "Keyword": "Chinese bank", "Neighborhood": "Elmhurst, NY", "Level": 3.0 }, "geometry": { "type": "Point", "coordinates": [ -73.8736219, 40.734818399999988 ] } },
{ "type": "Feature", "properties": { "Business_Name": "Chase Bank", "Address": "79-06 Broadway, Elmhurst, NY 11373, United States", "Keyword": "Chinese bank", "Neighborhood": "Elmhurst, NY", "Level": 3.0 }, "geometry": { "type": "Point", "coordinates": [ -73.8857476, 40.7441092 ] } },
{ "type": "Feature", "properties": { "Business_Name": "Chinese American Real Estate Association", "Address": "136-20 38th Ave #11a, Flushing, NY 11354, United States", "Keyword": "Chinese real estate", "Neighborhood": "Elmhurst, NY", "Level": 3.0 }, "geometry": { "type": "Point", "coordinates": [ -73.8298336, 40.7607693 ] } },
{ "type": "Feature", "properties": { "Business_Name": "Min Chen, Winzone Realty Inc", "Address": "8115 Queens Blvd #2a, Elmhurst, NY 11373, United States", "Keyword": "Chinese real estate", "Neighborhood": "Elmhurst, NY", "Level": 3.0 }, "geometry": { "type": "Point", "coordinates": [ -73.881492, 40.7380783 ] } },
{ "type": "Feature", "properties": { "Business_Name": "Wen Chen, Wing Fung Home Realty Grp Inc", "Address": "8622 Broadway, Elmhurst, NY 11373, United States", "Keyword": "Chinese real estate", "Neighborhood": "Elmhurst, NY", "Level": 3.0 }, "geometry": { "type": "Point", "coordinates": [ -73.8773386, 40.7379217 ] } },
{ "type": "Feature", "properties": { "Business_Name": "Empire Fine Homes", "Address": "98-05 Astoria Blvd Second Floor, East Elmhurst, NY 11369, United States", "Keyword": "Chinese real estate", "Neighborhood": "Elmhurst, NY", "Level": 3.0 }, "geometry": { "type": "Point", "coordinates": [ -73.8710481, 40.762473 ] } },
{ "type": "Feature", "properties": { "Business_Name": "N & H Realty Group", "Address": "66-47 Grand Ave 2nd Fl, Queens, NY 11378, United States", "Keyword": "Chinese real estate", "Neighborhood": "Elmhurst, NY", "Level": 3.0 }, "geometry": { "type": "Point", "coordinates": [ -73.8973951, 40.725056599999988 ] } },
{ "type": "Feature", "properties": { "Business_Name": "Yano Realty", "Address": "5610 94th St, Elmhurst, NY 11373, United States", "Keyword": "Chinese real estate", "Neighborhood": "Elmhurst, NY", "Level": 3.0 }, "geometry": { "type": "Point", "coordinates": [ -73.8678862, 40.7365205 ] } },
{ "type": "Feature", "properties": { "Business_Name": "Jimmy Liu, Century 21 Sunshine Realty", "Address": "8444 Grand Ave, Elmhurst, NY 11373, United States", "Keyword": "Chinese real estate", "Neighborhood": "Elmhurst, NY", "Level": 3.0 }, "geometry": { "type": "Point", "coordinates": [ -73.8824614, 40.7343426 ] } },
{ "type": "Feature", "properties": { "Business_Name": "CENTURY 21 Sunshine", "Address": "84-44 Grand Ave, Elmhurst, NY 11373, United States", "Keyword": "Chinese real estate", "Neighborhood": "Elmhurst, NY", "Level": 3.0 }, "geometry": { "type": "Point", "coordinates": [ -73.8825427, 40.7344203 ] } },
{ "type": "Feature", "properties": { "Business_Name": "Modern Chinese School (Office)", "Address": "13639 41st Ave #1A, Flushing, NY 11355, United States", "Keyword": "Chinese school", "Neighborhood": "Elmhurst, NY", "Level": 3.0 }, "geometry": { "type": "Point", "coordinates": [ -73.8282211, 40.7589604 ] } },
{ "type": "Feature", "properties": { "Business_Name": "Modern Chinese School", "Address": "14480 Barclay Ave, Flushing, NY 11355, United States", "Keyword": "Chinese school", "Neighborhood": "Elmhurst, NY", "Level": 3.0 }, "geometry": { "type": "Point", "coordinates": [ -73.8182716, 40.7603203 ] } },
{ "type": "Feature", "properties": { "Business_Name": "New York Chinese School", "Address": "62 Mott St 3rd floor, New York, NY 10013, United States", "Keyword": "Chinese school", "Neighborhood": "Elmhurst, NY", "Level": 3.0 }, "geometry": { "type": "Point", "coordinates": [ -73.998024, 40.7159896 ] } },
{ "type": "Feature", "properties": { "Business_Name": "Fresh Meadows Chinese School", "Address": "51-60 Marathon Pkwy, Douglaston, NY 11362, United States", "Keyword": "Chinese school", "Neighborhood": "Elmhurst, NY", "Level": 3.0 }, "geometry": { "type": "Point", "coordinates": [ -73.7339125, 40.7626602 ] } },
{ "type": "Feature", "properties": { "Business_Name": "Ming Yuan Chinese School", "Address": "526 59th St, Brooklyn, NY 11220, United States", "Keyword": "Chinese school", "Neighborhood": "Elmhurst, NY", "Level": 3.0 }, "geometry": { "type": "Point", "coordinates": [ -74.0146219, 40.6386905 ] } },
{ "type": "Feature", "properties": { "Business_Name": "Mandarin Superstars", "Address": "8110 35th Ave, Jackson Heights, NY 11372, United States", "Keyword": "Chinese school", "Neighborhood": "Elmhurst, NY", "Level": 3.0 }, "geometry": { "type": "Point", "coordinates": [ -73.8850423, 40.7516373 ] } },
{ "type": "Feature", "properties": { "Business_Name": "Shuang Wen Academy Network (SWAN)", "Address": "90 Bowery 2nd floor, Chinatown, NY 10013, United States", "Keyword": "Chinese school", "Neighborhood": "Elmhurst, NY", "Level": 3.0 }, "geometry": { "type": "Point", "coordinates": [ -73.995666, 40.717511 ] } },
{ "type": "Feature", "properties": { "Business_Name": "International Dachengdao Kung Fu", "Address": "84 07 Broadway, Elmhurst, NY 11373, United States", "Keyword": "Chinese school", "Neighborhood": "Elmhurst, NY", "Level": 3.0 }, "geometry": { "type": "Point", "coordinates": [ -73.8782067, 40.7399429 ] } },
{ "type": "Feature", "properties": { "Business_Name": "The Reformed Church of Newtown", "Address": "85-15 Broadway, Elmhurst, NY 11373, United States", "Keyword": "Chinese school", "Neighborhood": "Elmhurst, NY", "Level": 3.0 }, "geometry": { "type": "Point", "coordinates": [ -73.8773666, 40.739156 ] } },
{ "type": "Feature", "properties": { "Business_Name": "New York Music School & Academy 纽约音乐学校和音乐培训", "Address": "85-23 Broadway 1st floor, Elmhurst, NY 11373, United States", "Keyword": "Chinese school", "Neighborhood": "Elmhurst, NY", "Level": 3.0 }, "geometry": { "type": "Point", "coordinates": [ -73.877335, 40.738906 ] } },
{ "type": "Feature", "properties": { "Business_Name": "BeAbove Cornish", "Address": "8338 Cornish Ave, Elmhurst, NY 11373, United States", "Keyword": "Chinese school", "Neighborhood": "Elmhurst, NY", "Level": 3.0 }, "geometry": { "type": "Point", "coordinates": [ -73.8802892, 40.74068 ] } },
{ "type": "Feature", "properties": { "Business_Name": "New York Chinese Seventh-day Adventist Church", "Address": "7606 41st Ave, Elmhurst, NY 11373, United States", "Keyword": "Chinese school", "Neighborhood": "Elmhurst, NY", "Level": 3.0 }, "geometry": { "type": "Point", "coordinates": [ -73.8887981, 40.7452942 ] } },
{ "type": "Feature", "properties": { "Business_Name": "Happy Stony Noodle", "Address": "83-47 Dongan Ave, Elmhurst, NY 11373, United States", "Keyword": "Chinese school", "Neighborhood": "Elmhurst, NY", "Level": 3.0 }, "geometry": { "type": "Point", "coordinates": [ -73.8796519, 40.7404886 ] } },
{ "type": "Feature", "properties": { "Business_Name": "Deshi Driving School", "Address": "40-45 75th St 1st Floor, Elmhurst, NY 11373, United States", "Keyword": "Chinese school", "Neighborhood": "Elmhurst, NY", "Level": 3.0 }, "geometry": { "type": "Point", "coordinates": [ -73.8900016, 40.7456337 ] } },
{ "type": "Feature", "properties": { "Business_Name": "Taiwanese Gourmet", "Address": "8402 Broadway, Elmhurst, NY 11373, United States", "Keyword": "Chinese school", "Neighborhood": "Elmhurst, NY", "Level": 3.0 }, "geometry": { "type": "Point", "coordinates": [ -73.8787719, 40.7398374 ] } },
{ "type": "Feature", "properties": { "Business_Name": "Shun Wang", "Address": "81-25 Broadway, Elmhurst, NY 11373, United States", "Keyword": "Chinese school", "Neighborhood": "Elmhurst, NY", "Level": 3.0 }, "geometry": { "type": "Point", "coordinates": [ -73.8830392, 40.7431411 ] } },
{ "type": "Feature", "properties": { "Business_Name": "Five Loaves & Two Fishes", "Address": "82-72 Broadway, Elmhurst, NY 11373, United States", "Keyword": "Chinese school", "Neighborhood": "Elmhurst, NY", "Level": 3.0 }, "geometry": { "type": "Point", "coordinates": [ -73.881391, 40.7413897 ] } },
{ "type": "Feature", "properties": { "Business_Name": "High Asia Research Center", "Address": "41-34 75th St, Elmhurst, NY 11373, United States", "Keyword": "Chinese media", "Neighborhood": "Elmhurst, NY", "Level": 3.0 }, "geometry": { "type": "Point", "coordinates": [ -73.8901941, 40.7443602 ] } },
{ "type": "Feature", "properties": { "Business_Name": "Q Town Asian Cuisine Inc.", "Address": "82-87, 82-87 Broadway, Elmhurst, NY 11373, United States", "Keyword": "Chinese media", "Neighborhood": "Elmhurst, NY", "Level": 3.0 }, "geometry": { "type": "Point", "coordinates": [ -73.8802519, 40.7414539 ] } },
{ "type": "Feature", "properties": { "Business_Name": "Fu Fan", "Address": "8505 Whitney Ave, Elmhurst, NY 11373, United States", "Keyword": "Chinese media", "Neighborhood": "Elmhurst, NY", "Level": 3.0 }, "geometry": { "type": "Point", "coordinates": [ -73.880049, 40.741515 ] } },
{ "type": "Feature", "properties": { "Business_Name": "SeasonFresh Supermarket", "Address": "4510 83rd St, Elmhurst, NY 11373, United States", "Keyword": "Chinese media", "Neighborhood": "Elmhurst, NY", "Level": 3.0 }, "geometry": { "type": "Point", "coordinates": [ -73.8818486, 40.7415405 ] } },
{ "type": "Feature", "properties": { "Business_Name": "82 Market Inc", "Address": "4017 82nd St, Elmhurst, NY 11373, United States", "Keyword": "Chinese media", "Neighborhood": "Elmhurst, NY", "Level": 3.0 }, "geometry": { "type": "Point", "coordinates": [ -73.8836334, 40.7470964 ] } },
{ "type": "Feature", "properties": { "Business_Name": "Na Rath Restauran, Catering & Flowers", "Address": "United States, New York, Elmhurst, Whitney Ave, US NY Elmhurst邮政编码: 11373", "Keyword": "Chinese media", "Neighborhood": "Elmhurst, NY", "Level": 3.0 }, "geometry": { "type": "Point", "coordinates": [ -73.8786457, 40.7417215 ] } },
{ "type": "Feature", "properties": { "Business_Name": "Queens Public Library at Elmhurst", "Address": "86-07 Broadway, Elmhurst, NY 11373, United States", "Keyword": "Chinese media", "Neighborhood": "Elmhurst, NY", "Level": 3.0 }, "geometry": { "type": "Point", "coordinates": [ -73.8770931, 40.738430400000013 ] } },
{ "type": "Feature", "properties": { "Business_Name": "Freedom Dove", "Address": "9053 Corona Ave., Flushing, NY 11373, United States", "Keyword": "Chinese media", "Neighborhood": "Elmhurst, NY", "Level": 3.0 }, "geometry": { "type": "Point", "coordinates": [ -73.8739357, 40.7424539 ] } },
{ "type": "Feature", "properties": { "Business_Name": "Taste of China", "Address": "8026 Baxter Ave, Elmhurst, NY 11373, United States", "Keyword": "Chinese media", "Neighborhood": "Elmhurst, NY", "Level": 3.0 }, "geometry": { "type": "Point", "coordinates": [ -73.8845192, 40.7446281 ] } },
{ "type": "Feature", "properties": { "Business_Name": "World Journal", "Address": "141-07 20th Ave 2 fl, College Point, NY 11357, United States", "Keyword": "Chinese newspaper", "Neighborhood": "Elmhurst, NY", "Level": 3.0 }, "geometry": { "type": "Point", "coordinates": [ -73.8272948, 40.782177 ] } },
{ "type": "Feature", "properties": { "Business_Name": "SeasonFresh Supermarket", "Address": "4510 83rd St, Elmhurst, NY 11373, United States", "Keyword": "Chinese newspaper", "Neighborhood": "Elmhurst, NY", "Level": 3.0 }, "geometry": { "type": "Point", "coordinates": [ -73.8818486, 40.7415405 ] } },
{ "type": "Feature", "properties": { "Business_Name": "D & Z Supermarket", "Address": "77-00 Queens Blvd, Elmhurst, NY 11373, United States", "Keyword": "Chinese newspaper", "Neighborhood": "Elmhurst, NY", "Level": 3.0 }, "geometry": { "type": "Point", "coordinates": [ -73.8863165, 40.7380883 ] } },
{ "type": "Feature", "properties": { "Business_Name": "Broadway Snacks", "Address": "86-10 Justice Ave, Elmhurst, NY 11373, United States", "Keyword": "Chinese newspaper", "Neighborhood": "Elmhurst, NY", "Level": 3.0 }, "geometry": { "type": "Point", "coordinates": [ -73.8767836, 40.7375785 ] } },
{ "type": "Feature", "properties": { "Business_Name": "大众超市", "Address": "7700 New York 25 Service, Elmhurst, NY 11373, United States", "Keyword": "Chinese newspaper", "Neighborhood": "Elmhurst, NY", "Level": 3.0 }, "geometry": { "type": "Point", "coordinates": [ -73.8863738, 40.7374932 ] } },
{ "type": "Feature", "properties": { "Business_Name": "New Lin's Kitchen", "Address": "70-24 35th Ave, Jackson Heights, NY 11372, United States", "Keyword": "Chinese newspaper", "Neighborhood": "Elmhurst, NY", "Level": 3.0 }, "geometry": { "type": "Point", "coordinates": [ -73.8949034, 40.7505506 ] } },
{ "type": "Feature", "properties": { "Business_Name": "US Supermarket", "Address": "82-66 Broadway, Elmhurst, NY 11373, United States", "Keyword": "Chinese newspaper", "Neighborhood": "Elmhurst, NY", "Level": 3.0 }, "geometry": { "type": "Point", "coordinates": [ -73.8815814, 40.7416231 ] } },
{ "type": "Feature", "properties": { "Business_Name": "Li Li", "Address": "83-06 Grand Ave, Elmhurst, NY 11373, United States", "Keyword": "Chinese newspaper", "Neighborhood": "Elmhurst, NY", "Level": 3.0 }, "geometry": { "type": "Point", "coordinates": [ -73.8838406, 40.7332002 ] } },
{ "type": "Feature", "properties": { "Business_Name": "Q Town Asian Cuisine Inc.", "Address": "82-87, 82-87 Broadway, Elmhurst, NY 11373, United States", "Keyword": "Chinese newspaper", "Neighborhood": "Elmhurst, NY", "Level": 3.0 }, "geometry": { "type": "Point", "coordinates": [ -73.8802519, 40.7414539 ] } },
{ "type": "Feature", "properties": { "Business_Name": "Queens Seafood Restaurant", "Address": "82-22 45th Ave, Elmhurst, NY 11373, United States", "Keyword": "Chinese newspaper", "Neighborhood": "Elmhurst, NY", "Level": 3.0 }, "geometry": { "type": "Point", "coordinates": [ -73.8821119, 40.7416246 ] } },
{ "type": "Feature", "properties": { "Business_Name": "China Daily USA", "Address": "1500 Broadway, New York, NY 10036, United States", "Keyword": "Chinese newspaper", "Neighborhood": "Elmhurst, NY", "Level": 3.0 }, "geometry": { "type": "Point", "coordinates": [ -73.9857195, 40.7567648 ] } },
{ "type": "Feature", "properties": { "Business_Name": "Royal Business Bank", "Address": "86 -55 Broadway, Elmhurst, NY 11373, United States", "Keyword": "华人银行", "Neighborhood": "Elmhurst, NY", "Level": 3.0 }, "geometry": { "type": "Point", "coordinates": [ -73.8772399, 40.7370668 ] } },
{ "type": "Feature", "properties": { "Business_Name": "Cathay Bank", "Address": "82-62 Broadway, Elmhurst, NY 11373, United States", "Keyword": "华人银行", "Neighborhood": "Elmhurst, NY", "Level": 3.0 }, "geometry": { "type": "Point", "coordinates": [ -73.8812117, 40.741666599999988 ] } },
{ "type": "Feature", "properties": { "Business_Name": "Amerasia Bank", "Address": "86-26 Broadway, Elmhurst, NY 11373, United States", "Keyword": "华人银行", "Neighborhood": "Elmhurst, NY", "Level": 3.0 }, "geometry": { "type": "Point", "coordinates": [ -73.8773515, 40.7378295 ] } },
{ "type": "Feature", "properties": { "Business_Name": "Flushing Bank", "Address": "85-15 Queens Blvd, Elmhurst, NY 11373, United States", "Keyword": "华人银行", "Neighborhood": "Elmhurst, NY", "Level": 3.0 }, "geometry": { "type": "Point", "coordinates": [ -73.87764, 40.737347 ] } },
{ "type": "Feature", "properties": { "Business_Name": "Bank of America Financial Center", "Address": "8901 Queens Blvd, Elmhurst, NY 11373, United States", "Keyword": "华人银行", "Neighborhood": "Elmhurst, NY", "Level": 3.0 }, "geometry": { "type": "Point", "coordinates": [ -73.8739284, 40.7349659 ] } },
{ "type": "Feature", "properties": { "Business_Name": "Citizens", "Address": "8703 Queens Blvd, Elmhurst, NY 11373, United States", "Keyword": "华人银行", "Neighborhood": "Elmhurst, NY", "Level": 3.0 }, "geometry": { "type": "Point", "coordinates": [ -73.8755517, 40.7357663 ] } },
{ "type": "Feature", "properties": { "Business_Name": "Chase Bank", "Address": "8921 Queens Blvd, Elmhurst, NY 11373, United States", "Keyword": "华人银行", "Neighborhood": "Elmhurst, NY", "Level": 3.0 }, "geometry": { "type": "Point", "coordinates": [ -73.8736219, 40.734818399999988 ] } },
{ "type": "Feature", "properties": { "Business_Name": "Chase Bank", "Address": "79-06 Broadway, Elmhurst, NY 11373, United States", "Keyword": "华人银行", "Neighborhood": "Elmhurst, NY", "Level": 3.0 }, "geometry": { "type": "Point", "coordinates": [ -73.8857476, 40.7441092 ] } },
{ "type": "Feature", "properties": { "Business_Name": "CTBC Bank", "Address": "41-99 Main St, Flushing, NY 11355, United States", "Keyword": "华人银行", "Neighborhood": "Elmhurst, NY", "Level": 3.0 }, "geometry": { "type": "Point", "coordinates": [ -73.8281173, 40.7555918 ] } },
{ "type": "Feature", "properties": { "Business_Name": "Citi", "Address": "8711 Queens Blvd, Elmhurst, NY 11373, United States", "Keyword": "华人银行", "Neighborhood": "Elmhurst, NY", "Level": 3.0 }, "geometry": { "type": "Point", "coordinates": [ -73.8753501, 40.7356595 ] } },
{ "type": "Feature", "properties": { "Business_Name": "ATM", "Address": "79-01 Broadway, Elmhurst, NY 11373, United States", "Keyword": "华人银行", "Neighborhood": "Elmhurst, NY", "Level": 3.0 }, "geometry": { "type": "Point", "coordinates": [ -73.8857803, 40.7450725 ] } },
{ "type": "Feature", "properties": { "Business_Name": "Bank of China", "Address": "1045 6th Ave, New York, NY 10018, United States", "Keyword": "华人银行", "Neighborhood": "Elmhurst, NY", "Level": 3.0 }, "geometry": { "type": "Point", "coordinates": [ -73.9854684, 40.7534084 ] } },
{ "type": "Feature", "properties": { "Business_Name": "Cathay Bank", "Address": "40 - 14/16, 40-14 Main St, Flushing, NY 11354, United States", "Keyword": "华人银行", "Neighborhood": "Elmhurst, NY", "Level": 3.0 }, "geometry": { "type": "Point", "coordinates": [ -73.8302932, 40.7590886 ] } },
{ "type": "Feature", "properties": { "Business_Name": "Abacus Federal Savings Bank", "Address": "36-30 Main St, Flushing, NY 11354, United States", "Keyword": "华人银行", "Neighborhood": "Elmhurst, NY", "Level": 3.0 }, "geometry": { "type": "Point", "coordinates": [ -73.8317804, 40.7623173 ] } },
{ "type": "Feature", "properties": { "Business_Name": "ATM", "Address": "8335 Broadway # 3, Elmhurst, NY 11373, United States", "Keyword": "华人银行", "Neighborhood": "Elmhurst, NY", "Level": 3.0 }, "geometry": { "type": "Point", "coordinates": [ -73.8790509, 40.7406286 ] } },
{ "type": "Feature", "properties": { "Business_Name": "Ridgewood Savings Bank", "Address": "74-25 Grand Ave, Elmhurst, NY 11373, United States", "Keyword": "华人银行", "Neighborhood": "Elmhurst, NY", "Level": 3.0 }, "geometry": { "type": "Point", "coordinates": [ -73.8872951, 40.7311327 ] } },
{ "type": "Feature", "properties": { "Business_Name": "Cathay Bank", "Address": "82-62 Broadway, Elmhurst, NY 11373, United States", "Keyword": "中资银行", "Neighborhood": "Elmhurst, NY", "Level": 3.0 }, "geometry": { "type": "Point", "coordinates": [ -73.8812117, 40.741666599999988 ] } },
{ "type": "Feature", "properties": { "Business_Name": "Royal Business Bank", "Address": "86 -55 Broadway, Elmhurst, NY 11373, United States", "Keyword": "中资银行", "Neighborhood": "Elmhurst, NY", "Level": 3.0 }, "geometry": { "type": "Point", "coordinates": [ -73.8772399, 40.7370668 ] } },
{ "type": "Feature", "properties": { "Business_Name": "Amerasia Bank", "Address": "86-26 Broadway, Elmhurst, NY 11373, United States", "Keyword": "中资银行", "Neighborhood": "Elmhurst, NY", "Level": 3.0 }, "geometry": { "type": "Point", "coordinates": [ -73.8773515, 40.7378295 ] } },
{ "type": "Feature", "properties": { "Business_Name": "Flushing Bank", "Address": "85-15 Queens Blvd, Elmhurst, NY 11373, United States", "Keyword": "中资银行", "Neighborhood": "Elmhurst, NY", "Level": 3.0 }, "geometry": { "type": "Point", "coordinates": [ -73.87764, 40.737347 ] } },
{ "type": "Feature", "properties": { "Business_Name": "Bank of China", "Address": "42-35 Main St, Flushing, NY 11355, United States", "Keyword": "中资银行", "Neighborhood": "Elmhurst, NY", "Level": 3.0 }, "geometry": { "type": "Point", "coordinates": [ -73.8275875, 40.7545285 ] } },
{ "type": "Feature", "properties": { "Business_Name": "Bank of America Financial Center", "Address": "8901 Queens Blvd, Elmhurst, NY 11373, United States", "Keyword": "中资银行", "Neighborhood": "Elmhurst, NY", "Level": 3.0 }, "geometry": { "type": "Point", "coordinates": [ -73.8739284, 40.7349659 ] } },
{ "type": "Feature", "properties": { "Business_Name": "CTBC Bank", "Address": "41-99 Main St, Flushing, NY 11355, United States", "Keyword": "中资银行", "Neighborhood": "Elmhurst, NY", "Level": 3.0 }, "geometry": { "type": "Point", "coordinates": [ -73.8281173, 40.7555918 ] } },
{ "type": "Feature", "properties": { "Business_Name": "TD Bank", "Address": "7801 Queens Blvd, Elmhurst, NY 11373, United States", "Keyword": "中资银行", "Neighborhood": "Elmhurst, NY", "Level": 3.0 }, "geometry": { "type": "Point", "coordinates": [ -73.8850531, 40.738801 ] } },
{ "type": "Feature", "properties": { "Business_Name": "Chase Bank", "Address": "8921 Queens Blvd, Elmhurst, NY 11373, United States", "Keyword": "中资银行", "Neighborhood": "Elmhurst, NY", "Level": 3.0 }, "geometry": { "type": "Point", "coordinates": [ -73.8736219, 40.734818399999988 ] } },
{ "type": "Feature", "properties": { "Business_Name": "Chase Bank", "Address": "79-06 Broadway, Elmhurst, NY 11373, United States", "Keyword": "中资银行", "Neighborhood": "Elmhurst, NY", "Level": 3.0 }, "geometry": { "type": "Point", "coordinates": [ -73.8857476, 40.7441092 ] } },
{ "type": "Feature", "properties": { "Business_Name": "Bank of China", "Address": "1045 6th Ave, New York, NY 10018, United States", "Keyword": "中资银行", "Neighborhood": "Elmhurst, NY", "Level": 3.0 }, "geometry": { "type": "Point", "coordinates": [ -73.9854684, 40.7534084 ] } },
{ "type": "Feature", "properties": { "Business_Name": "Bank of China", "Address": "42-35 Main St, Flushing, NY 11355, United States", "Keyword": "中国银行", "Neighborhood": "Elmhurst, NY", "Level": 3.0 }, "geometry": { "type": "Point", "coordinates": [ -73.8275875, 40.7545285 ] } },
{ "type": "Feature", "properties": { "Business_Name": "Cathay Bank", "Address": "82-62 Broadway, Elmhurst, NY 11373, United States", "Keyword": "中国银行", "Neighborhood": "Elmhurst, NY", "Level": 3.0 }, "geometry": { "type": "Point", "coordinates": [ -73.8812117, 40.741666599999988 ] } },
{ "type": "Feature", "properties": { "Business_Name": "Bank of China", "Address": "1045 6th Ave, New York, NY 10018, United States", "Keyword": "中国银行", "Neighborhood": "Elmhurst, NY", "Level": 3.0 }, "geometry": { "type": "Point", "coordinates": [ -73.9854684, 40.7534084 ] } },
{ "type": "Feature", "properties": { "Business_Name": "建 峰 地产", "Address": "131-08 40th Rd, Flushing, NY 11354, United States", "Keyword": "华人地产", "Neighborhood": "Elmhurst, NY", "Level": 3.0 }, "geometry": { "type": "Point", "coordinates": [ -73.8361704, 40.7557617 ] } },
{ "type": "Feature", "properties": { "Business_Name": "【家禾置业】房地产公司-Jiahe Realty Inc.", "Address": "136-16 35th Ave STE 1A, Flushing, NY 11354, United States", "Keyword": "华人地产", "Neighborhood": "Elmhurst, NY", "Level": 3.0 }, "geometry": { "type": "Point", "coordinates": [ -73.8299333, 40.764646 ] } },
{ "type": "Feature", "properties": { "Business_Name": "纽约房地产网 | 地产经纪 | 房屋出租 | 房屋出售 | 房屋买卖 |房地产信息中心", "Address": "3707 147th St #3D, Flushing, NY 11354, United States", "Keyword": "华人地产", "Neighborhood": "Elmhurst, NY", "Level": 3.0 }, "geometry": { "type": "Point", "coordinates": [ -73.8190084, 40.7645312 ] } },
{ "type": "Feature", "properties": { "Business_Name": "Min Chen, Winzone Realty Inc", "Address": "8115 Queens Blvd #2a, Elmhurst, NY 11373, United States", "Keyword": "华人地产", "Neighborhood": "Elmhurst, NY", "Level": 3.0 }, "geometry": { "type": "Point", "coordinates": [ -73.881492, 40.7380783 ] } },
{ "type": "Feature", "properties": { "Business_Name": "Chinese American Real Estate Association", "Address": "136-20 38th Ave #11a, Flushing, NY 11354, United States", "Keyword": "华人地产", "Neighborhood": "Elmhurst, NY", "Level": 3.0 }, "geometry": { "type": "Point", "coordinates": [ -73.8298336, 40.7607693 ] } },
{ "type": "Feature", "properties": { "Business_Name": "Emma Hao Team 纽约首席华语地产经纪团队 (Douglas Elliman Real Estate)", "Address": "1934 Broadway, New York, NY 10023, United States", "Keyword": "华人地产", "Neighborhood": "Elmhurst, NY", "Level": 3.0 }, "geometry": { "type": "Point", "coordinates": [ -73.981851, 40.7727418 ] } },
{ "type": "Feature", "properties": { "Business_Name": "纽约环球地产-代理房屋买卖，出租，商业用地买卖，法拍屋", "Address": "39-07 Prince St, Flushing, NY 11354, United States", "Keyword": "华人地产", "Neighborhood": "Elmhurst, NY", "Level": 3.0 }, "geometry": { "type": "Point", "coordinates": [ -73.83205, 40.7594773 ] } },
{ "type": "Feature", "properties": { "Business_Name": "纽约地产 纽约房产 纽约地产经纪／纽约学区房 纽约二手房 纽约房地产／纽约房屋买卖 纽约法拍屋 纽约房产中介 纽约地产中介", "Address": "210 Targee St, Staten Island, NY 10304, United States", "Keyword": "华人地产", "Neighborhood": "Elmhurst, NY", "Level": 3.0 }, "geometry": { "type": "Point", "coordinates": [ -74.084288, 40.6219921 ] } },
{ "type": "Feature", "properties": { "Business_Name": "Happy 8 Realty", "Address": "6053 Woodhaven Blvd, Rego Park, NY 11374, United States", "Keyword": "华人地产", "Neighborhood": "Elmhurst, NY", "Level": 3.0 }, "geometry": { "type": "Point", "coordinates": [ -73.8712353, 40.7302393 ] } },
{ "type": "Feature", "properties": { "Business_Name": "地产经纪人郭女士", "Address": "211 E 43rd St 24th floor, New York, NY 10017, United States", "Keyword": "华人地产", "Neighborhood": "Elmhurst, NY", "Level": 3.0 }, "geometry": { "type": "Point", "coordinates": [ -73.973158, 40.7512735 ] } },
{ "type": "Feature", "properties": { "Business_Name": "City Homes Realty Group", "Address": "32-41 Junction Blvd, East Elmhurst, NY 11369, United States", "Keyword": "华人地产", "Neighborhood": "Elmhurst, NY", "Level": 3.0 }, "geometry": { "type": "Point", "coordinates": [ -73.8738187, 40.7574767 ] } },
{ "type": "Feature", "properties": { "Business_Name": "Wen Chen, Wing Fung Home Realty Grp Inc", "Address": "8622 Broadway, Elmhurst, NY 11373, United States", "Keyword": "华人地产", "Neighborhood": "Elmhurst, NY", "Level": 3.0 }, "geometry": { "type": "Point", "coordinates": [ -73.8773386, 40.7379217 ] } },
{ "type": "Feature", "properties": { "Business_Name": "CENTURY 21 Sunshine", "Address": "84-44 Grand Ave, Elmhurst, NY 11373, United States", "Keyword": "华人地产", "Neighborhood": "Elmhurst, NY", "Level": 3.0 }, "geometry": { "type": "Point", "coordinates": [ -73.8825427, 40.7344203 ] } },
{ "type": "Feature", "properties": { "Business_Name": "LAN & ASSOCIATES, P.C.", "Address": "3901 Main St #5/Fl, Flushing, NY 11354, United States", "Keyword": "华人地产", "Neighborhood": "Elmhurst, NY", "Level": 3.0 }, "geometry": { "type": "Point", "coordinates": [ -73.8300113, 40.760164499999988 ] } },
{ "type": "Feature", "properties": { "Business_Name": "Law Offices of Xuejie Wong PLLC 中华律师楼", "Address": "136-20 38th Ave #9i, Flushing, NY 11354, United States", "Keyword": "华人地产", "Neighborhood": "Elmhurst, NY", "Level": 3.0 }, "geometry": { "type": "Point", "coordinates": [ -73.8300252, 40.7609223 ] } },
{ "type": "Feature", "properties": { "Business_Name": "鼎略税务 DL LAW GROUP PLLC", "Address": "38-08 Union St #12C, Flushing, NY 11354, United States", "Keyword": "华人地产", "Neighborhood": "Elmhurst, NY", "Level": 3.0 }, "geometry": { "type": "Point", "coordinates": [ -73.8277565, 40.7611905 ] } },
{ "type": "Feature", "properties": { "Business_Name": "Empire Fine Homes", "Address": "98-05 Astoria Blvd Second Floor, East Elmhurst, NY 11369, United States", "Keyword": "华人地产", "Neighborhood": "Elmhurst, NY", "Level": 3.0 }, "geometry": { "type": "Point", "coordinates": [ -73.8710481, 40.762473 ] } },
{ "type": "Feature", "properties": { "Business_Name": "Zhen Hu Realtor | Key Impact Realty Group, Inc. - Queens, NY - Real Estate Agent", "Address": "131-06 40th Rd 4 fl, Flushing, NY 11354, United States", "Keyword": "华人地产", "Neighborhood": "Elmhurst, NY", "Level": 3.0 }, "geometry": { "type": "Point", "coordinates": [ -73.836207, 40.7557128 ] } },
{ "type": "Feature", "properties": { "Business_Name": "NycHomeFinders at Winzone Realty, Inc", "Address": "81-15 Queens Blvd Suite 215, Elmhurst, NY 11377, United States", "Keyword": "房产中介", "Neighborhood": "Elmhurst, NY", "Level": 3.0 }, "geometry": { "type": "Point", "coordinates": [ -73.8816611, 40.7380581 ] } },
{ "type": "Feature", "properties": { "Business_Name": "City Homes Realty Group", "Address": "32-41 Junction Blvd, East Elmhurst, NY 11369, United States", "Keyword": "房产中介", "Neighborhood": "Elmhurst, NY", "Level": 3.0 }, "geometry": { "type": "Point", "coordinates": [ -73.8738187, 40.7574767 ] } },
{ "type": "Feature", "properties": { "Business_Name": "纽约房地产网 | 地产经纪 | 房屋出租 | 房屋出售 | 房屋买卖 |房地产信息中心", "Address": "3707 147th St #3D, Flushing, NY 11354, United States", "Keyword": "房产中介", "Neighborhood": "Elmhurst, NY", "Level": 3.0 }, "geometry": { "type": "Point", "coordinates": [ -73.8190084, 40.7645312 ] } },
{ "type": "Feature", "properties": { "Business_Name": "Happy 8 Realty", "Address": "6053 Woodhaven Blvd, Rego Park, NY 11374, United States", "Keyword": "房产中介", "Neighborhood": "Elmhurst, NY", "Level": 3.0 }, "geometry": { "type": "Point", "coordinates": [ -73.8712353, 40.7302393 ] } },
{ "type": "Feature", "properties": { "Business_Name": "纽约地产 纽约房产 纽约地产经纪／纽约学区房 纽约二手房 纽约房地产／纽约房屋买卖 纽约法拍屋 纽约房产中介 纽约地产中介", "Address": "210 Targee St, Staten Island, NY 10304, United States", "Keyword": "房产中介", "Neighborhood": "Elmhurst, NY", "Level": 3.0 }, "geometry": { "type": "Point", "coordinates": [ -74.084288, 40.6219921 ] } },
{ "type": "Feature", "properties": { "Business_Name": "CENTURY 21 Sunshine", "Address": "84-44 Grand Ave, Elmhurst, NY 11373, United States", "Keyword": "房产中介", "Neighborhood": "Elmhurst, NY", "Level": 3.0 }, "geometry": { "type": "Point", "coordinates": [ -73.8825427, 40.7344203 ] } },
{ "type": "Feature", "properties": { "Business_Name": "New York Choice Real Estate Inc", "Address": "8009 Northern Blvd, Flushing, NY 11372, United States", "Keyword": "房产中介", "Neighborhood": "Elmhurst, NY", "Level": 3.0 }, "geometry": { "type": "Point", "coordinates": [ -73.886839, 40.7556364 ] } },
{ "type": "Feature", "properties": { "Business_Name": "Empire Fine Homes", "Address": "98-05 Astoria Blvd Second Floor, East Elmhurst, NY 11369, United States", "Keyword": "房产中介", "Neighborhood": "Elmhurst, NY", "Level": 3.0 }, "geometry": { "type": "Point", "coordinates": [ -73.8710481, 40.762473 ] } },
{ "type": "Feature", "properties": { "Business_Name": "纽约环球地产-代理房屋买卖，出租，商业用地买卖，法拍屋", "Address": "39-07 Prince St, Flushing, NY 11354, United States", "Keyword": "房产中介", "Neighborhood": "Elmhurst, NY", "Level": 3.0 }, "geometry": { "type": "Point", "coordinates": [ -73.83205, 40.7594773 ] } },
{ "type": "Feature", "properties": { "Business_Name": "建 峰 地产", "Address": "131-08 40th Rd, Flushing, NY 11354, United States", "Keyword": "房产中介", "Neighborhood": "Elmhurst, NY", "Level": 3.0 }, "geometry": { "type": "Point", "coordinates": [ -73.8361704, 40.7557617 ] } },
{ "type": "Feature", "properties": { "Business_Name": "地产经纪人郭女士", "Address": "211 E 43rd St 24th floor, New York, NY 10017, United States", "Keyword": "房产中介", "Neighborhood": "Elmhurst, NY", "Level": 3.0 }, "geometry": { "type": "Point", "coordinates": [ -73.973158, 40.7512735 ] } },
{ "type": "Feature", "properties": { "Business_Name": "PROPERTIES LOGAN REAL ESTATE", "Address": "40-26 82nd St 2nd Flr, Elmhurst, NY 11373, United States", "Keyword": "房产中介", "Neighborhood": "Elmhurst, NY", "Level": 3.0 }, "geometry": { "type": "Point", "coordinates": [ -73.884049, 40.7468 ] } },
{ "type": "Feature", "properties": { "Business_Name": "Yan Lin", "Address": "26 76th St, Elmhurst, NY 11373, United States", "Keyword": "房地产公司", "Neighborhood": "Elmhurst, NY", "Level": 3.0 }, "geometry": { "type": "Point", "coordinates": [ -73.8899818, 40.7483298 ] } },
{ "type": "Feature", "properties": { "Business_Name": "City Homes Realty Group", "Address": "32-41 Junction Blvd, East Elmhurst, NY 11369, United States", "Keyword": "房地产公司", "Neighborhood": "Elmhurst, NY", "Level": 3.0 }, "geometry": { "type": "Point", "coordinates": [ -73.8738187, 40.7574767 ] } },
{ "type": "Feature", "properties": { "Business_Name": "GRAND CORNER REALTY", "Address": "8637 Grand Ave, Elmhurst, NY 11373, United States", "Keyword": "房地产公司", "Neighborhood": "Elmhurst, NY", "Level": 3.0 }, "geometry": { "type": "Point", "coordinates": [ -73.8793929, 40.7361753 ] } },
{ "type": "Feature", "properties": { "Business_Name": "Abraham Ortiz Real Estate", "Address": "8115 Queens Blvd Ste 2A, Elmhurst, NY 11373, United States", "Keyword": "房地产公司", "Neighborhood": "Elmhurst, NY", "Level": 3.0 }, "geometry": { "type": "Point", "coordinates": [ -73.8816447, 40.738084099999988 ] } },
{ "type": "Feature", "properties": { "Business_Name": "【家禾置业】房地产公司-Jiahe Realty Inc.", "Address": "136-16 35th Ave STE 1A, Flushing, NY 11354, United States", "Keyword": "房地产公司", "Neighborhood": "Elmhurst, NY", "Level": 3.0 }, "geometry": { "type": "Point", "coordinates": [ -73.8299333, 40.764646 ] } },
{ "type": "Feature", "properties": { "Business_Name": "8808 Justice Ave Tower Sales Gallery", "Address": "8808 Justice Ave, Elmhurst, NY 11373, United States", "Keyword": "房地产公司", "Neighborhood": "Elmhurst, NY", "Level": 3.0 }, "geometry": { "type": "Point", "coordinates": [ -73.8752843, 40.7366205 ] } },
{ "type": "Feature", "properties": { "Business_Name": "Happy 8 Realty", "Address": "6053 Woodhaven Blvd, Rego Park, NY 11374, United States", "Keyword": "房地产公司", "Neighborhood": "Elmhurst, NY", "Level": 3.0 }, "geometry": { "type": "Point", "coordinates": [ -73.8712353, 40.7302393 ] } },
{ "type": "Feature", "properties": { "Business_Name": "Yano Realty", "Address": "5610 94th St, Elmhurst, NY 11373, United States", "Keyword": "房地产公司", "Neighborhood": "Elmhurst, NY", "Level": 3.0 }, "geometry": { "type": "Point", "coordinates": [ -73.8678862, 40.7365205 ] } },
{ "type": "Feature", "properties": { "Business_Name": "Ian Alexander Realty Group", "Address": "8337 St James Ave, Elmhurst, NY 11373, United States", "Keyword": "房地产公司", "Neighborhood": "Elmhurst, NY", "Level": 3.0 }, "geometry": { "type": "Point", "coordinates": [ -73.879341, 40.7398904 ] } },
{ "type": "Feature", "properties": { "Business_Name": "CENTURY 21 Sunshine", "Address": "84-44 Grand Ave, Elmhurst, NY 11373, United States", "Keyword": "房地产公司", "Neighborhood": "Elmhurst, NY", "Level": 3.0 }, "geometry": { "type": "Point", "coordinates": [ -73.8825427, 40.7344203 ] } },
{ "type": "Feature", "properties": { "Business_Name": "纽约房地产网 | 地产经纪 | 房屋出租 | 房屋出售 | 房屋买卖 |房地产信息中心", "Address": "3707 147th St #3D, Flushing, NY 11354, United States", "Keyword": "房地产公司", "Neighborhood": "Elmhurst, NY", "Level": 3.0 }, "geometry": { "type": "Point", "coordinates": [ -73.8190084, 40.7645312 ] } },
{ "type": "Feature", "properties": { "Business_Name": "纽约地产 纽约房产 纽约地产经纪／纽约学区房 纽约二手房 纽约房地产／纽约房屋买卖 纽约法拍屋 纽约房产中介 纽约地产中介", "Address": "210 Targee St, Staten Island, NY 10304, United States", "Keyword": "房地产公司", "Neighborhood": "Elmhurst, NY", "Level": 3.0 }, "geometry": { "type": "Point", "coordinates": [ -74.084288, 40.6219921 ] } },
{ "type": "Feature", "properties": { "Business_Name": "Queens Home Team at Keller Williams Realty Landmark II", "Address": "75-35 31st Ave Suite 202, East Elmhurst, NY 11370, United States", "Keyword": "房地产公司", "Neighborhood": "Elmhurst, NY", "Level": 3.0 }, "geometry": { "type": "Point", "coordinates": [ -73.8951047, 40.7547077 ] } },
{ "type": "Feature", "properties": { "Business_Name": "Sool Realty Corporation", "Address": "4028 Junction Blvd, Corona, NY 11368, United States", "Keyword": "房地产公司", "Neighborhood": "Elmhurst, NY", "Level": 3.0 }, "geometry": { "type": "Point", "coordinates": [ -73.8690588, 40.748393 ] } },
{ "type": "Feature", "properties": { "Business_Name": "Min Chen, Winzone Realty Inc", "Address": "8115 Queens Blvd #2a, Elmhurst, NY 11373, United States", "Keyword": "房地产公司", "Neighborhood": "Elmhurst, NY", "Level": 3.0 }, "geometry": { "type": "Point", "coordinates": [ -73.881492, 40.7380783 ] } },
{ "type": "Feature", "properties": { "Business_Name": "Amanda Li at Winzone Realty Inc.", "Address": "81-15 Queens Blvd Ste 2A, Elmhurst, NY 11373, United States", "Keyword": "房地产公司", "Neighborhood": "Elmhurst, NY", "Level": 3.0 }, "geometry": { "type": "Point", "coordinates": [ -73.881743, 40.7379626 ] } },
{ "type": "Feature", "properties": { "Business_Name": "Brian G. Sucuzhanay", "Address": "8115 Queens Blvd, Elmhurst, NY 11373, United States", "Keyword": "房地产公司", "Neighborhood": "Elmhurst, NY", "Level": 3.0 }, "geometry": { "type": "Point", "coordinates": [ -73.8816042, 40.7380642 ] } },
{ "type": "Feature", "properties": { "Business_Name": "纽约环球地产-代理房屋买卖，出租，商业用地买卖，法拍屋", "Address": "39-07 Prince St, Flushing, NY 11354, United States", "Keyword": "房地产公司", "Neighborhood": "Elmhurst, NY", "Level": 3.0 }, "geometry": { "type": "Point", "coordinates": [ -73.83205, 40.7594773 ] } },
{ "type": "Feature", "properties": { "Business_Name": "U.S. HOME SERVICES", "Address": "10114 Astoria Blvd, East Elmhurst, NY 11369, United States", "Keyword": "房地产公司", "Neighborhood": "Elmhurst, NY", "Level": 3.0 }, "geometry": { "type": "Point", "coordinates": [ -73.867704, 40.761504 ] } },
{ "type": "Feature", "properties": { "Business_Name": "Empire Fine Homes", "Address": "98-05 Astoria Blvd Second Floor, East Elmhurst, NY 11369, United States", "Keyword": "房地产公司", "Neighborhood": "Elmhurst, NY", "Level": 3.0 }, "geometry": { "type": "Point", "coordinates": [ -73.8710481, 40.762473 ] } },
{ "type": "Feature", "properties": { "Business_Name": "Modern Chinese School (Office)", "Address": "13639 41st Ave #1A, Flushing, NY 11355, United States", "Keyword": "中文学校", "Neighborhood": "Elmhurst, NY", "Level": 3.0 }, "geometry": { "type": "Point", "coordinates": [ -73.8282211, 40.7589604 ] } },
{ "type": "Feature", "properties": { "Business_Name": "Excellent Chinese Learning School 卓越中文学校", "Address": "113-15 76th Rd, Forest Hills, NY 11375, United States", "Keyword": "中文学校", "Neighborhood": "Elmhurst, NY", "Level": 3.0 }, "geometry": { "type": "Point", "coordinates": [ -73.8338469, 40.7182834 ] } },
{ "type": "Feature", "properties": { "Business_Name": "Modern Chinese School", "Address": "14480 Barclay Ave, Flushing, NY 11355, United States", "Keyword": "中文学校", "Neighborhood": "Elmhurst, NY", "Level": 3.0 }, "geometry": { "type": "Point", "coordinates": [ -73.8182716, 40.7603203 ] } },
{ "type": "Feature", "properties": { "Business_Name": "Flushing Chinese School", "Address": "41-60 Kissena Blvd, Flushing, NY 11355, United States", "Keyword": "中文学校", "Neighborhood": "Elmhurst, NY", "Level": 3.0 }, "geometry": { "type": "Point", "coordinates": [ -73.8281808, 40.7571316 ] } },
{ "type": "Feature", "properties": { "Business_Name": "New York Chinese School", "Address": "62 Mott St 3rd floor, New York, NY 10013, United States", "Keyword": "中文学校", "Neighborhood": "Elmhurst, NY", "Level": 3.0 }, "geometry": { "type": "Point", "coordinates": [ -73.998024, 40.7159896 ] } },
{ "type": "Feature", "properties": { "Business_Name": "Fresh Meadows Chinese School", "Address": "51-60 Marathon Pkwy, Douglaston, NY 11362, United States", "Keyword": "中文学校", "Neighborhood": "Elmhurst, NY", "Level": 3.0 }, "geometry": { "type": "Point", "coordinates": [ -73.7339125, 40.7626602 ] } },
{ "type": "Feature", "properties": { "Business_Name": "新鮮的草原中文学校", "Address": "77-28 173rd St, Flushing, NY 11366, United States", "Keyword": "中文学校", "Neighborhood": "Elmhurst, NY", "Level": 3.0 }, "geometry": { "type": "Point", "coordinates": [ -73.7961785, 40.7246132 ] } },
{ "type": "Feature", "properties": { "Business_Name": "Ming Yuan Chinese School", "Address": "526 59th St, Brooklyn, NY 11220, United States", "Keyword": "中文学校", "Neighborhood": "Elmhurst, NY", "Level": 3.0 }, "geometry": { "type": "Point", "coordinates": [ -74.0146219, 40.6386905 ] } },
{ "type": "Feature", "properties": { "Business_Name": "New York Music School & Academy 纽约音乐学校和音乐培训", "Address": "85-23 Broadway 1st floor, Elmhurst, NY 11373, United States", "Keyword": "中文学校", "Neighborhood": "Elmhurst, NY", "Level": 3.0 }, "geometry": { "type": "Point", "coordinates": [ -73.877335, 40.738906 ] } },
{ "type": "Feature", "properties": { "Business_Name": "Modern Chinese School (Office)", "Address": "13639 41st Ave #1A, Flushing, NY 11355, United States", "Keyword": "华人学校", "Neighborhood": "Elmhurst, NY", "Level": 3.0 }, "geometry": { "type": "Point", "coordinates": [ -73.8282211, 40.7589604 ] } },
{ "type": "Feature", "properties": { "Business_Name": "Flushing Chinese School", "Address": "41-60 Kissena Blvd, Flushing, NY 11355, United States", "Keyword": "华人学校", "Neighborhood": "Elmhurst, NY", "Level": 3.0 }, "geometry": { "type": "Point", "coordinates": [ -73.8281808, 40.7571316 ] } },
{ "type": "Feature", "properties": { "Business_Name": "Modern Chinese School", "Address": "14480 Barclay Ave, Flushing, NY 11355, United States", "Keyword": "华人学校", "Neighborhood": "Elmhurst, NY", "Level": 3.0 }, "geometry": { "type": "Point", "coordinates": [ -73.8182716, 40.7603203 ] } },
{ "type": "Feature", "properties": { "Business_Name": "New York Chinese School", "Address": "62 Mott St 3rd floor, New York, NY 10013, United States", "Keyword": "华人学校", "Neighborhood": "Elmhurst, NY", "Level": 3.0 }, "geometry": { "type": "Point", "coordinates": [ -73.998024, 40.7159896 ] } },
{ "type": "Feature", "properties": { "Business_Name": "Excellent Chinese Learning School 卓越中文学校", "Address": "113-15 76th Rd, Forest Hills, NY 11375, United States", "Keyword": "华人学校", "Neighborhood": "Elmhurst, NY", "Level": 3.0 }, "geometry": { "type": "Point", "coordinates": [ -73.8338469, 40.7182834 ] } },
{ "type": "Feature", "properties": { "Business_Name": "Advantage Academy", "Address": "61-10 183rd St, Fresh Meadows, NY 11365, United States", "Keyword": "华人学校", "Neighborhood": "Elmhurst, NY", "Level": 3.0 }, "geometry": { "type": "Point", "coordinates": [ -73.7909709, 40.738968 ] } },
{ "type": "Feature", "properties": { "Business_Name": "Ming Yuan Chinese School", "Address": "526 59th St, Brooklyn, NY 11220, United States", "Keyword": "华人学校", "Neighborhood": "Elmhurst, NY", "Level": 3.0 }, "geometry": { "type": "Point", "coordinates": [ -74.0146219, 40.6386905 ] } },
{ "type": "Feature", "properties": { "Business_Name": "新鮮的草原中文学校", "Address": "77-28 173rd St, Flushing, NY 11366, United States", "Keyword": "华人学校", "Neighborhood": "Elmhurst, NY", "Level": 3.0 }, "geometry": { "type": "Point", "coordinates": [ -73.7961785, 40.7246132 ] } },
{ "type": "Feature", "properties": { "Business_Name": "KON GEN INTERNATIONAL PRESCHOOL", "Address": "196-25 42nd Ave, Flushing, NY 11358, United States", "Keyword": "华人学校", "Neighborhood": "Elmhurst, NY", "Level": 3.0 }, "geometry": { "type": "Point", "coordinates": [ -73.7849772, 40.759952 ] } },
{ "type": "Feature", "properties": { "Business_Name": "Success Prep Education Center", "Address": "8829 51st Ave #1A, Elmhurst, NY 11373, United States", "Keyword": "补习班", "Neighborhood": "Elmhurst, NY", "Level": 3.0 }, "geometry": { "type": "Point", "coordinates": [ -73.8746863, 40.739545 ] } },
{ "type": "Feature", "properties": { "Business_Name": "The Scholars Corner, LLC Tutoring Center", "Address": "8037 Broadway, Elmhurst, NY 11373, United States", "Keyword": "补习班", "Neighborhood": "Elmhurst, NY", "Level": 3.0 }, "geometry": { "type": "Point", "coordinates": [ -73.8840508, 40.743630499999988 ] } },
{ "type": "Feature", "properties": { "Business_Name": "Topway Prep", "Address": "85-08 Grand Ave, Elmhurst, NY 11373, United States", "Keyword": "补习班", "Neighborhood": "Elmhurst, NY", "Level": 3.0 }, "geometry": { "type": "Point", "coordinates": [ -73.881725, 40.7349618 ] } },
{ "type": "Feature", "properties": { "Business_Name": "必昇補習班 IVY ROAD PREP", "Address": "43-44 Kissena Blvd lobby a, Flushing, NY 11355, United States", "Keyword": "补习班", "Neighborhood": "Elmhurst, NY", "Level": 3.0 }, "geometry": { "type": "Point", "coordinates": [ -73.8241243, 40.7539936 ] } },
{ "type": "Feature", "properties": { "Business_Name": "Kumon Math and Reading Center of Elmhurst", "Address": "90-22 Corona Ave., Elmhurst, NY 11373, United States", "Keyword": "补习班", "Neighborhood": "Elmhurst, NY", "Level": 3.0 }, "geometry": { "type": "Point", "coordinates": [ -73.8745609, 40.7416615 ] } },
{ "type": "Feature", "properties": { "Business_Name": "Ai Plus Learning Center - 金銘學習中心", "Address": "41-23 150th St, Flushing, NY 11355, United States", "Keyword": "补习班", "Neighborhood": "Elmhurst, NY", "Level": 3.0 }, "geometry": { "type": "Point", "coordinates": [ -73.8134864, 40.7621678 ] } },
{ "type": "Feature", "properties": { "Business_Name": "AimPlus Education", "Address": "3438 Bell Blvd Floor 1, Bayside, NY 11361, United States", "Keyword": "补习班", "Neighborhood": "Elmhurst, NY", "Level": 3.0 }, "geometry": { "type": "Point", "coordinates": [ -73.7742846, 40.7693745 ] } },
{ "type": "Feature", "properties": { "Business_Name": "Hua Rong", "Address": "8323 Broadway #1, Flushing, NY 11373, United States", "Keyword": "华人媒体", "Neighborhood": "Elmhurst, NY", "Level": 3.0 }, "geometry": { "type": "Point", "coordinates": [ -73.879192, 40.740866 ] } },
{ "type": "Feature", "properties": { "Business_Name": "World Journal", "Address": "141-07 20th Ave 2 fl, College Point, NY 11357, United States", "Keyword": "中文报纸", "Neighborhood": "Elmhurst, NY", "Level": 3.0 }, "geometry": { "type": "Point", "coordinates": [ -73.8272948, 40.782177 ] } },
{ "type": "Feature", "properties": { "Business_Name": "US Supermarket", "Address": "82-66 Broadway, Elmhurst, NY 11373, United States", "Keyword": "中文报纸", "Neighborhood": "Elmhurst, NY", "Level": 3.0 }, "geometry": { "type": "Point", "coordinates": [ -73.8815814, 40.7416231 ] } },
{ "type": "Feature", "properties": { "Business_Name": "US Supermarket", "Address": "82-66 Broadway, Elmhurst, NY 11373, United States", "Keyword": "华人日报", "Neighborhood": "Elmhurst, NY", "Level": 3.0 }, "geometry": { "type": "Point", "coordinates": [ -73.8815814, 40.7416231 ] } },
{ "type": "Feature", "properties": { "Business_Name": "FunChineseNYC", "Address": "88-15 W 53rd St 1st floor, Elmhurst, NY 11373, United States", "Keyword": "华人日报", "Neighborhood": "Elmhurst, NY", "Level": 3.0 }, "geometry": { "type": "Point", "coordinates": [ -73.9775174, 40.7612338 ] } },
{ "type": "Feature", "properties": { "Business_Name": "Sing Tao Daily", "Address": "188 Lafayette St, New York, NY 10013, United States", "Keyword": "星岛日报", "Neighborhood": "Elmhurst, NY", "Level": 3.0 }, "geometry": { "type": "Point", "coordinates": [ -73.9984403, 40.7210486 ] } },
{ "type": "Feature", "properties": { "Business_Name": "Singye Store Inc.", "Address": "40-08 76th St, Elmhurst, NY 11373, United States", "Keyword": "星岛日报", "Neighborhood": "Elmhurst, NY", "Level": 3.0 }, "geometry": { "type": "Point", "coordinates": [ -73.8898005, 40.746677 ] } },
{ "type": "Feature", "properties": { "Business_Name": "Industrial and Commercial Bank of China (USA) NA, Brooklyn Branch", "Address": "5714 8th Ave, Brooklyn, NY 11220, United States", "Keyword": "Chinese bank", "Neighborhood": "Sunset Park, NY", "Level": 3.0 }, "geometry": { "type": "Point", "coordinates": [ -74.0082392, 40.6369696 ] } },
{ "type": "Feature", "properties": { "Business_Name": "TD Bank", "Address": "987 4th Ave, Brooklyn, NY 11232, United States", "Keyword": "Chinese bank", "Neighborhood": "Sunset Park, NY", "Level": 3.0 }, "geometry": { "type": "Point", "coordinates": [ -74.0055459, 40.6525154 ] } },
{ "type": "Feature", "properties": { "Business_Name": "China Trust Bank", "Address": "5413 8th Ave, Brooklyn, NY 11220, United States", "Keyword": "Chinese bank", "Neighborhood": "Sunset Park, NY", "Level": 3.0 }, "geometry": { "type": "Point", "coordinates": [ -74.0062337, 40.6385081 ] } },
{ "type": "Feature", "properties": { "Business_Name": "Fang Fang Realty Inc. 芳芳地產", "Address": "816 59th St #2FL, Brooklyn, NY 11220, United States", "Keyword": "Chinese real estate", "Neighborhood": "Sunset Park, NY", "Level": 3.0 }, "geometry": { "type": "Point", "coordinates": [ -74.0086689, 40.6356256 ] } },
{ "type": "Feature", "properties": { "Business_Name": "Huang & Associates, PC Chinese lawyer/Chinese speaking attorney/黄真律师/律师楼/律师事务所/布鲁克林律师楼/八大道律师/会英文国语粤语", "Address": "6402 8th Ave #405, Brooklyn, NY 11220, United States", "Keyword": "Chinese real estate", "Neighborhood": "Sunset Park, NY", "Level": 3.0 }, "geometry": { "type": "Point", "coordinates": [ -74.0122981, 40.6332854 ] } },
{ "type": "Feature", "properties": { "Business_Name": "Yukie Zhang", "Address": "2308 Coney Island Ave 2nd FL, Brooklyn, NY 11223, United States", "Keyword": "Chinese real estate", "Neighborhood": "Sunset Park, NY", "Level": 3.0 }, "geometry": { "type": "Point", "coordinates": [ -73.9615688, 40.6008246 ] } },
{ "type": "Feature", "properties": { "Business_Name": "E House Realty & Management", "Address": "6005 7th Ave, Brooklyn, NY 11220, United States", "Keyword": "Chinese real estate", "Neighborhood": "Sunset Park, NY", "Level": 3.0 }, "geometry": { "type": "Point", "coordinates": [ -74.0118474, 40.6365476 ] } },
{ "type": "Feature", "properties": { "Business_Name": "House Key Realty Llc.", "Address": "6012 5th Ave, Brooklyn, NY 11220, United States", "Keyword": "Chinese real estate", "Neighborhood": "Sunset Park, NY", "Level": 3.0 }, "geometry": { "type": "Point", "coordinates": [ -74.0164741, 40.6393907 ] } },
{ "type": "Feature", "properties": { "Business_Name": "WEITIAN LI & ASSOCIATES, P.C. | 李伟天律师事务所 | Chinese Law Office | Real Estate Lawyer", "Address": "8 Bay 35th St Suite A, Brooklyn, NY 11214, United States", "Keyword": "Chinese real estate", "Neighborhood": "Sunset Park, NY", "Level": 3.0 }, "geometry": { "type": "Point", "coordinates": [ -73.990538, 40.599539 ] } },
{ "type": "Feature", "properties": { "Business_Name": "8th Avenue Chinatown, Brooklyn, NY", "Address": "5515 8th Ave # C2, Brooklyn, NY 11220, United States", "Keyword": "Chinese real estate", "Neighborhood": "Sunset Park, NY", "Level": 3.0 }, "geometry": { "type": "Point", "coordinates": [ -74.0069766, 40.6377802 ] } },
{ "type": "Feature", "properties": { "Business_Name": "Law Offices of Oliver Zhou", "Address": "749 61st St Suite 501, Brooklyn, NY 11220, United States", "Keyword": "Chinese real estate", "Neighborhood": "Sunset Park, NY", "Level": 3.0 }, "geometry": { "type": "Point", "coordinates": [ -74.0110861, 40.6356499 ] } },
{ "type": "Feature", "properties": { "Business_Name": "City View NY Real Estate Corp", "Address": "4019 8th Ave, Brooklyn, NY 11232, United States", "Keyword": "Chinese real estate", "Neighborhood": "Sunset Park, NY", "Level": 3.0 }, "geometry": { "type": "Point", "coordinates": [ -73.9981689, 40.6462586 ] } },
{ "type": "Feature", "properties": { "Business_Name": "Chuan Tian Xia", "Address": "5502 7th Ave, Brooklyn, NY 11220, United States", "Keyword": "Chinese real estate", "Neighborhood": "Sunset Park, NY", "Level": 3.0 }, "geometry": { "type": "Point", "coordinates": [ -74.0090711, 40.6396177 ] } },
{ "type": "Feature", "properties": { "Business_Name": "鼎泰轩 Din's Kitchen", "Address": "5210 7th Ave, Brooklyn, NY 11220, United States", "Keyword": "Chinese real estate", "Neighborhood": "Sunset Park, NY", "Level": 3.0 }, "geometry": { "type": "Point", "coordinates": [ -74.0074404, 40.6411904 ] } },
{ "type": "Feature", "properties": { "Business_Name": "FirstService Residential Brooklyn", "Address": "132 32nd St Suite 412, Brooklyn, NY 11232, United States", "Keyword": "Chinese real estate", "Neighborhood": "Sunset Park, NY", "Level": 3.0 }, "geometry": { "type": "Point", "coordinates": [ -74.0025347, 40.6566363 ] } },
{ "type": "Feature", "properties": { "Business_Name": "Sunset Industrial Park", "Address": "50 20th St # 1, Brooklyn, NY 11232, United States", "Keyword": "Chinese real estate", "Neighborhood": "Sunset Park, NY", "Level": 3.0 }, "geometry": { "type": "Point", "coordinates": [ -74.0005374, 40.6662072 ] } },
{ "type": "Feature", "properties": { "Business_Name": "Billy Apter", "Address": "261 4th Ave, Brooklyn, NY 11215, United States", "Keyword": "Chinese real estate", "Neighborhood": "Sunset Park, NY", "Level": 3.0 }, "geometry": { "type": "Point", "coordinates": [ -73.9839296, 40.675793 ] } },
{ "type": "Feature", "properties": { "Business_Name": "RE/MAX Real Estate Professionals", "Address": "261 4th Ave, Brooklyn, NY 11215, United States", "Keyword": "Chinese real estate", "Neighborhood": "Sunset Park, NY", "Level": 3.0 }, "geometry": { "type": "Point", "coordinates": [ -73.9839172, 40.6758229 ] } },
{ "type": "Feature", "properties": { "Business_Name": "RE/MAX Real Estate Professionals", "Address": "8402 20th Ave, Brooklyn, NY 11214, United States", "Keyword": "Chinese real estate", "Neighborhood": "Sunset Park, NY", "Level": 3.0 }, "geometry": { "type": "Point", "coordinates": [ -73.9973208, 40.605818 ] } },
{ "type": "Feature", "properties": { "Business_Name": "LoHo Realty, Inc.", "Address": "397 Grand St, New York, NY 10002, United States", "Keyword": "Chinese real estate", "Neighborhood": "Sunset Park, NY", "Level": 3.0 }, "geometry": { "type": "Point", "coordinates": [ -73.9874926, 40.7159025 ] } },
{ "type": "Feature", "properties": { "Business_Name": "Garden View Realty", "Address": "442 53rd St, Brooklyn, NY 11220, United States", "Keyword": "Chinese real estate", "Neighborhood": "Sunset Park, NY", "Level": 3.0 }, "geometry": { "type": "Point", "coordinates": [ -74.0132471, 40.6440157 ] } },
{ "type": "Feature", "properties": { "Business_Name": "Ming Yuan Chinese School", "Address": "526 59th St, Brooklyn, NY 11220, United States", "Keyword": "Chinese school", "Neighborhood": "Sunset Park, NY", "Level": 3.0 }, "geometry": { "type": "Point", "coordinates": [ -74.0146219, 40.6386905 ] } },
{ "type": "Feature", "properties": { "Business_Name": "Brooklyn Chinese - American Association Early Childhood Education Center", "Address": "871 50th St, Brooklyn, NY 11219, United States", "Keyword": "Chinese school", "Neighborhood": "Sunset Park, NY", "Level": 3.0 }, "geometry": { "type": "Point", "coordinates": [ -74.0017808, 40.6401115 ] } },
{ "type": "Feature", "properties": { "Business_Name": "New York Chinese School", "Address": "62 Mott St 3rd floor, New York, NY 10013, United States", "Keyword": "Chinese school", "Neighborhood": "Sunset Park, NY", "Level": 3.0 }, "geometry": { "type": "Point", "coordinates": [ -73.998024, 40.7159896 ] } },
{ "type": "Feature", "properties": { "Business_Name": "Brooklyn Chinese-American Association Day Care Center", "Address": "5002 8th Ave, Brooklyn, NY 11220, United States", "Keyword": "Chinese school", "Neighborhood": "Sunset Park, NY", "Level": 3.0 }, "geometry": { "type": "Point", "coordinates": [ -74.0039612, 40.6411478 ] } },
{ "type": "Feature", "properties": { "Business_Name": "Sishu Mandarin Chinese Language School", "Address": "22 Beaver St 3rd Floor, New York, NY 10004, United States", "Keyword": "Chinese school", "Neighborhood": "Sunset Park, NY", "Level": 3.0 }, "geometry": { "type": "Point", "coordinates": [ -74.0121983, 40.7049396 ] } },
{ "type": "Feature", "properties": { "Business_Name": "Brooklyn Chinese American Association", "Address": "812 54th St #1, Brooklyn, NY 11220, United States", "Keyword": "Chinese school", "Neighborhood": "Sunset Park, NY", "Level": 3.0 }, "geometry": { "type": "Point", "coordinates": [ -74.0057369, 40.638565 ] } },
{ "type": "Feature", "properties": { "Business_Name": "LEEP Dual Language Academy Charter School", "Address": "5323 5th Ave, Brooklyn, NY 11220, United States", "Keyword": "Chinese school", "Neighborhood": "Sunset Park, NY", "Level": 3.0 }, "geometry": { "type": "Point", "coordinates": [ -74.0122554, 40.6428259 ] } },
{ "type": "Feature", "properties": { "Business_Name": "Modern Chinese School", "Address": "14480 Barclay Ave, Flushing, NY 11355, United States", "Keyword": "Chinese school", "Neighborhood": "Sunset Park, NY", "Level": 3.0 }, "geometry": { "type": "Point", "coordinates": [ -73.8182716, 40.7603203 ] } },
{ "type": "Feature", "properties": { "Business_Name": "成龙补习班/布禄崙中文学校", "Address": "829 60th St, Brooklyn, NY 11220, United States", "Keyword": "Chinese school", "Neighborhood": "Sunset Park, NY", "Level": 3.0 }, "geometry": { "type": "Point", "coordinates": [ -74.0086953, 40.635149899999988 ] } },
{ "type": "Feature", "properties": { "Business_Name": "Brooklyn Chinese American Association Day Care", "Address": "713 43rd St, Brooklyn, NY 11232, United States", "Keyword": "Chinese school", "Neighborhood": "Sunset Park, NY", "Level": 3.0 }, "geometry": { "type": "Point", "coordinates": [ -74.001278, 40.6462075 ] } },
{ "type": "Feature", "properties": { "Business_Name": "Excellent Chinese Learning School 卓越中文学校", "Address": "113-15 76th Rd, Forest Hills, NY 11375, United States", "Keyword": "Chinese school", "Neighborhood": "Sunset Park, NY", "Level": 3.0 }, "geometry": { "type": "Point", "coordinates": [ -73.8338469, 40.7182834 ] } },
{ "type": "Feature", "properties": { "Business_Name": "Sunset School of Cultural Learning", "Address": "270 59th St, Brooklyn, NY 11220, United States", "Keyword": "Chinese school", "Neighborhood": "Sunset Park, NY", "Level": 3.0 }, "geometry": { "type": "Point", "coordinates": [ -74.0206787, 40.6428962 ] } },
{ "type": "Feature", "properties": { "Business_Name": "Sing Tao Newspaper NY Ltd", "Address": "5510 8th Ave #202, Brooklyn, NY 11220, United States", "Keyword": "Chinese media", "Neighborhood": "Sunset Park, NY", "Level": 3.0 }, "geometry": { "type": "Point", "coordinates": [ -74.0069715, 40.6381891 ] } },
{ "type": "Feature", "properties": { "Business_Name": "Brooklyn Chinese-American Association Office", "Address": "4204 8th Ave, Brooklyn, NY 11232, United States", "Keyword": "Chinese media", "Neighborhood": "Sunset Park, NY", "Level": 3.0 }, "geometry": { "type": "Point", "coordinates": [ -73.999298, 40.6455564 ] } },
{ "type": "Feature", "properties": { "Business_Name": "CHF Chinese Restaurant", "Address": "5411 5th Ave, Brooklyn, NY 11220, United States", "Keyword": "Chinese media", "Neighborhood": "Sunset Park, NY", "Level": 3.0 }, "geometry": { "type": "Point", "coordinates": [ -74.0127734, 40.642574499999988 ] } },
{ "type": "Feature", "properties": { "Business_Name": "Chuan Tian Xia", "Address": "5502 7th Ave, Brooklyn, NY 11220, United States", "Keyword": "Chinese media", "Neighborhood": "Sunset Park, NY", "Level": 3.0 }, "geometry": { "type": "Point", "coordinates": [ -74.0090711, 40.6396177 ] } },
{ "type": "Feature", "properties": { "Business_Name": "China Delight", "Address": "4009 5th Ave, Brooklyn, NY 11232, United States", "Keyword": "Chinese media", "Neighborhood": "Sunset Park, NY", "Level": 3.0 }, "geometry": { "type": "Point", "coordinates": [ -74.0045962, 40.6504274 ] } },
{ "type": "Feature", "properties": { "Business_Name": "Sing Tao Newspaper NY Ltd", "Address": "5510 8th Ave #202, Brooklyn, NY 11220, United States", "Keyword": "Chinese newspaper", "Neighborhood": "Sunset Park, NY", "Level": 3.0 }, "geometry": { "type": "Point", "coordinates": [ -74.0069715, 40.6381891 ] } },
{ "type": "Feature", "properties": { "Business_Name": "East West Bank", "Address": "5801 8th Ave, Brooklyn, NY 11220, United States", "Keyword": "华人银行", "Neighborhood": "Sunset Park, NY", "Level": 3.0 }, "geometry": { "type": "Point", "coordinates": [ -74.0082398, 40.636422 ] } },
{ "type": "Feature", "properties": { "Business_Name": "Industrial and Commercial Bank of China (USA) NA, Brooklyn Branch", "Address": "5714 8th Ave, Brooklyn, NY 11220, United States", "Keyword": "华人银行", "Neighborhood": "Sunset Park, NY", "Level": 3.0 }, "geometry": { "type": "Point", "coordinates": [ -74.0082392, 40.6369696 ] } },
{ "type": "Feature", "properties": { "Business_Name": "Royal Business Bank", "Address": "5503 8th Ave, Brooklyn, NY 11220, United States", "Keyword": "华人银行", "Neighborhood": "Sunset Park, NY", "Level": 3.0 }, "geometry": { "type": "Point", "coordinates": [ -74.0066475, 40.6381083 ] } },
{ "type": "Feature", "properties": { "Business_Name": "CTBC Bank", "Address": "5418 8th Ave, Brooklyn, NY 11220, United States", "Keyword": "华人银行", "Neighborhood": "Sunset Park, NY", "Level": 3.0 }, "geometry": { "type": "Point", "coordinates": [ -74.0065848, 40.6385622 ] } },
{ "type": "Feature", "properties": { "Business_Name": "Cathay Bank", "Address": "5402 8th Ave, Brooklyn, NY 11220, United States", "Keyword": "华人银行", "Neighborhood": "Sunset Park, NY", "Level": 3.0 }, "geometry": { "type": "Point", "coordinates": [ -74.0062626, 40.6388753 ] } },
{ "type": "Feature", "properties": { "Business_Name": "East West Bank", "Address": "1322-1328 Avenue U, Brooklyn, NY 11229, United States", "Keyword": "华人银行", "Neighborhood": "Sunset Park, NY", "Level": 3.0 }, "geometry": { "type": "Point", "coordinates": [ -73.9574825, 40.5985681 ] } },
{ "type": "Feature", "properties": { "Business_Name": "The Bank of East Asia", "Address": "5714 8th Ave, Brooklyn, NY 11220, United States", "Keyword": "华人银行", "Neighborhood": "Sunset Park, NY", "Level": 3.0 }, "geometry": { "type": "Point", "coordinates": [ -74.008232, 40.636976399999988 ] } },
{ "type": "Feature", "properties": { "Business_Name": "Brooklyn Chinese America Association", "Address": "5002 8th Ave, Brooklyn, NY 11220, United States", "Keyword": "华人银行", "Neighborhood": "Sunset Park, NY", "Level": 3.0 }, "geometry": { "type": "Point", "coordinates": [ -74.0039994, 40.6411656 ] } },
{ "type": "Feature", "properties": { "Business_Name": "Chase Bank", "Address": "5423 8th Ave, Brooklyn, NY 11220, United States", "Keyword": "华人银行", "Neighborhood": "Sunset Park, NY", "Level": 3.0 }, "geometry": { "type": "Point", "coordinates": [ -74.0063343, 40.6382868 ] } },
{ "type": "Feature", "properties": { "Business_Name": "Bank of China", "Address": "1045 6th Ave, New York, NY 10018, United States", "Keyword": "华人银行", "Neighborhood": "Sunset Park, NY", "Level": 3.0 }, "geometry": { "type": "Point", "coordinates": [ -73.9854684, 40.7534084 ] } },
{ "type": "Feature", "properties": { "Business_Name": "East West Bank", "Address": "77 Bowery, New York, NY 10002, United States", "Keyword": "华人银行", "Neighborhood": "Sunset Park, NY", "Level": 3.0 }, "geometry": { "type": "Point", "coordinates": [ -73.9954791, 40.7166538 ] } },
{ "type": "Feature", "properties": { "Business_Name": "Bank of America Financial Center", "Address": "5521 8th Ave, Brooklyn, NY 11220, United States", "Keyword": "华人银行", "Neighborhood": "Sunset Park, NY", "Level": 3.0 }, "geometry": { "type": "Point", "coordinates": [ -74.0067469, 40.6378607 ] } },
{ "type": "Feature", "properties": { "Business_Name": "ATM Cathay Bank", "Address": "5402 8th Ave, Brooklyn, NY 11220, United States", "Keyword": "华人银行", "Neighborhood": "Sunset Park, NY", "Level": 3.0 }, "geometry": { "type": "Point", "coordinates": [ -74.0062639, 40.6388742 ] } },
{ "type": "Feature", "properties": { "Business_Name": "China Trust Bank", "Address": "5413 8th Ave, Brooklyn, NY 11220, United States", "Keyword": "华人银行", "Neighborhood": "Sunset Park, NY", "Level": 3.0 }, "geometry": { "type": "Point", "coordinates": [ -74.0062337, 40.6385081 ] } },
{ "type": "Feature", "properties": { "Business_Name": "Industrial and Commercial Bank of China (USA) NA, Brooklyn Branch", "Address": "5714 8th Ave, Brooklyn, NY 11220, United States", "Keyword": "中资银行", "Neighborhood": "Sunset Park, NY", "Level": 3.0 }, "geometry": { "type": "Point", "coordinates": [ -74.0082392, 40.6369696 ] } },
{ "type": "Feature", "properties": { "Business_Name": "East West Bank", "Address": "5801 8th Ave, Brooklyn, NY 11220, United States", "Keyword": "中资银行", "Neighborhood": "Sunset Park, NY", "Level": 3.0 }, "geometry": { "type": "Point", "coordinates": [ -74.0082398, 40.636422 ] } },
{ "type": "Feature", "properties": { "Business_Name": "Cathay Bank", "Address": "5402 8th Ave, Brooklyn, NY 11220, United States", "Keyword": "中资银行", "Neighborhood": "Sunset Park, NY", "Level": 3.0 }, "geometry": { "type": "Point", "coordinates": [ -74.0062626, 40.6388753 ] } },
{ "type": "Feature", "properties": { "Business_Name": "CTBC Bank", "Address": "5418 8th Ave, Brooklyn, NY 11220, United States", "Keyword": "中资银行", "Neighborhood": "Sunset Park, NY", "Level": 3.0 }, "geometry": { "type": "Point", "coordinates": [ -74.0065848, 40.6385622 ] } },
{ "type": "Feature", "properties": { "Business_Name": "The Bank of East Asia", "Address": "5714 8th Ave, Brooklyn, NY 11220, United States", "Keyword": "中资银行", "Neighborhood": "Sunset Park, NY", "Level": 3.0 }, "geometry": { "type": "Point", "coordinates": [ -74.008232, 40.636976399999988 ] } },
{ "type": "Feature", "properties": { "Business_Name": "Chase Bank", "Address": "5423 8th Ave, Brooklyn, NY 11220, United States", "Keyword": "中资银行", "Neighborhood": "Sunset Park, NY", "Level": 3.0 }, "geometry": { "type": "Point", "coordinates": [ -74.0063343, 40.6382868 ] } },
{ "type": "Feature", "properties": { "Business_Name": "First American International Bank", "Address": "4101 8th Ave, Brooklyn, NY 11232, United States", "Keyword": "中资银行", "Neighborhood": "Sunset Park, NY", "Level": 3.0 }, "geometry": { "type": "Point", "coordinates": [ -73.9983064, 40.6459504 ] } },
{ "type": "Feature", "properties": { "Business_Name": "Bank of China", "Address": "1045 6th Ave, New York, NY 10018, United States", "Keyword": "中资银行", "Neighborhood": "Sunset Park, NY", "Level": 3.0 }, "geometry": { "type": "Point", "coordinates": [ -73.9854684, 40.7534084 ] } },
{ "type": "Feature", "properties": { "Business_Name": "Citi", "Address": "5324 5th Ave, Brooklyn, NY 11220, United States", "Keyword": "中资银行", "Neighborhood": "Sunset Park, NY", "Level": 3.0 }, "geometry": { "type": "Point", "coordinates": [ -74.0127431, 40.6430861 ] } },
{ "type": "Feature", "properties": { "Business_Name": "CTBC Bank", "Address": "521 5th Ave 11th floor, New York, NY 10175, United States", "Keyword": "中资银行", "Neighborhood": "Sunset Park, NY", "Level": 3.0 }, "geometry": { "type": "Point", "coordinates": [ -73.9798288, 40.7541286 ] } },
{ "type": "Feature", "properties": { "Business_Name": "Bank of America Financial Center", "Address": "5521 8th Ave, Brooklyn, NY 11220, United States", "Keyword": "中资银行", "Neighborhood": "Sunset Park, NY", "Level": 3.0 }, "geometry": { "type": "Point", "coordinates": [ -74.0067469, 40.6378607 ] } },
{ "type": "Feature", "properties": { "Business_Name": "Industrial and Commercial Bank of China (USA) NA, Brooklyn Branch", "Address": "5714 8th Ave, Brooklyn, NY 11220, United States", "Keyword": "中国银行", "Neighborhood": "Sunset Park, NY", "Level": 3.0 }, "geometry": { "type": "Point", "coordinates": [ -74.0082392, 40.6369696 ] } },
{ "type": "Feature", "properties": { "Business_Name": "CTBC Bank", "Address": "5418 8th Ave, Brooklyn, NY 11220, United States", "Keyword": "中国银行", "Neighborhood": "Sunset Park, NY", "Level": 3.0 }, "geometry": { "type": "Point", "coordinates": [ -74.0065848, 40.6385622 ] } },
{ "type": "Feature", "properties": { "Business_Name": "Bank of China", "Address": "1045 6th Ave, New York, NY 10018, United States", "Keyword": "中国银行", "Neighborhood": "Sunset Park, NY", "Level": 3.0 }, "geometry": { "type": "Point", "coordinates": [ -73.9854684, 40.7534084 ] } },
{ "type": "Feature", "properties": { "Business_Name": "The Bank of East Asia", "Address": "5714 8th Ave, Brooklyn, NY 11220, United States", "Keyword": "中国银行", "Neighborhood": "Sunset Park, NY", "Level": 3.0 }, "geometry": { "type": "Point", "coordinates": [ -74.008232, 40.636976399999988 ] } },
{ "type": "Feature", "properties": { "Business_Name": "China Trust Bank", "Address": "5413 8th Ave, Brooklyn, NY 11220, United States", "Keyword": "中国银行", "Neighborhood": "Sunset Park, NY", "Level": 3.0 }, "geometry": { "type": "Point", "coordinates": [ -74.0062337, 40.6385081 ] } },
{ "type": "Feature", "properties": { "Business_Name": "East West Bank", "Address": "5801 8th Ave, Brooklyn, NY 11220, United States", "Keyword": "中国银行", "Neighborhood": "Sunset Park, NY", "Level": 3.0 }, "geometry": { "type": "Point", "coordinates": [ -74.0082398, 40.636422 ] } },
{ "type": "Feature", "properties": { "Business_Name": "Royal Business Bank", "Address": "5503 8th Ave, Brooklyn, NY 11220, United States", "Keyword": "中国银行", "Neighborhood": "Sunset Park, NY", "Level": 3.0 }, "geometry": { "type": "Point", "coordinates": [ -74.0066475, 40.6381083 ] } },
{ "type": "Feature", "properties": { "Business_Name": "Fang Fang Realty Inc. 芳芳地產", "Address": "816 59th St #2FL, Brooklyn, NY 11220, United States", "Keyword": "华人地产", "Neighborhood": "Sunset Park, NY", "Level": 3.0 }, "geometry": { "type": "Point", "coordinates": [ -74.0086689, 40.6356256 ] } },
{ "type": "Feature", "properties": { "Business_Name": "RE/MAX Team 恒富地产", "Address": "6212 5th Ave, Brooklyn, NY 11220, United States", "Keyword": "华人地产", "Neighborhood": "Sunset Park, NY", "Level": 3.0 }, "geometry": { "type": "Point", "coordinates": [ -74.0178789, 40.638243 ] } },
{ "type": "Feature", "properties": { "Business_Name": "Law Office of Steven F. Pugliese", "Address": "819 59th St #1Floor, Brooklyn, NY 11220, United States", "Keyword": "华人地产", "Neighborhood": "Sunset Park, NY", "Level": 3.0 }, "geometry": { "type": "Point", "coordinates": [ -74.0083111, 40.6358954 ] } },
{ "type": "Feature", "properties": { "Business_Name": "House Key Realty Llc.", "Address": "6012 5th Ave, Brooklyn, NY 11220, United States", "Keyword": "华人地产", "Neighborhood": "Sunset Park, NY", "Level": 3.0 }, "geometry": { "type": "Point", "coordinates": [ -74.0164741, 40.6393907 ] } },
{ "type": "Feature", "properties": { "Business_Name": "Sunset Park RE", "Address": "5215 7th Ave, Brooklyn, NY 11220, United States", "Keyword": "华人地产", "Neighborhood": "Sunset Park, NY", "Level": 3.0 }, "geometry": { "type": "Point", "coordinates": [ -74.0073082, 40.6409055 ] } },
{ "type": "Feature", "properties": { "Business_Name": "Emma Hao Team 纽约首席华语地产经纪团队 (Douglas Elliman Real Estate)", "Address": "1934 Broadway, New York, NY 10023, United States", "Keyword": "华人地产", "Neighborhood": "Sunset Park, NY", "Level": 3.0 }, "geometry": { "type": "Point", "coordinates": [ -73.981851, 40.7727418 ] } },
{ "type": "Feature", "properties": { "Business_Name": "纽约地产 纽约房产 纽约地产经纪／纽约学区房 纽约二手房 纽约房地产／纽约房屋买卖 纽约法拍屋 纽约房产中介 纽约地产中介", "Address": "210 Targee St, Staten Island, NY 10304, United States", "Keyword": "华人地产", "Neighborhood": "Sunset Park, NY", "Level": 3.0 }, "geometry": { "type": "Point", "coordinates": [ -74.084288, 40.6219921 ] } },
{ "type": "Feature", "properties": { "Business_Name": "Parkview Terrace Realty", "Address": "5215 7th Ave, Brooklyn, NY 11220, United States", "Keyword": "华人地产", "Neighborhood": "Sunset Park, NY", "Level": 3.0 }, "geometry": { "type": "Point", "coordinates": [ -74.0072368, 40.6408666 ] } },
{ "type": "Feature", "properties": { "Business_Name": "Sunset Park", "Address": "7th Avenue &, 43rd St, Brooklyn, NY 11232, United States", "Keyword": "华人地产", "Neighborhood": "Sunset Park, NY", "Level": 3.0 }, "geometry": { "type": "Point", "coordinates": [ -74.0037443, 40.6479517 ] } },
{ "type": "Feature", "properties": { "Business_Name": "Huang & Associates, PC Chinese lawyer/Chinese speaking attorney/黄真律师/律师楼/律师事务所/布鲁克林律师楼/八大道律师/会英文国语粤语", "Address": "6402 8th Ave #405, Brooklyn, NY 11220, United States", "Keyword": "华人地产", "Neighborhood": "Sunset Park, NY", "Level": 3.0 }, "geometry": { "type": "Point", "coordinates": [ -74.0122981, 40.6332854 ] } },
{ "type": "Feature", "properties": { "Business_Name": "City View NY Real Estate Corp", "Address": "4019 8th Ave, Brooklyn, NY 11232, United States", "Keyword": "华人地产", "Neighborhood": "Sunset Park, NY", "Level": 3.0 }, "geometry": { "type": "Point", "coordinates": [ -73.9981689, 40.6462586 ] } },
{ "type": "Feature", "properties": { "Business_Name": "地产经纪人郭女士", "Address": "211 E 43rd St 24th floor, New York, NY 10017, United States", "Keyword": "华人地产", "Neighborhood": "Sunset Park, NY", "Level": 3.0 }, "geometry": { "type": "Point", "coordinates": [ -73.973158, 40.7512735 ] } },
{ "type": "Feature", "properties": { "Business_Name": "Fang Fang Realty Inc. 芳芳地產", "Address": "816 59th St #2FL, Brooklyn, NY 11220, United States", "Keyword": "房产中介", "Neighborhood": "Sunset Park, NY", "Level": 3.0 }, "geometry": { "type": "Point", "coordinates": [ -74.0086689, 40.6356256 ] } },
{ "type": "Feature", "properties": { "Business_Name": "RE/MAX Team 恒富地产", "Address": "6212 5th Ave, Brooklyn, NY 11220, United States", "Keyword": "房产中介", "Neighborhood": "Sunset Park, NY", "Level": 3.0 }, "geometry": { "type": "Point", "coordinates": [ -74.0178789, 40.638243 ] } },
{ "type": "Feature", "properties": { "Business_Name": "E House Realty & Management", "Address": "6005 7th Ave, Brooklyn, NY 11220, United States", "Keyword": "房产中介", "Neighborhood": "Sunset Park, NY", "Level": 3.0 }, "geometry": { "type": "Point", "coordinates": [ -74.0118474, 40.6365476 ] } },
{ "type": "Feature", "properties": { "Business_Name": "Parkview Terrace Realty", "Address": "5215 7th Ave, Brooklyn, NY 11220, United States", "Keyword": "房产中介", "Neighborhood": "Sunset Park, NY", "Level": 3.0 }, "geometry": { "type": "Point", "coordinates": [ -74.0072368, 40.6408666 ] } },
{ "type": "Feature", "properties": { "Business_Name": "Sunset Park RE", "Address": "5215 7th Ave, Brooklyn, NY 11220, United States", "Keyword": "房产中介", "Neighborhood": "Sunset Park, NY", "Level": 3.0 }, "geometry": { "type": "Point", "coordinates": [ -74.0073082, 40.6409055 ] } },
{ "type": "Feature", "properties": { "Business_Name": "House Key Realty Llc.", "Address": "6012 5th Ave, Brooklyn, NY 11220, United States", "Keyword": "房产中介", "Neighborhood": "Sunset Park, NY", "Level": 3.0 }, "geometry": { "type": "Point", "coordinates": [ -74.0164741, 40.6393907 ] } },
{ "type": "Feature", "properties": { "Business_Name": "Bayshine Real Estate Corp.", "Address": "748 60th St, Brooklyn, NY 11220, United States", "Keyword": "房产中介", "Neighborhood": "Sunset Park, NY", "Level": 3.0 }, "geometry": { "type": "Point", "coordinates": [ -74.0106585, 40.6359962 ] } },
{ "type": "Feature", "properties": { "Business_Name": "Coldwell Banker Reliable Real Estate", "Address": "7428 5th Ave, Brooklyn, NY 11209, United States", "Keyword": "房产中介", "Neighborhood": "Sunset Park, NY", "Level": 3.0 }, "geometry": { "type": "Point", "coordinates": [ -74.0228099, 40.6298106 ] } },
{ "type": "Feature", "properties": { "Business_Name": "Destination Real Estate", "Address": "700 5th Ave, Brooklyn, NY 11215, United States", "Keyword": "房产中介", "Neighborhood": "Sunset Park, NY", "Level": 3.0 }, "geometry": { "type": "Point", "coordinates": [ -73.9939381, 40.6611542 ] } },
{ "type": "Feature", "properties": { "Business_Name": "City View NY Real Estate Corp", "Address": "4019 8th Ave, Brooklyn, NY 11232, United States", "Keyword": "房产中介", "Neighborhood": "Sunset Park, NY", "Level": 3.0 }, "geometry": { "type": "Point", "coordinates": [ -73.9981689, 40.6462586 ] } },
{ "type": "Feature", "properties": { "Business_Name": "Dorsa Group Realty", "Address": "155 Bay Ridge Ave Suite 5, Brooklyn, NY 11220, United States", "Keyword": "房产中介", "Neighborhood": "Sunset Park, NY", "Level": 3.0 }, "geometry": { "type": "Point", "coordinates": [ -74.0301951, 40.6371299 ] } },
{ "type": "Feature", "properties": { "Business_Name": "Huang & Associates, PC Chinese lawyer/Chinese speaking attorney/黄真律师/律师楼/律师事务所/布鲁克林律师楼/八大道律师/会英文国语粤语", "Address": "6402 8th Ave #405, Brooklyn, NY 11220, United States", "Keyword": "房产中介", "Neighborhood": "Sunset Park, NY", "Level": 3.0 }, "geometry": { "type": "Point", "coordinates": [ -74.0122981, 40.6332854 ] } },
{ "type": "Feature", "properties": { "Business_Name": "Hometown Properties Real Estate", "Address": "8114 3rd Ave, Brooklyn, NY 11209, United States", "Keyword": "房产中介", "Neighborhood": "Sunset Park, NY", "Level": 3.0 }, "geometry": { "type": "Point", "coordinates": [ -74.0299702, 40.6267122 ] } },
{ "type": "Feature", "properties": { "Business_Name": "Rahme Team at Compass", "Address": "375 Schermerhorn St, Brooklyn, NY 11217, United States", "Keyword": "房产中介", "Neighborhood": "Sunset Park, NY", "Level": 3.0 }, "geometry": { "type": "Point", "coordinates": [ -73.9798843, 40.6868705 ] } },
{ "type": "Feature", "properties": { "Business_Name": "Peace of Mind Realty", "Address": "643 Decatur St, Brooklyn, NY 11233, United States", "Keyword": "房产中介", "Neighborhood": "Sunset Park, NY", "Level": 3.0 }, "geometry": { "type": "Point", "coordinates": [ -73.917558, 40.6834564 ] } },
{ "type": "Feature", "properties": { "Business_Name": "Bay Sun Realty Inc", "Address": "1407 W 8th St, Brooklyn, NY 11204, United States", "Keyword": "房产中介", "Neighborhood": "Sunset Park, NY", "Level": 3.0 }, "geometry": { "type": "Point", "coordinates": [ -73.9823735, 40.612536899999988 ] } },
{ "type": "Feature", "properties": { "Business_Name": "Superior Realty Co", "Address": "1344 43rd St, Brooklyn, NY 11219, United States", "Keyword": "房产中介", "Neighborhood": "Sunset Park, NY", "Level": 3.0 }, "geometry": { "type": "Point", "coordinates": [ -73.9872573, 40.6374028 ] } },
{ "type": "Feature", "properties": { "Business_Name": "Yossi Stern Construction & Real Estate Management", "Address": "1486 Union St, Brooklyn, NY 11213, United States", "Keyword": "房产中介", "Neighborhood": "Sunset Park, NY", "Level": 3.0 }, "geometry": { "type": "Point", "coordinates": [ -73.9405051, 40.6682072 ] } },
{ "type": "Feature", "properties": { "Business_Name": "Brooklyn Real Estate News", "Address": "295 Broadway, Brooklyn, NY 11236, United States", "Keyword": "房产中介", "Neighborhood": "Sunset Park, NY", "Level": 3.0 }, "geometry": { "type": "Point", "coordinates": [ -73.9580209, 40.7086241 ] } },
{ "type": "Feature", "properties": { "Business_Name": "Fang Fang Realty Inc. 芳芳地產", "Address": "816 59th St #2FL, Brooklyn, NY 11220, United States", "Keyword": "房地产公司", "Neighborhood": "Sunset Park, NY", "Level": 3.0 }, "geometry": { "type": "Point", "coordinates": [ -74.0086689, 40.6356256 ] } },
{ "type": "Feature", "properties": { "Business_Name": "Old Brooklyn Real Estate Inc", "Address": "266 47th St, Brooklyn, NY 11220, United States", "Keyword": "房地产公司", "Neighborhood": "Sunset Park, NY", "Level": 3.0 }, "geometry": { "type": "Point", "coordinates": [ -74.0137164, 40.649626 ] } },
{ "type": "Feature", "properties": { "Business_Name": "RE/MAX Team 恒富地产", "Address": "6212 5th Ave, Brooklyn, NY 11220, United States", "Keyword": "房地产公司", "Neighborhood": "Sunset Park, NY", "Level": 3.0 }, "geometry": { "type": "Point", "coordinates": [ -74.0178789, 40.638243 ] } },
{ "type": "Feature", "properties": { "Business_Name": "E House Realty & Management", "Address": "6005 7th Ave, Brooklyn, NY 11220, United States", "Keyword": "房地产公司", "Neighborhood": "Sunset Park, NY", "Level": 3.0 }, "geometry": { "type": "Point", "coordinates": [ -74.0118474, 40.6365476 ] } },
{ "type": "Feature", "properties": { "Business_Name": "Parkview Terrace Realty", "Address": "5215 7th Ave, Brooklyn, NY 11220, United States", "Keyword": "房地产公司", "Neighborhood": "Sunset Park, NY", "Level": 3.0 }, "geometry": { "type": "Point", "coordinates": [ -74.0072368, 40.6408666 ] } },
{ "type": "Feature", "properties": { "Business_Name": "Sunset Park RE", "Address": "5215 7th Ave, Brooklyn, NY 11220, United States", "Keyword": "房地产公司", "Neighborhood": "Sunset Park, NY", "Level": 3.0 }, "geometry": { "type": "Point", "coordinates": [ -74.0073082, 40.6409055 ] } },
{ "type": "Feature", "properties": { "Business_Name": "D'Finest Realty", "Address": "Brooklyn, NY 11232, United States", "Keyword": "房地产公司", "Neighborhood": "Sunset Park, NY", "Level": 3.0 }, "geometry": { "type": "Point", "coordinates": [ -74.0063335, 40.652214699999988 ] } },
{ "type": "Feature", "properties": { "Business_Name": "House Key Realty Llc.", "Address": "6012 5th Ave, Brooklyn, NY 11220, United States", "Keyword": "房地产公司", "Neighborhood": "Sunset Park, NY", "Level": 3.0 }, "geometry": { "type": "Point", "coordinates": [ -74.0164741, 40.6393907 ] } },
{ "type": "Feature", "properties": { "Business_Name": "Ritz Realty", "Address": "677 56th St, Brooklyn, NY 11220, United States", "Keyword": "房地产公司", "Neighborhood": "Sunset Park, NY", "Level": 3.0 }, "geometry": { "type": "Point", "coordinates": [ -74.0095875, 40.6393213 ] } },
{ "type": "Feature", "properties": { "Business_Name": "City View NY Real Estate Corp", "Address": "4019 8th Ave, Brooklyn, NY 11232, United States", "Keyword": "房地产公司", "Neighborhood": "Sunset Park, NY", "Level": 3.0 }, "geometry": { "type": "Point", "coordinates": [ -73.9981689, 40.6462586 ] } },
{ "type": "Feature", "properties": { "Business_Name": "LIX REAL ESTATE", "Address": "159 20th St #1b, Brooklyn, NY 11232, United States", "Keyword": "房地产公司", "Neighborhood": "Sunset Park, NY", "Level": 3.0 }, "geometry": { "type": "Point", "coordinates": [ -73.9955795, 40.6637757 ] } },
{ "type": "Feature", "properties": { "Business_Name": "Avadi Realty", "Address": "675 6th Ave, Brooklyn, NY 11215, United States", "Keyword": "房地产公司", "Neighborhood": "Sunset Park, NY", "Level": 3.0 }, "geometry": { "type": "Point", "coordinates": [ -73.9900208, 40.6609975 ] } },
{ "type": "Feature", "properties": { "Business_Name": "H.L. Dynasty Real Estate Corp.", "Address": "758 4th Ave, Brooklyn, NY 11232, United States", "Keyword": "房地产公司", "Neighborhood": "Sunset Park, NY", "Level": 3.0 }, "geometry": { "type": "Point", "coordinates": [ -73.9981365, 40.660695 ] } },
{ "type": "Feature", "properties": { "Business_Name": "E-House Realty & Management Inc.", "Address": "Brooklyn, NY 11219, United States", "Keyword": "房地产公司", "Neighborhood": "Sunset Park, NY", "Level": 3.0 }, "geometry": { "type": "Point", "coordinates": [ -74.0063481, 40.6280446 ] } },
{ "type": "Feature", "properties": { "Business_Name": "Superior Realty Co", "Address": "1344 43rd St, Brooklyn, NY 11219, United States", "Keyword": "房地产公司", "Neighborhood": "Sunset Park, NY", "Level": 3.0 }, "geometry": { "type": "Point", "coordinates": [ -73.9872573, 40.6374028 ] } },
{ "type": "Feature", "properties": { "Business_Name": "LCCW Realty Inc", "Address": "5602 8th Ave, Brooklyn, NY 11220, United States", "Keyword": "房地产公司", "Neighborhood": "Sunset Park, NY", "Level": 3.0 }, "geometry": { "type": "Point", "coordinates": [ -74.0074271, 40.6377563 ] } },
{ "type": "Feature", "properties": { "Business_Name": "Go EZ Realty", "Address": "4905 4th Ave Suite #1, Brooklyn, NY 11220, United States", "Keyword": "房地产公司", "Neighborhood": "Sunset Park, NY", "Level": 3.0 }, "geometry": { "type": "Point", "coordinates": [ -74.0119637, 40.6467629 ] } },
{ "type": "Feature", "properties": { "Business_Name": "Capital Home Realty", "Address": "829 57th St # 3f, Brooklyn, NY 11220, United States", "Keyword": "房地产公司", "Neighborhood": "Sunset Park, NY", "Level": 3.0 }, "geometry": { "type": "Point", "coordinates": [ -74.0068799, 40.6368412 ] } },
{ "type": "Feature", "properties": { "Business_Name": "Citynest Group - Real Estate", "Address": "506 5th Ave 2nd floor, Brooklyn, NY 11215, United States", "Keyword": "房地产公司", "Neighborhood": "Sunset Park, NY", "Level": 3.0 }, "geometry": { "type": "Point", "coordinates": [ -73.988269, 40.667212 ] } },
{ "type": "Feature", "properties": { "Business_Name": "纽约 布鲁克林", "Address": "975 40th St, Brooklyn, NY 11219, United States", "Keyword": "房地产公司", "Neighborhood": "Sunset Park, NY", "Level": 3.0 }, "geometry": { "type": "Point", "coordinates": [ -73.9936554, 40.6443272 ] } },
{ "type": "Feature", "properties": { "Business_Name": "成龙补习班/布禄崙中文学校", "Address": "829 60th St, Brooklyn, NY 11220, United States", "Keyword": "中文学校", "Neighborhood": "Sunset Park, NY", "Level": 3.0 }, "geometry": { "type": "Point", "coordinates": [ -74.0086953, 40.635149899999988 ] } },
{ "type": "Feature", "properties": { "Business_Name": "Ming Yuan Chinese School", "Address": "526 59th St, Brooklyn, NY 11220, United States", "Keyword": "中文学校", "Neighborhood": "Sunset Park, NY", "Level": 3.0 }, "geometry": { "type": "Point", "coordinates": [ -74.0146219, 40.6386905 ] } },
{ "type": "Feature", "properties": { "Business_Name": "Ming Yuan Chinese School", "Address": "526 59th St, Brooklyn, NY 11220, United States", "Keyword": "华人学校", "Neighborhood": "Sunset Park, NY", "Level": 3.0 }, "geometry": { "type": "Point", "coordinates": [ -74.0146219, 40.6386905 ] } },
{ "type": "Feature", "properties": { "Business_Name": "成龙补习班/布禄崙中文学校", "Address": "829 60th St, Brooklyn, NY 11220, United States", "Keyword": "华人学校", "Neighborhood": "Sunset Park, NY", "Level": 3.0 }, "geometry": { "type": "Point", "coordinates": [ -74.0086953, 40.635149899999988 ] } },
{ "type": "Feature", "properties": { "Business_Name": "Brooklyn Chinese-American Association Office", "Address": "4204 8th Ave, Brooklyn, NY 11232, United States", "Keyword": "华人学校", "Neighborhood": "Sunset Park, NY", "Level": 3.0 }, "geometry": { "type": "Point", "coordinates": [ -73.999298, 40.6455564 ] } },
{ "type": "Feature", "properties": { "Business_Name": "Brooklyn Chinese America Association", "Address": "5002 8th Ave, Brooklyn, NY 11220, United States", "Keyword": "华人学校", "Neighborhood": "Sunset Park, NY", "Level": 3.0 }, "geometry": { "type": "Point", "coordinates": [ -74.0039994, 40.6411656 ] } },
{ "type": "Feature", "properties": { "Business_Name": "New York Chinese School", "Address": "62 Mott St 3rd floor, New York, NY 10013, United States", "Keyword": "华人学校", "Neighborhood": "Sunset Park, NY", "Level": 3.0 }, "geometry": { "type": "Point", "coordinates": [ -73.998024, 40.7159896 ] } },
{ "type": "Feature", "properties": { "Business_Name": "Brooklyn Chinese - American Association Early Childhood Education Center", "Address": "871 50th St, Brooklyn, NY 11219, United States", "Keyword": "华人学校", "Neighborhood": "Sunset Park, NY", "Level": 3.0 }, "geometry": { "type": "Point", "coordinates": [ -74.0017808, 40.6401115 ] } },
{ "type": "Feature", "properties": { "Business_Name": "Modern Chinese School", "Address": "14480 Barclay Ave, Flushing, NY 11355, United States", "Keyword": "华人学校", "Neighborhood": "Sunset Park, NY", "Level": 3.0 }, "geometry": { "type": "Point", "coordinates": [ -73.8182716, 40.7603203 ] } },
{ "type": "Feature", "properties": { "Business_Name": "Modern Chinese School (Office)", "Address": "13639 41st Ave #1A, Flushing, NY 11355, United States", "Keyword": "华人学校", "Neighborhood": "Sunset Park, NY", "Level": 3.0 }, "geometry": { "type": "Point", "coordinates": [ -73.8282211, 40.7589604 ] } },
{ "type": "Feature", "properties": { "Business_Name": "Sunset School of Cultural Learning", "Address": "270 59th St, Brooklyn, NY 11220, United States", "Keyword": "华人学校", "Neighborhood": "Sunset Park, NY", "Level": 3.0 }, "geometry": { "type": "Point", "coordinates": [ -74.0206787, 40.6428962 ] } },
{ "type": "Feature", "properties": { "Business_Name": "林師傅駕校", "Address": "5404 8th Ave, Brooklyn, NY 11220, United States", "Keyword": "华人学校", "Neighborhood": "Sunset Park, NY", "Level": 3.0 }, "geometry": { "type": "Point", "coordinates": [ -74.006313300000016, 40.6388264 ] } },
{ "type": "Feature", "properties": { "Business_Name": "成龙补习班/布禄崙中文学校", "Address": "829 60th St, Brooklyn, NY 11220, United States", "Keyword": "补习班", "Neighborhood": "Sunset Park, NY", "Level": 3.0 }, "geometry": { "type": "Point", "coordinates": [ -74.0086953, 40.635149899999988 ] } },
{ "type": "Feature", "properties": { "Business_Name": "Angel Advantage Center [8th Ave Branch]", "Address": "825 57th St Suite 101, Brooklyn, NY 11220, United States", "Keyword": "补习班", "Neighborhood": "Sunset Park, NY", "Level": 3.0 }, "geometry": { "type": "Point", "coordinates": [ -74.0069213, 40.6368854 ] } },
{ "type": "Feature", "properties": { "Business_Name": "Emath", "Address": "829 60th St, Brooklyn, NY 11220, United States", "Keyword": "补习班", "Neighborhood": "Sunset Park, NY", "Level": 3.0 }, "geometry": { "type": "Point", "coordinates": [ -74.0085977, 40.6352694 ] } },
{ "type": "Feature", "properties": { "Business_Name": "Sunset Park", "Address": "7th Avenue &, 43rd St, Brooklyn, NY 11232, United States", "Keyword": "华人媒体", "Neighborhood": "Sunset Park, NY", "Level": 3.0 }, "geometry": { "type": "Point", "coordinates": [ -74.0037443, 40.6479517 ] } },
{ "type": "Feature", "properties": { "Business_Name": "Brooklyn Chinese-American Association Office", "Address": "4204 8th Ave, Brooklyn, NY 11232, United States", "Keyword": "华人媒体", "Neighborhood": "Sunset Park, NY", "Level": 3.0 }, "geometry": { "type": "Point", "coordinates": [ -73.999298, 40.6455564 ] } },
{ "type": "Feature", "properties": { "Business_Name": "Sing Tao Newspaper NY Ltd", "Address": "5510 8th Ave #202, Brooklyn, NY 11220, United States", "Keyword": "中文报纸", "Neighborhood": "Sunset Park, NY", "Level": 3.0 }, "geometry": { "type": "Point", "coordinates": [ -74.0069715, 40.6381891 ] } },
{ "type": "Feature", "properties": { "Business_Name": "Brooklyn Chinese America Association", "Address": "5002 8th Ave, Brooklyn, NY 11220, United States", "Keyword": "华人日报", "Neighborhood": "Sunset Park, NY", "Level": 3.0 }, "geometry": { "type": "Point", "coordinates": [ -74.0039994, 40.6411656 ] } },
{ "type": "Feature", "properties": { "Business_Name": "Sunset Park", "Address": "7th Avenue &, 43rd St, Brooklyn, NY 11232, United States", "Keyword": "华人日报", "Neighborhood": "Sunset Park, NY", "Level": 3.0 }, "geometry": { "type": "Point", "coordinates": [ -74.0037443, 40.6479517 ] } },
{ "type": "Feature", "properties": { "Business_Name": "Kuan Sing Food Market Inc.", "Address": "5712 8th Ave, Brooklyn, NY 11220, United States", "Keyword": "华人日报", "Neighborhood": "Sunset Park, NY", "Level": 3.0 }, "geometry": { "type": "Point", "coordinates": [ -74.0081825, 40.6370251 ] } },
{ "type": "Feature", "properties": { "Business_Name": "Chinese-American Planning Council - Brooklyn Community Service", "Address": "4101 8th Ave, Brooklyn, NY 11232, United States", "Keyword": "华人日报", "Neighborhood": "Sunset Park, NY", "Level": 3.0 }, "geometry": { "type": "Point", "coordinates": [ -73.9982646, 40.645924 ] } },
{ "type": "Feature", "properties": { "Business_Name": "Hainan Chicken House | 海南鸡记", "Address": "4807 8th Ave, Brooklyn, NY 11220, United States", "Keyword": "华人日报", "Neighborhood": "Sunset Park, NY", "Level": 3.0 }, "geometry": { "type": "Point", "coordinates": [ -74.0026598, 40.6419485 ] } },
{ "type": "Feature", "properties": { "Business_Name": "Brooklyn Chinese American Association", "Address": "812 54th St #1, Brooklyn, NY 11220, United States", "Keyword": "华人日报", "Neighborhood": "Sunset Park, NY", "Level": 3.0 }, "geometry": { "type": "Point", "coordinates": [ -74.0057369, 40.638565 ] } },
{ "type": "Feature", "properties": { "Business_Name": "Tzu Chi USA Brooklyn Service Center", "Address": "513 57th St, Brooklyn, NY 11220, United States", "Keyword": "华人日报", "Neighborhood": "Sunset Park, NY", "Level": 3.0 }, "geometry": { "type": "Point", "coordinates": [ -74.0138904, 40.641017100000013 ] } },
{ "type": "Feature", "properties": { "Business_Name": "Brooklyn Chinese-American Association Office", "Address": "4204 8th Ave, Brooklyn, NY 11232, United States", "Keyword": "华人日报", "Neighborhood": "Sunset Park, NY", "Level": 3.0 }, "geometry": { "type": "Point", "coordinates": [ -73.999298, 40.6455564 ] } },
{ "type": "Feature", "properties": { "Business_Name": "Brooklyn Chinese American Association", "Address": "7207 8th Ave, Brooklyn, NY 11228, United States", "Keyword": "华人日报", "Neighborhood": "Sunset Park, NY", "Level": 3.0 }, "geometry": { "type": "Point", "coordinates": [ -74.0167176, 40.6284109 ] } },
{ "type": "Feature", "properties": { "Business_Name": "Sunset Park BID", "Address": "5116 5th Ave #3, Brooklyn, NY 11220, United States", "Keyword": "华人日报", "Neighborhood": "Sunset Park, NY", "Level": 3.0 }, "geometry": { "type": "Point", "coordinates": [ -74.0113338, 40.6443252 ] } },
{ "type": "Feature", "properties": { "Business_Name": "Chinese American Sunshine House, Inc.", "Address": "837 58th St #3, Brooklyn, NY 11220, United States", "Keyword": "华人日报", "Neighborhood": "Sunset Park, NY", "Level": 3.0 }, "geometry": { "type": "Point", "coordinates": [ -74.0073118, 40.6361686 ] } },
{ "type": "Feature", "properties": { "Business_Name": "You Jia Food INC. Grocery", "Address": "4702 7th Ave, Brooklyn, NY 11220, United States", "Keyword": "华人日报", "Neighborhood": "Sunset Park, NY", "Level": 3.0 }, "geometry": { "type": "Point", "coordinates": [ -74.0045392, 40.6441724 ] } },
{ "type": "Feature", "properties": { "Business_Name": "Brooklyn Chinese-American Association Eighth Avenue Senior Citizens Center", "Address": "5007 7th Ave, Brooklyn, NY 11220, United States", "Keyword": "华人日报", "Neighborhood": "Sunset Park, NY", "Level": 3.0 }, "geometry": { "type": "Point", "coordinates": [ -74.0060044, 40.642186300000013 ] } },
{ "type": "Feature", "properties": { "Business_Name": "New York City Brooklyn Sign Language Congregation", "Address": "517 46th St, Brooklyn, NY 11220, United States", "Keyword": "华人日报", "Neighborhood": "Sunset Park, NY", "Level": 3.0 }, "geometry": { "type": "Point", "coordinates": [ -74.007446, 40.6471497 ] } },
{ "type": "Feature", "properties": { "Business_Name": "Sing Tao Newspaper NY Ltd", "Address": "5510 8th Ave #202, Brooklyn, NY 11220, United States", "Keyword": "华人日报", "Neighborhood": "Sunset Park, NY", "Level": 3.0 }, "geometry": { "type": "Point", "coordinates": [ -74.0069715, 40.6381891 ] } },
{ "type": "Feature", "properties": { "Business_Name": "Sunset Park", "Address": "7th Avenue &, 43rd St, Brooklyn, NY 11232, United States", "Keyword": "星岛日报", "Neighborhood": "Sunset Park, NY", "Level": 3.0 }, "geometry": { "type": "Point", "coordinates": [ -74.0037443, 40.6479517 ] } }
]
}
