{
"type": "FeatureCollection",
"name": "nta_chinese_percent",
"crs": { "type": "name", "properties": { "name": "urn:ogc:def:crs:EPSG::4269" } },
"features": [
{ "type": "Feature", "properties": { "NTAName": "Flushing-Willets Point", "total_pop": 103667.0, "chinese_pop": 58843.0, "chinese_pct": 56.761553821370349 }, "geometry": { "type": "Polygon", "coordinates": [ [ [ -73.825285, 40.781697 ], [ -73.825697, 40.781691 ], [ -73.826785, 40.781668 ], [ -73.837776, 40.781652 ], [ -73.838699, 40.781677 ], [ -73.839604, 40.781693 ], [ -73.839764, 40.778615 ], [ -73.843387, 40.778609 ], [ -73.843554, 40.775615 ], [ -73.844602, 40.773057 ], [ -73.848798, 40.773209 ], [ -73.849946, 40.772057 ], [ -73.852642, 40.77208 ], [ -73.853702, 40.76948 ], [ -73.854982, 40.767448 ], [ -73.860433, 40.763869 ], [ -73.860937, 40.763729 ], [ -73.859756, 40.761836 ], [ -73.85604, 40.759726 ], [ -73.85464, 40.758466 ], [ -73.853654, 40.756835 ], [ -73.853126, 40.755109 ], [ -73.852617, 40.753405 ], [ -73.852205, 40.752661 ], [ -73.850864, 40.749996 ], [ -73.854421, 40.748805 ], [ -73.85326, 40.746834 ], [ -73.852918, 40.746171 ], [ -73.852241, 40.744841 ], [ -73.850525, 40.741514 ], [ -73.850116, 40.740724 ], [ -73.847841, 40.739927 ], [ -73.847757, 40.739299 ], [ -73.847558, 40.739064 ], [ -73.847325, 40.738771 ], [ -73.847214, 40.738644 ], [ -73.844957, 40.733987 ], [ -73.844347, 40.732979 ], [ -73.843505, 40.731814 ], [ -73.842814, 40.731153 ], [ -73.841468, 40.729998 ], [ -73.840327, 40.728807 ], [ -73.839445, 40.727537 ], [ -73.838362, 40.725562 ], [ -73.836524, 40.722371 ], [ -73.836038, 40.72177 ], [ -73.835963, 40.721677 ], [ -73.834959, 40.719412 ], [ -73.833481, 40.718333 ], [ -73.829796, 40.715566 ], [ -73.831385, 40.714529 ], [ -73.830982, 40.71431 ], [ -73.826976, 40.715391 ], [ -73.825705, 40.716063 ], [ -73.821428, 40.716787 ], [ -73.820323, 40.71666 ], [ -73.819305, 40.717136 ], [ -73.821705, 40.71736 ], [ -73.823726, 40.717481 ], [ -73.824881, 40.717365 ], [ -73.825859, 40.720463 ], [ -73.827129, 40.724304 ], [ -73.827555, 40.724961 ], [ -73.830255, 40.726143 ], [ -73.831468, 40.727664 ], [ -73.8317, 40.728034 ], [ -73.833071, 40.729919 ], [ -73.833863, 40.730553 ], [ -73.836081, 40.734334 ], [ -73.836044, 40.739173 ], [ -73.836628, 40.739252 ], [ -73.837089, 40.741748 ], [ -73.835861, 40.743228 ], [ -73.835925, 40.743501 ], [ -73.830311, 40.742972 ], [ -73.826663, 40.742576 ], [ -73.825383, 40.742295 ], [ -73.81951, 40.74036 ], [ -73.815922, 40.739184 ], [ -73.815057, 40.738987 ], [ -73.814995, 40.740787 ], [ -73.814811, 40.741367 ], [ -73.814309, 40.742974 ], [ -73.813758, 40.745746 ], [ -73.814162, 40.746139 ], [ -73.815373, 40.747218 ], [ -73.81782, 40.747385 ], [ -73.81962, 40.748042 ], [ -73.821319, 40.748758 ], [ -73.822396, 40.749864 ], [ -73.823213, 40.750708 ], [ -73.824233, 40.751855 ], [ -73.821925, 40.753167 ], [ -73.820849, 40.752242 ], [ -73.819092, 40.753385 ], [ -73.818408, 40.75383 ], [ -73.817721, 40.754276 ], [ -73.815339, 40.755432 ], [ -73.816215, 40.75747 ], [ -73.81653, 40.758144 ], [ -73.817288, 40.759776 ], [ -73.818078, 40.761473 ], [ -73.818293, 40.761936 ], [ -73.819099, 40.763696 ], [ -73.819435, 40.765138 ], [ -73.817325, 40.765354 ], [ -73.817388, 40.766572 ], [ -73.817368, 40.767672 ], [ -73.817317, 40.770289 ], [ -73.817293, 40.771478 ], [ -73.813227, 40.771573 ], [ -73.813171, 40.772765 ], [ -73.815488, 40.772948 ], [ -73.815053, 40.775066 ], [ -73.814943, 40.775862 ], [ -73.814859, 40.776486 ], [ -73.81453, 40.778888 ], [ -73.81931, 40.77926 ], [ -73.823313, 40.779579 ], [ -73.822918, 40.780536 ], [ -73.822241, 40.781694 ], [ -73.824998, 40.7817 ], [ -73.825285, 40.781697 ] ] ] } },
{ "type": "Feature", "properties": { "NTAName": "Kissena Park", "total_pop": 20227.0, "chinese_pop": 10589.0, "chinese_pct": 52.350818213279283 }, "geometry": { "type": "Polygon", "coordinates": [ [ [ -73.815057, 40.738987 ], [ -73.813222, 40.73876 ], [ -73.809414, 40.738603 ], [ -73.806323, 40.738491 ], [ -73.804667, 40.738445 ], [ -73.797408, 40.738261 ], [ -73.796302, 40.738333 ], [ -73.792916, 40.739217 ], [ -73.786713, 40.740911 ], [ -73.786817, 40.741125 ], [ -73.785899, 40.741379 ], [ -73.787183, 40.744073 ], [ -73.788411, 40.744454 ], [ -73.789005, 40.745749 ], [ -73.786354, 40.746537 ], [ -73.787003, 40.747908 ], [ -73.787844, 40.749691 ], [ -73.788671, 40.75139 ], [ -73.792168, 40.750475 ], [ -73.794719, 40.750648 ], [ -73.797295, 40.749435 ], [ -73.798773, 40.750055 ], [ -73.801574, 40.750367 ], [ -73.803018, 40.750533 ], [ -73.803779, 40.751534 ], [ -73.804066, 40.75215 ], [ -73.804445, 40.75373 ], [ -73.804886, 40.753765 ], [ -73.805819, 40.753838 ], [ -73.807685, 40.753987 ], [ -73.807975, 40.751858 ], [ -73.808909, 40.751933 ], [ -73.809135, 40.750269 ], [ -73.811514, 40.750455 ], [ -73.811924, 40.751288 ], [ -73.813334, 40.750372 ], [ -73.81402, 40.749926 ], [ -73.816543, 40.74826 ], [ -73.815373, 40.747218 ], [ -73.81782, 40.747385 ], [ -73.81962, 40.748042 ], [ -73.821319, 40.748758 ], [ -73.822396, 40.749864 ], [ -73.823213, 40.750708 ], [ -73.824233, 40.751855 ], [ -73.825697, 40.750998 ], [ -73.825844, 40.749348 ], [ -73.825986, 40.748311 ], [ -73.823256, 40.747528 ], [ -73.82334, 40.746652 ], [ -73.823843, 40.745097 ], [ -73.824262, 40.744421 ], [ -73.825383, 40.742295 ], [ -73.81951, 40.74036 ], [ -73.815922, 40.739184 ], [ -73.815057, 40.738987 ] ] ] } },
{ "type": "Feature", "properties": { "NTAName": "Sunset Park (East)-Borough Park (West)", "total_pop": 43882.0, "chinese_pop": 22433.0, "chinese_pct": 51.121188642267903 }, "geometry": { "type": "Polygon", "coordinates": [ [ [ -73.99551, 40.63981 ], [ -73.994795, 40.640288 ], [ -73.994331, 40.6406 ], [ -73.994077, 40.64077 ], [ -73.992644, 40.641728 ], [ -73.991929, 40.642205 ], [ -73.991213, 40.642686 ], [ -73.990497, 40.643164 ], [ -73.989059, 40.644119 ], [ -73.98835, 40.644562 ], [ -73.985284, 40.645768 ], [ -73.983073, 40.646625 ], [ -73.981805, 40.647128 ], [ -73.980291, 40.647297 ], [ -73.980364, 40.647694 ], [ -73.980712, 40.649524 ], [ -73.98111, 40.651592 ], [ -73.981453, 40.653416 ], [ -73.981796, 40.655246 ], [ -73.986228, 40.657921 ], [ -73.988428, 40.65925 ], [ -73.990188, 40.657601 ], [ -73.992383, 40.658899 ], [ -73.992964, 40.658337 ], [ -73.995169, 40.659669 ], [ -73.998671, 40.656307 ], [ -74.000413, 40.654629 ], [ -74.002144, 40.652956 ], [ -73.997818, 40.650282 ], [ -73.998276, 40.649734 ], [ -73.998704, 40.649169 ], [ -73.999516, 40.648611 ], [ -74.000662, 40.647487 ], [ -74.001248, 40.646926 ], [ -74.002415, 40.645809 ], [ -74.002999, 40.645245 ], [ -74.003581, 40.644689 ], [ -74.004747, 40.643567 ], [ -74.00533, 40.643006 ], [ -74.005913, 40.642445 ], [ -74.007079, 40.641325 ], [ -74.008242, 40.640205 ], [ -74.009409, 40.639085 ], [ -74.010572, 40.637965 ], [ -74.011154, 40.637404 ], [ -74.01176, 40.636823 ], [ -74.009557, 40.635493 ], [ -74.007356, 40.634164 ], [ -74.005564, 40.633084 ], [ -74.004107, 40.63406 ], [ -74.001957, 40.635497 ], [ -73.999807, 40.636936 ], [ -73.999091, 40.637415 ], [ -73.998374, 40.637893 ], [ -73.996942, 40.638853 ], [ -73.996227, 40.639331 ], [ -73.99551, 40.63981 ] ] ] } },
{ "type": "Feature", "properties": { "NTAName": "East Flushing", "total_pop": 76117.0, "chinese_pop": 36162.0, "chinese_pct": 47.508440952743804 }, "geometry": { "type": "Polygon", "coordinates": [ [ [ -73.822072, 40.761625 ], [ -73.821767, 40.76098 ], [ -73.821558, 40.760534 ], [ -73.821164, 40.759686 ], [ -73.820758, 40.758842 ], [ -73.820636, 40.758872 ], [ -73.820045, 40.758483 ], [ -73.819233, 40.757947 ], [ -73.823979, 40.754868 ], [ -73.824718, 40.755488 ], [ -73.827144, 40.75451 ], [ -73.826082, 40.753529 ], [ -73.825508, 40.753 ], [ -73.826887, 40.75249 ], [ -73.826362, 40.751859 ], [ -73.825697, 40.750998 ], [ -73.825844, 40.749348 ], [ -73.825986, 40.748311 ], [ -73.823256, 40.747528 ], [ -73.82334, 40.746652 ], [ -73.823843, 40.745097 ], [ -73.824262, 40.744421 ], [ -73.825383, 40.742295 ], [ -73.81951, 40.74036 ], [ -73.815922, 40.739184 ], [ -73.815057, 40.738987 ], [ -73.814995, 40.740787 ], [ -73.814811, 40.741367 ], [ -73.814309, 40.742974 ], [ -73.808238, 40.742011 ], [ -73.807298, 40.741994 ], [ -73.805413, 40.742105 ], [ -73.799384, 40.742221 ], [ -73.796951, 40.741933 ], [ -73.797268, 40.740564 ], [ -73.797224, 40.740098 ], [ -73.797177, 40.739987 ], [ -73.796408, 40.738593 ], [ -73.796302, 40.738333 ], [ -73.792916, 40.739217 ], [ -73.786713, 40.740911 ], [ -73.786817, 40.741125 ], [ -73.785899, 40.741379 ], [ -73.787183, 40.744073 ], [ -73.788411, 40.744454 ], [ -73.789005, 40.745749 ], [ -73.786354, 40.746537 ], [ -73.787003, 40.747908 ], [ -73.787844, 40.749691 ], [ -73.788671, 40.75139 ], [ -73.788887, 40.752034 ], [ -73.789002, 40.753609 ], [ -73.789218, 40.755716 ], [ -73.789428, 40.757848 ], [ -73.790315, 40.757823 ], [ -73.79076, 40.760986 ], [ -73.79344, 40.760764 ], [ -73.793345, 40.762295 ], [ -73.793225, 40.763142 ], [ -73.793025, 40.764621 ], [ -73.793959, 40.764695 ], [ -73.799559, 40.765138 ], [ -73.801428, 40.765286 ], [ -73.803295, 40.765433 ], [ -73.804227, 40.765507 ], [ -73.805161, 40.765581 ], [ -73.807029, 40.765728 ], [ -73.810817, 40.766027 ], [ -73.810993, 40.764705 ], [ -73.811227, 40.763041 ], [ -73.812764, 40.764125 ], [ -73.816387, 40.76316 ], [ -73.817325, 40.765354 ], [ -73.819435, 40.765138 ], [ -73.819099, 40.763696 ], [ -73.820434, 40.763338 ], [ -73.822601, 40.76276 ], [ -73.822072, 40.761625 ] ] ] } },
{ "type": "Feature", "properties": { "NTAName": "Queensboro Hill", "total_pop": 60000.0, "chinese_pop": 27650.0, "chinese_pct": 46.083333333333329 }, "geometry": { "type": "Polygon", "coordinates": [ [ [ -73.807506, 40.750137 ], [ -73.809135, 40.750269 ], [ -73.811514, 40.750455 ], [ -73.811924, 40.751288 ], [ -73.813334, 40.750372 ], [ -73.81402, 40.749926 ], [ -73.816543, 40.74826 ], [ -73.819116, 40.750621 ], [ -73.819989, 40.751429 ], [ -73.820849, 40.752242 ], [ -73.821925, 40.753167 ], [ -73.822803, 40.75388 ], [ -73.822909, 40.753968 ], [ -73.823343, 40.754333 ], [ -73.823396, 40.754377 ], [ -73.823979, 40.754868 ], [ -73.824718, 40.755488 ], [ -73.827144, 40.75451 ], [ -73.827825, 40.754251 ], [ -73.829867, 40.753495 ], [ -73.830138, 40.753915 ], [ -73.832601, 40.753007 ], [ -73.832295, 40.751942 ], [ -73.835602, 40.751395 ], [ -73.837674, 40.754114 ], [ -73.837917, 40.754541 ], [ -73.838211, 40.755253 ], [ -73.838619, 40.757045 ], [ -73.843244, 40.755337 ], [ -73.846017, 40.760805 ], [ -73.846863, 40.760416 ], [ -73.846709, 40.761345 ], [ -73.848515, 40.763822 ], [ -73.849215, 40.764209 ], [ -73.850281, 40.76606 ], [ -73.853702, 40.76948 ], [ -73.854982, 40.767448 ], [ -73.860433, 40.763869 ], [ -73.860937, 40.763729 ], [ -73.859756, 40.761836 ], [ -73.85604, 40.759726 ], [ -73.85464, 40.758466 ], [ -73.853654, 40.756835 ], [ -73.853126, 40.755109 ], [ -73.852617, 40.753405 ], [ -73.852205, 40.752661 ], [ -73.850864, 40.749996 ], [ -73.854421, 40.748805 ], [ -73.85326, 40.746834 ], [ -73.852918, 40.746171 ], [ -73.852241, 40.744841 ], [ -73.850525, 40.741514 ], [ -73.850116, 40.740724 ], [ -73.847841, 40.739927 ], [ -73.847757, 40.739299 ], [ -73.847558, 40.739064 ], [ -73.847325, 40.738771 ], [ -73.847214, 40.738644 ], [ -73.844957, 40.733987 ], [ -73.844347, 40.732979 ], [ -73.843505, 40.731814 ], [ -73.842814, 40.731153 ], [ -73.841468, 40.729998 ], [ -73.840327, 40.728807 ], [ -73.839445, 40.727537 ], [ -73.838362, 40.725562 ], [ -73.836524, 40.722371 ], [ -73.836038, 40.72177 ], [ -73.835963, 40.721677 ], [ -73.834959, 40.719412 ], [ -73.833481, 40.718333 ], [ -73.829796, 40.715566 ], [ -73.831385, 40.714529 ], [ -73.830982, 40.71431 ], [ -73.826976, 40.715391 ], [ -73.825705, 40.716063 ], [ -73.821428, 40.716787 ], [ -73.820323, 40.71666 ], [ -73.819305, 40.717136 ], [ -73.821705, 40.71736 ], [ -73.823726, 40.717481 ], [ -73.824881, 40.717365 ], [ -73.825859, 40.720463 ], [ -73.827129, 40.724304 ], [ -73.827555, 40.724961 ], [ -73.830255, 40.726143 ], [ -73.831468, 40.727664 ], [ -73.8317, 40.728034 ], [ -73.8294, 40.728285 ], [ -73.828524, 40.728559 ], [ -73.827546, 40.728864 ], [ -73.825506, 40.729445 ], [ -73.824881, 40.729607 ], [ -73.823537, 40.729999 ], [ -73.8215, 40.730604 ], [ -73.819249, 40.731277 ], [ -73.816274, 40.731989 ], [ -73.814916, 40.732038 ], [ -73.815045, 40.730399 ], [ -73.815231, 40.728794 ], [ -73.81444, 40.728094 ], [ -73.812468, 40.727133 ], [ -73.811516, 40.726658 ], [ -73.810744, 40.726265 ], [ -73.810694, 40.726489 ], [ -73.810886, 40.727172 ], [ -73.811124, 40.727833 ], [ -73.8109, 40.730311 ], [ -73.810772, 40.732326 ], [ -73.810559, 40.735737 ], [ -73.810482, 40.736992 ], [ -73.809414, 40.738603 ], [ -73.806323, 40.738491 ], [ -73.804667, 40.738445 ], [ -73.804655, 40.738108 ], [ -73.802731, 40.738084 ], [ -73.802823, 40.7367 ], [ -73.802943, 40.734862 ], [ -73.803846, 40.734897 ], [ -73.804063, 40.731638 ], [ -73.803163, 40.7316 ], [ -73.802262, 40.731569 ], [ -73.798658, 40.731428 ], [ -73.798564, 40.732858 ], [ -73.796761, 40.732785 ], [ -73.794278, 40.732696 ], [ -73.794596, 40.734544 ], [ -73.794586, 40.735052 ], [ -73.795125, 40.736411 ], [ -73.796302, 40.738333 ], [ -73.792916, 40.739217 ], [ -73.786713, 40.740911 ], [ -73.786817, 40.741125 ], [ -73.785899, 40.741379 ], [ -73.787183, 40.744073 ], [ -73.788411, 40.744454 ], [ -73.789005, 40.745749 ], [ -73.786354, 40.746537 ], [ -73.787003, 40.747908 ], [ -73.787844, 40.749691 ], [ -73.788671, 40.75139 ], [ -73.792168, 40.750475 ], [ -73.794719, 40.750648 ], [ -73.797295, 40.749435 ], [ -73.794676, 40.747212 ], [ -73.803352, 40.746432 ], [ -73.803036, 40.74718 ], [ -73.802878, 40.749783 ], [ -73.80447, 40.749899 ], [ -73.807506, 40.750137 ] ] ] } },
{ "type": "Feature", "properties": { "NTAName": "Chinatown-Two Bridges", "total_pop": 75720.0, "chinese_pop": 34717.0, "chinese_pct": 45.849181193872163 }, "geometry": { "type": "Polygon", "coordinates": [ [ [ -73.999956, 40.718017 ], [ -74.002115, 40.715159 ], [ -74.002598, 40.714313 ], [ -74.003094, 40.713958 ], [ -74.004291, 40.712908 ], [ -74.004858, 40.712453 ], [ -74.005589, 40.71217 ], [ -74.007018, 40.711784 ], [ -74.008601, 40.711392 ], [ -74.009063, 40.710887 ], [ -74.007745, 40.710221 ], [ -74.005512, 40.709093 ], [ -74.004817, 40.70839 ], [ -74.004328, 40.707824 ], [ -74.004057, 40.707437 ], [ -74.003137, 40.706248 ], [ -74.002409, 40.705471 ], [ -74.002162, 40.705361 ], [ -74.001775, 40.704963 ], [ -73.996173, 40.703364 ], [ -73.995138, 40.70298 ], [ -73.995069, 40.703102 ], [ -73.994498, 40.704318 ], [ -73.993693, 40.704476 ], [ -73.992722, 40.705544 ], [ -73.989381, 40.705137 ], [ -73.987271, 40.705181 ], [ -73.98653, 40.704979 ], [ -73.984189, 40.705582 ], [ -73.982033, 40.705515 ], [ -73.980987, 40.705374 ], [ -73.980907, 40.705907 ], [ -73.979233, 40.705769 ], [ -73.975476, 40.707492 ], [ -73.972789, 40.709378 ], [ -73.975933, 40.712907 ], [ -73.977245, 40.713153 ], [ -73.97929, 40.713762 ], [ -73.979962, 40.713973 ], [ -73.98165, 40.714461 ], [ -73.982453, 40.714699 ], [ -73.983338, 40.714933 ], [ -73.984258, 40.71521 ], [ -73.985013, 40.715438 ], [ -73.986721, 40.715952 ], [ -73.988367, 40.716446 ], [ -73.987879, 40.717409 ], [ -73.98736, 40.71837 ], [ -73.986752, 40.719593 ], [ -73.987542, 40.719833 ], [ -73.989114, 40.720308 ], [ -73.989857, 40.720533 ], [ -73.990629, 40.720766 ], [ -73.991506, 40.721028 ], [ -73.993523, 40.721632 ], [ -73.993795, 40.720937 ], [ -73.995464, 40.721619 ], [ -73.996268, 40.721952 ], [ -73.997123, 40.722301 ], [ -73.997655, 40.720836 ], [ -73.998524, 40.719786 ], [ -73.999234, 40.718913 ], [ -73.999423, 40.71868 ], [ -73.999956, 40.718017 ] ] ] } },
{ "type": "Feature", "properties": { "NTAName": "Sunset Park (Central)", "total_pop": 83355.0, "chinese_pop": 33078.0, "chinese_pct": 39.683282346589891 }, "geometry": { "type": "Polygon", "coordinates": [ [ [ -74.015533, 40.646418 ], [ -74.016086, 40.645882 ], [ -74.016651, 40.645331 ], [ -74.017877, 40.644201 ], [ -74.017926, 40.644233 ], [ -74.019011, 40.643165 ], [ -74.020212, 40.641981 ], [ -74.020857, 40.641435 ], [ -74.020966, 40.641651 ], [ -74.021165, 40.641417 ], [ -74.021774, 40.64041 ], [ -74.021087, 40.638262 ], [ -74.021359, 40.637967 ], [ -74.022626, 40.636799 ], [ -74.02291, 40.636108 ], [ -74.023235, 40.635318 ], [ -74.020722, 40.634169 ], [ -74.018245, 40.633034 ], [ -74.01853, 40.632334 ], [ -74.016956, 40.631622 ], [ -74.016048, 40.631033 ], [ -74.015748, 40.631765 ], [ -74.015139, 40.633217 ], [ -74.015643, 40.633529 ], [ -74.016752, 40.63544 ], [ -74.016306, 40.635896 ], [ -74.011908, 40.633234 ], [ -74.011326, 40.633795 ], [ -74.010742, 40.634357 ], [ -74.007023, 40.63211 ], [ -74.006617, 40.632379 ], [ -74.005564, 40.633084 ], [ -74.004107, 40.63406 ], [ -74.001957, 40.635497 ], [ -73.999807, 40.636936 ], [ -74.002672, 40.638667 ], [ -74.003838, 40.637546 ], [ -74.00442, 40.636985 ], [ -74.005003, 40.636425 ], [ -74.007206, 40.637755 ], [ -74.006041, 40.638877 ], [ -74.004877, 40.639995 ], [ -74.003713, 40.641116 ], [ -74.002545, 40.642236 ], [ -74.00196, 40.642799 ], [ -74.00138, 40.643357 ], [ -74.000798, 40.643918 ], [ -74.000213, 40.644477 ], [ -73.99963, 40.645037 ], [ -73.999048, 40.645597 ], [ -73.998466, 40.646159 ], [ -73.997301, 40.647272 ], [ -73.996562, 40.647891 ], [ -73.996088, 40.648307 ], [ -73.993985, 40.647101 ], [ -73.989059, 40.644119 ], [ -73.98835, 40.644562 ], [ -73.985284, 40.645768 ], [ -73.983073, 40.646625 ], [ -73.981805, 40.647128 ], [ -73.980291, 40.647297 ], [ -73.980364, 40.647694 ], [ -73.980712, 40.649524 ], [ -73.98111, 40.651592 ], [ -73.981453, 40.653416 ], [ -73.981796, 40.655246 ], [ -73.986228, 40.657921 ], [ -73.988428, 40.65925 ], [ -73.990188, 40.657601 ], [ -73.992383, 40.658899 ], [ -73.992964, 40.658337 ], [ -73.995169, 40.659669 ], [ -73.998671, 40.656307 ], [ -74.000413, 40.654629 ], [ -74.002677, 40.65599 ], [ -74.004465, 40.657072 ], [ -74.006231, 40.6554 ], [ -74.007977, 40.653727 ], [ -74.008545, 40.6532 ], [ -74.010308, 40.651483 ], [ -74.010915, 40.650938 ], [ -74.011477, 40.650363 ], [ -74.012629, 40.649235 ], [ -74.013172, 40.648652 ], [ -74.013733, 40.648079 ], [ -74.014377, 40.647554 ], [ -74.014932, 40.646982 ], [ -74.015533, 40.646418 ] ] ] } },
{ "type": "Feature", "properties": { "NTAName": "Dyker Heights", "total_pop": 71226.0, "chinese_pop": 24997.0, "chinese_pct": 35.095330356892148 }, "geometry": { "type": "Polygon", "coordinates": [ [ [ -73.999561, 40.631315 ], [ -74.001764, 40.632645 ], [ -74.003989, 40.63399 ], [ -74.004107, 40.63406 ], [ -74.005564, 40.633084 ], [ -74.007356, 40.634164 ], [ -74.009557, 40.635493 ], [ -74.01176, 40.636823 ], [ -74.013961, 40.638153 ], [ -74.016167, 40.639483 ], [ -74.018422, 40.640846 ], [ -74.019024, 40.640264 ], [ -74.019608, 40.639704 ], [ -74.02019, 40.639145 ], [ -74.021087, 40.638262 ], [ -74.021359, 40.637967 ], [ -74.022626, 40.636799 ], [ -74.02291, 40.636108 ], [ -74.023235, 40.635318 ], [ -74.020722, 40.634169 ], [ -74.018245, 40.633034 ], [ -74.01853, 40.632334 ], [ -74.018895, 40.631444 ], [ -74.019259, 40.63056 ], [ -74.01955, 40.629855 ], [ -74.022024, 40.630988 ], [ -74.02452, 40.632167 ], [ -74.025071, 40.630814 ], [ -74.025361, 40.630109 ], [ -74.025958, 40.628648 ], [ -74.026263, 40.62792 ], [ -74.026561, 40.627187 ], [ -74.024153, 40.625781 ], [ -74.021794, 40.624355 ], [ -74.022389, 40.622896 ], [ -74.02475, 40.624321 ], [ -74.025345, 40.622859 ], [ -74.026214, 40.621491 ], [ -74.024466, 40.620437 ], [ -74.022933, 40.619502 ], [ -74.021216, 40.618472 ], [ -74.020526, 40.618058 ], [ -74.018316, 40.616722 ], [ -74.016118, 40.615384 ], [ -74.013926, 40.614064 ], [ -74.011712, 40.612735 ], [ -74.010504, 40.613897 ], [ -74.009924, 40.614457 ], [ -74.009341, 40.615015 ], [ -74.008177, 40.616133 ], [ -74.007599, 40.616695 ], [ -74.006434, 40.617814 ], [ -74.005227, 40.618973 ], [ -74.004019, 40.620136 ], [ -74.003436, 40.620696 ], [ -74.002857, 40.621253 ], [ -74.002276, 40.621815 ], [ -74.001202, 40.622843 ], [ -74.00053, 40.62349 ], [ -73.999321, 40.624656 ], [ -73.997713, 40.62368 ], [ -73.997484, 40.62452 ], [ -73.997241, 40.625289 ], [ -73.997017, 40.626062 ], [ -73.996878, 40.62653 ], [ -73.996788, 40.626826 ], [ -73.996336, 40.628445 ], [ -73.996115, 40.629232 ], [ -73.997359, 40.629986 ], [ -73.999561, 40.631315 ] ] ] } },
{ "type": "Feature", "properties": { "NTAName": "Mount Hebron & Cedar Grove Cemeteries", "total_pop": 11001.0, "chinese_pop": 3790.0, "chinese_pct": 34.451413507862924 }, "geometry": { "type": "Polygon", "coordinates": [ [ [ -73.835925, 40.743501 ], [ -73.835676, 40.744851 ], [ -73.835399, 40.74552 ], [ -73.83424, 40.747302 ], [ -73.833099, 40.747994 ], [ -73.832181, 40.751506 ], [ -73.832295, 40.751942 ], [ -73.835602, 40.751395 ], [ -73.837674, 40.754114 ], [ -73.837917, 40.754541 ], [ -73.838211, 40.755253 ], [ -73.838619, 40.757045 ], [ -73.843244, 40.755337 ], [ -73.846017, 40.760805 ], [ -73.846863, 40.760416 ], [ -73.846709, 40.761345 ], [ -73.848515, 40.763822 ], [ -73.849215, 40.764209 ], [ -73.850281, 40.76606 ], [ -73.853702, 40.76948 ], [ -73.854982, 40.767448 ], [ -73.860433, 40.763869 ], [ -73.860937, 40.763729 ], [ -73.859756, 40.761836 ], [ -73.85604, 40.759726 ], [ -73.85464, 40.758466 ], [ -73.853654, 40.756835 ], [ -73.853126, 40.755109 ], [ -73.852617, 40.753405 ], [ -73.852205, 40.752661 ], [ -73.850864, 40.749996 ], [ -73.854421, 40.748805 ], [ -73.85326, 40.746834 ], [ -73.852918, 40.746171 ], [ -73.852241, 40.744841 ], [ -73.850525, 40.741514 ], [ -73.850116, 40.740724 ], [ -73.847841, 40.739927 ], [ -73.847757, 40.739299 ], [ -73.847558, 40.739064 ], [ -73.847325, 40.738771 ], [ -73.847214, 40.738644 ], [ -73.844957, 40.733987 ], [ -73.844347, 40.732979 ], [ -73.843505, 40.731814 ], [ -73.842814, 40.731153 ], [ -73.841468, 40.729998 ], [ -73.840327, 40.728807 ], [ -73.839445, 40.727537 ], [ -73.838362, 40.725562 ], [ -73.836524, 40.722371 ], [ -73.836038, 40.72177 ], [ -73.835963, 40.721677 ], [ -73.834959, 40.719412 ], [ -73.833481, 40.718333 ], [ -73.829796, 40.715566 ], [ -73.831385, 40.714529 ], [ -73.830982, 40.71431 ], [ -73.826976, 40.715391 ], [ -73.825705, 40.716063 ], [ -73.821428, 40.716787 ], [ -73.820323, 40.71666 ], [ -73.819305, 40.717136 ], [ -73.821705, 40.71736 ], [ -73.823726, 40.717481 ], [ -73.824881, 40.717365 ], [ -73.825859, 40.720463 ], [ -73.827129, 40.724304 ], [ -73.827555, 40.724961 ], [ -73.830255, 40.726143 ], [ -73.831468, 40.727664 ], [ -73.8317, 40.728034 ], [ -73.8294, 40.728285 ], [ -73.828524, 40.728559 ], [ -73.827546, 40.728864 ], [ -73.825506, 40.729445 ], [ -73.824881, 40.729607 ], [ -73.823537, 40.729999 ], [ -73.8215, 40.730604 ], [ -73.819249, 40.731277 ], [ -73.816274, 40.731989 ], [ -73.814916, 40.732038 ], [ -73.8148, 40.733783 ], [ -73.814775, 40.734582 ], [ -73.814694, 40.737154 ], [ -73.814968, 40.73855 ], [ -73.815057, 40.738987 ], [ -73.815922, 40.739184 ], [ -73.81951, 40.74036 ], [ -73.825383, 40.742295 ], [ -73.826663, 40.742576 ], [ -73.830311, 40.742972 ], [ -73.835925, 40.743501 ] ] ] } },
{ "type": "Feature", "properties": { "NTAName": "Murray Hill-Broadway Flushing", "total_pop": 101148.0, "chinese_pop": 34645.0, "chinese_pct": 34.251789457033261 }, "geometry": { "type": "Polygon", "coordinates": [ [ [ -73.808867, 40.759115 ], [ -73.806073, 40.758895 ], [ -73.804207, 40.758747 ], [ -73.802335, 40.7586 ], [ -73.801402, 40.758527 ], [ -73.795804, 40.758091 ], [ -73.794932, 40.757798 ], [ -73.794747, 40.755628 ], [ -73.794577, 40.753563 ], [ -73.794719, 40.750648 ], [ -73.792168, 40.750475 ], [ -73.788671, 40.75139 ], [ -73.788887, 40.752034 ], [ -73.789002, 40.753609 ], [ -73.789218, 40.755716 ], [ -73.789428, 40.757848 ], [ -73.790315, 40.757823 ], [ -73.79076, 40.760986 ], [ -73.788068, 40.761205 ], [ -73.785168, 40.761433 ], [ -73.785274, 40.761842 ], [ -73.785707, 40.762937 ], [ -73.785853, 40.763014 ], [ -73.788075, 40.764199 ], [ -73.789636, 40.766142 ], [ -73.791902, 40.768936 ], [ -73.788434, 40.769968 ], [ -73.78756, 40.770226 ], [ -73.783727, 40.771361 ], [ -73.784329, 40.773138 ], [ -73.784593, 40.776141 ], [ -73.785694, 40.775813 ], [ -73.789842, 40.774687 ], [ -73.792713, 40.773788 ], [ -73.793187, 40.776205 ], [ -73.793348, 40.777019 ], [ -73.794325, 40.781892 ], [ -73.794398, 40.782255 ], [ -73.79494, 40.786275 ], [ -73.796851, 40.785911 ], [ -73.802422, 40.786019 ], [ -73.802411, 40.785817 ], [ -73.80284, 40.78255 ], [ -73.803135, 40.780416 ], [ -73.803226, 40.779703 ], [ -73.804801, 40.77912 ], [ -73.805111, 40.779039 ], [ -73.806005, 40.779925 ], [ -73.808795, 40.780862 ], [ -73.808538, 40.782997 ], [ -73.811719, 40.783247 ], [ -73.813813, 40.784129 ], [ -73.813374, 40.787156 ], [ -73.814592, 40.787375 ], [ -73.816086, 40.787807 ], [ -73.819348, 40.789144 ], [ -73.821858, 40.789696 ], [ -73.822537, 40.789568 ], [ -73.822789, 40.7913 ], [ -73.823732, 40.792787 ], [ -73.825725, 40.795609 ], [ -73.82712, 40.797667 ], [ -73.830676, 40.803108 ], [ -73.835409, 40.802199 ], [ -73.832354, 40.79637 ], [ -73.839037, 40.797052 ], [ -73.838434, 40.796787 ], [ -73.836633, 40.792516 ], [ -73.840678, 40.793908 ], [ -73.839923, 40.79065 ], [ -73.840083, 40.787849 ], [ -73.838244, 40.787786 ], [ -73.838699, 40.781677 ], [ -73.839604, 40.781693 ], [ -73.839764, 40.778615 ], [ -73.843387, 40.778609 ], [ -73.843554, 40.775615 ], [ -73.844602, 40.773057 ], [ -73.848798, 40.773209 ], [ -73.849946, 40.772057 ], [ -73.852642, 40.77208 ], [ -73.853702, 40.76948 ], [ -73.850281, 40.76606 ], [ -73.849215, 40.764209 ], [ -73.848515, 40.763822 ], [ -73.847052, 40.763825 ], [ -73.84075, 40.765819 ], [ -73.839417, 40.765428 ], [ -73.839319, 40.766054 ], [ -73.836732, 40.769222 ], [ -73.833428, 40.771434 ], [ -73.832578, 40.769353 ], [ -73.831925, 40.767754 ], [ -73.831443, 40.76657 ], [ -73.830686, 40.764712 ], [ -73.829059, 40.765093 ], [ -73.827863, 40.765363 ], [ -73.828114, 40.764056 ], [ -73.825942, 40.764351 ], [ -73.823482, 40.764652 ], [ -73.822601, 40.76276 ], [ -73.822072, 40.761625 ], [ -73.821767, 40.76098 ], [ -73.821558, 40.760534 ], [ -73.821164, 40.759686 ], [ -73.820758, 40.758842 ], [ -73.820636, 40.758872 ], [ -73.817288, 40.759776 ], [ -73.815087, 40.760372 ], [ -73.812268, 40.76113 ], [ -73.81105, 40.761417 ], [ -73.808595, 40.761132 ], [ -73.808867, 40.759115 ] ] ] } },
{ "type": "Feature", "properties": { "NTAName": "Bensonhurst", "total_pop": 151701.0, "chinese_pop": 49365.0, "chinese_pct": 32.540985227519926 }, "geometry": { "type": "Polygon", "coordinates": [ [ [ -74.007839, 40.623355 ], [ -74.005637, 40.622024 ], [ -74.007426, 40.620303 ], [ -74.009217, 40.618582 ], [ -74.0098, 40.618024 ], [ -74.010961, 40.616906 ], [ -74.011543, 40.616345 ], [ -74.013926, 40.614064 ], [ -74.011712, 40.612735 ], [ -74.010504, 40.613897 ], [ -74.008304, 40.612568 ], [ -74.011278, 40.609706 ], [ -74.014695, 40.606424 ], [ -74.01237, 40.605214 ], [ -74.010823, 40.606701 ], [ -74.009078, 40.608378 ], [ -74.006014, 40.611325 ], [ -74.003425, 40.609969 ], [ -74.004855, 40.608594 ], [ -74.006625, 40.606895 ], [ -74.008369, 40.605217 ], [ -74.00691, 40.604338 ], [ -74.006172, 40.603887 ], [ -74.007459, 40.602645 ], [ -74.006781, 40.602291 ], [ -74.009184756704997, 40.5996422164826 ], [ -74.008438494916305, 40.599150728175708 ], [ -74.007906761123607, 40.598800528091196 ], [ -74.007710044828698, 40.598670970662198 ], [ -74.00514, 40.601432 ], [ -74.00263, 40.603847 ], [ -74.001846, 40.603431 ], [ -74.001098, 40.603034 ], [ -74.000324, 40.60262 ], [ -74.000022, 40.602907 ], [ -73.997824, 40.601578 ], [ -73.995594, 40.600233 ], [ -73.99734, 40.598552 ], [ -73.995932, 40.597579 ], [ -73.995225, 40.597093 ], [ -73.993363, 40.598889 ], [ -73.991599, 40.600581 ], [ -73.99039, 40.601743 ], [ -73.989808, 40.602303 ], [ -73.989224, 40.602865 ], [ -73.988643, 40.603421 ], [ -73.986847, 40.605097 ], [ -73.987024, 40.606031 ], [ -73.985973, 40.605877 ], [ -73.984925, 40.605313 ], [ -73.984457, 40.602854 ], [ -73.982605, 40.603058 ], [ -73.981679, 40.60316 ], [ -73.9821, 40.605379 ], [ -73.982548, 40.607764 ], [ -73.981624, 40.607866 ], [ -73.980695, 40.607969 ], [ -73.979697, 40.608077 ], [ -73.978699, 40.608188 ], [ -73.977774, 40.608289 ], [ -73.975919, 40.608495 ], [ -73.974031, 40.608702 ], [ -73.972994, 40.608814 ], [ -73.971913, 40.608936 ], [ -73.96997, 40.60915 ], [ -73.967668, 40.609404 ], [ -73.968153, 40.61196 ], [ -73.966782, 40.612109 ], [ -73.967286, 40.614773 ], [ -73.968657, 40.614622 ], [ -73.97003, 40.614469 ], [ -73.970955, 40.614369 ], [ -73.971881, 40.614266 ], [ -73.972903, 40.614153 ], [ -73.973358, 40.616541 ], [ -73.97563, 40.615946 ], [ -73.97785, 40.617287 ], [ -73.977379, 40.617883 ], [ -73.979495, 40.619195 ], [ -73.981696, 40.620524 ], [ -73.982282, 40.619962 ], [ -73.984478, 40.621293 ], [ -73.9839, 40.621854 ], [ -73.986101, 40.623183 ], [ -73.988302, 40.624514 ], [ -73.990756, 40.625998 ], [ -73.996115, 40.629232 ], [ -73.997359, 40.629986 ], [ -73.999561, 40.631315 ], [ -74.000142, 40.630756 ], [ -74.001349, 40.629598 ], [ -74.001677, 40.629315 ], [ -74.001931, 40.629033 ], [ -74.002515, 40.628475 ], [ -74.003099, 40.627916 ], [ -74.00435, 40.626711 ], [ -74.004932, 40.626151 ], [ -74.005655, 40.625455 ], [ -74.006095, 40.625033 ], [ -74.006678, 40.624473 ], [ -74.00726, 40.623915 ], [ -74.007839, 40.623355 ] ] ] } },
{ "type": "Feature", "properties": { "NTAName": "College Point", "total_pop": 53395.0, "chinese_pop": 16449.0, "chinese_pct": 30.806255267347133 }, "geometry": { "type": "Polygon", "coordinates": [ [ [ -73.835409, 40.802199 ], [ -73.844076, 40.801023 ], [ -73.846654, 40.801024 ], [ -73.853072, 40.800113 ], [ -73.854632, 40.799724 ], [ -73.862965, 40.79767 ], [ -73.863147, 40.797497 ], [ -73.867118, 40.793742 ], [ -73.870207, 40.790909 ], [ -73.870973, 40.789057 ], [ -73.870809, 40.787897 ], [ -73.871631, 40.786798 ], [ -73.873088, 40.785855 ], [ -73.876973, 40.785778 ], [ -73.878307, 40.785357 ], [ -73.885303, 40.786685 ], [ -73.889428, 40.78057 ], [ -73.8919, 40.776755 ], [ -73.890459, 40.77755 ], [ -73.889077, 40.773574 ], [ -73.889424, 40.773046 ], [ -73.88904, 40.770916 ], [ -73.888726, 40.768916 ], [ -73.888461, 40.768859 ], [ -73.888252, 40.768658 ], [ -73.887818, 40.767202 ], [ -73.887731, 40.766915 ], [ -73.884319, 40.767982 ], [ -73.877876, 40.771151 ], [ -73.876119, 40.771629 ], [ -73.872596, 40.771831 ], [ -73.869569, 40.771087 ], [ -73.868002, 40.770255 ], [ -73.865983, 40.76886 ], [ -73.863123, 40.766302 ], [ -73.860937, 40.763729 ], [ -73.860433, 40.763869 ], [ -73.854982, 40.767448 ], [ -73.853702, 40.76948 ], [ -73.850281, 40.76606 ], [ -73.849215, 40.764209 ], [ -73.848515, 40.763822 ], [ -73.847052, 40.763825 ], [ -73.84075, 40.765819 ], [ -73.839417, 40.765428 ], [ -73.838264, 40.764934 ], [ -73.836917, 40.762767 ], [ -73.835593, 40.762853 ], [ -73.834922, 40.760255 ], [ -73.832993, 40.760855 ], [ -73.832744, 40.760949 ], [ -73.831119, 40.761548 ], [ -73.827516, 40.762421 ], [ -73.828114, 40.764056 ], [ -73.827863, 40.765363 ], [ -73.82769, 40.766104 ], [ -73.827537, 40.766464 ], [ -73.827351, 40.766856 ], [ -73.826848, 40.767987 ], [ -73.826683, 40.768957 ], [ -73.826572, 40.769961 ], [ -73.826558, 40.770137 ], [ -73.826566, 40.770642 ], [ -73.826575, 40.772345 ], [ -73.826477, 40.773116 ], [ -73.826253, 40.774521 ], [ -73.825831, 40.775915 ], [ -73.824331, 40.776743 ], [ -73.824284, 40.77699 ], [ -73.823547, 40.779036 ], [ -73.823313, 40.779579 ], [ -73.81931, 40.77926 ], [ -73.81453, 40.778888 ], [ -73.814395, 40.779871 ], [ -73.814299, 40.780581 ], [ -73.813813, 40.784129 ], [ -73.813374, 40.787156 ], [ -73.814592, 40.787375 ], [ -73.816086, 40.787807 ], [ -73.816125, 40.788268 ], [ -73.816824, 40.791026 ], [ -73.817213, 40.791986 ], [ -73.817812, 40.793481 ], [ -73.818571, 40.794996 ], [ -73.821213, 40.799039 ], [ -73.823541, 40.797131 ], [ -73.824088, 40.798048 ], [ -73.827583, 40.803936 ], [ -73.830676, 40.803108 ], [ -73.835409, 40.802199 ] ] ] } },
{ "type": "Feature", "properties": { "NTAName": "Gravesend (West)", "total_pop": 103839.0, "chinese_pop": 30916.0, "chinese_pct": 29.773013992815798 }, "geometry": { "type": "Polygon", "coordinates": [ [ [ -74.000493745627097, 40.584314081802511 ], [ -73.999909, 40.584566 ], [ -73.998252, 40.585312 ], [ -73.992523, 40.587984 ], [ -73.991757, 40.586728 ], [ -73.98915, 40.58467 ], [ -73.988358, 40.583475 ], [ -73.986608, 40.583719 ], [ -73.987084, 40.584619 ], [ -73.987417, 40.585131 ], [ -73.985394, 40.587032 ], [ -73.984505, 40.58789 ], [ -73.985219, 40.588321 ], [ -73.985962, 40.588771 ], [ -73.987421, 40.589651 ], [ -73.989621, 40.590982 ], [ -73.987988, 40.592553 ], [ -73.986019, 40.594446 ], [ -73.984678, 40.593659 ], [ -73.98464, 40.593552 ], [ -73.983667, 40.593664 ], [ -73.98179, 40.593868 ], [ -73.980711, 40.593997 ], [ -73.979955, 40.594074 ], [ -73.978105, 40.594277 ], [ -73.977104, 40.594389 ], [ -73.975407, 40.594122 ], [ -73.971782, 40.593756 ], [ -73.971765, 40.595112 ], [ -73.970111, 40.594957 ], [ -73.969228, 40.595256 ], [ -73.968302, 40.59536 ], [ -73.967376, 40.595461 ], [ -73.968201, 40.599835 ], [ -73.96913, 40.599733 ], [ -73.969576, 40.602122 ], [ -73.970021, 40.604444 ], [ -73.968219, 40.604937 ], [ -73.966959, 40.605662 ], [ -73.967261, 40.607259 ], [ -73.967668, 40.609404 ], [ -73.968153, 40.61196 ], [ -73.969525, 40.611808 ], [ -73.970452, 40.611704 ], [ -73.971379, 40.611602 ], [ -73.972398, 40.611491 ], [ -73.974515, 40.611257 ], [ -73.974391, 40.61058 ], [ -73.976372, 40.611769 ], [ -73.977011, 40.611173 ], [ -73.979474, 40.612666 ], [ -73.980707, 40.613402 ], [ -73.981438, 40.613838 ], [ -73.981748, 40.613554 ], [ -73.98266, 40.612693 ], [ -73.983222, 40.612122 ], [ -73.983351, 40.611992 ], [ -73.984162, 40.611218 ], [ -73.984963, 40.610448 ], [ -73.986129, 40.60933 ], [ -73.987339, 40.608168 ], [ -73.987965, 40.607566 ], [ -73.990193, 40.608911 ], [ -73.992394, 40.610241 ], [ -73.992975, 40.609683 ], [ -73.993557, 40.609123 ], [ -73.994137, 40.608564 ], [ -73.994719, 40.608005 ], [ -73.996922, 40.609335 ], [ -73.997503, 40.608775 ], [ -73.995303, 40.607445 ], [ -73.993104, 40.606116 ], [ -73.994265, 40.604996 ], [ -73.994847, 40.604437 ], [ -73.995429, 40.603877 ], [ -73.996055, 40.603275 ], [ -73.997824, 40.601578 ], [ -73.999455, 40.600005 ], [ -74.000738, 40.598766 ], [ -74.001219, 40.598305 ], [ -74.001691, 40.597855 ], [ -74.002692, 40.597043 ], [ -74.003482, 40.596821 ], [ -74.004216820804103, 40.596370331948798 ], [ -74.003281, 40.595754 ], [ -74.003204389439205, 40.595615280056002 ], [ -74.002273834004299, 40.593930308736702 ], [ -74.002242290534696, 40.593873192481603 ], [ -74.001365059290706, 40.592284776111001 ], [ -74.001302417585606, 40.592171349793198 ], [ -74.000724, 40.591124 ], [ -74.000586991196997, 40.587071878301103 ], [ -74.000493745627097, 40.584314081802511 ] ] ] } },
{ "type": "Feature", "properties": { "NTAName": "Auburndale", "total_pop": 86281.0, "chinese_pop": 25681.0, "chinese_pct": 29.764374543642287 }, "geometry": { "type": "Polygon", "coordinates": [ [ [ -73.809135, 40.750269 ], [ -73.807506, 40.750137 ], [ -73.811618, 40.747665 ], [ -73.814162, 40.746139 ], [ -73.813758, 40.745746 ], [ -73.814309, 40.742974 ], [ -73.814811, 40.741367 ], [ -73.814995, 40.740787 ], [ -73.815057, 40.738987 ], [ -73.813222, 40.73876 ], [ -73.809414, 40.738603 ], [ -73.806323, 40.738491 ], [ -73.804667, 40.738445 ], [ -73.797408, 40.738261 ], [ -73.796302, 40.738333 ], [ -73.795125, 40.736411 ], [ -73.794586, 40.735052 ], [ -73.794596, 40.734544 ], [ -73.794278, 40.732696 ], [ -73.79397, 40.732307 ], [ -73.793525, 40.730054 ], [ -73.788209, 40.731363 ], [ -73.786499, 40.731972 ], [ -73.7876, 40.734289 ], [ -73.788453, 40.736095 ], [ -73.787574, 40.736336 ], [ -73.788532, 40.738351 ], [ -73.787653, 40.738593 ], [ -73.788367, 40.740119 ], [ -73.786574, 40.740611 ], [ -73.786713, 40.740911 ], [ -73.783132, 40.7419 ], [ -73.780409, 40.742631 ], [ -73.775759, 40.743367 ], [ -73.772861, 40.736276 ], [ -73.770107, 40.731779 ], [ -73.771527, 40.731522 ], [ -73.774913, 40.730913 ], [ -73.777575, 40.730193 ], [ -73.775234, 40.725238 ], [ -73.776338, 40.724469 ], [ -73.778038, 40.723284 ], [ -73.777876, 40.723037 ], [ -73.777385, 40.722442 ], [ -73.776056, 40.723356 ], [ -73.77359, 40.724742 ], [ -73.766244, 40.726403 ], [ -73.7647, 40.726479 ], [ -73.760818, 40.725962 ], [ -73.759988, 40.725879 ], [ -73.75688, 40.726279 ], [ -73.756783, 40.726306 ], [ -73.75845, 40.727537 ], [ -73.759882, 40.728235 ], [ -73.762263, 40.729605 ], [ -73.763413, 40.730466 ], [ -73.765551, 40.732544 ], [ -73.7637, 40.732864 ], [ -73.765041, 40.734477 ], [ -73.762733, 40.735262 ], [ -73.762486, 40.736731 ], [ -73.762683, 40.737256 ], [ -73.763609, 40.739175 ], [ -73.764315, 40.740673 ], [ -73.765151, 40.742437 ], [ -73.766979, 40.744223 ], [ -73.767756, 40.74583 ], [ -73.765034, 40.746567 ], [ -73.765142, 40.74678 ], [ -73.765931, 40.748524 ], [ -73.76738, 40.751744 ], [ -73.764736, 40.75246 ], [ -73.764598, 40.752596 ], [ -73.765596, 40.753216 ], [ -73.764569, 40.753508 ], [ -73.76615, 40.755746 ], [ -73.767148, 40.75565 ], [ -73.76767, 40.756907 ], [ -73.768276, 40.758261 ], [ -73.769337, 40.760254 ], [ -73.76752, 40.760492 ], [ -73.768192, 40.762837 ], [ -73.766405, 40.76362 ], [ -73.768347, 40.76343 ], [ -73.770769, 40.763193 ], [ -73.772882, 40.763412 ], [ -73.773606, 40.76478 ], [ -73.773402, 40.766312 ], [ -73.774687, 40.768792 ], [ -73.773761, 40.768975 ], [ -73.770639, 40.769645 ], [ -73.770169, 40.769738 ], [ -73.766272, 40.771199 ], [ -73.763681, 40.771839 ], [ -73.763586586147298, 40.772932960961008 ], [ -73.76554, 40.774518 ], [ -73.766115405830703, 40.776043234077299 ], [ -73.767034859614597, 40.7784804395572 ], [ -73.768642, 40.779087 ], [ -73.771132, 40.778341 ], [ -73.775537, 40.777026 ], [ -73.775839, 40.778613 ], [ -73.779397, 40.777686 ], [ -73.779477, 40.777664 ], [ -73.782798, 40.776666 ], [ -73.784593, 40.776141 ], [ -73.784729, 40.778987 ], [ -73.785284, 40.781959 ], [ -73.785422, 40.782385 ], [ -73.787127, 40.785357 ], [ -73.790583, 40.788129 ], [ -73.793896, 40.786636 ], [ -73.79494, 40.786275 ], [ -73.796851, 40.785911 ], [ -73.802422, 40.786019 ], [ -73.802411, 40.785817 ], [ -73.80284, 40.78255 ], [ -73.803135, 40.780416 ], [ -73.803226, 40.779703 ], [ -73.803327, 40.778996 ], [ -73.803423, 40.778338 ], [ -73.80379, 40.77561 ], [ -73.798233, 40.774848 ], [ -73.797243, 40.773894 ], [ -73.797593, 40.773682 ], [ -73.798456, 40.773197 ], [ -73.800481, 40.772202 ], [ -73.801484, 40.771811 ], [ -73.800641, 40.771054 ], [ -73.798777, 40.770907 ], [ -73.799026, 40.769042 ], [ -73.799559, 40.765138 ], [ -73.801428, 40.765286 ], [ -73.801781, 40.762703 ], [ -73.801889, 40.761898 ], [ -73.801915, 40.761661 ], [ -73.801937, 40.761536 ], [ -73.801008, 40.761451 ], [ -73.801191, 40.760198 ], [ -73.800834, 40.759971 ], [ -73.8003, 40.759702 ], [ -73.798502, 40.759071 ], [ -73.795804, 40.758091 ], [ -73.801402, 40.758527 ], [ -73.802335, 40.7586 ], [ -73.804207, 40.758747 ], [ -73.804528, 40.756399 ], [ -73.803595, 40.756324 ], [ -73.803946, 40.753699 ], [ -73.804445, 40.75373 ], [ -73.804886, 40.753765 ], [ -73.805819, 40.753838 ], [ -73.807685, 40.753987 ], [ -73.807975, 40.751858 ], [ -73.808909, 40.751933 ], [ -73.809135, 40.750269 ] ] ] } },
{ "type": "Feature", "properties": { "NTAName": "Fresh Meadows-Utopia", "total_pop": 54568.0, "chinese_pop": 16042.0, "chinese_pct": 29.398182084738306 }, "geometry": { "type": "Polygon", "coordinates": [ [ [ -73.786354, 40.746537 ], [ -73.787003, 40.747908 ], [ -73.787844, 40.749691 ], [ -73.788671, 40.75139 ], [ -73.792168, 40.750475 ], [ -73.794719, 40.750648 ], [ -73.797295, 40.749435 ], [ -73.794676, 40.747212 ], [ -73.794453, 40.745203 ], [ -73.794535, 40.744508 ], [ -73.795431, 40.743264 ], [ -73.796951, 40.741933 ], [ -73.799384, 40.742221 ], [ -73.805413, 40.742105 ], [ -73.807298, 40.741994 ], [ -73.808238, 40.742011 ], [ -73.814309, 40.742974 ], [ -73.814811, 40.741367 ], [ -73.814995, 40.740787 ], [ -73.815057, 40.738987 ], [ -73.813222, 40.73876 ], [ -73.809414, 40.738603 ], [ -73.810482, 40.736992 ], [ -73.810559, 40.735737 ], [ -73.810772, 40.732326 ], [ -73.807962, 40.731931 ], [ -73.805081, 40.73169 ], [ -73.804063, 40.731638 ], [ -73.803163, 40.7316 ], [ -73.803235, 40.730484 ], [ -73.803216, 40.728713 ], [ -73.805222, 40.728484 ], [ -73.80717, 40.728269 ], [ -73.806912, 40.726913 ], [ -73.806785, 40.726232 ], [ -73.806521, 40.724873 ], [ -73.80488, 40.725056 ], [ -73.804668, 40.722915 ], [ -73.804529, 40.721466 ], [ -73.801997, 40.722323 ], [ -73.800194, 40.72294 ], [ -73.799332, 40.723235 ], [ -73.798472, 40.72353 ], [ -73.796752, 40.724117 ], [ -73.795883, 40.724415 ], [ -73.791745, 40.725776 ], [ -73.790509, 40.723471 ], [ -73.790402, 40.720095 ], [ -73.790708, 40.719269 ], [ -73.78975, 40.719271 ], [ -73.78864, 40.719306 ], [ -73.78499, 40.719972 ], [ -73.780361, 40.720527 ], [ -73.777385, 40.722442 ], [ -73.776056, 40.723356 ], [ -73.77359, 40.724742 ], [ -73.766244, 40.726403 ], [ -73.7647, 40.726479 ], [ -73.760818, 40.725962 ], [ -73.759988, 40.725879 ], [ -73.75688, 40.726279 ], [ -73.756783, 40.726306 ], [ -73.75845, 40.727537 ], [ -73.759882, 40.728235 ], [ -73.762263, 40.729605 ], [ -73.763413, 40.730466 ], [ -73.765551, 40.732544 ], [ -73.7637, 40.732864 ], [ -73.765041, 40.734477 ], [ -73.762733, 40.735262 ], [ -73.762486, 40.736731 ], [ -73.762683, 40.737256 ], [ -73.763609, 40.739175 ], [ -73.764315, 40.740673 ], [ -73.765151, 40.742437 ], [ -73.766979, 40.744223 ], [ -73.767756, 40.74583 ], [ -73.768277, 40.745695 ], [ -73.771638, 40.744197 ], [ -73.772082, 40.745518 ], [ -73.77417, 40.749878 ], [ -73.774336, 40.74983 ], [ -73.778312, 40.748745 ], [ -73.7828, 40.747507 ], [ -73.783674, 40.747274 ], [ -73.786354, 40.746537 ] ] ] } },
{ "type": "Feature", "properties": { "NTAName": "Bath Beach", "total_pop": 63842.0, "chinese_pop": 18674.0, "chinese_pct": 29.250336768898215 }, "geometry": { "type": "Polygon", "coordinates": [ [ [ -74.024775, 40.609676 ], [ -74.027106, 40.610244 ], [ -74.026391, 40.612408 ], [ -74.02755, 40.612925 ], [ -74.025729, 40.616049 ], [ -74.026302, 40.616335 ], [ -74.028385, 40.614249 ], [ -74.028972, 40.613516 ], [ -74.031451, 40.611117 ], [ -74.035053, 40.609544 ], [ -74.035494962847494, 40.609075003862998 ], [ -74.031384, 40.605201 ], [ -74.027879005580203, 40.6044455581482 ], [ -74.027547, 40.604374 ], [ -74.026775139974404, 40.6042371612374 ], [ -74.021331, 40.603272 ], [ -74.019571304051098, 40.602715096646598 ], [ -74.019493521809693, 40.602690480353594 ], [ -74.019151091727693, 40.602582109097099 ], [ -74.018958, 40.602521 ], [ -74.0187555455107, 40.602516475289498 ], [ -74.017034, 40.602478 ], [ -74.014705092762199, 40.602084344158001 ], [ -74.014503302844702, 40.602050235551808 ], [ -74.014425, 40.602037 ], [ -74.013833682018102, 40.601826092643201 ], [ -74.012934549140894, 40.601505395921102 ], [ -74.0115370547867, 40.601006946948807 ], [ -74.011369807314793, 40.600947294235198 ], [ -74.011149198113301, 40.600868608815496 ], [ -74.010926, 40.600789 ], [ -74.010567179546598, 40.600552680708503 ], [ -74.010532782198695, 40.600530026601703 ], [ -74.00932714037782, 40.599735990425401 ], [ -74.009305871437604, 40.599721982692998 ], [ -74.009184756704997, 40.5996422164826 ], [ -74.008438494916305, 40.599150728175708 ], [ -74.007906761123607, 40.598800528091196 ], [ -74.007710044828698, 40.598670970662198 ], [ -74.005779459869402, 40.59739948665041 ], [ -74.005722291001803, 40.5973618352118 ], [ -74.004216820804103, 40.596370331948798 ], [ -74.003281, 40.595754 ], [ -74.003204389439205, 40.595615280056002 ], [ -74.002273834004299, 40.593930308736702 ], [ -74.002242290534696, 40.593873192481603 ], [ -74.001365059290706, 40.592284776111001 ], [ -73.998594, 40.593555 ], [ -73.997368, 40.593974 ], [ -73.996194, 40.593992 ], [ -73.995308, 40.594428 ], [ -73.996747, 40.595643 ], [ -73.995225, 40.597093 ], [ -73.995932, 40.597579 ], [ -73.99734, 40.598552 ], [ -73.995594, 40.600233 ], [ -73.993201, 40.602534 ], [ -73.992619, 40.60309 ], [ -73.992036, 40.603651 ], [ -73.991455, 40.604209 ], [ -73.990873, 40.60477 ], [ -73.993104, 40.606116 ], [ -73.995303, 40.607445 ], [ -73.997503, 40.608775 ], [ -73.996922, 40.609335 ], [ -73.996338, 40.609894 ], [ -73.998313, 40.611084 ], [ -73.997171, 40.612215 ], [ -73.99958, 40.613669 ], [ -74.000739, 40.612555 ], [ -74.000911, 40.612388 ], [ -74.000192, 40.614951 ], [ -74.002031, 40.615153 ], [ -74.002614, 40.614594 ], [ -74.003196, 40.614035 ], [ -74.003778, 40.613475 ], [ -74.005979, 40.614804 ], [ -74.008177, 40.616133 ], [ -74.007599, 40.616695 ], [ -74.0098, 40.618024 ], [ -74.010961, 40.616906 ], [ -74.011543, 40.616345 ], [ -74.013926, 40.614064 ], [ -74.016118, 40.615384 ], [ -74.018316, 40.616722 ], [ -74.020526, 40.618058 ], [ -74.021216, 40.618472 ], [ -74.022161, 40.616169 ], [ -74.022789, 40.614596 ], [ -74.024775, 40.609676 ] ] ] } },
{ "type": "Feature", "properties": { "NTAName": "Bayside", "total_pop": 76619.0, "chinese_pop": 20144.0, "chinese_pct": 26.29112883227398 }, "geometry": { "type": "Polygon", "coordinates": [ [ [ -73.775943, 40.743819 ], [ -73.775759, 40.743367 ], [ -73.772861, 40.736276 ], [ -73.770107, 40.731779 ], [ -73.771527, 40.731522 ], [ -73.774913, 40.730913 ], [ -73.777575, 40.730193 ], [ -73.775234, 40.725238 ], [ -73.776338, 40.724469 ], [ -73.778038, 40.723284 ], [ -73.777876, 40.723037 ], [ -73.777385, 40.722442 ], [ -73.776056, 40.723356 ], [ -73.77359, 40.724742 ], [ -73.766244, 40.726403 ], [ -73.7647, 40.726479 ], [ -73.760818, 40.725962 ], [ -73.759988, 40.725879 ], [ -73.75688, 40.726279 ], [ -73.756783, 40.726306 ], [ -73.75845, 40.727537 ], [ -73.759882, 40.728235 ], [ -73.762263, 40.729605 ], [ -73.763413, 40.730466 ], [ -73.765551, 40.732544 ], [ -73.7637, 40.732864 ], [ -73.765041, 40.734477 ], [ -73.762733, 40.735262 ], [ -73.762486, 40.736731 ], [ -73.762683, 40.737256 ], [ -73.763609, 40.739175 ], [ -73.758293, 40.74084 ], [ -73.757353, 40.741116 ], [ -73.753473, 40.742405 ], [ -73.75139, 40.740194 ], [ -73.749968, 40.739746 ], [ -73.743962, 40.740789 ], [ -73.743719, 40.739383 ], [ -73.743375, 40.738885 ], [ -73.743068, 40.738441 ], [ -73.740195, 40.739031 ], [ -73.740291, 40.738517 ], [ -73.73983, 40.739054 ], [ -73.739224, 40.739684 ], [ -73.733763, 40.742869 ], [ -73.734362, 40.743628 ], [ -73.735018, 40.744888 ], [ -73.735038, 40.745526 ], [ -73.73543, 40.747161 ], [ -73.737189, 40.748221 ], [ -73.741724, 40.753282 ], [ -73.741362, 40.754469 ], [ -73.739793, 40.755399 ], [ -73.739381, 40.755761 ], [ -73.739263, 40.756917 ], [ -73.739706, 40.756623 ], [ -73.741208, 40.756205 ], [ -73.746592, 40.763907 ], [ -73.750488, 40.762959 ], [ -73.750786, 40.763619 ], [ -73.74877, 40.76408 ], [ -73.750722, 40.766512 ], [ -73.753469, 40.765445 ], [ -73.754047, 40.766076 ], [ -73.757988, 40.768397 ], [ -73.758379384667506, 40.769555551730008 ], [ -73.758885, 40.769118 ], [ -73.761360381472201, 40.771126573996909 ], [ -73.761588597699898, 40.771311753204998 ], [ -73.763502104127298, 40.772864410561603 ], [ -73.763586586147298, 40.772932960961008 ], [ -73.76554, 40.774518 ], [ -73.766115405830703, 40.776043234077299 ], [ -73.767034859614597, 40.7784804395572 ], [ -73.767441, 40.779557 ], [ -73.767545145468404, 40.779657609991901 ], [ -73.77033879341991, 40.782356420627202 ], [ -73.774078759154705, 40.785969423938894 ], [ -73.774334, 40.786216 ], [ -73.774138909725394, 40.786320279879497 ], [ -73.776553, 40.78763 ], [ -73.781205, 40.789588 ], [ -73.781715, 40.79053 ], [ -73.782229, 40.789127 ], [ -73.78227, 40.788661 ], [ -73.783529, 40.788745 ], [ -73.78237, 40.782969 ], [ -73.785422, 40.782385 ], [ -73.787127, 40.785357 ], [ -73.790583, 40.788129 ], [ -73.793896, 40.786636 ], [ -73.79494, 40.786275 ], [ -73.794398, 40.782255 ], [ -73.794325, 40.781892 ], [ -73.793348, 40.777019 ], [ -73.793187, 40.776205 ], [ -73.792713, 40.773788 ], [ -73.793652, 40.77336 ], [ -73.795657, 40.773031 ], [ -73.795134, 40.772649 ], [ -73.793237, 40.770468 ], [ -73.793179, 40.770403 ], [ -73.791902, 40.768936 ], [ -73.789636, 40.766142 ], [ -73.788075, 40.764199 ], [ -73.785853, 40.763014 ], [ -73.785707, 40.762937 ], [ -73.785274, 40.761842 ], [ -73.783077, 40.762029 ], [ -73.779031, 40.76238 ], [ -73.778025, 40.760403 ], [ -73.777403, 40.758214 ], [ -73.777667, 40.758148 ], [ -73.777417, 40.757362 ], [ -73.782481, 40.755997 ], [ -73.782125, 40.755339 ], [ -73.780532, 40.753329 ], [ -73.779806, 40.751895 ], [ -73.778312, 40.748745 ], [ -73.775943, 40.743819 ] ] ] } },
{ "type": "Feature", "properties": { "NTAName": "Pomonok-Electchester-Hillcrest", "total_pop": 90020.0, "chinese_pop": 22461.0, "chinese_pct": 24.951121972894914 }, "geometry": { "type": "Polygon", "coordinates": [ [ [ -73.833071, 40.729919 ], [ -73.8317, 40.728034 ], [ -73.8294, 40.728285 ], [ -73.828524, 40.728559 ], [ -73.827546, 40.728864 ], [ -73.825506, 40.729445 ], [ -73.824881, 40.729607 ], [ -73.823537, 40.729999 ], [ -73.821853, 40.726675 ], [ -73.817492, 40.727879 ], [ -73.817171, 40.72727 ], [ -73.816146, 40.725271 ], [ -73.815807, 40.724606 ], [ -73.81512, 40.72328 ], [ -73.819425, 40.721997 ], [ -73.819088, 40.721331 ], [ -73.818401, 40.720002 ], [ -73.818073, 40.719333 ], [ -73.817186, 40.717662 ], [ -73.819305, 40.717136 ], [ -73.820323, 40.71666 ], [ -73.817817, 40.715843 ], [ -73.816442, 40.715785 ], [ -73.816441, 40.715887 ], [ -73.807822, 40.715911 ], [ -73.807774, 40.715716 ], [ -73.807422, 40.714325 ], [ -73.806929, 40.713643 ], [ -73.806654, 40.71295 ], [ -73.806457, 40.712056 ], [ -73.802593, 40.712539 ], [ -73.801384, 40.712674 ], [ -73.802111, 40.713926 ], [ -73.801228, 40.714223 ], [ -73.799272, 40.711376 ], [ -73.798701, 40.710663 ], [ -73.797807, 40.710982 ], [ -73.798335, 40.712908 ], [ -73.797262, 40.713157 ], [ -73.7965, 40.713554 ], [ -73.797484, 40.715789 ], [ -73.797963, 40.717162 ], [ -73.796475, 40.717592 ], [ -73.795825, 40.716267 ], [ -73.793903, 40.71237 ], [ -73.793214, 40.712608 ], [ -73.793621, 40.713975 ], [ -73.791263, 40.718669 ], [ -73.790896, 40.718876 ], [ -73.790708, 40.719269 ], [ -73.78975, 40.719271 ], [ -73.78864, 40.719306 ], [ -73.78499, 40.719972 ], [ -73.780361, 40.720527 ], [ -73.777385, 40.722442 ], [ -73.777876, 40.723037 ], [ -73.778038, 40.723284 ], [ -73.776338, 40.724469 ], [ -73.775234, 40.725238 ], [ -73.777575, 40.730193 ], [ -73.779365, 40.729702 ], [ -73.781161, 40.729213 ], [ -73.78655, 40.727445 ], [ -73.788209, 40.731363 ], [ -73.786499, 40.731972 ], [ -73.7876, 40.734289 ], [ -73.788453, 40.736095 ], [ -73.787574, 40.736336 ], [ -73.788532, 40.738351 ], [ -73.787653, 40.738593 ], [ -73.788367, 40.740119 ], [ -73.786574, 40.740611 ], [ -73.786713, 40.740911 ], [ -73.792916, 40.739217 ], [ -73.796302, 40.738333 ], [ -73.796408, 40.738593 ], [ -73.797177, 40.739987 ], [ -73.797224, 40.740098 ], [ -73.797268, 40.740564 ], [ -73.796951, 40.741933 ], [ -73.799384, 40.742221 ], [ -73.805413, 40.742105 ], [ -73.807298, 40.741994 ], [ -73.808238, 40.742011 ], [ -73.814309, 40.742974 ], [ -73.813758, 40.745746 ], [ -73.814162, 40.746139 ], [ -73.815373, 40.747218 ], [ -73.81782, 40.747385 ], [ -73.81962, 40.748042 ], [ -73.821319, 40.748758 ], [ -73.822396, 40.749864 ], [ -73.823213, 40.750708 ], [ -73.824233, 40.751855 ], [ -73.825697, 40.750998 ], [ -73.825844, 40.749348 ], [ -73.825986, 40.748311 ], [ -73.823256, 40.747528 ], [ -73.82334, 40.746652 ], [ -73.823843, 40.745097 ], [ -73.824262, 40.744421 ], [ -73.825383, 40.742295 ], [ -73.826663, 40.742576 ], [ -73.830311, 40.742972 ], [ -73.835925, 40.743501 ], [ -73.835861, 40.743228 ], [ -73.831131, 40.742338 ], [ -73.83122, 40.740953 ], [ -73.830536, 40.73752 ], [ -73.828053, 40.738556 ], [ -73.824812, 40.739631 ], [ -73.82532, 40.735121 ], [ -73.825394, 40.734055 ], [ -73.825665, 40.73228 ], [ -73.827425, 40.73193 ], [ -73.829264, 40.731564 ], [ -73.833863, 40.730553 ], [ -73.833071, 40.729919 ] ] ] } },
{ "type": "Feature", "properties": { "NTAName": "Lower East Side", "total_pop": 83669.0, "chinese_pop": 20817.0, "chinese_pct": 24.880182624388961 }, "geometry": { "type": "Polygon", "coordinates": [ [ [ -73.991794, 40.726391 ], [ -73.991548, 40.727089 ], [ -73.993147, 40.727867 ], [ -73.994252, 40.728412 ], [ -73.994751, 40.727819 ], [ -73.995844, 40.726526 ], [ -73.996772, 40.725432 ], [ -73.998812, 40.723021 ], [ -73.997123, 40.722301 ], [ -73.997655, 40.720836 ], [ -73.998524, 40.719786 ], [ -73.999234, 40.718913 ], [ -73.999423, 40.71868 ], [ -73.999956, 40.718017 ], [ -73.999313, 40.71755 ], [ -73.998589, 40.717099 ], [ -73.997763, 40.716814 ], [ -73.996984, 40.716541 ], [ -73.996059, 40.716232 ], [ -73.997504, 40.714069 ], [ -73.99484, 40.714209 ], [ -73.99414, 40.714269 ], [ -73.993016, 40.714356 ], [ -73.992562, 40.714388 ], [ -73.99022, 40.714405 ], [ -73.989337, 40.714133 ], [ -73.987165, 40.714312 ], [ -73.987062, 40.713638 ], [ -73.986926, 40.712903 ], [ -73.986742, 40.711536 ], [ -73.986546, 40.709297 ], [ -73.98653, 40.704979 ], [ -73.984189, 40.705582 ], [ -73.982033, 40.705515 ], [ -73.980987, 40.705374 ], [ -73.980907, 40.705907 ], [ -73.979233, 40.705769 ], [ -73.975476, 40.707492 ], [ -73.972789, 40.709378 ], [ -73.970318, 40.707332 ], [ -73.969613, 40.707634 ], [ -73.969941, 40.70931 ], [ -73.969612, 40.71016 ], [ -73.96905, 40.712482 ], [ -73.968861, 40.71265 ], [ -73.968469, 40.712999 ], [ -73.96837, 40.714127 ], [ -73.967716, 40.71604 ], [ -73.967578, 40.716496 ], [ -73.966511, 40.717917 ], [ -73.972869, 40.720725 ], [ -73.974763, 40.721596 ], [ -73.976893, 40.722498 ], [ -73.977683, 40.72142 ], [ -73.978231, 40.720674 ], [ -73.980607, 40.721678 ], [ -73.982964, 40.722671 ], [ -73.985286, 40.723649 ], [ -73.987502, 40.724584 ], [ -73.98987, 40.725582 ], [ -73.991794, 40.726391 ] ] ] } },
{ "type": "Feature", "properties": { "NTAName": "Alley Pond Park", "total_pop": 38720.0, "chinese_pop": 9547.0, "chinese_pct": 24.656508264462808 }, "geometry": { "type": "Polygon", "coordinates": [ [ [ -73.756343, 40.738993 ], [ -73.755532, 40.737272 ], [ -73.756216, 40.736543 ], [ -73.755196, 40.734302 ], [ -73.752658, 40.734732 ], [ -73.746541, 40.735778 ], [ -73.742602, 40.736632 ], [ -73.741676, 40.736827 ], [ -73.740159, 40.737169 ], [ -73.735881, 40.73808 ], [ -73.733773, 40.738899 ], [ -73.734362, 40.736175 ], [ -73.734736, 40.734783 ], [ -73.735265, 40.733454 ], [ -73.732186, 40.732867 ], [ -73.731277, 40.732714 ], [ -73.731944, 40.730926 ], [ -73.727734, 40.731058 ], [ -73.726366, 40.733455 ], [ -73.726112, 40.736382 ], [ -73.72751, 40.740688 ], [ -73.726729, 40.740785 ], [ -73.726569, 40.740823 ], [ -73.724883, 40.741387 ], [ -73.726042, 40.743456 ], [ -73.726469, 40.744206 ], [ -73.724074, 40.745566 ], [ -73.718944, 40.746944 ], [ -73.719887, 40.74937 ], [ -73.722679, 40.748695 ], [ -73.723155, 40.749733 ], [ -73.72768, 40.749639 ], [ -73.728291, 40.747459 ], [ -73.728649, 40.748068 ], [ -73.727962, 40.750026 ], [ -73.725764, 40.752189 ], [ -73.726232, 40.752595 ], [ -73.728399, 40.755199 ], [ -73.728709, 40.755674 ], [ -73.730612, 40.758342 ], [ -73.730976, 40.758836 ], [ -73.731862, 40.760542 ], [ -73.73542, 40.76485 ], [ -73.737007, 40.767691 ], [ -73.737539, 40.768402 ], [ -73.73695, 40.768906 ], [ -73.735493, 40.770674 ], [ -73.733962, 40.772449 ], [ -73.739428, 40.775817 ], [ -73.739376, 40.776014 ], [ -73.742037, 40.773924 ], [ -73.744398, 40.772044 ], [ -73.752195, 40.766017 ], [ -73.753469, 40.765445 ], [ -73.754047, 40.766076 ], [ -73.757988, 40.768397 ], [ -73.758379384667506, 40.769555551730008 ], [ -73.758885, 40.769118 ], [ -73.761360381472201, 40.771126573996909 ], [ -73.761588597699898, 40.771311753204998 ], [ -73.763502104127298, 40.772864410561603 ], [ -73.763586586147298, 40.772932960961008 ], [ -73.763681, 40.771839 ], [ -73.766272, 40.771199 ], [ -73.770169, 40.769738 ], [ -73.769849, 40.768602 ], [ -73.769406, 40.767079 ], [ -73.76813, 40.765966 ], [ -73.767807, 40.764847 ], [ -73.768347, 40.76343 ], [ -73.766405, 40.76362 ], [ -73.768192, 40.762837 ], [ -73.76752, 40.760492 ], [ -73.769337, 40.760254 ], [ -73.768276, 40.758261 ], [ -73.764242, 40.759104 ], [ -73.763337, 40.759294 ], [ -73.762395, 40.759497 ], [ -73.761997, 40.758102 ], [ -73.761927, 40.755773 ], [ -73.760802, 40.754548 ], [ -73.759931, 40.752745 ], [ -73.75944, 40.752403 ], [ -73.757827, 40.750758 ], [ -73.757377, 40.750228 ], [ -73.756866, 40.749361 ], [ -73.756698, 40.749076 ], [ -73.755801, 40.747332 ], [ -73.754951, 40.745618 ], [ -73.754788, 40.745277 ], [ -73.753978, 40.743518 ], [ -73.753473, 40.742405 ], [ -73.757353, 40.741116 ], [ -73.756343, 40.738993 ] ] ] } },
{ "type": "Feature", "properties": { "NTAName": "Whitestone-Beechhurst", "total_pop": 59743.0, "chinese_pop": 14661.0, "chinese_pct": 24.54011348609879 }, "geometry": { "type": "Polygon", "coordinates": [ [ [ -73.839923, 40.79065 ], [ -73.840083, 40.787849 ], [ -73.838244, 40.787786 ], [ -73.838699, 40.781677 ], [ -73.837776, 40.781652 ], [ -73.826785, 40.781668 ], [ -73.825697, 40.781691 ], [ -73.825285, 40.781697 ], [ -73.825916, 40.780518 ], [ -73.826235, 40.779921 ], [ -73.828528, 40.776007 ], [ -73.829279, 40.774882 ], [ -73.830157, 40.773825 ], [ -73.831713, 40.772474 ], [ -73.830585, 40.771639 ], [ -73.830546, 40.770224 ], [ -73.829571, 40.770711 ], [ -73.826566, 40.770642 ], [ -73.826558, 40.770137 ], [ -73.824669, 40.770407 ], [ -73.821897, 40.77082 ], [ -73.817293, 40.771478 ], [ -73.813227, 40.771573 ], [ -73.813171, 40.772765 ], [ -73.815488, 40.772948 ], [ -73.815053, 40.775066 ], [ -73.814943, 40.775862 ], [ -73.814859, 40.776486 ], [ -73.809452, 40.776058 ], [ -73.80379, 40.77561 ], [ -73.798233, 40.774848 ], [ -73.797243, 40.773894 ], [ -73.795657, 40.773031 ], [ -73.793652, 40.77336 ], [ -73.792713, 40.773788 ], [ -73.789842, 40.774687 ], [ -73.785694, 40.775813 ], [ -73.784593, 40.776141 ], [ -73.784729, 40.778987 ], [ -73.785284, 40.781959 ], [ -73.785422, 40.782385 ], [ -73.78237, 40.782969 ], [ -73.783529, 40.788745 ], [ -73.78227, 40.788661 ], [ -73.782229, 40.789127 ], [ -73.781715, 40.79053 ], [ -73.782388, 40.791376 ], [ -73.781234, 40.791485 ], [ -73.7807, 40.793649 ], [ -73.781738032220701, 40.795385340308499 ], [ -73.786422499002299, 40.801457355595105 ], [ -73.787918, 40.800362 ], [ -73.793559, 40.80038 ], [ -73.799745, 40.802199 ], [ -73.811299, 40.805397 ], [ -73.817418, 40.80579 ], [ -73.823438, 40.80481 ], [ -73.827583, 40.803936 ], [ -73.830676, 40.803108 ], [ -73.835409, 40.802199 ], [ -73.832354, 40.79637 ], [ -73.839037, 40.797052 ], [ -73.838434, 40.796787 ], [ -73.836633, 40.792516 ], [ -73.840678, 40.793908 ], [ -73.839923, 40.79065 ] ] ] } },
{ "type": "Feature", "properties": { "NTAName": "Flushing Meadows-Corona Park", "total_pop": 75276.0, "chinese_pop": 18173.0, "chinese_pct": 24.141824751580849 }, "geometry": { "type": "Polygon", "coordinates": [ [ [ -73.814968, 40.73855 ], [ -73.815057, 40.738987 ], [ -73.815922, 40.739184 ], [ -73.81951, 40.74036 ], [ -73.825383, 40.742295 ], [ -73.824262, 40.744421 ], [ -73.827414, 40.744735 ], [ -73.827294, 40.745436 ], [ -73.829301, 40.745633 ], [ -73.829418, 40.744932 ], [ -73.831422, 40.745127 ], [ -73.830609, 40.749026 ], [ -73.829436, 40.749205 ], [ -73.827656, 40.749861 ], [ -73.825844, 40.749348 ], [ -73.825697, 40.750998 ], [ -73.826362, 40.751859 ], [ -73.826887, 40.75249 ], [ -73.825508, 40.753 ], [ -73.826082, 40.753529 ], [ -73.827144, 40.75451 ], [ -73.827825, 40.754251 ], [ -73.829867, 40.753495 ], [ -73.830138, 40.753915 ], [ -73.829961, 40.754768 ], [ -73.830748, 40.755744 ], [ -73.833103, 40.754661 ], [ -73.833678, 40.756321 ], [ -73.829469, 40.758194 ], [ -73.829623, 40.758515 ], [ -73.82974, 40.758749 ], [ -73.83014, 40.75957 ], [ -73.826541, 40.760464 ], [ -73.827516, 40.762421 ], [ -73.831119, 40.761548 ], [ -73.832744, 40.760949 ], [ -73.832993, 40.760855 ], [ -73.834922, 40.760255 ], [ -73.835593, 40.762853 ], [ -73.836917, 40.762767 ], [ -73.838264, 40.764934 ], [ -73.839417, 40.765428 ], [ -73.84075, 40.765819 ], [ -73.847052, 40.763825 ], [ -73.848515, 40.763822 ], [ -73.849215, 40.764209 ], [ -73.850281, 40.76606 ], [ -73.853702, 40.76948 ], [ -73.852642, 40.77208 ], [ -73.852897, 40.775457 ], [ -73.860505, 40.778984 ], [ -73.86542, 40.78497 ], [ -73.871631, 40.786798 ], [ -73.873088, 40.785855 ], [ -73.876973, 40.785778 ], [ -73.878307, 40.785357 ], [ -73.885303, 40.786685 ], [ -73.889428, 40.78057 ], [ -73.8919, 40.776755 ], [ -73.890459, 40.77755 ], [ -73.889077, 40.773574 ], [ -73.889424, 40.773046 ], [ -73.88904, 40.770916 ], [ -73.888726, 40.768916 ], [ -73.888461, 40.768859 ], [ -73.888252, 40.768658 ], [ -73.887818, 40.767202 ], [ -73.887731, 40.766915 ], [ -73.884319, 40.767982 ], [ -73.877876, 40.771151 ], [ -73.876119, 40.771629 ], [ -73.872596, 40.771831 ], [ -73.869569, 40.771087 ], [ -73.868002, 40.770255 ], [ -73.865983, 40.76886 ], [ -73.863123, 40.766302 ], [ -73.860937, 40.763729 ], [ -73.859756, 40.761836 ], [ -73.860522, 40.761426 ], [ -73.861563, 40.762648 ], [ -73.863496, 40.761558 ], [ -73.864335, 40.761143 ], [ -73.863175, 40.759778 ], [ -73.862807, 40.757759 ], [ -73.861906, 40.757795 ], [ -73.860999, 40.757825 ], [ -73.858561, 40.757912 ], [ -73.855608, 40.758305 ], [ -73.85464, 40.758466 ], [ -73.853654, 40.756835 ], [ -73.853126, 40.755109 ], [ -73.855799, 40.75441 ], [ -73.854556, 40.751962 ], [ -73.855835, 40.751577 ], [ -73.855139, 40.750226 ], [ -73.854421, 40.748805 ], [ -73.857323, 40.747922 ], [ -73.860262, 40.747069 ], [ -73.85956, 40.745724 ], [ -73.859081, 40.744783 ], [ -73.858874, 40.744395 ], [ -73.852918, 40.746171 ], [ -73.852241, 40.744841 ], [ -73.850525, 40.741514 ], [ -73.850116, 40.740724 ], [ -73.851701, 40.741173 ], [ -73.852358, 40.741375 ], [ -73.85264, 40.74071 ], [ -73.852878, 40.740038 ], [ -73.853129, 40.739374 ], [ -73.853392, 40.738689 ], [ -73.853717, 40.738075 ], [ -73.854215, 40.737233 ], [ -73.853734, 40.737326 ], [ -73.854181, 40.736954 ], [ -73.851914, 40.737426 ], [ -73.849582, 40.738186 ], [ -73.847558, 40.739064 ], [ -73.847325, 40.738771 ], [ -73.847214, 40.738644 ], [ -73.848607, 40.738105 ], [ -73.84876, 40.736356 ], [ -73.848047, 40.734967 ], [ -73.847008, 40.732947 ], [ -73.846667, 40.732283 ], [ -73.846325, 40.731616 ], [ -73.845987, 40.730955 ], [ -73.845765, 40.730262 ], [ -73.845158, 40.728901 ], [ -73.844617, 40.728295 ], [ -73.844277, 40.72763 ], [ -73.843934, 40.726965 ], [ -73.843594, 40.7263 ], [ -73.842909, 40.724971 ], [ -73.842225, 40.723642 ], [ -73.84154, 40.722314 ], [ -73.840858, 40.720984 ], [ -73.840852, 40.720065 ], [ -73.839812, 40.719602 ], [ -73.83792, 40.71875 ], [ -73.837015, 40.718331 ], [ -73.834962, 40.717172 ], [ -73.836727, 40.71574 ], [ -73.835517, 40.714651 ], [ -73.833763, 40.71313 ], [ -73.833634, 40.712989 ], [ -73.830982, 40.71431 ], [ -73.830082, 40.713914 ], [ -73.83038, 40.71362 ], [ -73.829314, 40.712423 ], [ -73.82913, 40.712154 ], [ -73.82836, 40.711129 ], [ -73.827785, 40.71066 ], [ -73.824933, 40.711783 ], [ -73.821122, 40.710091 ], [ -73.820662, 40.709869 ], [ -73.819459, 40.708396 ], [ -73.81915, 40.708428 ], [ -73.818831, 40.710384 ], [ -73.816842, 40.713475 ], [ -73.816534, 40.714226 ], [ -73.816433, 40.715644 ], [ -73.816442, 40.715785 ], [ -73.816441, 40.715887 ], [ -73.807822, 40.715911 ], [ -73.807844, 40.716 ], [ -73.808605, 40.718415 ], [ -73.80904, 40.719912 ], [ -73.811448, 40.719248 ], [ -73.812118, 40.719062 ], [ -73.81285, 40.718859 ], [ -73.815155, 40.718257 ], [ -73.817186, 40.717662 ], [ -73.818073, 40.719333 ], [ -73.818401, 40.720002 ], [ -73.819088, 40.721331 ], [ -73.819425, 40.721997 ], [ -73.820433, 40.723979 ], [ -73.821853, 40.726675 ], [ -73.823537, 40.729999 ], [ -73.8215, 40.730604 ], [ -73.819249, 40.731277 ], [ -73.816274, 40.731989 ], [ -73.814916, 40.732038 ], [ -73.8148, 40.733783 ], [ -73.814775, 40.734582 ], [ -73.814694, 40.737154 ], [ -73.814968, 40.73855 ] ] ] } },
{ "type": "Feature", "properties": { "NTAName": "Oakland Gardens-Hollis Hills", "total_pop": 45154.0, "chinese_pop": 10835.0, "chinese_pct": 23.995659299286885 }, "geometry": { "type": "Polygon", "coordinates": [ [ [ -73.771638, 40.744197 ], [ -73.772445, 40.74392 ], [ -73.775759, 40.743367 ], [ -73.772861, 40.736276 ], [ -73.770107, 40.731779 ], [ -73.771527, 40.731522 ], [ -73.774913, 40.730913 ], [ -73.777575, 40.730193 ], [ -73.775234, 40.725238 ], [ -73.776338, 40.724469 ], [ -73.778038, 40.723284 ], [ -73.777876, 40.723037 ], [ -73.777385, 40.722442 ], [ -73.776056, 40.723356 ], [ -73.77359, 40.724742 ], [ -73.766244, 40.726403 ], [ -73.7647, 40.726479 ], [ -73.760818, 40.725962 ], [ -73.759988, 40.725879 ], [ -73.75688, 40.726279 ], [ -73.75671, 40.726179 ], [ -73.756028, 40.725596 ], [ -73.755244, 40.724783 ], [ -73.754969, 40.72416 ], [ -73.753354, 40.725144 ], [ -73.751912, 40.723947 ], [ -73.748917, 40.725764 ], [ -73.744588, 40.728586 ], [ -73.742421, 40.729919 ], [ -73.739049, 40.729165 ], [ -73.738402, 40.729012 ], [ -73.737155, 40.728732 ], [ -73.736594, 40.730356 ], [ -73.736481, 40.730657 ], [ -73.736317, 40.731043 ], [ -73.736192, 40.731366 ], [ -73.735265, 40.733454 ], [ -73.732186, 40.732867 ], [ -73.731277, 40.732714 ], [ -73.731944, 40.730926 ], [ -73.727734, 40.731058 ], [ -73.726366, 40.733455 ], [ -73.726112, 40.736382 ], [ -73.72751, 40.740688 ], [ -73.726729, 40.740785 ], [ -73.726569, 40.740823 ], [ -73.724883, 40.741387 ], [ -73.726042, 40.743456 ], [ -73.726469, 40.744206 ], [ -73.724074, 40.745566 ], [ -73.718944, 40.746944 ], [ -73.719887, 40.74937 ], [ -73.722679, 40.748695 ], [ -73.723155, 40.749733 ], [ -73.72768, 40.749639 ], [ -73.728291, 40.747459 ], [ -73.728649, 40.748068 ], [ -73.729219, 40.746954 ], [ -73.732325, 40.743645 ], [ -73.732703, 40.743854 ], [ -73.733763, 40.742869 ], [ -73.734362, 40.743628 ], [ -73.735018, 40.744888 ], [ -73.735038, 40.745526 ], [ -73.73543, 40.747161 ], [ -73.737189, 40.748221 ], [ -73.741724, 40.753282 ], [ -73.741362, 40.754469 ], [ -73.739793, 40.755399 ], [ -73.739381, 40.755761 ], [ -73.739263, 40.756917 ], [ -73.739706, 40.756623 ], [ -73.741208, 40.756205 ], [ -73.746592, 40.763907 ], [ -73.750488, 40.762959 ], [ -73.750786, 40.763619 ], [ -73.74877, 40.76408 ], [ -73.750722, 40.766512 ], [ -73.753469, 40.765445 ], [ -73.75377, 40.765305 ], [ -73.754493, 40.764973 ], [ -73.758625, 40.764383 ], [ -73.759206, 40.764321 ], [ -73.757888, 40.762657 ], [ -73.758115, 40.762054 ], [ -73.758481, 40.761995 ], [ -73.758001, 40.76038 ], [ -73.760318, 40.759905 ], [ -73.762395, 40.759497 ], [ -73.761997, 40.758102 ], [ -73.761927, 40.755773 ], [ -73.760802, 40.754548 ], [ -73.759931, 40.752745 ], [ -73.75944, 40.752403 ], [ -73.761485, 40.75174 ], [ -73.763869, 40.752222 ], [ -73.764598, 40.752596 ], [ -73.764736, 40.75246 ], [ -73.76738, 40.751744 ], [ -73.771114, 40.75072 ], [ -73.77417, 40.749878 ], [ -73.772082, 40.745518 ], [ -73.771638, 40.744197 ] ] ] } },
{ "type": "Feature", "properties": { "NTAName": "Cunningham Park", "total_pop": 36128.0, "chinese_pop": 8279.0, "chinese_pct": 22.915744021257751 }, "geometry": { "type": "Polygon", "coordinates": [ [ [ -73.790509, 40.723471 ], [ -73.790402, 40.720095 ], [ -73.790708, 40.719269 ], [ -73.78975, 40.719271 ], [ -73.78864, 40.719306 ], [ -73.78499, 40.719972 ], [ -73.780361, 40.720527 ], [ -73.777385, 40.722442 ], [ -73.776801, 40.72176 ], [ -73.775511, 40.719094 ], [ -73.775197, 40.718461 ], [ -73.774252, 40.718483 ], [ -73.772526, 40.717634 ], [ -73.771019, 40.717967 ], [ -73.771132, 40.71912 ], [ -73.771375, 40.720326 ], [ -73.770592, 40.721058 ], [ -73.770279, 40.721522 ], [ -73.768209, 40.721711 ], [ -73.767924, 40.721804 ], [ -73.766263, 40.72243 ], [ -73.764895, 40.722392 ], [ -73.765403, 40.724287 ], [ -73.764796, 40.724684 ], [ -73.762557, 40.723521 ], [ -73.76086, 40.722536 ], [ -73.759997, 40.721759 ], [ -73.759441, 40.721063 ], [ -73.755771, 40.72364 ], [ -73.754969, 40.72416 ], [ -73.755244, 40.724783 ], [ -73.756028, 40.725596 ], [ -73.75671, 40.726179 ], [ -73.75688, 40.726279 ], [ -73.756783, 40.726306 ], [ -73.754548, 40.727076 ], [ -73.752637, 40.727988 ], [ -73.750658, 40.729195 ], [ -73.747338, 40.732036 ], [ -73.746738, 40.732583 ], [ -73.743065, 40.735465 ], [ -73.741676, 40.736827 ], [ -73.742602, 40.736632 ], [ -73.746541, 40.735778 ], [ -73.752658, 40.734732 ], [ -73.755196, 40.734302 ], [ -73.756216, 40.736543 ], [ -73.755532, 40.737272 ], [ -73.756343, 40.738993 ], [ -73.757353, 40.741116 ], [ -73.753473, 40.742405 ], [ -73.753978, 40.743518 ], [ -73.754788, 40.745277 ], [ -73.754951, 40.745618 ], [ -73.755801, 40.747332 ], [ -73.756698, 40.749076 ], [ -73.756866, 40.749361 ], [ -73.76147, 40.747549 ], [ -73.765034, 40.746567 ], [ -73.765142, 40.74678 ], [ -73.765931, 40.748524 ], [ -73.76738, 40.751744 ], [ -73.771114, 40.75072 ], [ -73.77417, 40.749878 ], [ -73.774336, 40.74983 ], [ -73.778312, 40.748745 ], [ -73.775943, 40.743819 ], [ -73.775759, 40.743367 ], [ -73.780409, 40.742631 ], [ -73.783132, 40.7419 ], [ -73.782081, 40.741848 ], [ -73.782101, 40.740407 ], [ -73.782224, 40.740085 ], [ -73.780404, 40.73831 ], [ -73.781606, 40.737979 ], [ -73.780779, 40.736284 ], [ -73.783747, 40.735352 ], [ -73.783885, 40.734875 ], [ -73.783025, 40.733131 ], [ -73.786499, 40.731972 ], [ -73.788209, 40.731363 ], [ -73.78655, 40.727445 ], [ -73.789459, 40.726493 ], [ -73.791745, 40.725776 ], [ -73.790509, 40.723471 ] ] ] } },
{ "type": "Feature", "properties": { "NTAName": "SoHo-Little Italy-Hudson Square", "total_pop": 71636.0, "chinese_pop": 15534.0, "chinese_pct": 21.684627840750462 }, "geometry": { "type": "Polygon", "coordinates": [ [ [ -73.994252, 40.728412 ], [ -73.995061, 40.72881 ], [ -73.996572, 40.729552 ], [ -73.995563, 40.730715 ], [ -73.996974, 40.731409 ], [ -74.000066, 40.732929 ], [ -74.000954, 40.731706 ], [ -74.002124, 40.732841 ], [ -74.003471, 40.732373 ], [ -74.003612, 40.732324 ], [ -74.005706, 40.731627 ], [ -74.006624, 40.731669 ], [ -74.006407, 40.733054 ], [ -74.007523, 40.732852 ], [ -74.008634, 40.732643 ], [ -74.010255, 40.732398 ], [ -74.010997, 40.732321 ], [ -74.020062158536106, 40.732759038579999 ], [ -74.020638456242594, 40.730390867675901 ], [ -74.020967923496897, 40.72903699318239 ], [ -74.021311745288401, 40.727624131819695 ], [ -74.02135124500461, 40.727461816270804 ], [ -74.021831824578598, 40.725486978350105 ], [ -74.021889292158903, 40.725250827745903 ], [ -74.022288612818002, 40.723609905778709 ], [ -74.023066321902505, 40.720414078335402 ], [ -74.016864, 40.719611 ], [ -74.013046, 40.719086 ], [ -74.012292, 40.719039 ], [ -74.012731, 40.717114 ], [ -74.010968, 40.716303 ], [ -74.010834, 40.716925 ], [ -74.009205, 40.716188 ], [ -74.008823, 40.716014 ], [ -74.007544, 40.715433 ], [ -74.005889, 40.714678 ], [ -74.004533, 40.71628 ], [ -74.004026, 40.716871 ], [ -74.001884, 40.719398 ], [ -74.001273, 40.718961 ], [ -73.999956, 40.718017 ], [ -73.999313, 40.71755 ], [ -73.998589, 40.717099 ], [ -73.997763, 40.716814 ], [ -73.996984, 40.716541 ], [ -73.996059, 40.716232 ], [ -73.997504, 40.714069 ], [ -73.99484, 40.714209 ], [ -73.99414, 40.714269 ], [ -73.993016, 40.714356 ], [ -73.992562, 40.714388 ], [ -73.99022, 40.714405 ], [ -73.989754, 40.715553 ], [ -73.989155, 40.716708 ], [ -73.988367, 40.716446 ], [ -73.987879, 40.717409 ], [ -73.98736, 40.71837 ], [ -73.986752, 40.719593 ], [ -73.987542, 40.719833 ], [ -73.989114, 40.720308 ], [ -73.989857, 40.720533 ], [ -73.990629, 40.720766 ], [ -73.991506, 40.721028 ], [ -73.993523, 40.721632 ], [ -73.993259, 40.722353 ], [ -73.992604, 40.724136 ], [ -73.992326, 40.724909 ], [ -73.992209, 40.725231 ], [ -73.991794, 40.726391 ], [ -73.991548, 40.727089 ], [ -73.993147, 40.727867 ], [ -73.994252, 40.728412 ] ] ] } },
{ "type": "Feature", "properties": { "NTAName": "Douglaston-Little Neck", "total_pop": 37990.0, "chinese_pop": 8144.0, "chinese_pct": 21.43722032113714 }, "geometry": { "type": "Polygon", "coordinates": [ [ [ -73.769849, 40.768602 ], [ -73.769406, 40.767079 ], [ -73.76813, 40.765966 ], [ -73.767807, 40.764847 ], [ -73.768347, 40.76343 ], [ -73.766405, 40.76362 ], [ -73.761241, 40.764167 ], [ -73.759206, 40.764321 ], [ -73.757888, 40.762657 ], [ -73.758115, 40.762054 ], [ -73.758481, 40.761995 ], [ -73.758001, 40.76038 ], [ -73.756821, 40.759735 ], [ -73.75585, 40.757765 ], [ -73.752303, 40.759455 ], [ -73.750048, 40.758405 ], [ -73.747111, 40.754173 ], [ -73.747741, 40.75385 ], [ -73.747099, 40.752347 ], [ -73.746808, 40.752028 ], [ -73.745779, 40.751561 ], [ -73.744151, 40.748217 ], [ -73.743967, 40.74763 ], [ -73.745931, 40.745716 ], [ -73.744776, 40.743281 ], [ -73.747849, 40.743296 ], [ -73.748877, 40.743288 ], [ -73.753473, 40.742405 ], [ -73.75139, 40.740194 ], [ -73.749968, 40.739746 ], [ -73.743962, 40.740789 ], [ -73.743719, 40.739383 ], [ -73.743375, 40.738885 ], [ -73.743068, 40.738441 ], [ -73.740195, 40.739031 ], [ -73.740291, 40.738517 ], [ -73.741676, 40.736827 ], [ -73.740159, 40.737169 ], [ -73.735881, 40.73808 ], [ -73.733773, 40.738899 ], [ -73.734362, 40.736175 ], [ -73.734736, 40.734783 ], [ -73.735265, 40.733454 ], [ -73.732186, 40.732867 ], [ -73.731277, 40.732714 ], [ -73.731944, 40.730926 ], [ -73.727734, 40.731058 ], [ -73.726366, 40.733455 ], [ -73.726112, 40.736382 ], [ -73.72751, 40.740688 ], [ -73.726729, 40.740785 ], [ -73.726569, 40.740823 ], [ -73.724883, 40.741387 ], [ -73.726042, 40.743456 ], [ -73.726469, 40.744206 ], [ -73.724074, 40.745566 ], [ -73.718944, 40.746944 ], [ -73.714771, 40.749134 ], [ -73.715024, 40.749851 ], [ -73.713731, 40.751029 ], [ -73.712769, 40.751912 ], [ -73.707825, 40.756216 ], [ -73.713325, 40.75973 ], [ -73.721059, 40.764499 ], [ -73.721616, 40.764841 ], [ -73.727993, 40.76878 ], [ -73.729524, 40.769734 ], [ -73.733962, 40.772449 ], [ -73.739428, 40.775817 ], [ -73.739376, 40.776014 ], [ -73.74008, 40.776209 ], [ -73.749664, 40.782106 ], [ -73.751451010087393, 40.782468100375198 ], [ -73.753001862574493, 40.781125613100507 ], [ -73.754340260325804, 40.779967036147205 ], [ -73.754606, 40.779737 ], [ -73.755426369416796, 40.777701196992297 ], [ -73.755473596396996, 40.777584 ], [ -73.755881, 40.776573 ], [ -73.754259858241696, 40.774288829477598 ], [ -73.753656, 40.773438 ], [ -73.755557, 40.771998 ], [ -73.755879347219306, 40.771719045675603 ], [ -73.758379384667506, 40.769555551730008 ], [ -73.758885, 40.769118 ], [ -73.761360381472201, 40.771126573996909 ], [ -73.761588597699898, 40.771311753204998 ], [ -73.763502104127298, 40.772864410561603 ], [ -73.763586586147298, 40.772932960961008 ], [ -73.763681, 40.771839 ], [ -73.766272, 40.771199 ], [ -73.770169, 40.769738 ], [ -73.769849, 40.768602 ] ] ] } },
{ "type": "Feature", "properties": { "NTAName": "Downtown Brooklyn-DUMBO-Boerum Hill", "total_pop": 119465.0, "chinese_pop": 24892.0, "chinese_pct": 20.83622818398694 }, "geometry": { "type": "Polygon", "coordinates": [ [ [ -73.998189, 40.6867 ], [ -73.996358, 40.686096 ], [ -73.994408, 40.685453 ], [ -73.994091, 40.686114 ], [ -73.99393, 40.686453 ], [ -73.991332, 40.685448 ], [ -73.989129, 40.68459 ], [ -73.989556, 40.683956 ], [ -73.990424, 40.682694 ], [ -73.987279, 40.681467 ], [ -73.987668, 40.680818 ], [ -73.986104, 40.681009 ], [ -73.985231, 40.68228 ], [ -73.984797, 40.682909 ], [ -73.984375, 40.683543 ], [ -73.983953, 40.684182 ], [ -73.981993, 40.683418 ], [ -73.979605, 40.682489 ], [ -73.978743, 40.68376 ], [ -73.978337, 40.684395 ], [ -73.978026, 40.684864 ], [ -73.977457, 40.684052 ], [ -73.975929, 40.683505 ], [ -73.97378, 40.683061 ], [ -73.973922, 40.683756 ], [ -73.974281, 40.685513 ], [ -73.974616, 40.687191 ], [ -73.975106, 40.689698 ], [ -73.977098, 40.689773 ], [ -73.97766, 40.691898 ], [ -73.977827, 40.693438 ], [ -73.975848, 40.693361 ], [ -73.975987, 40.694089 ], [ -73.976188, 40.695098 ], [ -73.976443, 40.696371 ], [ -73.975486, 40.696315 ], [ -73.973485, 40.696246 ], [ -73.97247, 40.696207 ], [ -73.971462, 40.696187 ], [ -73.969399, 40.696093 ], [ -73.968406, 40.696047 ], [ -73.967416, 40.696028 ], [ -73.965156, 40.695972 ], [ -73.964508, 40.695926 ], [ -73.963624, 40.696341 ], [ -73.963709, 40.696588 ], [ -73.962839, 40.698039 ], [ -73.962179, 40.700221 ], [ -73.965204, 40.702623 ], [ -73.96721, 40.704256 ], [ -73.967616, 40.704961 ], [ -73.968389, 40.706829 ], [ -73.969613, 40.707634 ], [ -73.970318, 40.707332 ], [ -73.972789, 40.709378 ], [ -73.975933, 40.712907 ], [ -73.977245, 40.713153 ], [ -73.97929, 40.713762 ], [ -73.979962, 40.713973 ], [ -73.98165, 40.714461 ], [ -73.982453, 40.714699 ], [ -73.984706, 40.714512 ], [ -73.985344, 40.714462 ], [ -73.987165, 40.714312 ], [ -73.989337, 40.714133 ], [ -73.99022, 40.714405 ], [ -73.992562, 40.714388 ], [ -73.993016, 40.714356 ], [ -73.99414, 40.714269 ], [ -73.99484, 40.714209 ], [ -73.997504, 40.714069 ], [ -73.997117, 40.712799 ], [ -73.996947, 40.712072 ], [ -73.999701, 40.71178 ], [ -74.00051, 40.710984 ], [ -74.000776, 40.71064 ], [ -74.001419, 40.709815 ], [ -74.003311, 40.711315 ], [ -74.003537, 40.711495 ], [ -74.004229, 40.712025 ], [ -74.004291, 40.712908 ], [ -74.004858, 40.712453 ], [ -74.005589, 40.71217 ], [ -74.007018, 40.711784 ], [ -74.008601, 40.711392 ], [ -74.009063, 40.710887 ], [ -74.007745, 40.710221 ], [ -74.005512, 40.709093 ], [ -74.004817, 40.70839 ], [ -74.004328, 40.707824 ], [ -74.004057, 40.707437 ], [ -74.003137, 40.706248 ], [ -74.002409, 40.705471 ], [ -74.002162, 40.705361 ], [ -74.001775, 40.704963 ], [ -73.996173, 40.703364 ], [ -73.995138, 40.70298 ], [ -73.996698, 40.700877 ], [ -73.9975, 40.699653 ], [ -73.996001, 40.699007 ], [ -73.995122, 40.698767 ], [ -73.994292, 40.698535 ], [ -73.99271, 40.698097 ], [ -73.99302, 40.69746 ], [ -73.993785, 40.69587 ], [ -73.993978, 40.695463 ], [ -73.994298, 40.694792 ], [ -73.99508, 40.693147 ], [ -73.993103, 40.692846 ], [ -73.993736, 40.691535 ], [ -73.994361, 40.690239 ], [ -73.996233, 40.690758 ], [ -73.996874, 40.689433 ], [ -73.997562, 40.688 ], [ -73.998189, 40.6867 ] ] ] } },
{ "type": "Feature", "properties": { "NTAName": "Gravesend (South)", "total_pop": 70366.0, "chinese_pop": 14271.0, "chinese_pct": 20.281101668419407 }, "geometry": { "type": "Polygon", "coordinates": [ [ [ -73.951238, 40.584925 ], [ -73.951889, 40.585936 ], [ -73.952783, 40.587072 ], [ -73.952276, 40.587272 ], [ -73.952454, 40.588173 ], [ -73.953252, 40.587195 ], [ -73.955227, 40.587686 ], [ -73.956193, 40.587762 ], [ -73.957126, 40.587661 ], [ -73.958195, 40.587544 ], [ -73.959347, 40.587417 ], [ -73.96035, 40.587307 ], [ -73.960517, 40.589453 ], [ -73.96068, 40.591598 ], [ -73.960845, 40.593743 ], [ -73.964638, 40.593328 ], [ -73.965076, 40.595716 ], [ -73.967376, 40.595461 ], [ -73.968302, 40.59536 ], [ -73.969228, 40.595256 ], [ -73.970111, 40.594957 ], [ -73.971765, 40.595112 ], [ -73.971782, 40.593756 ], [ -73.975407, 40.594122 ], [ -73.977104, 40.594389 ], [ -73.978105, 40.594277 ], [ -73.979955, 40.594074 ], [ -73.980358, 40.596192 ], [ -73.980784, 40.598447 ], [ -73.981712, 40.598345 ], [ -73.982639, 40.598243 ], [ -73.983567, 40.59814 ], [ -73.984493, 40.598038 ], [ -73.985491, 40.59793 ], [ -73.985266, 40.596744 ], [ -73.985747, 40.597041 ], [ -73.987192, 40.597926 ], [ -73.988658, 40.5988 ], [ -73.989395, 40.599255 ], [ -73.99015, 40.599705 ], [ -73.991599, 40.600581 ], [ -73.993363, 40.598889 ], [ -73.995225, 40.597093 ], [ -73.996747, 40.595643 ], [ -73.995308, 40.594428 ], [ -73.996194, 40.593992 ], [ -73.997368, 40.593974 ], [ -73.998594, 40.593555 ], [ -74.001365059290706, 40.592284776111001 ], [ -74.001302417585606, 40.592171349793198 ], [ -74.000724, 40.591124 ], [ -74.000586991196997, 40.587071878301103 ], [ -74.000493745627097, 40.584314081802511 ], [ -74.000486, 40.584085 ], [ -74.001336186714894, 40.582534912100598 ], [ -73.990679, 40.58006 ], [ -73.990504, 40.578358 ], [ -73.986276, 40.578823 ], [ -73.984149, 40.579053 ], [ -73.983435, 40.575414 ], [ -73.981256, 40.575563 ], [ -73.981975, 40.579254 ], [ -73.977941, 40.579626 ], [ -73.976271, 40.579821 ], [ -73.974686, 40.579977 ], [ -73.974498, 40.581874 ], [ -73.974618, 40.582786 ], [ -73.974638, 40.583114 ], [ -73.970846, 40.58382 ], [ -73.969063, 40.584 ], [ -73.966614, 40.584575 ], [ -73.966777, 40.583904 ], [ -73.966894, 40.583348 ], [ -73.967335, 40.581515 ], [ -73.967602, 40.580362 ], [ -73.965945, 40.580689 ], [ -73.964652, 40.58096 ], [ -73.961943, 40.581535 ], [ -73.959943, 40.581959 ], [ -73.960027, 40.583209 ], [ -73.959006, 40.582866 ], [ -73.956851, 40.582859 ], [ -73.956536, 40.582659 ], [ -73.956041, 40.582736 ], [ -73.954143, 40.583105 ], [ -73.954032, 40.582517 ], [ -73.953419, 40.582609 ], [ -73.949409, 40.582435 ], [ -73.944308, 40.582201 ], [ -73.940947, 40.581913 ], [ -73.941394, 40.583337 ], [ -73.941472, 40.583797 ], [ -73.938738, 40.583899 ], [ -73.938942, 40.584985 ], [ -73.939033, 40.58541 ], [ -73.939139, 40.585983 ], [ -73.94106, 40.585661 ], [ -73.943866, 40.585298 ], [ -73.946692, 40.585073 ], [ -73.947636, 40.584999 ], [ -73.94987, 40.584856 ], [ -73.951238, 40.584925 ] ] ] } },
{ "type": "Feature", "properties": { "NTAName": "Barren Island-Floyd Bennett Field", "total_pop": 20.0, "chinese_pop": 4.0, "chinese_pct": 20.0 }, "geometry": { "type": "Polygon", "coordinates": [ [ [ -73.919296, 40.606947 ], [ -73.919693, 40.607311 ], [ -73.921584, 40.607639 ], [ -73.924441, 40.605794 ], [ -73.926249, 40.607414 ], [ -73.927691, 40.60648 ], [ -73.929868, 40.605071 ], [ -73.933513, 40.608343 ], [ -73.934232, 40.607898 ], [ -73.936046, 40.609515 ], [ -73.937537, 40.608557 ], [ -73.939726, 40.607133 ], [ -73.934263, 40.60223 ], [ -73.933551, 40.602687 ], [ -73.931734, 40.601062 ], [ -73.928131, 40.597778 ], [ -73.929569, 40.59682 ], [ -73.926533, 40.594104 ], [ -73.923638, 40.591497 ], [ -73.92096, 40.589095 ], [ -73.917656, 40.586139 ], [ -73.919944, 40.584646 ], [ -73.925948, 40.585007 ], [ -73.927207, 40.584802 ], [ -73.931369, 40.586071 ], [ -73.931256, 40.585432 ], [ -73.930191, 40.585086 ], [ -73.930096, 40.584502 ], [ -73.931078, 40.584388 ], [ -73.932042, 40.584234 ], [ -73.931842, 40.583076 ], [ -73.931946, 40.582022 ], [ -73.929387, 40.572613 ], [ -73.92807, 40.567786 ], [ -73.903871, 40.571619 ], [ -73.890518, 40.572705 ], [ -73.886292, 40.573505 ], [ -73.885069, 40.573749 ], [ -73.879222, 40.574656 ], [ -73.871418, 40.578535 ], [ -73.884456, 40.60944 ], [ -73.891953, 40.605525 ], [ -73.89862, 40.604609 ], [ -73.901445, 40.604354 ], [ -73.906573, 40.603649 ], [ -73.912994, 40.60286 ], [ -73.917254, 40.606731 ], [ -73.91782, 40.606391 ], [ -73.919296, 40.606947 ] ] ] } },
{ "type": "Feature", "properties": { "NTAName": "Dyker Beach Park", "total_pop": 14172.0, "chinese_pop": 2788.0, "chinese_pct": 19.672593847022299 }, "geometry": { "type": "Polygon", "coordinates": [ [ [ -74.035494962847494, 40.609075003862998 ], [ -74.031384, 40.605201 ], [ -74.027879005580203, 40.6044455581482 ], [ -74.027547, 40.604374 ], [ -74.026775139974404, 40.6042371612374 ], [ -74.021331, 40.603272 ], [ -74.019571304051098, 40.602715096646598 ], [ -74.019493521809693, 40.602690480353594 ], [ -74.019151091727693, 40.602582109097099 ], [ -74.018958, 40.602521 ], [ -74.0187555455107, 40.602516475289498 ], [ -74.018732, 40.60357 ], [ -74.015499, 40.606842 ], [ -74.014695, 40.606424 ], [ -74.011278, 40.609706 ], [ -74.008304, 40.612568 ], [ -74.010504, 40.613897 ], [ -74.009924, 40.614457 ], [ -74.009341, 40.615015 ], [ -74.008177, 40.616133 ], [ -74.007599, 40.616695 ], [ -74.0098, 40.618024 ], [ -74.012002, 40.619353 ], [ -74.014203, 40.620685 ], [ -74.016406, 40.622014 ], [ -74.019075, 40.623615 ], [ -74.019705, 40.622185 ], [ -74.020686, 40.621835 ], [ -74.022933, 40.619502 ], [ -74.024624, 40.617389 ], [ -74.025729, 40.616049 ], [ -74.026302, 40.616335 ], [ -74.028385, 40.614249 ], [ -74.028972, 40.613516 ], [ -74.031451, 40.611117 ], [ -74.035053, 40.609544 ], [ -74.035494962847494, 40.609075003862998 ] ] ] } },
{ "type": "Feature", "properties": { "NTAName": "Tribeca-Civic Center", "total_pop": 63550.0, "chinese_pop": 12482.0, "chinese_pct": 19.641227380015735 }, "geometry": { "type": "Polygon", "coordinates": [ [ [ -73.997504, 40.714069 ], [ -73.996059, 40.716232 ], [ -73.994808, 40.718457 ], [ -73.994378, 40.719519 ], [ -73.993795, 40.720937 ], [ -73.995464, 40.721619 ], [ -73.996268, 40.721952 ], [ -73.997123, 40.722301 ], [ -73.998812, 40.723021 ], [ -73.999853, 40.721792 ], [ -74.002174, 40.72293 ], [ -74.001127, 40.724166 ], [ -74.001933, 40.724552 ], [ -74.004031, 40.725513 ], [ -74.003445, 40.726958 ], [ -74.003122, 40.726878 ], [ -74.002149, 40.728036 ], [ -74.002808, 40.728365 ], [ -74.005314, 40.728605 ], [ -74.00709, 40.728772 ], [ -74.009349, 40.728988 ], [ -74.010544, 40.7291 ], [ -74.011376, 40.728233 ], [ -74.014886, 40.728495 ], [ -74.020967923496897, 40.72903699318239 ], [ -74.021311745288401, 40.727624131819695 ], [ -74.02135124500461, 40.727461816270804 ], [ -74.021831824578598, 40.725486978350105 ], [ -74.021889292158903, 40.725250827745903 ], [ -74.022288612818002, 40.723609905778709 ], [ -74.023066321902505, 40.720414078335402 ], [ -74.023637, 40.718069 ], [ -74.023978245398197, 40.71583857855709 ], [ -74.024395587666106, 40.713110778714899 ], [ -74.018589, 40.712201 ], [ -74.017894, 40.712356 ], [ -74.01663, 40.712117 ], [ -74.014358, 40.711006 ], [ -74.014697, 40.709779 ], [ -74.014856, 40.709394 ], [ -74.015513, 40.707707 ], [ -74.016628, 40.704799 ], [ -74.014289, 40.704549 ], [ -74.013286, 40.704655 ], [ -74.013254, 40.705871 ], [ -74.012508, 40.706767 ], [ -74.011012, 40.708594 ], [ -74.010542, 40.709154 ], [ -74.009063, 40.710887 ], [ -74.007745, 40.710221 ], [ -74.005512, 40.709093 ], [ -74.004817, 40.70839 ], [ -74.004328, 40.707824 ], [ -74.004057, 40.707437 ], [ -74.003137, 40.706248 ], [ -74.002409, 40.705471 ], [ -74.002162, 40.705361 ], [ -74.001775, 40.704963 ], [ -73.996173, 40.703364 ], [ -73.995138, 40.70298 ], [ -73.995069, 40.703102 ], [ -73.994498, 40.704318 ], [ -73.999177, 40.708022 ], [ -73.999495, 40.708279 ], [ -74.001419, 40.709815 ], [ -74.000776, 40.71064 ], [ -74.00051, 40.710984 ], [ -73.999701, 40.71178 ], [ -73.996947, 40.712072 ], [ -73.997117, 40.712799 ], [ -73.997504, 40.714069 ] ] ] } },
{ "type": "Feature", "properties": { "NTAName": "Bay Terrace-Clearview", "total_pop": 49927.0, "chinese_pop": 8691.0, "chinese_pct": 17.407414825645443 }, "geometry": { "type": "Polygon", "coordinates": [ [ [ -73.806277, 40.786299 ], [ -73.813374, 40.787156 ], [ -73.813813, 40.784129 ], [ -73.814299, 40.780581 ], [ -73.814395, 40.779871 ], [ -73.81453, 40.778888 ], [ -73.814859, 40.776486 ], [ -73.814943, 40.775862 ], [ -73.815053, 40.775066 ], [ -73.815488, 40.772948 ], [ -73.813171, 40.772765 ], [ -73.813227, 40.771573 ], [ -73.810061, 40.771589 ], [ -73.809061, 40.771599 ], [ -73.804418, 40.771086 ], [ -73.802825, 40.771237 ], [ -73.801484, 40.771811 ], [ -73.800481, 40.772202 ], [ -73.798456, 40.773197 ], [ -73.797593, 40.773682 ], [ -73.797243, 40.773894 ], [ -73.795657, 40.773031 ], [ -73.795134, 40.772649 ], [ -73.793237, 40.770468 ], [ -73.793179, 40.770403 ], [ -73.791902, 40.768936 ], [ -73.788434, 40.769968 ], [ -73.78756, 40.770226 ], [ -73.783727, 40.771361 ], [ -73.782311, 40.771783 ], [ -73.778444, 40.772895 ], [ -73.777208, 40.771528 ], [ -73.769999, 40.773011 ], [ -73.76965, 40.772028 ], [ -73.772023, 40.771498 ], [ -73.771815, 40.770677 ], [ -73.770639, 40.769645 ], [ -73.770169, 40.769738 ], [ -73.766272, 40.771199 ], [ -73.763681, 40.771839 ], [ -73.763586586147298, 40.772932960961008 ], [ -73.76554, 40.774518 ], [ -73.766115405830703, 40.776043234077299 ], [ -73.767034859614597, 40.7784804395572 ], [ -73.767441, 40.779557 ], [ -73.767545145468404, 40.779657609991901 ], [ -73.77033879341991, 40.782356420627202 ], [ -73.774078759154705, 40.785969423938894 ], [ -73.774334, 40.786216 ], [ -73.774138909725394, 40.786320279879497 ], [ -73.770293, 40.788376 ], [ -73.775558, 40.795613 ], [ -73.77885, 40.797193 ], [ -73.781369, 40.794907 ], [ -73.781738032220701, 40.795385340308499 ], [ -73.786422499002299, 40.801457355595105 ], [ -73.787918, 40.800362 ], [ -73.793559, 40.80038 ], [ -73.799745, 40.802199 ], [ -73.800037, 40.796245 ], [ -73.802785, 40.795618 ], [ -73.803248, 40.79444 ], [ -73.804126, 40.794508 ], [ -73.804462, 40.792076 ], [ -73.807331, 40.791552 ], [ -73.807622, 40.789461 ], [ -73.807974, 40.786892 ], [ -73.806277, 40.786299 ] ] ] } },
{ "type": "Feature", "properties": { "NTAName": "Calvert Vaux Park", "total_pop": 8008.0, "chinese_pop": 1385.0, "chinese_pct": 17.295204795204796 }, "geometry": { "type": "Polygon", "coordinates": [ [ [ -73.990504, 40.578358 ], [ -73.986276, 40.578823 ], [ -73.984149, 40.579053 ], [ -73.983435, 40.575414 ], [ -73.981256, 40.575563 ], [ -73.981975, 40.579254 ], [ -73.977941, 40.579626 ], [ -73.976271, 40.579821 ], [ -73.974686, 40.579977 ], [ -73.974498, 40.581874 ], [ -73.974618, 40.582786 ], [ -73.974638, 40.583114 ], [ -73.977504, 40.582784 ], [ -73.980274, 40.583133 ], [ -73.980839, 40.583314 ], [ -73.982812, 40.583792 ], [ -73.984001, 40.584699 ], [ -73.984928, 40.584596 ], [ -73.987084, 40.584619 ], [ -73.987417, 40.585131 ], [ -73.985394, 40.587032 ], [ -73.984505, 40.58789 ], [ -73.985219, 40.588321 ], [ -73.985962, 40.588771 ], [ -73.987421, 40.589651 ], [ -73.989621, 40.590982 ], [ -73.990364, 40.591432 ], [ -73.991539, 40.590391 ], [ -73.992558, 40.589922 ], [ -73.993309, 40.589584 ], [ -73.993758, 40.590332 ], [ -73.998031, 40.588466 ], [ -74.000416, 40.587136 ], [ -74.000586991196997, 40.587071878301103 ], [ -74.000493745627097, 40.584314081802511 ], [ -74.000486, 40.584085 ], [ -74.001336186714894, 40.582534912100598 ], [ -73.990679, 40.58006 ], [ -73.990504, 40.578358 ] ] ] } },
{ "type": "Feature", "properties": { "NTAName": "Sunnyside Yards (South)", "total_pop": 9815.0, "chinese_pop": 1658.0, "chinese_pct": 16.892511462047885 }, "geometry": { "type": "Polygon", "coordinates": [ [ [ -73.937651, 40.743305 ], [ -73.934868, 40.742983 ], [ -73.930227, 40.742446 ], [ -73.927444, 40.742123 ], [ -73.926353, 40.747551 ], [ -73.925467, 40.747432 ], [ -73.92451, 40.747321 ], [ -73.923581, 40.747214 ], [ -73.922653, 40.747107 ], [ -73.921724, 40.746999 ], [ -73.920798, 40.746891 ], [ -73.920342, 40.749159 ], [ -73.918676, 40.749488 ], [ -73.914462, 40.750215 ], [ -73.909711, 40.749755 ], [ -73.910159, 40.748502 ], [ -73.909919, 40.747764 ], [ -73.908117, 40.746186 ], [ -73.906242, 40.748128 ], [ -73.90611, 40.750624 ], [ -73.904917, 40.753505 ], [ -73.905864, 40.753404 ], [ -73.910231, 40.752977 ], [ -73.910451, 40.752961 ], [ -73.913542, 40.753469 ], [ -73.914467, 40.753661 ], [ -73.914685, 40.753667 ], [ -73.915473, 40.753792 ], [ -73.917632, 40.753858 ], [ -73.918923, 40.753636 ], [ -73.920277, 40.753338 ], [ -73.920479, 40.753285 ], [ -73.921619, 40.753028 ], [ -73.924417, 40.752404 ], [ -73.925627, 40.752137 ], [ -73.926469, 40.752069 ], [ -73.928742, 40.752042 ], [ -73.932276, 40.751954 ], [ -73.933833, 40.751605 ], [ -73.935614, 40.752282 ], [ -73.93717, 40.753079 ], [ -73.938333, 40.75182 ], [ -73.94243, 40.753998 ], [ -73.943609, 40.752766 ], [ -73.944018, 40.75235 ], [ -73.940513, 40.750856 ], [ -73.943195, 40.747701 ], [ -73.943842, 40.74743 ], [ -73.945056, 40.747664 ], [ -73.94565, 40.745818 ], [ -73.948523, 40.744659 ], [ -73.948761, 40.743903 ], [ -73.94923, 40.742523 ], [ -73.946421, 40.741982 ], [ -73.944196, 40.742882 ], [ -73.937697, 40.745239 ], [ -73.937651, 40.743305 ] ] ] } },
{ "type": "Feature", "properties": { "NTAName": "Miller Field", "total_pop": 17302.0, "chinese_pop": 2912.0, "chinese_pct": 16.830424228412898 }, "geometry": { "type": "Polygon", "coordinates": [ [ [ -74.113762, 40.566497 ], [ -74.11014, 40.564311 ], [ -74.106172, 40.562296 ], [ -74.101733, 40.559901 ], [ -74.099517949213904, 40.5582140804934 ], [ -74.099217663786305, 40.558498112685399 ], [ -74.098421395487406, 40.559251282201998 ], [ -74.094636082533697, 40.562831711476001 ], [ -74.093740116148993, 40.56367918282411 ], [ -74.090863397634806, 40.566400196200597 ], [ -74.090797, 40.566463 ], [ -74.084629420136906, 40.571273946853808 ], [ -74.084394609739903, 40.5714571078936 ], [ -74.075790912859503, 40.578168318669398 ], [ -74.076031, 40.578301 ], [ -74.077802, 40.57925 ], [ -74.088496, 40.584789 ], [ -74.089121, 40.584143 ], [ -74.092616, 40.58594 ], [ -74.094711, 40.584203 ], [ -74.096169, 40.583044 ], [ -74.09844, 40.581242 ], [ -74.100391, 40.579689 ], [ -74.10167, 40.578623 ], [ -74.10369, 40.576505 ], [ -74.106991, 40.57322 ], [ -74.109762, 40.570468 ], [ -74.111482, 40.568763 ], [ -74.113762, 40.566497 ] ] ] } },
{ "type": "Feature", "properties": { "NTAName": "Sheepshead Bay-Manhattan Beach-Gerritsen Beach", "total_pop": 117213.0, "chinese_pop": 19321.0, "chinese_pct": 16.483666487505651 }, "geometry": { "type": "Polygon", "coordinates": [ [ [ -73.959663, 40.578366 ], [ -73.959633, 40.577993 ], [ -73.959454, 40.575575 ], [ -73.959414, 40.575158 ], [ -73.959422235942895, 40.574016864351506 ], [ -73.955721, 40.574442 ], [ -73.952480218128599, 40.574840135519501 ], [ -73.946295, 40.5756 ], [ -73.937665, 40.575434 ], [ -73.931559, 40.575962 ], [ -73.931643983318494, 40.575673652171105 ], [ -73.932645801992393, 40.572274488138902 ], [ -73.929387, 40.572613 ], [ -73.92807, 40.567786 ], [ -73.903871, 40.571619 ], [ -73.890518, 40.572705 ], [ -73.886292, 40.573505 ], [ -73.885069, 40.573749 ], [ -73.887735, 40.578009 ], [ -73.888139, 40.578742 ], [ -73.902662, 40.591643 ], [ -73.904957, 40.593956 ], [ -73.918224, 40.605805 ], [ -73.919296, 40.606947 ], [ -73.919693, 40.607311 ], [ -73.921584, 40.607639 ], [ -73.924441, 40.605794 ], [ -73.926249, 40.607414 ], [ -73.927691, 40.60648 ], [ -73.929868, 40.605071 ], [ -73.933513, 40.608343 ], [ -73.934232, 40.607898 ], [ -73.936046, 40.609515 ], [ -73.937537, 40.608557 ], [ -73.939347, 40.610187 ], [ -73.941547, 40.608768 ], [ -73.942312, 40.608269 ], [ -73.941547, 40.607582 ], [ -73.941168, 40.607244 ], [ -73.940508, 40.606642 ], [ -73.93921, 40.605479 ], [ -73.939916, 40.605386 ], [ -73.940842, 40.605285 ], [ -73.941771, 40.605183 ], [ -73.942769, 40.605073 ], [ -73.943766, 40.604961 ], [ -73.94562, 40.604759 ], [ -73.945169, 40.602369 ], [ -73.946096, 40.60227 ], [ -73.947059, 40.602162 ], [ -73.948023, 40.602056 ], [ -73.94895, 40.601954 ], [ -73.949874, 40.601853 ], [ -73.951834, 40.601637 ], [ -73.953037, 40.601506 ], [ -73.953978, 40.601401 ], [ -73.954942, 40.601297 ], [ -73.955905, 40.601191 ], [ -73.95683, 40.601087 ], [ -73.957757, 40.600986 ], [ -73.957332, 40.598731 ], [ -73.956928, 40.596612 ], [ -73.957853, 40.596511 ], [ -73.95878, 40.596407 ], [ -73.959777, 40.596299 ], [ -73.961028, 40.596161 ], [ -73.960845, 40.593743 ], [ -73.96068, 40.591598 ], [ -73.965129, 40.591108 ], [ -73.965302, 40.590358 ], [ -73.965641, 40.588888 ], [ -73.96615, 40.586669 ], [ -73.966614, 40.584575 ], [ -73.966777, 40.583904 ], [ -73.966894, 40.583348 ], [ -73.967335, 40.581515 ], [ -73.967602, 40.580362 ], [ -73.965945, 40.580689 ], [ -73.964652, 40.58096 ], [ -73.961943, 40.581535 ], [ -73.959943, 40.581959 ], [ -73.959885, 40.581171 ], [ -73.959801, 40.58008 ], [ -73.959663, 40.578366 ] ] ] } },
{ "type": "Feature", "properties": { "NTAName": "Gravesend (East)-Homecrest", "total_pop": 109585.0, "chinese_pop": 17307.0, "chinese_pct": 15.793219874982888 }, "geometry": { "type": "Polygon", "coordinates": [ [ [ -73.953978, 40.601401 ], [ -73.953037, 40.601506 ], [ -73.953922, 40.606217 ], [ -73.954389, 40.608675 ], [ -73.954796, 40.61082 ], [ -73.955283, 40.613375 ], [ -73.955786, 40.616036 ], [ -73.956729, 40.615932 ], [ -73.958655, 40.615721 ], [ -73.959583, 40.61562 ], [ -73.960511, 40.615518 ], [ -73.962364, 40.615314 ], [ -73.963361, 40.615204 ], [ -73.964358, 40.615094 ], [ -73.965287, 40.614992 ], [ -73.966215, 40.614892 ], [ -73.967286, 40.614773 ], [ -73.966782, 40.612109 ], [ -73.968153, 40.61196 ], [ -73.969525, 40.611808 ], [ -73.970452, 40.611704 ], [ -73.971379, 40.611602 ], [ -73.972398, 40.611491 ], [ -73.974515, 40.611257 ], [ -73.974391, 40.61058 ], [ -73.974184, 40.609463 ], [ -73.974031, 40.608702 ], [ -73.975919, 40.608495 ], [ -73.977774, 40.608289 ], [ -73.978699, 40.608188 ], [ -73.97808, 40.604918 ], [ -73.977828, 40.603586 ], [ -73.976935, 40.59887 ], [ -73.977933, 40.598762 ], [ -73.978929, 40.598653 ], [ -73.979352, 40.598605 ], [ -73.979858, 40.598548 ], [ -73.980784, 40.598447 ], [ -73.981712, 40.598345 ], [ -73.982639, 40.598243 ], [ -73.983567, 40.59814 ], [ -73.984493, 40.598038 ], [ -73.985491, 40.59793 ], [ -73.985266, 40.596744 ], [ -73.985061, 40.595671 ], [ -73.985015, 40.595413 ], [ -73.984678, 40.593659 ], [ -73.98464, 40.593552 ], [ -73.984204, 40.591166 ], [ -73.983901, 40.589573 ], [ -73.983803, 40.589042 ], [ -73.983723, 40.588619 ], [ -73.984505, 40.58789 ], [ -73.985394, 40.587032 ], [ -73.987417, 40.585131 ], [ -73.987084, 40.584619 ], [ -73.984928, 40.584596 ], [ -73.984001, 40.584699 ], [ -73.982812, 40.583792 ], [ -73.980839, 40.583314 ], [ -73.980274, 40.583133 ], [ -73.977504, 40.582784 ], [ -73.974638, 40.583114 ], [ -73.97441, 40.585758 ], [ -73.974227, 40.588706 ], [ -73.974217, 40.590111 ], [ -73.972976, 40.590241 ], [ -73.971151, 40.590443 ], [ -73.970224, 40.59054 ], [ -73.968371, 40.59075 ], [ -73.967445, 40.590851 ], [ -73.966519, 40.590953 ], [ -73.965129, 40.591108 ], [ -73.965302, 40.590358 ], [ -73.965641, 40.588888 ], [ -73.96615, 40.586669 ], [ -73.966614, 40.584575 ], [ -73.963442, 40.584676 ], [ -73.962552, 40.584783 ], [ -73.960261, 40.585039 ], [ -73.96035, 40.587307 ], [ -73.959347, 40.587417 ], [ -73.958195, 40.587544 ], [ -73.957126, 40.587661 ], [ -73.956193, 40.587762 ], [ -73.955227, 40.587686 ], [ -73.953252, 40.587195 ], [ -73.952454, 40.588173 ], [ -73.952858, 40.590293 ], [ -73.95326, 40.592413 ], [ -73.9523, 40.592514 ], [ -73.952699, 40.594637 ], [ -73.95315, 40.597028 ], [ -73.953552, 40.599146 ], [ -73.953978, 40.601401 ] ] ] } },
{ "type": "Feature", "properties": { "NTAName": "Woodside", "total_pop": 103482.0, "chinese_pop": 16092.0, "chinese_pct": 15.550530527048181 }, "geometry": { "type": "Polygon", "coordinates": [ [ [ -73.944196, 40.742882 ], [ -73.937697, 40.745239 ], [ -73.930291, 40.746897 ], [ -73.926771, 40.747592 ], [ -73.926353, 40.747551 ], [ -73.925467, 40.747432 ], [ -73.92451, 40.747321 ], [ -73.923581, 40.747214 ], [ -73.922653, 40.747107 ], [ -73.921724, 40.746999 ], [ -73.920798, 40.746891 ], [ -73.920342, 40.749159 ], [ -73.918676, 40.749488 ], [ -73.917456, 40.749356 ], [ -73.918014, 40.746568 ], [ -73.916158, 40.746355 ], [ -73.915232, 40.746246 ], [ -73.914303, 40.746138 ], [ -73.914637, 40.744472 ], [ -73.915021, 40.742553 ], [ -73.913828, 40.742414 ], [ -73.914438, 40.74056 ], [ -73.915675, 40.740785 ], [ -73.917091, 40.737145 ], [ -73.916515, 40.736757 ], [ -73.917558, 40.735292 ], [ -73.918313, 40.733154 ], [ -73.919017, 40.732089 ], [ -73.919038, 40.732021 ], [ -73.917366, 40.731328 ], [ -73.917521, 40.731003 ], [ -73.917967, 40.728501 ], [ -73.915072, 40.727971 ], [ -73.912053, 40.728469 ], [ -73.911772, 40.729849 ], [ -73.911731, 40.729964 ], [ -73.910125, 40.729323 ], [ -73.90707, 40.727466 ], [ -73.905684, 40.72855 ], [ -73.905181, 40.728957 ], [ -73.902597, 40.732104 ], [ -73.90108, 40.733908 ], [ -73.90001, 40.73485 ], [ -73.899022, 40.735149 ], [ -73.897832, 40.73516 ], [ -73.896029, 40.735018 ], [ -73.896017, 40.734256 ], [ -73.895959, 40.733532 ], [ -73.895799, 40.731505 ], [ -73.895589, 40.728965 ], [ -73.893693, 40.729208 ], [ -73.893869, 40.731147 ], [ -73.892334, 40.731159 ], [ -73.892403, 40.729559 ], [ -73.891518, 40.728162 ], [ -73.889916, 40.72954 ], [ -73.88806, 40.730087 ], [ -73.88756, 40.730197 ], [ -73.887201, 40.728612 ], [ -73.887205, 40.727869 ], [ -73.885612, 40.728342 ], [ -73.883931, 40.728538 ], [ -73.880733, 40.728833 ], [ -73.877965, 40.72977 ], [ -73.875237, 40.730724 ], [ -73.877506, 40.731607 ], [ -73.877083, 40.732909 ], [ -73.879554, 40.734854 ], [ -73.880659, 40.735715 ], [ -73.880354, 40.737135 ], [ -73.882873, 40.737611 ], [ -73.881785, 40.737807 ], [ -73.877431, 40.738601 ], [ -73.878487, 40.739934 ], [ -73.879107, 40.740445 ], [ -73.87932, 40.740602 ], [ -73.880237, 40.741199 ], [ -73.880278, 40.741297 ], [ -73.881004, 40.741841 ], [ -73.882943, 40.74161 ], [ -73.882829, 40.740992 ], [ -73.884615, 40.740433 ], [ -73.885726, 40.741289 ], [ -73.887511, 40.741083 ], [ -73.887986, 40.743548 ], [ -73.88887, 40.743399 ], [ -73.890716, 40.743128 ], [ -73.89111, 40.745203 ], [ -73.891431, 40.746845 ], [ -73.892409, 40.747135 ], [ -73.892708, 40.748863 ], [ -73.893048, 40.750908 ], [ -73.893398, 40.752852 ], [ -73.893734, 40.754681 ], [ -73.892803, 40.754778 ], [ -73.893188, 40.756898 ], [ -73.893473, 40.758451 ], [ -73.899212, 40.757848 ], [ -73.899703, 40.757783 ], [ -73.899608, 40.758386 ], [ -73.898552, 40.759926 ], [ -73.898773, 40.759916 ], [ -73.901553, 40.759626 ], [ -73.901996, 40.762122 ], [ -73.903512, 40.76585 ], [ -73.904512, 40.764589 ], [ -73.905245, 40.763687 ], [ -73.90651, 40.762109 ], [ -73.907794, 40.760518 ], [ -73.909885, 40.757946 ], [ -73.910684, 40.758319 ], [ -73.912397, 40.756236 ], [ -73.912611, 40.755971 ], [ -73.911764, 40.755573 ], [ -73.913542, 40.753469 ], [ -73.914467, 40.753661 ], [ -73.914685, 40.753667 ], [ -73.915473, 40.753792 ], [ -73.917632, 40.753858 ], [ -73.918923, 40.753636 ], [ -73.920277, 40.753338 ], [ -73.920479, 40.753285 ], [ -73.921619, 40.753028 ], [ -73.924417, 40.752404 ], [ -73.925627, 40.752137 ], [ -73.926469, 40.752069 ], [ -73.928742, 40.752042 ], [ -73.932276, 40.751954 ], [ -73.933833, 40.751605 ], [ -73.936095, 40.749732 ], [ -73.935387, 40.749412 ], [ -73.936835, 40.748395 ], [ -73.939965, 40.745745 ], [ -73.943007, 40.744602 ], [ -73.944196, 40.742882 ] ] ] } },
{ "type": "Feature", "properties": { "NTAName": "Fort Wadsworth", "total_pop": 19784.0, "chinese_pop": 3064.0, "chinese_pct": 15.487262434290336 }, "geometry": { "type": "Polygon", "coordinates": [ [ [ -74.072458, 40.614078 ], [ -74.070677, 40.611776 ], [ -74.07119, 40.611517 ], [ -74.07497, 40.609513 ], [ -74.077597, 40.606886 ], [ -74.077867, 40.606066 ], [ -74.077902, 40.605593 ], [ -74.077772, 40.604223 ], [ -74.076448, 40.601005 ], [ -74.072761, 40.59923 ], [ -74.072191, 40.598935 ], [ -74.071999, 40.59806 ], [ -74.07044, 40.596735 ], [ -74.068146, 40.592456 ], [ -74.067952, 40.592083 ], [ -74.067167, 40.590866 ], [ -74.066626, 40.590342 ], [ -74.065829, 40.590059 ], [ -74.064956, 40.58901 ], [ -74.064109082388299, 40.588358025061098 ], [ -74.059184, 40.593502 ], [ -74.059062528811097, 40.593706009047402 ], [ -74.057891087587194, 40.595673427085799 ], [ -74.053125, 40.603678 ], [ -74.056887905417, 40.608014722434199 ], [ -74.060345, 40.611999 ], [ -74.062251270586501, 40.615117682859399 ], [ -74.062700985079601, 40.615853421474604 ], [ -74.063144755188304, 40.616579435001292 ], [ -74.067598, 40.623865 ], [ -74.067741922666997, 40.625053012461798 ], [ -74.072322, 40.624863 ], [ -74.072687, 40.626845 ], [ -74.073505, 40.626876 ], [ -74.075647, 40.626664 ], [ -74.075031, 40.625603 ], [ -74.0744, 40.624463 ], [ -74.072535, 40.622464 ], [ -74.070954, 40.620431 ], [ -74.071309, 40.619639 ], [ -74.074547, 40.616943 ], [ -74.072458, 40.614078 ] ] ] } },
{ "type": "Feature", "properties": { "NTAName": "Kew Gardens Hills", "total_pop": 71900.0, "chinese_pop": 10634.0, "chinese_pct": 14.789986091794157 }, "geometry": { "type": "Polygon", "coordinates": [ [ [ -73.807774, 40.715716 ], [ -73.807422, 40.714325 ], [ -73.806929, 40.713643 ], [ -73.806654, 40.71295 ], [ -73.806457, 40.712056 ], [ -73.802593, 40.712539 ], [ -73.801384, 40.712674 ], [ -73.802111, 40.713926 ], [ -73.802544, 40.714611 ], [ -73.80278, 40.715024 ], [ -73.803178, 40.716351 ], [ -73.801922, 40.71655 ], [ -73.798096, 40.717543 ], [ -73.798055, 40.717431 ], [ -73.795648, 40.718134 ], [ -73.79279, 40.719078 ], [ -73.790708, 40.719269 ], [ -73.790402, 40.720095 ], [ -73.790509, 40.723471 ], [ -73.791745, 40.725776 ], [ -73.795883, 40.724415 ], [ -73.796752, 40.724117 ], [ -73.798472, 40.72353 ], [ -73.799332, 40.723235 ], [ -73.800194, 40.72294 ], [ -73.801997, 40.722323 ], [ -73.804529, 40.721466 ], [ -73.804668, 40.722915 ], [ -73.80488, 40.725056 ], [ -73.806521, 40.724873 ], [ -73.806785, 40.726232 ], [ -73.806912, 40.726913 ], [ -73.80717, 40.728269 ], [ -73.808958, 40.728073 ], [ -73.811124, 40.727833 ], [ -73.8109, 40.730311 ], [ -73.810772, 40.732326 ], [ -73.810559, 40.735737 ], [ -73.810482, 40.736992 ], [ -73.809414, 40.738603 ], [ -73.813222, 40.73876 ], [ -73.815057, 40.738987 ], [ -73.815922, 40.739184 ], [ -73.81951, 40.74036 ], [ -73.825383, 40.742295 ], [ -73.826663, 40.742576 ], [ -73.830311, 40.742972 ], [ -73.835925, 40.743501 ], [ -73.835676, 40.744851 ], [ -73.835399, 40.74552 ], [ -73.83424, 40.747302 ], [ -73.833099, 40.747994 ], [ -73.832181, 40.751506 ], [ -73.832295, 40.751942 ], [ -73.835602, 40.751395 ], [ -73.837674, 40.754114 ], [ -73.837917, 40.754541 ], [ -73.838211, 40.755253 ], [ -73.838619, 40.757045 ], [ -73.843244, 40.755337 ], [ -73.846017, 40.760805 ], [ -73.846863, 40.760416 ], [ -73.846709, 40.761345 ], [ -73.848515, 40.763822 ], [ -73.849215, 40.764209 ], [ -73.850281, 40.76606 ], [ -73.853702, 40.76948 ], [ -73.854982, 40.767448 ], [ -73.860433, 40.763869 ], [ -73.860937, 40.763729 ], [ -73.859756, 40.761836 ], [ -73.85604, 40.759726 ], [ -73.85464, 40.758466 ], [ -73.853654, 40.756835 ], [ -73.853126, 40.755109 ], [ -73.852617, 40.753405 ], [ -73.852205, 40.752661 ], [ -73.850864, 40.749996 ], [ -73.854421, 40.748805 ], [ -73.85326, 40.746834 ], [ -73.852918, 40.746171 ], [ -73.852241, 40.744841 ], [ -73.850525, 40.741514 ], [ -73.850116, 40.740724 ], [ -73.847841, 40.739927 ], [ -73.847757, 40.739299 ], [ -73.847558, 40.739064 ], [ -73.847325, 40.738771 ], [ -73.847214, 40.738644 ], [ -73.844957, 40.733987 ], [ -73.844347, 40.732979 ], [ -73.843505, 40.731814 ], [ -73.842814, 40.731153 ], [ -73.841468, 40.729998 ], [ -73.840327, 40.728807 ], [ -73.839445, 40.727537 ], [ -73.838362, 40.725562 ], [ -73.836524, 40.722371 ], [ -73.836038, 40.72177 ], [ -73.835963, 40.721677 ], [ -73.834959, 40.719412 ], [ -73.833481, 40.718333 ], [ -73.829796, 40.715566 ], [ -73.831385, 40.714529 ], [ -73.830982, 40.71431 ], [ -73.826976, 40.715391 ], [ -73.825705, 40.716063 ], [ -73.824283, 40.713826 ], [ -73.823955, 40.712853 ], [ -73.823426, 40.712284 ], [ -73.820662, 40.709869 ], [ -73.819459, 40.708396 ], [ -73.81915, 40.708428 ], [ -73.817798, 40.709342 ], [ -73.816416, 40.709865 ], [ -73.815594, 40.710689 ], [ -73.814198, 40.711037 ], [ -73.814432, 40.711568 ], [ -73.814262, 40.712672 ], [ -73.81243, 40.712645 ], [ -73.810555, 40.712626 ], [ -73.809834, 40.712812 ], [ -73.810196, 40.714283 ], [ -73.810221, 40.715707 ], [ -73.807774, 40.715716 ] ] ] } },
{ "type": "Feature", "properties": { "NTAName": "Forest Hills", "total_pop": 126323.0, "chinese_pop": 18682.0, "chinese_pct": 14.789072457113905 }, "geometry": { "type": "Polygon", "coordinates": [ [ [ -73.858635, 40.735471 ], [ -73.857993, 40.734334 ], [ -73.857652, 40.733668 ], [ -73.859887, 40.733002 ], [ -73.863424, 40.731951 ], [ -73.864479, 40.731089 ], [ -73.8626, 40.73042 ], [ -73.862188, 40.730276 ], [ -73.860115, 40.729522 ], [ -73.861161, 40.727893 ], [ -73.861763, 40.726922 ], [ -73.8641, 40.727382 ], [ -73.864514, 40.72676 ], [ -73.864886, 40.726177 ], [ -73.866508, 40.723604 ], [ -73.867285, 40.722257 ], [ -73.865476, 40.720281 ], [ -73.863018, 40.717708 ], [ -73.861834, 40.716593 ], [ -73.860038, 40.714932 ], [ -73.859632, 40.713598 ], [ -73.86501, 40.710777 ], [ -73.866618, 40.710402 ], [ -73.870165, 40.709208 ], [ -73.869891, 40.708509 ], [ -73.86911, 40.707089 ], [ -73.869015, 40.70677 ], [ -73.866131, 40.706656 ], [ -73.864269, 40.706686 ], [ -73.863794, 40.703334 ], [ -73.864728, 40.703259 ], [ -73.86564, 40.703183 ], [ -73.867247, 40.703052 ], [ -73.869156, 40.702893 ], [ -73.869314, 40.699355 ], [ -73.870708, 40.697697 ], [ -73.868917, 40.69515 ], [ -73.868717, 40.694622 ], [ -73.866814, 40.695065 ], [ -73.864557, 40.69552 ], [ -73.863687, 40.695691 ], [ -73.862452, 40.695996 ], [ -73.860164, 40.696385 ], [ -73.858331, 40.696744 ], [ -73.852664, 40.697572 ], [ -73.852711, 40.698415 ], [ -73.853775, 40.69991 ], [ -73.854566, 40.700594 ], [ -73.854125, 40.700765 ], [ -73.850706, 40.700208 ], [ -73.84908, 40.698351 ], [ -73.848221, 40.698545 ], [ -73.847017, 40.698842 ], [ -73.845025, 40.699359 ], [ -73.842938, 40.700554 ], [ -73.841564, 40.701101 ], [ -73.83843, 40.703386 ], [ -73.836962, 40.704212 ], [ -73.838091, 40.706133 ], [ -73.837147, 40.707957 ], [ -73.836747, 40.708498 ], [ -73.834051, 40.710028 ], [ -73.832626, 40.710333 ], [ -73.832041, 40.710678 ], [ -73.831372, 40.711109 ], [ -73.829314, 40.712423 ], [ -73.83038, 40.71362 ], [ -73.830082, 40.713914 ], [ -73.830982, 40.71431 ], [ -73.826976, 40.715391 ], [ -73.825705, 40.716063 ], [ -73.821428, 40.716787 ], [ -73.820323, 40.71666 ], [ -73.819305, 40.717136 ], [ -73.821705, 40.71736 ], [ -73.823726, 40.717481 ], [ -73.824881, 40.717365 ], [ -73.825859, 40.720463 ], [ -73.827129, 40.724304 ], [ -73.827555, 40.724961 ], [ -73.830255, 40.726143 ], [ -73.831468, 40.727664 ], [ -73.8317, 40.728034 ], [ -73.833071, 40.729919 ], [ -73.833863, 40.730553 ], [ -73.836081, 40.734334 ], [ -73.836044, 40.739173 ], [ -73.836628, 40.739252 ], [ -73.837089, 40.741748 ], [ -73.835861, 40.743228 ], [ -73.835925, 40.743501 ], [ -73.835676, 40.744851 ], [ -73.835399, 40.74552 ], [ -73.83424, 40.747302 ], [ -73.833099, 40.747994 ], [ -73.832181, 40.751506 ], [ -73.832295, 40.751942 ], [ -73.835602, 40.751395 ], [ -73.837674, 40.754114 ], [ -73.837917, 40.754541 ], [ -73.838211, 40.755253 ], [ -73.838619, 40.757045 ], [ -73.843244, 40.755337 ], [ -73.846017, 40.760805 ], [ -73.846863, 40.760416 ], [ -73.846709, 40.761345 ], [ -73.848515, 40.763822 ], [ -73.849215, 40.764209 ], [ -73.850281, 40.76606 ], [ -73.853702, 40.76948 ], [ -73.854982, 40.767448 ], [ -73.860433, 40.763869 ], [ -73.860937, 40.763729 ], [ -73.859756, 40.761836 ], [ -73.85604, 40.759726 ], [ -73.85464, 40.758466 ], [ -73.853654, 40.756835 ], [ -73.853126, 40.755109 ], [ -73.852617, 40.753405 ], [ -73.852205, 40.752661 ], [ -73.850864, 40.749996 ], [ -73.854421, 40.748805 ], [ -73.85326, 40.746834 ], [ -73.852918, 40.746171 ], [ -73.852241, 40.744841 ], [ -73.850525, 40.741514 ], [ -73.850116, 40.740724 ], [ -73.851701, 40.741173 ], [ -73.852358, 40.741375 ], [ -73.85264, 40.74071 ], [ -73.852878, 40.740038 ], [ -73.853129, 40.739374 ], [ -73.856454, 40.740363 ], [ -73.857309, 40.739681 ], [ -73.857702, 40.73936 ], [ -73.858975, 40.738698 ], [ -73.860072, 40.738373 ], [ -73.859387, 40.737043 ], [ -73.858866, 40.735939 ], [ -73.858771, 40.735785 ], [ -73.858635, 40.735471 ] ], [ [ -73.85594, 40.706395 ], [ -73.854746, 40.706767 ], [ -73.854641, 40.70529 ], [ -73.853692, 40.704315 ], [ -73.852151, 40.702251 ], [ -73.855293, 40.702596 ], [ -73.855292, 40.701844 ], [ -73.856914, 40.701885 ], [ -73.857028, 40.70117 ], [ -73.858579, 40.701238 ], [ -73.85815, 40.702898 ], [ -73.858288, 40.702911 ], [ -73.863254, 40.703392 ], [ -73.860156, 40.704746 ], [ -73.858215, 40.705602 ], [ -73.85594, 40.706395 ] ] ] } },
{ "type": "Feature", "properties": { "NTAName": "Rego Park", "total_pop": 106100.0, "chinese_pop": 15202.0, "chinese_pct": 14.32799245994345 }, "geometry": { "type": "Polygon", "coordinates": [ [ [ -73.860072, 40.738373 ], [ -73.8623, 40.737682 ], [ -73.864047, 40.737163 ], [ -73.86583, 40.736643 ], [ -73.866095, 40.737251 ], [ -73.868228, 40.736849 ], [ -73.870094, 40.736522 ], [ -73.872101, 40.735994 ], [ -73.872656, 40.735743 ], [ -73.874351, 40.734966 ], [ -73.87477, 40.734628 ], [ -73.877838, 40.736586 ], [ -73.880354, 40.737135 ], [ -73.880659, 40.735715 ], [ -73.879554, 40.734854 ], [ -73.877083, 40.732909 ], [ -73.877506, 40.731607 ], [ -73.875237, 40.730724 ], [ -73.877965, 40.72977 ], [ -73.87768, 40.729468 ], [ -73.877483, 40.72928 ], [ -73.876481, 40.728486 ], [ -73.874708, 40.72709 ], [ -73.873366, 40.725997 ], [ -73.872802, 40.725304 ], [ -73.871353, 40.723493 ], [ -73.869869, 40.721638 ], [ -73.867969, 40.719268 ], [ -73.870531, 40.718161 ], [ -73.872392, 40.717831 ], [ -73.871694, 40.71426 ], [ -73.871618, 40.71329 ], [ -73.871547, 40.712597 ], [ -73.870945, 40.711246 ], [ -73.870321, 40.709899 ], [ -73.870165, 40.709208 ], [ -73.869891, 40.708509 ], [ -73.86911, 40.707089 ], [ -73.869015, 40.70677 ], [ -73.866131, 40.706656 ], [ -73.864269, 40.706686 ], [ -73.863794, 40.703334 ], [ -73.863254, 40.703392 ], [ -73.860156, 40.704746 ], [ -73.858215, 40.705602 ], [ -73.85594, 40.706395 ], [ -73.856677, 40.707692 ], [ -73.857298, 40.711465 ], [ -73.855745, 40.71123 ], [ -73.854662, 40.712947 ], [ -73.85426, 40.713592 ], [ -73.853447, 40.714877 ], [ -73.853033, 40.715519 ], [ -73.852227, 40.716807 ], [ -73.851416, 40.718094 ], [ -73.850605, 40.719381 ], [ -73.850432, 40.720109 ], [ -73.849433, 40.720963 ], [ -73.845254, 40.719441 ], [ -73.844789, 40.720164 ], [ -73.843978, 40.721455 ], [ -73.846257, 40.722453 ], [ -73.84733, 40.722933 ], [ -73.849514, 40.722613 ], [ -73.851354, 40.722575 ], [ -73.854542, 40.723726 ], [ -73.853512, 40.72536 ], [ -73.852448, 40.726705 ], [ -73.853588, 40.727135 ], [ -73.851778, 40.727697 ], [ -73.849247, 40.72845 ], [ -73.849448, 40.729154 ], [ -73.850253, 40.729655 ], [ -73.850794, 40.730288 ], [ -73.851137, 40.730953 ], [ -73.851479, 40.731618 ], [ -73.851821, 40.732282 ], [ -73.852164, 40.732947 ], [ -73.852522, 40.733619 ], [ -73.853249, 40.734977 ], [ -73.853579, 40.735647 ], [ -73.853911, 40.736316 ], [ -73.854181, 40.736954 ], [ -73.853734, 40.737326 ], [ -73.854215, 40.737233 ], [ -73.853717, 40.738075 ], [ -73.853392, 40.738689 ], [ -73.853129, 40.739374 ], [ -73.856454, 40.740363 ], [ -73.857309, 40.739681 ], [ -73.857702, 40.73936 ], [ -73.858975, 40.738698 ], [ -73.860072, 40.738373 ] ] ] } },
{ "type": "Feature", "properties": { "NTAName": "Elmhurst", "total_pop": 211669.0, "chinese_pop": 30279.0, "chinese_pct": 14.304881678469686 }, "geometry": { "type": "Polygon", "coordinates": [ [ [ -73.892179, 40.742873 ], [ -73.893766, 40.742609 ], [ -73.894692, 40.742574 ], [ -73.895653, 40.742684 ], [ -73.896139, 40.742795 ], [ -73.896453, 40.742861 ], [ -73.897277, 40.742046 ], [ -73.898985, 40.740646 ], [ -73.897445, 40.74036 ], [ -73.896856, 40.740637 ], [ -73.895838, 40.740453 ], [ -73.895872, 40.739066 ], [ -73.89593, 40.737639 ], [ -73.895956, 40.736925 ], [ -73.896016, 40.735239 ], [ -73.896029, 40.735018 ], [ -73.895101, 40.735021 ], [ -73.893235, 40.734561 ], [ -73.892326, 40.73447 ], [ -73.89175, 40.734485 ], [ -73.892063, 40.733965 ], [ -73.892334, 40.731159 ], [ -73.893869, 40.731147 ], [ -73.893693, 40.729208 ], [ -73.895589, 40.728965 ], [ -73.895341, 40.725921 ], [ -73.894974, 40.725407 ], [ -73.891658, 40.725674 ], [ -73.887205, 40.727869 ], [ -73.887241, 40.727402 ], [ -73.887077, 40.724638 ], [ -73.886428, 40.724596 ], [ -73.884136, 40.724882 ], [ -73.882588, 40.725083 ], [ -73.879643, 40.72556 ], [ -73.877556, 40.725751 ], [ -73.874708, 40.72709 ], [ -73.876481, 40.728486 ], [ -73.877483, 40.72928 ], [ -73.87768, 40.729468 ], [ -73.877965, 40.72977 ], [ -73.875237, 40.730724 ], [ -73.871429, 40.729248 ], [ -73.871133, 40.728372 ], [ -73.871018, 40.727979 ], [ -73.870632, 40.727059 ], [ -73.869632, 40.72791 ], [ -73.869243, 40.727768 ], [ -73.868479, 40.72898 ], [ -73.8663, 40.728186 ], [ -73.865893, 40.72883 ], [ -73.865487, 40.729472 ], [ -73.865081, 40.730113 ], [ -73.864479, 40.731089 ], [ -73.863424, 40.731951 ], [ -73.859887, 40.733002 ], [ -73.857652, 40.733668 ], [ -73.857993, 40.734334 ], [ -73.858635, 40.735471 ], [ -73.858771, 40.735785 ], [ -73.858866, 40.735939 ], [ -73.859387, 40.737043 ], [ -73.860072, 40.738373 ], [ -73.860734, 40.739636 ], [ -73.861855, 40.741589 ], [ -73.86241, 40.74289 ], [ -73.862666, 40.74341 ], [ -73.863415, 40.744781 ], [ -73.864371, 40.745082 ], [ -73.864072, 40.746074 ], [ -73.866088, 40.745474 ], [ -73.867097, 40.747432 ], [ -73.867351, 40.747358 ], [ -73.868458, 40.749264 ], [ -73.869947, 40.751794 ], [ -73.870695, 40.753564 ], [ -73.870995, 40.755208 ], [ -73.871324, 40.757036 ], [ -73.872219, 40.756943 ], [ -73.873657, 40.756804 ], [ -73.872692, 40.75503 ], [ -73.871792, 40.753326 ], [ -73.870842, 40.751545 ], [ -73.873119, 40.750735 ], [ -73.873528, 40.752962 ], [ -73.874455, 40.752859 ], [ -73.874809, 40.754806 ], [ -73.875139, 40.756634 ], [ -73.876068, 40.756536 ], [ -73.876998, 40.756439 ], [ -73.876668, 40.75461 ], [ -73.876315, 40.752666 ], [ -73.877247, 40.752568 ], [ -73.878174, 40.752471 ], [ -73.879104, 40.752373 ], [ -73.879789, 40.756147 ], [ -73.880719, 40.756049 ], [ -73.881648, 40.755952 ], [ -73.883507, 40.755755 ], [ -73.884439, 40.755657 ], [ -73.886298, 40.75546 ], [ -73.888157, 40.755266 ], [ -73.889088, 40.75517 ], [ -73.890013, 40.755071 ], [ -73.890948, 40.754974 ], [ -73.892803, 40.754778 ], [ -73.893734, 40.754681 ], [ -73.896522, 40.754389 ], [ -73.898738, 40.754154 ], [ -73.897857, 40.752808 ], [ -73.897683, 40.7524 ], [ -73.897397, 40.750804 ], [ -73.897309, 40.750459 ], [ -73.896359, 40.74877 ], [ -73.895659, 40.748473 ], [ -73.894447, 40.746535 ], [ -73.893445, 40.744958 ], [ -73.892179, 40.742873 ] ] ] } },
{ "type": "Feature", "properties": { "NTAName": "Madison", "total_pop": 77394.0, "chinese_pop": 11045.0, "chinese_pct": 14.271132129105615 }, "geometry": { "type": "Polygon", "coordinates": [ [ [ -73.949047, 40.597479 ], [ -73.94812, 40.59758 ], [ -73.947192, 40.597682 ], [ -73.94623, 40.597789 ], [ -73.945265, 40.597894 ], [ -73.942484, 40.598201 ], [ -73.942889, 40.600318 ], [ -73.941891, 40.600427 ], [ -73.939042, 40.600742 ], [ -73.938113, 40.600844 ], [ -73.93715, 40.600949 ], [ -73.936197, 40.601055 ], [ -73.934471, 40.601231 ], [ -73.934227, 40.60101 ], [ -73.931404, 40.598476 ], [ -73.929738, 40.596978 ], [ -73.929569, 40.59682 ], [ -73.926533, 40.594104 ], [ -73.923638, 40.591497 ], [ -73.92096, 40.589095 ], [ -73.917656, 40.586139 ], [ -73.919944, 40.584646 ], [ -73.925948, 40.585007 ], [ -73.927207, 40.584802 ], [ -73.931369, 40.586071 ], [ -73.931256, 40.585432 ], [ -73.930191, 40.585086 ], [ -73.930096, 40.584502 ], [ -73.931078, 40.584388 ], [ -73.932042, 40.584234 ], [ -73.931842, 40.583076 ], [ -73.931946, 40.582022 ], [ -73.929387, 40.572613 ], [ -73.92807, 40.567786 ], [ -73.903871, 40.571619 ], [ -73.890518, 40.572705 ], [ -73.886292, 40.573505 ], [ -73.885069, 40.573749 ], [ -73.887735, 40.578009 ], [ -73.888139, 40.578742 ], [ -73.902662, 40.591643 ], [ -73.904957, 40.593956 ], [ -73.918224, 40.605805 ], [ -73.919296, 40.606947 ], [ -73.919693, 40.607311 ], [ -73.921584, 40.607639 ], [ -73.924441, 40.605794 ], [ -73.926249, 40.607414 ], [ -73.927691, 40.60648 ], [ -73.929868, 40.605071 ], [ -73.933513, 40.608343 ], [ -73.932801, 40.608805 ], [ -73.934622, 40.610442 ], [ -73.936438, 40.612069 ], [ -73.938254, 40.613702 ], [ -73.93897, 40.61324 ], [ -73.940788, 40.614872 ], [ -73.942993, 40.616969 ], [ -73.943145, 40.617426 ], [ -73.941282, 40.61763 ], [ -73.940453, 40.617929 ], [ -73.939716, 40.618406 ], [ -73.936867, 40.620253 ], [ -73.936336, 40.620611 ], [ -73.940805, 40.620125 ], [ -73.943591, 40.619816 ], [ -73.944518, 40.619714 ], [ -73.945516, 40.619606 ], [ -73.946514, 40.619494 ], [ -73.948369, 40.619291 ], [ -73.950256, 40.619083 ], [ -73.951221, 40.618978 ], [ -73.952148, 40.618875 ], [ -73.953078, 40.618775 ], [ -73.954003, 40.618672 ], [ -73.955037, 40.618558 ], [ -73.954587, 40.616169 ], [ -73.955786, 40.616036 ], [ -73.956729, 40.615932 ], [ -73.958655, 40.615721 ], [ -73.959583, 40.61562 ], [ -73.959079, 40.612957 ], [ -73.958593, 40.610403 ], [ -73.95952, 40.610302 ], [ -73.960444, 40.610202 ], [ -73.96238, 40.609986 ], [ -73.961886, 40.607336 ], [ -73.961732, 40.605358 ], [ -73.961363, 40.600589 ], [ -73.961185, 40.598312 ], [ -73.961028, 40.596161 ], [ -73.959777, 40.596299 ], [ -73.95878, 40.596407 ], [ -73.957853, 40.596511 ], [ -73.956928, 40.596612 ], [ -73.955076, 40.596816 ], [ -73.95315, 40.597028 ], [ -73.952204, 40.597131 ], [ -73.951006, 40.597262 ], [ -73.949047, 40.597479 ] ] ] } },
{ "type": "Feature", "properties": { "NTAName": "Fort Totten", "total_pop": 6688.0, "chinese_pop": 938.0, "chinese_pct": 14.025119617224879 }, "geometry": { "type": "Polygon", "coordinates": [ [ [ -73.781738032220701, 40.795385340308499 ], [ -73.786422499002299, 40.801457355595105 ], [ -73.787918, 40.800362 ], [ -73.793559, 40.80038 ], [ -73.793455, 40.792711 ], [ -73.792657, 40.790521 ], [ -73.79159, 40.789008 ], [ -73.790583, 40.788129 ], [ -73.787127, 40.785357 ], [ -73.785422, 40.782385 ], [ -73.78237, 40.782969 ], [ -73.783529, 40.788745 ], [ -73.78227, 40.788661 ], [ -73.780692, 40.787979 ], [ -73.778676, 40.785446 ], [ -73.776523, 40.782447 ], [ -73.775321, 40.780466 ], [ -73.775839, 40.778613 ], [ -73.775537, 40.777026 ], [ -73.771132, 40.778341 ], [ -73.768642, 40.779087 ], [ -73.767034859614597, 40.7784804395572 ], [ -73.767441, 40.779557 ], [ -73.767545145468404, 40.779657609991901 ], [ -73.77033879341991, 40.782356420627202 ], [ -73.774078759154705, 40.785969423938894 ], [ -73.774334, 40.786216 ], [ -73.774138909725394, 40.786320279879497 ], [ -73.770293, 40.788376 ], [ -73.775558, 40.795613 ], [ -73.77885, 40.797193 ], [ -73.781369, 40.794907 ], [ -73.781738032220701, 40.795385340308499 ] ] ] } },
{ "type": "Feature", "properties": { "NTAName": "Bay Ridge", "total_pop": 109451.0, "chinese_pop": 15105.0, "chinese_pct": 13.800696201953386 }, "geometry": { "type": "Polygon", "coordinates": [ [ [ -74.036384368162899, 40.609913143188301 ], [ -74.035805815735401, 40.609367938957099 ], [ -74.035494962847494, 40.609075003862998 ], [ -74.031384, 40.605201 ], [ -74.027879005580203, 40.6044455581482 ], [ -74.027547, 40.604374 ], [ -74.026775139974404, 40.6042371612374 ], [ -74.021331, 40.603272 ], [ -74.019571304051098, 40.602715096646598 ], [ -74.019493521809693, 40.602690480353594 ], [ -74.019151091727693, 40.602582109097099 ], [ -74.018958, 40.602521 ], [ -74.0187555455107, 40.602516475289498 ], [ -74.018732, 40.60357 ], [ -74.021247, 40.604495 ], [ -74.021502, 40.607828 ], [ -74.024775, 40.609676 ], [ -74.022789, 40.614596 ], [ -74.022161, 40.616169 ], [ -74.021216, 40.618472 ], [ -74.020526, 40.618058 ], [ -74.018152, 40.620336 ], [ -74.016406, 40.622014 ], [ -74.014033, 40.624294 ], [ -74.013409, 40.624896 ], [ -74.012245, 40.626016 ], [ -74.011665, 40.626574 ], [ -74.013572, 40.627728 ], [ -74.012858, 40.628207 ], [ -74.012142, 40.628684 ], [ -74.011428, 40.629162 ], [ -74.010004, 40.630113 ], [ -74.009224, 40.630634 ], [ -74.008456, 40.63115 ], [ -74.007739, 40.63163 ], [ -74.007023, 40.63211 ], [ -74.010742, 40.634357 ], [ -74.011326, 40.633795 ], [ -74.011908, 40.633234 ], [ -74.016306, 40.635896 ], [ -74.016068, 40.636139 ], [ -74.015146, 40.637014 ], [ -74.014567, 40.637571 ], [ -74.013961, 40.638153 ], [ -74.016167, 40.639483 ], [ -74.018422, 40.640846 ], [ -74.020212, 40.641981 ], [ -74.019011, 40.643165 ], [ -74.017926, 40.644233 ], [ -74.017877, 40.644201 ], [ -74.016651, 40.645331 ], [ -74.019256, 40.646853 ], [ -74.02146, 40.648182 ], [ -74.023835, 40.645919 ], [ -74.025055, 40.646991 ], [ -74.029217631833006, 40.649068425606401 ], [ -74.032066, 40.646479 ], [ -74.033516831552902, 40.644302752670498 ], [ -74.035859107913694, 40.640789338129501 ], [ -74.037407692307696, 40.638466461538499 ], [ -74.038336, 40.637074 ], [ -74.038704022081504, 40.635970024045498 ], [ -74.038780708605699, 40.635739983287202 ], [ -74.039385174798596, 40.6339267330072 ], [ -74.03942056116, 40.633820582604805 ], [ -74.039575585777499, 40.633355546785701 ], [ -74.040291508662094, 40.631207953775203 ], [ -74.041042772195397, 40.628954347489298 ], [ -74.041216001651193, 40.628434701621899 ], [ -74.041584335279396, 40.627329791103797 ], [ -74.041986163986394, 40.6261244035665 ], [ -74.041986966214395, 40.626121997079402 ], [ -74.042011626525607, 40.626048022196002 ], [ -74.042412, 40.624847 ], [ -74.041864982830802, 40.622537781170799 ], [ -74.041861242582598, 40.622521991809904 ], [ -74.041819213299405, 40.622344566277995 ], [ -74.041628797717905, 40.621540731826002 ], [ -74.041421328896206, 40.620664907562301 ], [ -74.041399105960295, 40.620571094013201 ], [ -74.041004213061896, 40.618904063857904 ], [ -74.040971041910495, 40.618764032700298 ], [ -74.040565747158809, 40.617053091390297 ], [ -74.040247207531905, 40.6157083845955 ], [ -74.039935059592395, 40.614390660143101 ], [ -74.039619480335503, 40.613058450473702 ], [ -74.039610500232797, 40.61302054120231 ], [ -74.039598987354793, 40.612971939885803 ], [ -74.03959, 40.612934 ], [ -74.039265579014497, 40.612628278883605 ], [ -74.036388448941494, 40.609916988747699 ], [ -74.036384368162899, 40.609913143188301 ] ] ] } },
{ "type": "Feature", "properties": { "NTAName": "Middle Village", "total_pop": 76044.0, "chinese_pop": 10280.0, "chinese_pct": 13.518489295670927 }, "geometry": { "type": "Polygon", "coordinates": [ [ [ -73.900339, 40.71802 ], [ -73.898348, 40.719198 ], [ -73.897268, 40.718147 ], [ -73.899018, 40.717382 ], [ -73.897502, 40.716384 ], [ -73.896285, 40.714818 ], [ -73.895538, 40.713804 ], [ -73.895025, 40.712478 ], [ -73.888776, 40.712286 ], [ -73.888546, 40.712275 ], [ -73.887247, 40.710262 ], [ -73.888995, 40.709113 ], [ -73.888703, 40.707669 ], [ -73.885532, 40.706446 ], [ -73.881232, 40.706372 ], [ -73.880878, 40.706193 ], [ -73.880288, 40.704814 ], [ -73.879167, 40.702076 ], [ -73.877335, 40.702222 ], [ -73.876398, 40.702294 ], [ -73.875431, 40.702374 ], [ -73.87722, 40.706687 ], [ -73.874918, 40.706816 ], [ -73.874241, 40.70673 ], [ -73.871648, 40.702687 ], [ -73.870733, 40.702762 ], [ -73.869819, 40.702838 ], [ -73.870665, 40.704898 ], [ -73.868608, 40.705376 ], [ -73.869015, 40.70677 ], [ -73.866131, 40.706656 ], [ -73.864269, 40.706686 ], [ -73.863794, 40.703334 ], [ -73.863254, 40.703392 ], [ -73.860156, 40.704746 ], [ -73.858215, 40.705602 ], [ -73.85594, 40.706395 ], [ -73.856677, 40.707692 ], [ -73.857298, 40.711465 ], [ -73.859759, 40.711845 ], [ -73.859632, 40.713598 ], [ -73.860038, 40.714932 ], [ -73.861834, 40.716593 ], [ -73.863018, 40.717708 ], [ -73.859129, 40.719544 ], [ -73.859223, 40.720296 ], [ -73.859358, 40.7214 ], [ -73.858522, 40.721529 ], [ -73.858645, 40.722591 ], [ -73.862038, 40.725957 ], [ -73.863941, 40.726629 ], [ -73.864514, 40.72676 ], [ -73.8641, 40.727382 ], [ -73.8663, 40.728186 ], [ -73.865893, 40.72883 ], [ -73.865487, 40.729472 ], [ -73.865081, 40.730113 ], [ -73.864479, 40.731089 ], [ -73.866075, 40.731694 ], [ -73.866782, 40.731656 ], [ -73.868261, 40.732486 ], [ -73.868352, 40.732527 ], [ -73.869037, 40.732849 ], [ -73.87048, 40.733294 ], [ -73.873788, 40.734255 ], [ -73.87477, 40.734628 ], [ -73.877838, 40.736586 ], [ -73.880354, 40.737135 ], [ -73.880659, 40.735715 ], [ -73.879554, 40.734854 ], [ -73.877083, 40.732909 ], [ -73.877506, 40.731607 ], [ -73.87848, 40.731961 ], [ -73.883529, 40.733848 ], [ -73.883811, 40.73356 ], [ -73.884838, 40.733933 ], [ -73.887702, 40.734291 ], [ -73.888566, 40.734592 ], [ -73.88811, 40.730572 ], [ -73.88806, 40.730087 ], [ -73.889916, 40.72954 ], [ -73.891518, 40.728162 ], [ -73.892403, 40.729559 ], [ -73.892334, 40.731159 ], [ -73.893869, 40.731147 ], [ -73.893693, 40.729208 ], [ -73.895589, 40.728965 ], [ -73.895341, 40.725921 ], [ -73.894974, 40.725407 ], [ -73.894678, 40.724999 ], [ -73.894113, 40.723214 ], [ -73.894268, 40.723142 ], [ -73.895824, 40.723899 ], [ -73.900106, 40.723296 ], [ -73.899816, 40.721237 ], [ -73.897369, 40.720482 ], [ -73.900626, 40.719764 ], [ -73.900339, 40.71802 ] ] ] } },
{ "type": "Feature", "properties": { "NTAName": "Glen Oaks-Floral Park-New Hyde Park", "total_pop": 53517.0, "chinese_pop": 6901.0, "chinese_pct": 12.894967954108042 }, "geometry": { "type": "Polygon", "coordinates": [ [ [ -73.733763, 40.742869 ], [ -73.739224, 40.739684 ], [ -73.73983, 40.739054 ], [ -73.740291, 40.738517 ], [ -73.741676, 40.736827 ], [ -73.740159, 40.737169 ], [ -73.735881, 40.73808 ], [ -73.733773, 40.738899 ], [ -73.734362, 40.736175 ], [ -73.734736, 40.734783 ], [ -73.735265, 40.733454 ], [ -73.732186, 40.732867 ], [ -73.731277, 40.732714 ], [ -73.731944, 40.730926 ], [ -73.727734, 40.731058 ], [ -73.726366, 40.733455 ], [ -73.726112, 40.736382 ], [ -73.72751, 40.740688 ], [ -73.726729, 40.740785 ], [ -73.726569, 40.740823 ], [ -73.72489, 40.739566 ], [ -73.724188, 40.7387 ], [ -73.722954, 40.735941 ], [ -73.722675, 40.734247 ], [ -73.722728, 40.733154 ], [ -73.723072, 40.731493 ], [ -73.723306, 40.730348 ], [ -73.72437, 40.725306 ], [ -73.72472, 40.724298 ], [ -73.724141, 40.724469 ], [ -73.721196, 40.725265 ], [ -73.720919, 40.725341 ], [ -73.716494, 40.726454 ], [ -73.712403, 40.726978 ], [ -73.710485, 40.72723 ], [ -73.70976, 40.727382 ], [ -73.707939, 40.727771 ], [ -73.705179, 40.73193 ], [ -73.704674, 40.732714 ], [ -73.702699, 40.735723 ], [ -73.701487, 40.737555 ], [ -73.700506, 40.739061 ], [ -73.700384, 40.73919 ], [ -73.70036, 40.741031 ], [ -73.700582, 40.743184 ], [ -73.700768, 40.745014 ], [ -73.700988, 40.746878 ], [ -73.701205, 40.748861 ], [ -73.701633, 40.752493 ], [ -73.707825, 40.756216 ], [ -73.713325, 40.75973 ], [ -73.721059, 40.764499 ], [ -73.724094, 40.764158 ], [ -73.724729, 40.764029 ], [ -73.726643, 40.763445 ], [ -73.72794, 40.762869 ], [ -73.731862, 40.760542 ], [ -73.734828, 40.759494 ], [ -73.73595, 40.758948 ], [ -73.739263, 40.756917 ], [ -73.739381, 40.755761 ], [ -73.739793, 40.755399 ], [ -73.741362, 40.754469 ], [ -73.741724, 40.753282 ], [ -73.737189, 40.748221 ], [ -73.73543, 40.747161 ], [ -73.735038, 40.745526 ], [ -73.735018, 40.744888 ], [ -73.734362, 40.743628 ], [ -73.733763, 40.742869 ] ] ] } },
{ "type": "Feature", "properties": { "NTAName": "Maspeth", "total_pop": 68505.0, "chinese_pop": 8599.0, "chinese_pct": 12.552368440259833 }, "geometry": { "type": "Polygon", "coordinates": [ [ [ -73.909285, 40.736334 ], [ -73.908555, 40.73793 ], [ -73.908323, 40.738631 ], [ -73.907556, 40.741659 ], [ -73.90929, 40.741867 ], [ -73.911987, 40.742189 ], [ -73.913828, 40.742414 ], [ -73.914438, 40.74056 ], [ -73.915675, 40.740785 ], [ -73.917091, 40.737145 ], [ -73.916515, 40.736757 ], [ -73.917558, 40.735292 ], [ -73.920256, 40.735194 ], [ -73.921268, 40.734724 ], [ -73.922248, 40.734415 ], [ -73.922573, 40.734286 ], [ -73.924676, 40.732981 ], [ -73.927512, 40.729122 ], [ -73.928307, 40.72834 ], [ -73.929058, 40.727688 ], [ -73.927801, 40.726494 ], [ -73.927171, 40.725233 ], [ -73.92418, 40.72002 ], [ -73.924278, 40.718536 ], [ -73.923127, 40.717024 ], [ -73.922711, 40.716478 ], [ -73.924327, 40.715568 ], [ -73.92404, 40.714008 ], [ -73.915663, 40.713469 ], [ -73.91467, 40.713437 ], [ -73.913038, 40.713332 ], [ -73.910778, 40.713188 ], [ -73.906922, 40.712948 ], [ -73.906078, 40.712903 ], [ -73.905376, 40.712877 ], [ -73.904895, 40.712857 ], [ -73.904053, 40.711004 ], [ -73.905093, 40.710756 ], [ -73.907, 40.709306 ], [ -73.906257, 40.708867 ], [ -73.904777, 40.70799 ], [ -73.904033, 40.707551 ], [ -73.903652, 40.707853 ], [ -73.898453, 40.70904 ], [ -73.899356, 40.710323 ], [ -73.899709, 40.710981 ], [ -73.899855, 40.711265 ], [ -73.900596, 40.712697 ], [ -73.900184, 40.712681 ], [ -73.895025, 40.712478 ], [ -73.888776, 40.712286 ], [ -73.888546, 40.712275 ], [ -73.886879, 40.712223 ], [ -73.88722, 40.713982 ], [ -73.887179, 40.714756 ], [ -73.887446, 40.715177 ], [ -73.887916, 40.715806 ], [ -73.889534, 40.717616 ], [ -73.890535, 40.718702 ], [ -73.892838, 40.716006 ], [ -73.894235, 40.717924 ], [ -73.893758, 40.718206 ], [ -73.889664, 40.720156 ], [ -73.88724, 40.72128 ], [ -73.885641, 40.722022 ], [ -73.884842, 40.722392 ], [ -73.882435, 40.723509 ], [ -73.88092, 40.721603 ], [ -73.877674, 40.723101 ], [ -73.873168, 40.72519 ], [ -73.872802, 40.725304 ], [ -73.873366, 40.725997 ], [ -73.874708, 40.72709 ], [ -73.876481, 40.728486 ], [ -73.877483, 40.72928 ], [ -73.87768, 40.729468 ], [ -73.877965, 40.72977 ], [ -73.875237, 40.730724 ], [ -73.877506, 40.731607 ], [ -73.87848, 40.731961 ], [ -73.883529, 40.733848 ], [ -73.883811, 40.73356 ], [ -73.884838, 40.733933 ], [ -73.887702, 40.734291 ], [ -73.888566, 40.734592 ], [ -73.889016, 40.735231 ], [ -73.891379, 40.735918 ], [ -73.891369, 40.736061 ], [ -73.889383, 40.736422 ], [ -73.888802, 40.736531 ], [ -73.887535, 40.736763 ], [ -73.887253, 40.738836 ], [ -73.887694, 40.738905 ], [ -73.889669, 40.739302 ], [ -73.890254, 40.739391 ], [ -73.892208, 40.739756 ], [ -73.894685, 40.740233 ], [ -73.895838, 40.740453 ], [ -73.896856, 40.740637 ], [ -73.897445, 40.74036 ], [ -73.898985, 40.740646 ], [ -73.899146, 40.740668 ], [ -73.899736, 40.740205 ], [ -73.900796, 40.739445 ], [ -73.90179, 40.738968 ], [ -73.902714, 40.73863 ], [ -73.902941, 40.738403 ], [ -73.903658, 40.738142 ], [ -73.904639, 40.737753 ], [ -73.905566, 40.737336 ], [ -73.906426, 40.736944 ], [ -73.909285, 40.736334 ] ] ] } },
{ "type": "Feature", "properties": { "NTAName": "Financial District-Battery Park City", "total_pop": 85373.0, "chinese_pop": 10672.0, "chinese_pct": 12.500439248942874 }, "geometry": { "type": "MultiPolygon", "coordinates": [ [ [ [ -74.000617379114303, 40.6951221683874 ], [ -74.002408, 40.695703 ], [ -74.002963386008304, 40.69475914544401 ], [ -74.003392228350506, 40.694030346387898 ], [ -74.003890244212997, 40.693183989919198 ], [ -74.004320454192893, 40.692452866622098 ], [ -74.004744196431304, 40.691732734972497 ], [ -74.005167870788398, 40.691012718684298 ], [ -74.0060272619275, 40.689552220526302 ], [ -74.006512105830794, 40.688728249233797 ], [ -74.007379, 40.687255 ], [ -74.004593, 40.688215 ], [ -74.00382, 40.68893 ], [ -74.002993, 40.690427 ], [ -74.001963, 40.690136 ], [ -74.000699, 40.690612 ], [ -74.001969, 40.691843 ], [ -74.001744, 40.692407 ], [ -74.000495, 40.691938 ], [ -73.997793, 40.691188 ], [ -73.996233, 40.690758 ], [ -73.994361, 40.690239 ], [ -73.993736, 40.691535 ], [ -73.993103, 40.692846 ], [ -73.99508, 40.693147 ], [ -73.996716, 40.693439 ], [ -73.996197, 40.694507 ], [ -73.995855, 40.695221 ], [ -73.995547, 40.695892 ], [ -73.995326, 40.696378 ], [ -73.994292, 40.698535 ], [ -73.995122, 40.698767 ], [ -73.996001, 40.699007 ], [ -73.9975, 40.699653 ], [ -73.999496, 40.700329 ], [ -74.0000444533093, 40.699465266013306 ], [ -74.000206380656095, 40.6992102540543 ], [ -74.0004938144981, 40.698757587666599 ], [ -74.001039, 40.697899 ], [ -73.998763, 40.69711 ], [ -73.999368058491697, 40.696252664262303 ], [ -74.00025, 40.695003 ], [ -74.000477565563699, 40.695076816447909 ], [ -74.000617379114303, 40.6951221683874 ] ] ], [ [ [ -74.012113182521006, 40.684185811530405 ], [ -74.008425, 40.686016 ], [ -74.008220139261496, 40.686709686229101 ], [ -74.008473726657101, 40.6865452845595 ], [ -74.012113182521006, 40.684185811530405 ] ] ], [ [ [ -74.026302, 40.684844 ], [ -74.024638, 40.683943 ], [ -74.019858, 40.685579 ], [ -74.016173, 40.687075 ], [ -74.013429, 40.687953 ], [ -74.012132, 40.690679 ], [ -74.01546, 40.693382 ], [ -74.0195, 40.693382 ], [ -74.019838722150496, 40.693029455510597 ], [ -74.025916817874403, 40.6867033290685 ], [ -74.026288, 40.686317 ], [ -74.026302, 40.684844 ] ] ], [ [ [ -74.024395587666106, 40.713110778714899 ], [ -74.024952, 40.709474 ], [ -74.019526, 40.706985 ], [ -74.019251044629996, 40.706461414774097 ], [ -74.018073039368005, 40.704218191987898 ], [ -74.017985616018805, 40.704051715610198 ], [ -74.0168, 40.701794 ], [ -74.014062229115098, 40.700204561776502 ], [ -74.013796, 40.70005 ], [ -74.013613721022907, 40.700070709162098 ], [ -74.010996308351494, 40.7003680798422 ], [ -74.009043, 40.70059 ], [ -74.008804770044307, 40.700736173548499 ], [ -74.007608627933195, 40.7014701044953 ], [ -74.007100917401701, 40.70178162640201 ], [ -74.006784742137199, 40.701975625768 ], [ -74.004051, 40.703653 ], [ -74.003776809385897, 40.703554339596408 ], [ -73.998137, 40.701525 ], [ -73.996698, 40.700877 ], [ -73.995138, 40.70298 ], [ -73.995069, 40.703102 ], [ -73.993267, 40.702435 ], [ -73.992612, 40.702061 ], [ -73.990935, 40.700767 ], [ -73.98973, 40.700734 ], [ -73.988684, 40.700699 ], [ -73.986798, 40.700617 ], [ -73.986601, 40.700621 ], [ -73.984761, 40.701439 ], [ -73.98285, 40.701359 ], [ -73.980729, 40.701268 ], [ -73.979171, 40.705301 ], [ -73.979233, 40.705769 ], [ -73.980907, 40.705907 ], [ -73.980987, 40.705374 ], [ -73.982033, 40.705515 ], [ -73.984189, 40.705582 ], [ -73.98653, 40.704979 ], [ -73.987271, 40.705181 ], [ -73.989381, 40.705137 ], [ -73.992722, 40.705544 ], [ -73.993693, 40.704476 ], [ -73.996005, 40.708895 ], [ -73.996222, 40.709181 ], [ -73.996354, 40.709785 ], [ -73.996444, 40.710199 ], [ -73.996782, 40.711364 ], [ -73.996947, 40.712072 ], [ -73.999701, 40.71178 ], [ -74.00051, 40.710984 ], [ -74.000819, 40.711382 ], [ -74.000891, 40.713015 ], [ -74.001569, 40.713685 ], [ -74.000746, 40.71451 ], [ -74.000455, 40.714365 ], [ -74.000528, 40.71517 ], [ -74.000138, 40.7162 ], [ -73.999313, 40.71755 ], [ -73.999956, 40.718017 ], [ -74.001273, 40.718961 ], [ -74.001884, 40.719398 ], [ -74.004026, 40.716871 ], [ -74.004533, 40.71628 ], [ -74.005889, 40.714678 ], [ -74.007544, 40.715433 ], [ -74.008823, 40.716014 ], [ -74.009205, 40.716188 ], [ -74.008346, 40.721322 ], [ -74.007912, 40.7237 ], [ -74.010041, 40.725206 ], [ -74.010812, 40.72579 ], [ -74.011978, 40.724333 ], [ -74.01599, 40.724766 ], [ -74.021831824578598, 40.725486978350105 ], [ -74.021889292158903, 40.725250827745903 ], [ -74.022288612818002, 40.723609905778709 ], [ -74.023066321902505, 40.720414078335402 ], [ -74.023637, 40.718069 ], [ -74.023978245398197, 40.71583857855709 ], [ -74.024395587666106, 40.713110778714899 ] ] ] ] } },
{ "type": "Feature", "properties": { "NTAName": "Long Island City-Hunters Point", "total_pop": 43502.0, "chinese_pop": 5195.0, "chinese_pct": 11.941979679095214 }, "geometry": { "type": "Polygon", "coordinates": [ [ [ -73.978498, 40.736791 ], [ -73.97514, 40.735392 ], [ -73.974433, 40.735315 ], [ -73.973546, 40.734939 ], [ -73.961214, 40.729508 ], [ -73.96145, 40.730994 ], [ -73.961843, 40.731625 ], [ -73.962148, 40.732452 ], [ -73.962288, 40.732899 ], [ -73.962307, 40.733119 ], [ -73.962348, 40.733812 ], [ -73.962672, 40.736446 ], [ -73.962478, 40.736802 ], [ -73.95706, 40.739167 ], [ -73.955087, 40.7394 ], [ -73.952669, 40.739258 ], [ -73.947064, 40.737516 ], [ -73.942163, 40.735678 ], [ -73.940368, 40.733269 ], [ -73.93966, 40.731487 ], [ -73.937525, 40.729815 ], [ -73.931825, 40.728482 ], [ -73.929058, 40.727688 ], [ -73.928307, 40.72834 ], [ -73.927512, 40.729122 ], [ -73.928765, 40.729332 ], [ -73.931639, 40.729223 ], [ -73.935394, 40.731768 ], [ -73.93742, 40.733762 ], [ -73.938793, 40.735343 ], [ -73.936758, 40.735724 ], [ -73.935079, 40.737494 ], [ -73.934307, 40.741029 ], [ -73.934868, 40.742983 ], [ -73.930227, 40.742446 ], [ -73.927444, 40.742123 ], [ -73.926353, 40.747551 ], [ -73.925467, 40.747432 ], [ -73.92451, 40.747321 ], [ -73.923581, 40.747214 ], [ -73.922653, 40.747107 ], [ -73.921724, 40.746999 ], [ -73.920798, 40.746891 ], [ -73.920342, 40.749159 ], [ -73.918676, 40.749488 ], [ -73.914462, 40.750215 ], [ -73.909711, 40.749755 ], [ -73.909516, 40.750442 ], [ -73.909483, 40.750561 ], [ -73.909847, 40.751637 ], [ -73.913143, 40.750967 ], [ -73.915256, 40.750846 ], [ -73.920215, 40.749804 ], [ -73.921001, 40.750854 ], [ -73.924689, 40.751727 ], [ -73.931637, 40.751367 ], [ -73.935387, 40.749412 ], [ -73.936095, 40.749732 ], [ -73.933833, 40.751605 ], [ -73.935614, 40.752282 ], [ -73.93717, 40.753079 ], [ -73.938333, 40.75182 ], [ -73.94243, 40.753998 ], [ -73.941239, 40.755234 ], [ -73.942822, 40.756059 ], [ -73.94435, 40.756875 ], [ -73.945814, 40.757799 ], [ -73.944167, 40.759308 ], [ -73.9397, 40.766411 ], [ -73.93859, 40.766817 ], [ -73.936184, 40.767692 ], [ -73.935771, 40.76905 ], [ -73.934246, 40.771029 ], [ -73.934956, 40.77173 ], [ -73.935323, 40.770485 ], [ -73.941312, 40.766918 ], [ -73.944715, 40.762879 ], [ -73.947832, 40.758989 ], [ -73.950108, 40.760028 ], [ -73.95124, 40.760618 ], [ -73.951565, 40.760381 ], [ -73.952541, 40.76049 ], [ -73.953606, 40.759536 ], [ -73.953843, 40.759355 ], [ -73.955527, 40.757243 ], [ -73.958614, 40.753848 ], [ -73.96156, 40.749458 ], [ -73.964715, 40.751717 ], [ -73.964862, 40.752011 ], [ -73.965055, 40.751813 ], [ -73.967227, 40.752688 ], [ -73.967261, 40.75264 ], [ -73.967974, 40.751366 ], [ -73.968427, 40.750764 ], [ -73.968908, 40.750112 ], [ -73.96932, 40.749517 ], [ -73.969987, 40.748869 ], [ -73.970452, 40.748212 ], [ -73.97078, 40.747543 ], [ -73.971228, 40.746919 ], [ -73.971657, 40.746304 ], [ -73.97213, 40.745681 ], [ -73.972576, 40.745068 ], [ -73.973512, 40.743782 ], [ -73.974015, 40.743095 ], [ -73.974924, 40.741847 ], [ -73.975343, 40.741274 ], [ -73.9758, 40.740644 ], [ -73.976251, 40.740026 ], [ -73.977148, 40.738796 ], [ -73.977603, 40.738172 ], [ -73.978052, 40.737554 ], [ -73.978498, 40.736791 ] ] ] } },
{ "type": "Feature", "properties": { "NTAName": "Sunset Park (West)", "total_pop": 85566.0, "chinese_pop": 10185.0, "chinese_pct": 11.903092349765092 }, "geometry": { "type": "Polygon", "coordinates": [ [ [ -73.990426, 40.676249 ], [ -73.989914, 40.67685 ], [ -73.989388, 40.678285 ], [ -73.992587, 40.679521 ], [ -73.994889, 40.6802 ], [ -73.994654, 40.680541 ], [ -73.996527, 40.68106 ], [ -73.996887, 40.680315 ], [ -73.997283, 40.679502 ], [ -73.997672, 40.678682 ], [ -73.998068, 40.677866 ], [ -73.998728, 40.676489 ], [ -73.999352, 40.6752 ], [ -73.999924, 40.674004 ], [ -74.001213, 40.67587 ], [ -74.001354, 40.675791 ], [ -74.002016, 40.674482 ], [ -74.002608, 40.673182 ], [ -74.006005, 40.674146 ], [ -74.007711, 40.674625 ], [ -74.009611, 40.675121 ], [ -74.011006, 40.672228 ], [ -74.011886, 40.670438 ], [ -74.014256, 40.669743 ], [ -74.017545, 40.671038 ], [ -74.019664338181002, 40.671547506338506 ], [ -74.01900209432452, 40.665588518452608 ], [ -74.018660957516701, 40.662518908844199 ], [ -74.018272, 40.659019 ], [ -74.018282011576019, 40.659009898567298 ], [ -74.026207327244407, 40.651805066141407 ], [ -74.029217631833006, 40.649068425606401 ], [ -74.032066, 40.646479 ], [ -74.033516831552902, 40.644302752670498 ], [ -74.035859107913694, 40.640789338129501 ], [ -74.037407692307696, 40.638466461538499 ], [ -74.038336, 40.637074 ], [ -74.038704022081504, 40.635970024045498 ], [ -74.037245, 40.635985 ], [ -74.032317, 40.634791 ], [ -74.032037, 40.635475 ], [ -74.031826, 40.635993 ], [ -74.031268, 40.637357 ], [ -74.028658, 40.636546 ], [ -74.028279, 40.637468 ], [ -74.025666, 40.636667 ], [ -74.025472, 40.63714 ], [ -74.02291, 40.636108 ], [ -74.022626, 40.636799 ], [ -74.021359, 40.637967 ], [ -74.021087, 40.638262 ], [ -74.019554, 40.637091 ], [ -74.018897, 40.636856 ], [ -74.016752, 40.63544 ], [ -74.016306, 40.635896 ], [ -74.016068, 40.636139 ], [ -74.015146, 40.637014 ], [ -74.014567, 40.637571 ], [ -74.013961, 40.638153 ], [ -74.016167, 40.639483 ], [ -74.015562, 40.640067 ], [ -74.01498, 40.640626 ], [ -74.013814, 40.641745 ], [ -74.012649, 40.642866 ], [ -74.011484, 40.643986 ], [ -74.010902, 40.644547 ], [ -74.010319, 40.645106 ], [ -74.009736, 40.645667 ], [ -74.009153, 40.646227 ], [ -74.007988, 40.647344 ], [ -74.006824, 40.648465 ], [ -74.005659, 40.649584 ], [ -74.005074, 40.650147 ], [ -74.00449, 40.650706 ], [ -74.003908, 40.651266 ], [ -74.002751, 40.652385 ], [ -74.002144, 40.652956 ], [ -73.997818, 40.650282 ], [ -73.998276, 40.649734 ], [ -73.996088, 40.648307 ], [ -73.993985, 40.647101 ], [ -73.989059, 40.644119 ], [ -73.98835, 40.644562 ], [ -73.985284, 40.645768 ], [ -73.983073, 40.646625 ], [ -73.981805, 40.647128 ], [ -73.980291, 40.647297 ], [ -73.980364, 40.647694 ], [ -73.980712, 40.649524 ], [ -73.978716, 40.650292 ], [ -73.976347, 40.65122 ], [ -73.977333, 40.653043 ], [ -73.978039, 40.654747 ], [ -73.978469, 40.655037 ], [ -73.980653, 40.656381 ], [ -73.985071, 40.659029 ], [ -73.98448, 40.659598 ], [ -73.983918, 40.660137 ], [ -73.983237, 40.660937 ], [ -73.982231, 40.662142 ], [ -73.984591, 40.663284 ], [ -73.986951, 40.664425 ], [ -73.989312, 40.665567 ], [ -73.991734, 40.666736 ], [ -73.99073, 40.667941 ], [ -73.990226, 40.668544 ], [ -73.989723, 40.669146 ], [ -73.992024, 40.670257 ], [ -73.994384, 40.671403 ], [ -73.993379, 40.672604 ], [ -73.992875, 40.673213 ], [ -73.992369, 40.673813 ], [ -73.990145, 40.676112 ], [ -73.990426, 40.676249 ] ] ] } },
{ "type": "Feature", "properties": { "NTAName": "Borough Park", "total_pop": 134456.0, "chinese_pop": 15863.0, "chinese_pct": 11.797911584458856 }, "geometry": { "type": "Polygon", "coordinates": [ [ [ -73.999176, 40.642026 ], [ -73.999757, 40.641467 ], [ -74.000341, 40.640905 ], [ -74.001508, 40.639785 ], [ -74.002091, 40.639225 ], [ -74.002672, 40.638667 ], [ -74.003838, 40.637546 ], [ -74.00442, 40.636985 ], [ -74.005003, 40.636425 ], [ -74.006169, 40.635303 ], [ -74.007356, 40.634164 ], [ -74.009557, 40.635493 ], [ -74.01176, 40.636823 ], [ -74.013961, 40.638153 ], [ -74.014567, 40.637571 ], [ -74.015146, 40.637014 ], [ -74.016068, 40.636139 ], [ -74.016306, 40.635896 ], [ -74.011908, 40.633234 ], [ -74.011326, 40.633795 ], [ -74.010742, 40.634357 ], [ -74.007023, 40.63211 ], [ -74.007739, 40.63163 ], [ -74.008456, 40.63115 ], [ -74.009224, 40.630634 ], [ -74.010004, 40.630113 ], [ -74.008754, 40.629371 ], [ -74.006554, 40.62804 ], [ -74.00435, 40.626711 ], [ -74.003099, 40.627916 ], [ -74.002515, 40.628475 ], [ -74.000314, 40.627145 ], [ -73.998117, 40.625816 ], [ -73.997241, 40.625289 ], [ -73.997484, 40.62452 ], [ -73.997713, 40.62368 ], [ -73.998295, 40.621619 ], [ -73.996393, 40.620582 ], [ -73.99492, 40.621994 ], [ -73.994293, 40.622597 ], [ -73.99255, 40.624274 ], [ -73.990094, 40.622789 ], [ -73.988302, 40.624514 ], [ -73.986101, 40.623183 ], [ -73.9839, 40.621854 ], [ -73.984478, 40.621293 ], [ -73.982282, 40.619962 ], [ -73.981696, 40.620524 ], [ -73.979495, 40.619195 ], [ -73.977379, 40.617883 ], [ -73.975378, 40.620793 ], [ -73.977033, 40.62153 ], [ -73.977262, 40.625853 ], [ -73.976235, 40.625976 ], [ -73.976514, 40.627294 ], [ -73.976578, 40.627574 ], [ -73.971806, 40.629874 ], [ -73.971923, 40.630646 ], [ -73.972113, 40.631369 ], [ -73.972419, 40.632992 ], [ -73.969869, 40.634194 ], [ -73.970291, 40.636407 ], [ -73.971361, 40.636286 ], [ -73.974106, 40.635981 ], [ -73.975962, 40.635779 ], [ -73.976415, 40.638168 ], [ -73.977343, 40.638067 ], [ -73.977798, 40.640455 ], [ -73.978327, 40.643268 ], [ -73.976577, 40.644004 ], [ -73.974657, 40.644806 ], [ -73.974827, 40.645664 ], [ -73.977774, 40.645342 ], [ -73.978191, 40.647526 ], [ -73.980291, 40.647297 ], [ -73.980364, 40.647694 ], [ -73.980712, 40.649524 ], [ -73.98111, 40.651592 ], [ -73.981453, 40.653416 ], [ -73.981796, 40.655246 ], [ -73.986228, 40.657921 ], [ -73.988428, 40.65925 ], [ -73.990188, 40.657601 ], [ -73.992383, 40.658899 ], [ -73.992964, 40.658337 ], [ -73.995169, 40.659669 ], [ -73.998671, 40.656307 ], [ -74.000413, 40.654629 ], [ -74.002144, 40.652956 ], [ -73.997818, 40.650282 ], [ -73.998276, 40.649734 ], [ -73.996088, 40.648307 ], [ -73.993985, 40.647101 ], [ -73.995096, 40.645946 ], [ -73.995683, 40.645385 ], [ -73.996266, 40.644827 ], [ -73.996844, 40.644266 ], [ -73.997426, 40.643706 ], [ -73.998011, 40.643147 ], [ -73.999176, 40.642026 ] ] ] } },
{ "type": "Feature", "properties": { "NTAName": "St. John Cemetery", "total_pop": 22809.0, "chinese_pop": 2600.0, "chinese_pct": 11.399009163049675 }, "geometry": { "type": "Polygon", "coordinates": [ [ [ -73.857298, 40.711465 ], [ -73.85745, 40.713711 ], [ -73.857772, 40.716456 ], [ -73.858235, 40.719596 ], [ -73.858522, 40.721529 ], [ -73.858645, 40.722591 ], [ -73.862038, 40.725957 ], [ -73.863941, 40.726629 ], [ -73.864514, 40.72676 ], [ -73.864886, 40.726177 ], [ -73.866508, 40.723604 ], [ -73.867285, 40.722257 ], [ -73.869293, 40.724436 ], [ -73.869699, 40.725146 ], [ -73.870211, 40.726187 ], [ -73.870632, 40.727059 ], [ -73.871018, 40.727979 ], [ -73.871133, 40.728372 ], [ -73.871429, 40.729248 ], [ -73.873242, 40.727912 ], [ -73.874708, 40.72709 ], [ -73.873366, 40.725997 ], [ -73.872802, 40.725304 ], [ -73.871353, 40.723493 ], [ -73.869869, 40.721638 ], [ -73.872272, 40.720526 ], [ -73.877941, 40.717898 ], [ -73.877385, 40.717205 ], [ -73.87722, 40.717226 ], [ -73.877186, 40.715622 ], [ -73.87909, 40.715537 ], [ -73.880207, 40.715244 ], [ -73.878292, 40.712831 ], [ -73.875478, 40.71312 ], [ -73.875353, 40.711015 ], [ -73.874896, 40.709685 ], [ -73.873748, 40.707509 ], [ -73.874918, 40.706816 ], [ -73.871538, 40.707046 ], [ -73.86911, 40.707089 ], [ -73.869015, 40.70677 ], [ -73.866131, 40.706656 ], [ -73.864269, 40.706686 ], [ -73.863794, 40.703334 ], [ -73.863254, 40.703392 ], [ -73.860156, 40.704746 ], [ -73.858215, 40.705602 ], [ -73.85594, 40.706395 ], [ -73.856677, 40.707692 ], [ -73.857298, 40.711465 ] ] ] } },
{ "type": "Feature", "properties": { "NTAName": "The Battery-Governors Island-Ellis Island-Liberty Island", "total_pop": 23264.0, "chinese_pop": 2606.0, "chinese_pct": 11.201856946354884 }, "geometry": { "type": "MultiPolygon", "coordinates": [ [ [ [ -74.014358, 40.711006 ], [ -74.01663, 40.712117 ], [ -74.017894, 40.712356 ], [ -74.018589, 40.712201 ], [ -74.024395587666106, 40.713110778714899 ], [ -74.024952, 40.709474 ], [ -74.019526, 40.706985 ], [ -74.019251044629996, 40.706461414774097 ], [ -74.018073039368005, 40.704218191987898 ], [ -74.017985616018805, 40.704051715610198 ], [ -74.0168, 40.701794 ], [ -74.014062229115098, 40.700204561776502 ], [ -74.013796, 40.70005 ], [ -74.013613721022907, 40.700070709162098 ], [ -74.010996308351494, 40.7003680798422 ], [ -74.009043, 40.70059 ], [ -74.008804770044307, 40.700736173548499 ], [ -74.007608627933195, 40.7014701044953 ], [ -74.007100917401701, 40.70178162640201 ], [ -74.00798, 40.703189 ], [ -74.008986, 40.704079 ], [ -74.009984, 40.705148 ], [ -74.009866, 40.705797 ], [ -74.01119, 40.706278 ], [ -74.012508, 40.706767 ], [ -74.011012, 40.708594 ], [ -74.010542, 40.709154 ], [ -74.009063, 40.710887 ], [ -74.008601, 40.711392 ], [ -74.010122, 40.712085 ], [ -74.011663, 40.712798 ], [ -74.0137, 40.713668 ], [ -74.014147, 40.712213 ], [ -74.014358, 40.711006 ] ] ], [ [ [ -74.042196, 40.699966 ], [ -74.038997, 40.697619 ], [ -74.037615, 40.69921 ], [ -74.039944, 40.70082 ], [ -74.042196, 40.699966 ] ] ], [ [ [ -74.04741, 40.690232 ], [ -74.045733, 40.688605 ], [ -74.044451, 40.688445 ], [ -74.043247, 40.689338 ], [ -74.043577, 40.690305 ], [ -74.04583, 40.691291 ], [ -74.047083, 40.691062 ], [ -74.04741, 40.690232 ] ] ], [ [ [ -74.001039, 40.697899 ], [ -73.998763, 40.69711 ], [ -74.000206380656095, 40.6992102540543 ], [ -74.0004938144981, 40.698757587666599 ], [ -74.001039, 40.697899 ] ] ], [ [ [ -74.026302, 40.684844 ], [ -74.024638, 40.683943 ], [ -74.019858, 40.685579 ], [ -74.016173, 40.687075 ], [ -74.013429, 40.687953 ], [ -74.012132, 40.690679 ], [ -74.01546, 40.693382 ], [ -74.0195, 40.693382 ], [ -74.019838722150496, 40.693029455510597 ], [ -74.025916817874403, 40.6867033290685 ], [ -74.026288, 40.686317 ], [ -74.026302, 40.684844 ] ] ], [ [ [ -74.008220139261496, 40.686709686229101 ], [ -74.008473726657101, 40.6865452845595 ], [ -74.012113182521006, 40.684185811530405 ], [ -74.015145297025498, 40.6822200802062 ], [ -74.015271133147905, 40.682138500171099 ], [ -74.018873464039402, 40.679803095402299 ], [ -74.016279, 40.678654 ], [ -74.014402, 40.680233 ], [ -74.013883, 40.6808 ], [ -74.0117, 40.679365 ], [ -74.010451, 40.680431 ], [ -74.0092, 40.681496 ], [ -74.006919, 40.683451 ], [ -74.006713, 40.683615 ], [ -74.006623, 40.683658 ], [ -74.005819, 40.683656 ], [ -74.005179, 40.684998 ], [ -74.004853, 40.685668 ], [ -74.004504, 40.686301 ], [ -74.000642, 40.685247 ], [ -73.999696, 40.687198 ], [ -73.99907, 40.688498 ], [ -73.997793, 40.691188 ], [ -73.996233, 40.690758 ], [ -73.994361, 40.690239 ], [ -73.993736, 40.691535 ], [ -73.993103, 40.692846 ], [ -73.99508, 40.693147 ], [ -73.996716, 40.693439 ], [ -73.997609, 40.693601 ], [ -74.000025, 40.694097 ], [ -74.000477565563699, 40.695076816447909 ], [ -74.000617379114303, 40.6951221683874 ], [ -74.002408, 40.695703 ], [ -74.002963386008304, 40.69475914544401 ], [ -74.003392228350506, 40.694030346387898 ], [ -74.003890244212997, 40.693183989919198 ], [ -74.004320454192893, 40.692452866622098 ], [ -74.004744196431304, 40.691732734972497 ], [ -74.005167870788398, 40.691012718684298 ], [ -74.0060272619275, 40.689552220526302 ], [ -74.006512105830794, 40.688728249233797 ], [ -74.007379, 40.687255 ], [ -74.008220139261496, 40.686709686229101 ] ] ] ] } },
{ "type": "Feature", "properties": { "NTAName": "Grasmere-Arrochar-South Beach-Dongan Hills", "total_pop": 66976.0, "chinese_pop": 7253.0, "chinese_pct": 10.829252269469661 }, "geometry": { "type": "Polygon", "coordinates": [ [ [ -74.065163, 40.604201 ], [ -74.065822, 40.605422 ], [ -74.068464, 40.608469 ], [ -74.07119, 40.611517 ], [ -74.070677, 40.611776 ], [ -74.072458, 40.614078 ], [ -74.074547, 40.616943 ], [ -74.076204, 40.614419 ], [ -74.080695, 40.607389 ], [ -74.081395, 40.607801 ], [ -74.080189, 40.609189 ], [ -74.083194, 40.610528 ], [ -74.082976, 40.611461 ], [ -74.083578, 40.611625 ], [ -74.085262, 40.61208 ], [ -74.087487, 40.612932 ], [ -74.088997, 40.610664 ], [ -74.089588, 40.609848 ], [ -74.090568, 40.609002 ], [ -74.094473, 40.610329 ], [ -74.097658, 40.610503 ], [ -74.105349, 40.610215 ], [ -74.110239, 40.610198 ], [ -74.115014, 40.61108 ], [ -74.116764, 40.61087 ], [ -74.121339, 40.609684 ], [ -74.12117, 40.608834 ], [ -74.118345, 40.609144 ], [ -74.117426, 40.60929 ], [ -74.11596, 40.607452 ], [ -74.114871, 40.602137 ], [ -74.116844, 40.601895 ], [ -74.120596, 40.60181 ], [ -74.120772, 40.600672 ], [ -74.122294, 40.599687 ], [ -74.122643, 40.599419 ], [ -74.124675, 40.598316 ], [ -74.125453, 40.598137 ], [ -74.13092, 40.598856 ], [ -74.131239, 40.59831 ], [ -74.132813, 40.597241 ], [ -74.133775, 40.596333 ], [ -74.138667, 40.58902 ], [ -74.13394, 40.586299 ], [ -74.132827, 40.583793 ], [ -74.1304, 40.582759 ], [ -74.130235, 40.582539 ], [ -74.127492, 40.579788 ], [ -74.126892, 40.57849 ], [ -74.127249, 40.577551 ], [ -74.127089, 40.576369 ], [ -74.123177, 40.57575 ], [ -74.12177, 40.575054 ], [ -74.119786, 40.575815 ], [ -74.11911, 40.576157 ], [ -74.117587, 40.577581 ], [ -74.117021, 40.578197 ], [ -74.114818, 40.579177 ], [ -74.113673, 40.580314 ], [ -74.11221, 40.581267 ], [ -74.108795, 40.579438 ], [ -74.10711, 40.578536 ], [ -74.104959, 40.5771 ], [ -74.10369, 40.576505 ], [ -74.10167, 40.578623 ], [ -74.100391, 40.579689 ], [ -74.096132, 40.577526 ], [ -74.095212, 40.577045 ], [ -74.091822, 40.575275 ], [ -74.087678, 40.573071 ], [ -74.084629420136906, 40.571273946853808 ], [ -74.084394609739903, 40.5714571078936 ], [ -74.075790912859503, 40.578168318669398 ], [ -74.068184, 40.584102 ], [ -74.064109082388299, 40.588358025061098 ], [ -74.059184, 40.593502 ], [ -74.059062528811097, 40.593706009047402 ], [ -74.057891087587194, 40.595673427085799 ], [ -74.053125, 40.603678 ], [ -74.056887905417, 40.608014722434199 ], [ -74.058011, 40.607369 ], [ -74.06043, 40.606354 ], [ -74.065163, 40.604201 ] ] ] } },
{ "type": "Feature", "properties": { "NTAName": "Marine Park-Plumb Island", "total_pop": 18143.0, "chinese_pop": 1921.0, "chinese_pct": 10.588105605467673 }, "geometry": { "type": "Polygon", "coordinates": [ [ [ -73.941547, 40.607582 ], [ -73.941168, 40.607244 ], [ -73.940508, 40.606642 ], [ -73.93921, 40.605479 ], [ -73.937738, 40.604161 ], [ -73.936827, 40.603344 ], [ -73.935032, 40.601734 ], [ -73.934471, 40.601231 ], [ -73.934227, 40.60101 ], [ -73.931404, 40.598476 ], [ -73.932576, 40.597719 ], [ -73.932054, 40.59547 ], [ -73.933056, 40.594887 ], [ -73.933011, 40.594639 ], [ -73.932614, 40.592517 ], [ -73.931784, 40.588141 ], [ -73.932522, 40.588061 ], [ -73.932109, 40.586286 ], [ -73.934448, 40.586652 ], [ -73.937247, 40.586311 ], [ -73.939139, 40.585983 ], [ -73.939033, 40.58541 ], [ -73.938942, 40.584985 ], [ -73.938738, 40.583899 ], [ -73.941472, 40.583797 ], [ -73.941394, 40.583337 ], [ -73.940947, 40.581913 ], [ -73.940439, 40.581879 ], [ -73.931946, 40.582022 ], [ -73.929387, 40.572613 ], [ -73.92807, 40.567786 ], [ -73.903871, 40.571619 ], [ -73.890518, 40.572705 ], [ -73.886292, 40.573505 ], [ -73.885069, 40.573749 ], [ -73.879222, 40.574656 ], [ -73.871418, 40.578535 ], [ -73.884456, 40.60944 ], [ -73.891953, 40.605525 ], [ -73.89862, 40.604609 ], [ -73.901445, 40.604354 ], [ -73.906573, 40.603649 ], [ -73.912994, 40.60286 ], [ -73.917254, 40.606731 ], [ -73.91782, 40.606391 ], [ -73.919296, 40.606947 ], [ -73.919693, 40.607311 ], [ -73.922498, 40.609809 ], [ -73.924365, 40.611462 ], [ -73.92617, 40.61306 ], [ -73.927033, 40.612536 ], [ -73.92846, 40.611613 ], [ -73.931345, 40.609747 ], [ -73.93316, 40.611381 ], [ -73.934622, 40.610442 ], [ -73.936438, 40.612069 ], [ -73.939347, 40.610187 ], [ -73.941547, 40.608768 ], [ -73.942312, 40.608269 ], [ -73.941547, 40.607582 ] ] ] } },
{ "type": "Feature", "properties": { "NTAName": "Rosebank-Shore Acres-Park Hill", "total_pop": 50286.0, "chinese_pop": 5212.0, "chinese_pct": 10.3647138368532 }, "geometry": { "type": "Polygon", "coordinates": [ [ [ -74.067741922666997, 40.625053012461798 ], [ -74.068168165998998, 40.628571446359899 ], [ -74.068198070458706, 40.628818293305898 ], [ -74.069314700050299, 40.638035534050303 ], [ -74.072575, 40.637972 ], [ -74.07684, 40.63775 ], [ -74.077899, 40.638094 ], [ -74.078132, 40.638172 ], [ -74.077982, 40.637864 ], [ -74.079365, 40.632225 ], [ -74.081407, 40.630301 ], [ -74.081731, 40.630012 ], [ -74.079725, 40.628951 ], [ -74.081139, 40.627326 ], [ -74.083033, 40.627372 ], [ -74.084962, 40.624625 ], [ -74.08525, 40.622801 ], [ -74.086007, 40.619094 ], [ -74.086267, 40.617832 ], [ -74.086571, 40.61717 ], [ -74.087414, 40.61593 ], [ -74.093684, 40.61814 ], [ -74.094071, 40.617704 ], [ -74.094303, 40.616655 ], [ -74.097147, 40.615285 ], [ -74.097702, 40.618809 ], [ -74.099685, 40.619653 ], [ -74.101898, 40.617453 ], [ -74.103511, 40.616414 ], [ -74.102094, 40.6146 ], [ -74.099351, 40.612419 ], [ -74.098515, 40.611387 ], [ -74.098103, 40.610962 ], [ -74.097658, 40.610503 ], [ -74.094473, 40.610329 ], [ -74.090568, 40.609002 ], [ -74.09096, 40.60863 ], [ -74.09203, 40.607426 ], [ -74.0924, 40.607072 ], [ -74.092762, 40.606598 ], [ -74.092609, 40.60323 ], [ -74.092822, 40.601809 ], [ -74.092837, 40.601089 ], [ -74.091779, 40.599239 ], [ -74.09154, 40.599456 ], [ -74.089476, 40.600904 ], [ -74.086185, 40.601345 ], [ -74.084328, 40.601872 ], [ -74.082188, 40.601941 ], [ -74.077328, 40.60133 ], [ -74.076448, 40.601005 ], [ -74.072761, 40.59923 ], [ -74.072191, 40.598935 ], [ -74.071999, 40.59806 ], [ -74.07044, 40.596735 ], [ -74.065184, 40.598467 ], [ -74.063759, 40.598935 ], [ -74.060451, 40.594975 ], [ -74.059062528811097, 40.593706009047402 ], [ -74.057891087587194, 40.595673427085799 ], [ -74.053125, 40.603678 ], [ -74.056887905417, 40.608014722434199 ], [ -74.060345, 40.611999 ], [ -74.062251270586501, 40.615117682859399 ], [ -74.062700985079601, 40.615853421474604 ], [ -74.063144755188304, 40.616579435001292 ], [ -74.067598, 40.623865 ], [ -74.067741922666997, 40.625053012461798 ] ] ] } },
{ "type": "Feature", "properties": { "NTAName": "Rikers Island", "total_pop": 14411.0, "chinese_pop": 1476.0, "chinese_pct": 10.242176115467352 }, "geometry": { "type": "Polygon", "coordinates": [ [ [ -73.890459, 40.77755 ], [ -73.889077, 40.773574 ], [ -73.889424, 40.773046 ], [ -73.88904, 40.770916 ], [ -73.888726, 40.768916 ], [ -73.888461, 40.768859 ], [ -73.888252, 40.768658 ], [ -73.887818, 40.767202 ], [ -73.887731, 40.766915 ], [ -73.884319, 40.767982 ], [ -73.877876, 40.771151 ], [ -73.876119, 40.771629 ], [ -73.872596, 40.771831 ], [ -73.869569, 40.771087 ], [ -73.868002, 40.770255 ], [ -73.865983, 40.76886 ], [ -73.863123, 40.766302 ], [ -73.860937, 40.763729 ], [ -73.860433, 40.763869 ], [ -73.854982, 40.767448 ], [ -73.853702, 40.76948 ], [ -73.852642, 40.77208 ], [ -73.852897, 40.775457 ], [ -73.860505, 40.778984 ], [ -73.853252, 40.778259 ], [ -73.849695, 40.779173 ], [ -73.848754, 40.780146 ], [ -73.848668, 40.781679 ], [ -73.84858, 40.783218 ], [ -73.848535, 40.784105 ], [ -73.845808, 40.784191 ], [ -73.84481, 40.785369 ], [ -73.845737, 40.786 ], [ -73.845909, 40.787728 ], [ -73.846068, 40.78805 ], [ -73.846777, 40.789459 ], [ -73.847915, 40.791734 ], [ -73.848428, 40.79276 ], [ -73.848901, 40.793435 ], [ -73.853072, 40.800113 ], [ -73.854632, 40.799724 ], [ -73.862965, 40.79767 ], [ -73.863147, 40.797497 ], [ -73.867118, 40.793742 ], [ -73.872264, 40.794992 ], [ -73.892504, 40.801206 ], [ -73.899869, 40.792449 ], [ -73.912456, 40.796096 ], [ -73.910673, 40.793116 ], [ -73.910296, 40.790657 ], [ -73.912069, 40.789339 ], [ -73.915344, 40.786116 ], [ -73.915236, 40.786041 ], [ -73.913807, 40.785026 ], [ -73.912428, 40.784053 ], [ -73.910043, 40.78237 ], [ -73.908671, 40.781401 ], [ -73.906304, 40.779729 ], [ -73.903793, 40.777957 ], [ -73.900167, 40.778779 ], [ -73.89779, 40.780728 ], [ -73.89637, 40.779668 ], [ -73.894232, 40.778154 ], [ -73.892523, 40.777405 ], [ -73.8919, 40.776755 ], [ -73.890459, 40.77755 ] ] ] } },
{ "type": "Feature", "properties": { "NTAName": "Brooklyn Heights", "total_pop": 60690.0, "chinese_pop": 6148.0, "chinese_pct": 10.130169714944802 }, "geometry": { "type": "MultiPolygon", "coordinates": [ [ [ [ -74.026302, 40.684844 ], [ -74.024638, 40.683943 ], [ -74.019858, 40.685579 ], [ -74.016173, 40.687075 ], [ -74.013429, 40.687953 ], [ -74.012132, 40.690679 ], [ -74.01546, 40.693382 ], [ -74.0195, 40.693382 ], [ -74.019838722150496, 40.693029455510597 ], [ -74.025916817874403, 40.6867033290685 ], [ -74.026288, 40.686317 ], [ -74.026302, 40.684844 ] ] ], [ [ [ -73.996698, 40.700877 ], [ -73.9975, 40.699653 ], [ -74.0000444533093, 40.699465266013306 ], [ -74.000206380656095, 40.6992102540543 ], [ -74.0004938144981, 40.698757587666599 ], [ -74.001039, 40.697899 ], [ -73.998763, 40.69711 ], [ -73.999368058491697, 40.696252664262303 ], [ -74.00025, 40.695003 ], [ -74.000477565563699, 40.695076816447909 ], [ -74.000617379114303, 40.6951221683874 ], [ -74.002408, 40.695703 ], [ -74.002963386008304, 40.69475914544401 ], [ -74.003392228350506, 40.694030346387898 ], [ -74.003890244212997, 40.693183989919198 ], [ -74.004320454192893, 40.692452866622098 ], [ -74.004744196431304, 40.691732734972497 ], [ -74.005167870788398, 40.691012718684298 ], [ -74.0060272619275, 40.689552220526302 ], [ -74.006512105830794, 40.688728249233797 ], [ -74.007379, 40.687255 ], [ -74.008220139261496, 40.686709686229101 ], [ -74.008473726657101, 40.6865452845595 ], [ -74.012113182521006, 40.684185811530405 ], [ -74.008425, 40.686016 ], [ -74.008135, 40.685615 ], [ -74.005497, 40.685847 ], [ -74.004853, 40.685668 ], [ -74.004504, 40.686301 ], [ -74.000642, 40.685247 ], [ -73.999696, 40.687198 ], [ -73.99907, 40.688498 ], [ -73.997793, 40.691188 ], [ -73.996233, 40.690758 ], [ -73.994361, 40.690239 ], [ -73.992364, 40.68969 ], [ -73.993005, 40.688364 ], [ -73.993269, 40.687825 ], [ -73.990468, 40.686728 ], [ -73.988289, 40.685869 ], [ -73.987, 40.687773 ], [ -73.986155, 40.689018 ], [ -73.981817, 40.68733 ], [ -73.979363, 40.686682 ], [ -73.980559, 40.688351 ], [ -73.98087, 40.688866 ], [ -73.983506, 40.689921 ], [ -73.985363, 40.690667 ], [ -73.985143, 40.694885 ], [ -73.984726, 40.696129 ], [ -73.98496, 40.698445 ], [ -73.985587, 40.698446 ], [ -73.986969, 40.698504 ], [ -73.986947, 40.698713 ], [ -73.986813, 40.699956 ], [ -73.986798, 40.700617 ], [ -73.986601, 40.700621 ], [ -73.984761, 40.701439 ], [ -73.98285, 40.701359 ], [ -73.980729, 40.701268 ], [ -73.979171, 40.705301 ], [ -73.979233, 40.705769 ], [ -73.980907, 40.705907 ], [ -73.980987, 40.705374 ], [ -73.982033, 40.705515 ], [ -73.984189, 40.705582 ], [ -73.98653, 40.704979 ], [ -73.987271, 40.705181 ], [ -73.989381, 40.705137 ], [ -73.992722, 40.705544 ], [ -73.993693, 40.704476 ], [ -73.994498, 40.704318 ], [ -73.999177, 40.708022 ], [ -73.999495, 40.708279 ], [ -74.001419, 40.709815 ], [ -74.003311, 40.711315 ], [ -74.003537, 40.711495 ], [ -74.004229, 40.712025 ], [ -74.004291, 40.712908 ], [ -74.004858, 40.712453 ], [ -74.005589, 40.71217 ], [ -74.007018, 40.711784 ], [ -74.008601, 40.711392 ], [ -74.009063, 40.710887 ], [ -74.010542, 40.709154 ], [ -74.009371, 40.708614 ], [ -74.008269, 40.707722 ], [ -74.007459, 40.707219 ], [ -74.006781, 40.706724 ], [ -74.004749, 40.705232 ], [ -74.004338, 40.704965 ], [ -74.003776809385897, 40.703554339596408 ], [ -73.998137, 40.701525 ], [ -73.996698, 40.700877 ] ] ], [ [ [ -74.013979, 40.701531 ], [ -74.014062229115098, 40.700204561776502 ], [ -74.013796, 40.70005 ], [ -74.013613721022907, 40.700070709162098 ], [ -74.010996308351494, 40.7003680798422 ], [ -74.009043, 40.70059 ], [ -74.008804770044307, 40.700736173548499 ], [ -74.007608627933195, 40.7014701044953 ], [ -74.007100917401701, 40.70178162640201 ], [ -74.00798, 40.703189 ], [ -74.008986, 40.704079 ], [ -74.009984, 40.705148 ], [ -74.009866, 40.705797 ], [ -74.01119, 40.706278 ], [ -74.012508, 40.706767 ], [ -74.013254, 40.705871 ], [ -74.013286, 40.704655 ], [ -74.014289, 40.704549 ], [ -74.013979, 40.701531 ] ] ] ] } },
{ "type": "Feature", "properties": { "NTAName": "New Dorp-Midland Beach", "total_pop": 62587.0, "chinese_pop": 6333.0, "chinese_pct": 10.118714749069294 }, "geometry": { "type": "Polygon", "coordinates": [ [ [ -74.127089, 40.576369 ], [ -74.127653, 40.575235 ], [ -74.129144, 40.57473 ], [ -74.133007, 40.573433 ], [ -74.136354, 40.572991 ], [ -74.137042, 40.572909 ], [ -74.144186, 40.572038 ], [ -74.143874, 40.570606 ], [ -74.144388, 40.569707 ], [ -74.1389, 40.567293 ], [ -74.137622, 40.566687 ], [ -74.134588, 40.565276 ], [ -74.1317, 40.564536 ], [ -74.130471, 40.564972 ], [ -74.12942, 40.565721 ], [ -74.126472, 40.565317 ], [ -74.126971, 40.56457 ], [ -74.126729, 40.56443 ], [ -74.120052, 40.560394 ], [ -74.115713, 40.557768 ], [ -74.114731, 40.557131 ], [ -74.113264, 40.556396 ], [ -74.109536, 40.552811 ], [ -74.108609, 40.55219 ], [ -74.107061113490317, 40.551079197189601 ], [ -74.105272695198209, 40.552770815633103 ], [ -74.103896294559505, 40.554072717272298 ], [ -74.099517949213904, 40.5582140804934 ], [ -74.099217663786305, 40.558498112685399 ], [ -74.098421395487406, 40.559251282201998 ], [ -74.094636082533697, 40.562831711476001 ], [ -74.093740116148993, 40.56367918282411 ], [ -74.090863397634806, 40.566400196200597 ], [ -74.090797, 40.566463 ], [ -74.084629420136906, 40.571273946853808 ], [ -74.084394609739903, 40.5714571078936 ], [ -74.075790912859503, 40.578168318669398 ], [ -74.068184, 40.584102 ], [ -74.064109082388299, 40.588358025061098 ], [ -74.064956, 40.58901 ], [ -74.065829, 40.590059 ], [ -74.066626, 40.590342 ], [ -74.067167, 40.590866 ], [ -74.067952, 40.592083 ], [ -74.068146, 40.592456 ], [ -74.07044, 40.596735 ], [ -74.074538, 40.595387 ], [ -74.076263, 40.594823 ], [ -74.078882, 40.593943 ], [ -74.081649, 40.59221 ], [ -74.08241, 40.593207 ], [ -74.083323, 40.594766 ], [ -74.083752, 40.595491 ], [ -74.08407, 40.595496 ], [ -74.084914, 40.595692 ], [ -74.085875, 40.59589 ], [ -74.087389, 40.59219 ], [ -74.087847, 40.59136 ], [ -74.088365, 40.590752 ], [ -74.093026, 40.593167 ], [ -74.093766, 40.59355 ], [ -74.097221, 40.595365 ], [ -74.100415, 40.593343 ], [ -74.100817, 40.592668 ], [ -74.100976, 40.591832 ], [ -74.100905, 40.59102 ], [ -74.105336, 40.590545 ], [ -74.10688, 40.590376 ], [ -74.110641, 40.593252 ], [ -74.11018, 40.594859 ], [ -74.110378, 40.5953 ], [ -74.110786, 40.596127 ], [ -74.111302, 40.598208 ], [ -74.114871, 40.602137 ], [ -74.116844, 40.601895 ], [ -74.120596, 40.60181 ], [ -74.120772, 40.600672 ], [ -74.122294, 40.599687 ], [ -74.122643, 40.599419 ], [ -74.124675, 40.598316 ], [ -74.125453, 40.598137 ], [ -74.13092, 40.598856 ], [ -74.131239, 40.59831 ], [ -74.132813, 40.597241 ], [ -74.133775, 40.596333 ], [ -74.138667, 40.58902 ], [ -74.13394, 40.586299 ], [ -74.132827, 40.583793 ], [ -74.1304, 40.582759 ], [ -74.130235, 40.582539 ], [ -74.127492, 40.579788 ], [ -74.126892, 40.57849 ], [ -74.127249, 40.577551 ], [ -74.127089, 40.576369 ] ] ] } },
{ "type": "Feature", "properties": { "NTAName": "Calvary & Mount Zion Cemeteries", "total_pop": 28362.0, "chinese_pop": 2825.0, "chinese_pct": 9.960510542274875 }, "geometry": { "type": "Polygon", "coordinates": [ [ [ -73.899146, 40.740668 ], [ -73.900602, 40.740858 ], [ -73.901679, 40.74097 ], [ -73.902697, 40.741105 ], [ -73.904619, 40.741332 ], [ -73.906339, 40.741529 ], [ -73.907556, 40.741659 ], [ -73.907159, 40.743218 ], [ -73.906613, 40.745393 ], [ -73.906419, 40.745635 ], [ -73.908117, 40.746186 ], [ -73.909919, 40.747764 ], [ -73.910159, 40.748502 ], [ -73.911642, 40.748685 ], [ -73.91193, 40.747988 ], [ -73.912353, 40.74632 ], [ -73.912449, 40.74592 ], [ -73.913373, 40.746031 ], [ -73.914303, 40.746138 ], [ -73.914637, 40.744472 ], [ -73.915021, 40.742553 ], [ -73.915944, 40.742686 ], [ -73.916887, 40.742787 ], [ -73.917786, 40.742893 ], [ -73.91873, 40.742991 ], [ -73.919099, 40.741155 ], [ -73.919466, 40.739312 ], [ -73.919836, 40.737464 ], [ -73.920256, 40.735194 ], [ -73.921268, 40.734724 ], [ -73.922248, 40.734415 ], [ -73.922573, 40.734286 ], [ -73.924676, 40.732981 ], [ -73.927512, 40.729122 ], [ -73.928307, 40.72834 ], [ -73.922211, 40.726492 ], [ -73.918364, 40.725931 ], [ -73.918013, 40.728238 ], [ -73.917967, 40.728501 ], [ -73.915072, 40.727971 ], [ -73.912053, 40.728469 ], [ -73.911772, 40.729849 ], [ -73.911731, 40.729964 ], [ -73.910125, 40.729323 ], [ -73.90707, 40.727466 ], [ -73.905684, 40.72855 ], [ -73.905181, 40.728957 ], [ -73.902597, 40.732104 ], [ -73.90108, 40.733908 ], [ -73.90001, 40.73485 ], [ -73.899022, 40.735149 ], [ -73.897832, 40.73516 ], [ -73.896029, 40.735018 ], [ -73.896016, 40.735239 ], [ -73.895956, 40.736925 ], [ -73.89593, 40.737639 ], [ -73.895872, 40.739066 ], [ -73.895838, 40.740453 ], [ -73.896856, 40.740637 ], [ -73.897445, 40.74036 ], [ -73.898985, 40.740646 ], [ -73.899146, 40.740668 ] ] ] } },
{ "type": "Feature", "properties": { "NTAName": "Bellerose", "total_pop": 65215.0, "chinese_pop": 6482.0, "chinese_pct": 9.939431112474125 }, "geometry": { "type": "Polygon", "coordinates": [ [ [ -73.756343, 40.738993 ], [ -73.755532, 40.737272 ], [ -73.756216, 40.736543 ], [ -73.755196, 40.734302 ], [ -73.7637, 40.732864 ], [ -73.765551, 40.732544 ], [ -73.763413, 40.730466 ], [ -73.762263, 40.729605 ], [ -73.759882, 40.728235 ], [ -73.75845, 40.727537 ], [ -73.756783, 40.726306 ], [ -73.75688, 40.726279 ], [ -73.75671, 40.726179 ], [ -73.756028, 40.725596 ], [ -73.755244, 40.724783 ], [ -73.754969, 40.72416 ], [ -73.753354, 40.725144 ], [ -73.751912, 40.723947 ], [ -73.748917, 40.725764 ], [ -73.744588, 40.728586 ], [ -73.742421, 40.729919 ], [ -73.739049, 40.729165 ], [ -73.738402, 40.729012 ], [ -73.737155, 40.728732 ], [ -73.735455, 40.728346 ], [ -73.731492, 40.727419 ], [ -73.731219, 40.726698 ], [ -73.736545, 40.725517 ], [ -73.736277, 40.724806 ], [ -73.73588, 40.723827 ], [ -73.735763, 40.723463 ], [ -73.735829, 40.722709 ], [ -73.733578, 40.723201 ], [ -73.73176, 40.723605 ], [ -73.729905, 40.723273 ], [ -73.728175, 40.723092 ], [ -73.725526, 40.724076 ], [ -73.72472, 40.724298 ], [ -73.724141, 40.724469 ], [ -73.721196, 40.725265 ], [ -73.720919, 40.725341 ], [ -73.716494, 40.726454 ], [ -73.712403, 40.726978 ], [ -73.710485, 40.72723 ], [ -73.70976, 40.727382 ], [ -73.707939, 40.727771 ], [ -73.705179, 40.73193 ], [ -73.704674, 40.732714 ], [ -73.702699, 40.735723 ], [ -73.701487, 40.737555 ], [ -73.700506, 40.739061 ], [ -73.706514, 40.737722 ], [ -73.707186, 40.73953 ], [ -73.707947, 40.741578 ], [ -73.708614, 40.743364 ], [ -73.709309, 40.745249 ], [ -73.709971, 40.747034 ], [ -73.710296, 40.747908 ], [ -73.709537, 40.748316 ], [ -73.701633, 40.752493 ], [ -73.707825, 40.756216 ], [ -73.712769, 40.751912 ], [ -73.71355, 40.75367 ], [ -73.715411, 40.755678 ], [ -73.717753, 40.755348 ], [ -73.721489, 40.756427 ], [ -73.722115, 40.755208 ], [ -73.722934, 40.754128 ], [ -73.723766, 40.753416 ], [ -73.725764, 40.752189 ], [ -73.726232, 40.752595 ], [ -73.728399, 40.755199 ], [ -73.728709, 40.755674 ], [ -73.730612, 40.758342 ], [ -73.730976, 40.758836 ], [ -73.731862, 40.760542 ], [ -73.734828, 40.759494 ], [ -73.73595, 40.758948 ], [ -73.739263, 40.756917 ], [ -73.739706, 40.756623 ], [ -73.741208, 40.756205 ], [ -73.746592, 40.763907 ], [ -73.750488, 40.762959 ], [ -73.750786, 40.763619 ], [ -73.74877, 40.76408 ], [ -73.750722, 40.766512 ], [ -73.753469, 40.765445 ], [ -73.75377, 40.765305 ], [ -73.754493, 40.764973 ], [ -73.758625, 40.764383 ], [ -73.759206, 40.764321 ], [ -73.757888, 40.762657 ], [ -73.758115, 40.762054 ], [ -73.758481, 40.761995 ], [ -73.758001, 40.76038 ], [ -73.756821, 40.759735 ], [ -73.75585, 40.757765 ], [ -73.752303, 40.759455 ], [ -73.750048, 40.758405 ], [ -73.747111, 40.754173 ], [ -73.747741, 40.75385 ], [ -73.747099, 40.752347 ], [ -73.746808, 40.752028 ], [ -73.745779, 40.751561 ], [ -73.744151, 40.748217 ], [ -73.743967, 40.74763 ], [ -73.745931, 40.745716 ], [ -73.744776, 40.743281 ], [ -73.747849, 40.743296 ], [ -73.748877, 40.743288 ], [ -73.753473, 40.742405 ], [ -73.757353, 40.741116 ], [ -73.756343, 40.738993 ] ] ] } },
{ "type": "Feature", "properties": { "NTAName": "Corona", "total_pop": 121715.0, "chinese_pop": 11148.0, "chinese_pct": 9.1591011789836916 }, "geometry": { "type": "Polygon", "coordinates": [ [ [ -73.860937, 40.763729 ], [ -73.859756, 40.761836 ], [ -73.85604, 40.759726 ], [ -73.85464, 40.758466 ], [ -73.853654, 40.756835 ], [ -73.853126, 40.755109 ], [ -73.855799, 40.75441 ], [ -73.857155, 40.754144 ], [ -73.857542, 40.754067 ], [ -73.858447, 40.753936 ], [ -73.860409, 40.753937 ], [ -73.861211, 40.753934 ], [ -73.862971, 40.753657 ], [ -73.863582, 40.753491 ], [ -73.865401, 40.75301 ], [ -73.866267, 40.752779 ], [ -73.866904, 40.754363 ], [ -73.868906, 40.753942 ], [ -73.869802, 40.753751 ], [ -73.870695, 40.753564 ], [ -73.870995, 40.755208 ], [ -73.871324, 40.757036 ], [ -73.872219, 40.756943 ], [ -73.873657, 40.756804 ], [ -73.872692, 40.75503 ], [ -73.871792, 40.753326 ], [ -73.870842, 40.751545 ], [ -73.869425, 40.749157 ], [ -73.871356, 40.748957 ], [ -73.872373, 40.748852 ], [ -73.872068, 40.747481 ], [ -73.871964, 40.746984 ], [ -73.871946, 40.746908 ], [ -73.872384, 40.746347 ], [ -73.873305, 40.745151 ], [ -73.874226, 40.743955 ], [ -73.874685, 40.743349 ], [ -73.874658, 40.743268 ], [ -73.874505, 40.743311 ], [ -73.873485, 40.742501 ], [ -73.875019, 40.741494 ], [ -73.874796, 40.741288 ], [ -73.874361, 40.74016 ], [ -73.874103, 40.739488 ], [ -73.873835, 40.738803 ], [ -73.873567, 40.738117 ], [ -73.87094, 40.738703 ], [ -73.86704, 40.739572 ], [ -73.86648, 40.738211 ], [ -73.866095, 40.737251 ], [ -73.868228, 40.736849 ], [ -73.870094, 40.736522 ], [ -73.872101, 40.735994 ], [ -73.872656, 40.735743 ], [ -73.874351, 40.734966 ], [ -73.87477, 40.734628 ], [ -73.873788, 40.734255 ], [ -73.87048, 40.733294 ], [ -73.869037, 40.732849 ], [ -73.864618, 40.734271 ], [ -73.86284, 40.734799 ], [ -73.861064, 40.735314 ], [ -73.858866, 40.735939 ], [ -73.858771, 40.735785 ], [ -73.855085, 40.736801 ], [ -73.854181, 40.736954 ], [ -73.853911, 40.736316 ], [ -73.853579, 40.735647 ], [ -73.853249, 40.734977 ], [ -73.852522, 40.733619 ], [ -73.850304, 40.734296 ], [ -73.848047, 40.734967 ], [ -73.84876, 40.736356 ], [ -73.848607, 40.738105 ], [ -73.847214, 40.738644 ], [ -73.844957, 40.733987 ], [ -73.844347, 40.732979 ], [ -73.843505, 40.731814 ], [ -73.842814, 40.731153 ], [ -73.841468, 40.729998 ], [ -73.840327, 40.728807 ], [ -73.839445, 40.727537 ], [ -73.838362, 40.725562 ], [ -73.836524, 40.722371 ], [ -73.836038, 40.72177 ], [ -73.835963, 40.721677 ], [ -73.834959, 40.719412 ], [ -73.833481, 40.718333 ], [ -73.829796, 40.715566 ], [ -73.831385, 40.714529 ], [ -73.830982, 40.71431 ], [ -73.826976, 40.715391 ], [ -73.825705, 40.716063 ], [ -73.821428, 40.716787 ], [ -73.820323, 40.71666 ], [ -73.819305, 40.717136 ], [ -73.821705, 40.71736 ], [ -73.823726, 40.717481 ], [ -73.824881, 40.717365 ], [ -73.825859, 40.720463 ], [ -73.827129, 40.724304 ], [ -73.827555, 40.724961 ], [ -73.830255, 40.726143 ], [ -73.831468, 40.727664 ], [ -73.8317, 40.728034 ], [ -73.833071, 40.729919 ], [ -73.833863, 40.730553 ], [ -73.836081, 40.734334 ], [ -73.836044, 40.739173 ], [ -73.836628, 40.739252 ], [ -73.837089, 40.741748 ], [ -73.835861, 40.743228 ], [ -73.835925, 40.743501 ], [ -73.835676, 40.744851 ], [ -73.835399, 40.74552 ], [ -73.83424, 40.747302 ], [ -73.833099, 40.747994 ], [ -73.832181, 40.751506 ], [ -73.832295, 40.751942 ], [ -73.835602, 40.751395 ], [ -73.837674, 40.754114 ], [ -73.837917, 40.754541 ], [ -73.838211, 40.755253 ], [ -73.838619, 40.757045 ], [ -73.843244, 40.755337 ], [ -73.846017, 40.760805 ], [ -73.846863, 40.760416 ], [ -73.846709, 40.761345 ], [ -73.848515, 40.763822 ], [ -73.849215, 40.764209 ], [ -73.850281, 40.76606 ], [ -73.853702, 40.76948 ], [ -73.854982, 40.767448 ], [ -73.860433, 40.763869 ], [ -73.860937, 40.763729 ] ] ] } },
{ "type": "Feature", "properties": { "NTAName": "East Village", "total_pop": 127316.0, "chinese_pop": 11170.0, "chinese_pct": 8.7734455999245959 }, "geometry": { "type": "Polygon", "coordinates": [ [ [ -73.984934, 40.736376 ], [ -73.984508, 40.736962 ], [ -73.984082, 40.737546 ], [ -73.987302, 40.738903 ], [ -73.987726, 40.738317 ], [ -73.989016, 40.73656 ], [ -73.989916, 40.735349 ], [ -73.990754, 40.734839 ], [ -73.991715, 40.735215 ], [ -73.993617, 40.736005 ], [ -73.994118, 40.735313 ], [ -73.994585, 40.734672 ], [ -73.995489, 40.733437 ], [ -73.993814, 40.732731 ], [ -73.99146, 40.731738 ], [ -73.991921, 40.731166 ], [ -73.992407, 40.730591 ], [ -73.99325, 40.730945 ], [ -73.994064, 40.729978 ], [ -73.995061, 40.72881 ], [ -73.994252, 40.728412 ], [ -73.994751, 40.727819 ], [ -73.995844, 40.726526 ], [ -73.996772, 40.725432 ], [ -73.995846, 40.725208 ], [ -73.995329, 40.725084 ], [ -73.993458, 40.724433 ], [ -73.992604, 40.724136 ], [ -73.991256, 40.723723 ], [ -73.990274, 40.723426 ], [ -73.989392, 40.723174 ], [ -73.988643, 40.722933 ], [ -73.98923, 40.721677 ], [ -73.989857, 40.720533 ], [ -73.989114, 40.720308 ], [ -73.987542, 40.719833 ], [ -73.986752, 40.719593 ], [ -73.985074, 40.719083 ], [ -73.984477, 40.720235 ], [ -73.983824, 40.721473 ], [ -73.982167, 40.720969 ], [ -73.981308, 40.720709 ], [ -73.979735, 40.720235 ], [ -73.978753, 40.719934 ], [ -73.979416, 40.718666 ], [ -73.979992, 40.71754 ], [ -73.980577, 40.716455 ], [ -73.978909, 40.715951 ], [ -73.977917, 40.715649 ], [ -73.976457, 40.715299 ], [ -73.976614, 40.714995 ], [ -73.975227, 40.714582 ], [ -73.968861, 40.71265 ], [ -73.968469, 40.712999 ], [ -73.96837, 40.714127 ], [ -73.967716, 40.71604 ], [ -73.967578, 40.716496 ], [ -73.966639, 40.716365 ], [ -73.964472, 40.715733 ], [ -73.962777, 40.715106 ], [ -73.962289, 40.71558 ], [ -73.961912, 40.71593 ], [ -73.961423, 40.716384 ], [ -73.960196, 40.717528 ], [ -73.959009, 40.718636 ], [ -73.96355, 40.721571 ], [ -73.962787, 40.722562 ], [ -73.962645, 40.722747 ], [ -73.961543, 40.723876 ], [ -73.961611, 40.724951 ], [ -73.961436, 40.727298 ], [ -73.97365, 40.73231 ], [ -73.974243, 40.732536 ], [ -73.97542, 40.733005 ], [ -73.976983, 40.73373 ], [ -73.977722, 40.734041 ], [ -73.979864, 40.734975 ], [ -73.980275, 40.73441 ], [ -73.982695, 40.735431 ], [ -73.984934, 40.736376 ] ] ] } },
{ "type": "Feature", "properties": { "NTAName": "Fort Hamilton", "total_pop": 11152.0, "chinese_pop": 977.0, "chinese_pct": 8.7607604017216634 }, "geometry": { "type": "Polygon", "coordinates": [ [ [ -74.021216, 40.618472 ], [ -74.022933, 40.619502 ], [ -74.024466, 40.620437 ], [ -74.026214, 40.621491 ], [ -74.02835, 40.622799 ], [ -74.028924, 40.621404 ], [ -74.029564, 40.619833 ], [ -74.028205, 40.619173 ], [ -74.029302, 40.617896 ], [ -74.030485, 40.616518 ], [ -74.031515, 40.61533 ], [ -74.031947, 40.614815 ], [ -74.032637, 40.61401 ], [ -74.034871, 40.611366 ], [ -74.036388448941494, 40.609916988747699 ], [ -74.036384368162899, 40.609913143188301 ], [ -74.035805815735401, 40.609367938957099 ], [ -74.035494962847494, 40.609075003862998 ], [ -74.031384, 40.605201 ], [ -74.027879005580203, 40.6044455581482 ], [ -74.027547, 40.604374 ], [ -74.026775139974404, 40.6042371612374 ], [ -74.021331, 40.603272 ], [ -74.019571304051098, 40.602715096646598 ], [ -74.019493521809693, 40.602690480353594 ], [ -74.019151091727693, 40.602582109097099 ], [ -74.018958, 40.602521 ], [ -74.0187555455107, 40.602516475289498 ], [ -74.018732, 40.60357 ], [ -74.015499, 40.606842 ], [ -74.017019, 40.607655 ], [ -74.015224, 40.609357 ], [ -74.013482, 40.611038 ], [ -74.011712, 40.612735 ], [ -74.013926, 40.614064 ], [ -74.016118, 40.615384 ], [ -74.018316, 40.616722 ], [ -74.020526, 40.618058 ], [ -74.021216, 40.618472 ] ] ] } },
{ "type": "Feature", "properties": { "NTAName": "Hell's Kitchen", "total_pop": 84260.0, "chinese_pop": 7264.0, "chinese_pct": 8.6209352005696651 }, "geometry": { "type": "Polygon", "coordinates": [ [ [ -74.014246861069495, 40.756655747008203 ], [ -74.007205, 40.754682 ], [ -74.006646, 40.754451 ], [ -74.000975, 40.752055 ], [ -73.999633, 40.753918 ], [ -73.999143, 40.754585 ], [ -73.998208, 40.755869 ], [ -73.997306, 40.75711 ], [ -73.994468, 40.755909 ], [ -73.991633, 40.754707 ], [ -73.991177, 40.75533 ], [ -73.990726, 40.755951 ], [ -73.989791, 40.757234 ], [ -73.989297, 40.757907 ], [ -73.988842, 40.758533 ], [ -73.987927, 40.759791 ], [ -73.987015, 40.761038 ], [ -73.986561, 40.76166 ], [ -73.986104, 40.76229 ], [ -73.985647, 40.762915 ], [ -73.985192, 40.763543 ], [ -73.984734, 40.76417 ], [ -73.984283, 40.764792 ], [ -73.981434, 40.763594 ], [ -73.978601, 40.762396 ], [ -73.977686, 40.763645 ], [ -73.977196, 40.764324 ], [ -73.976703, 40.764996 ], [ -73.976234, 40.765675 ], [ -73.979076, 40.766876 ], [ -73.981431, 40.767874 ], [ -73.981023, 40.769272 ], [ -73.980564, 40.769905 ], [ -73.982147, 40.770574 ], [ -73.983468, 40.771136 ], [ -73.986238, 40.772299 ], [ -73.986695, 40.771668 ], [ -73.98954, 40.772866 ], [ -73.988626, 40.774116 ], [ -73.988177, 40.774735 ], [ -73.987711, 40.775373 ], [ -73.987241, 40.776017 ], [ -73.98843, 40.776531 ], [ -73.989201, 40.776859 ], [ -73.990168, 40.777251 ], [ -73.990914, 40.777542 ], [ -73.990761, 40.777688 ], [ -73.993869, 40.778097 ], [ -73.997819207596507, 40.779775870557202 ], [ -74.000450576936601, 40.776154599153799 ], [ -74.001618, 40.774548 ], [ -74.002953334774105, 40.772719244448005 ], [ -74.004653254495906, 40.770391185829801 ], [ -74.00658318016562, 40.767748131554704 ], [ -74.008603460180197, 40.764981336017897 ], [ -74.010234957836204, 40.762746982165702 ], [ -74.014029, 40.757551 ], [ -74.014246861069495, 40.756655747008203 ] ] ] } },
{ "type": "Feature", "properties": { "NTAName": "United Nations", "total_pop": 24151.0, "chinese_pop": 2044.0, "chinese_pct": 8.4634176638648508 }, "geometry": { "type": "Polygon", "coordinates": [ [ [ -73.97497, 40.748502 ], [ -73.973592, 40.747919 ], [ -73.971228, 40.746919 ], [ -73.971657, 40.746304 ], [ -73.97213, 40.745681 ], [ -73.972576, 40.745068 ], [ -73.973512, 40.743782 ], [ -73.97223, 40.743249 ], [ -73.971566, 40.742993 ], [ -73.96262, 40.739033 ], [ -73.961381, 40.742802 ], [ -73.960563, 40.744024 ], [ -73.960513, 40.744108 ], [ -73.960211, 40.744511 ], [ -73.959725, 40.745261 ], [ -73.958216, 40.747212 ], [ -73.957732, 40.747775 ], [ -73.961491, 40.749494 ], [ -73.96156, 40.749458 ], [ -73.958614, 40.753848 ], [ -73.961565, 40.755208 ], [ -73.961773, 40.755284 ], [ -73.9621, 40.755455 ], [ -73.964325, 40.756381 ], [ -73.964786, 40.755756 ], [ -73.96524, 40.75513 ], [ -73.965696, 40.754505 ], [ -73.966157, 40.753878 ], [ -73.966616, 40.753244 ], [ -73.968978, 40.754251 ], [ -73.971217, 40.755193 ], [ -73.972136, 40.753943 ], [ -73.972588, 40.753318 ], [ -73.973045, 40.752692 ], [ -73.973503, 40.752065 ], [ -73.973959, 40.751441 ], [ -73.974449, 40.750766 ], [ -73.975835, 40.748863 ], [ -73.97497, 40.748502 ] ] ] } },
{ "type": "Feature", "properties": { "NTAName": "Green-Wood Cemetery", "total_pop": 23834.0, "chinese_pop": 1986.0, "chinese_pct": 8.3326340521943454 }, "geometry": { "type": "Polygon", "coordinates": [ [ [ -73.99987, 40.661589 ], [ -74.000454, 40.661032 ], [ -74.002161, 40.659356 ], [ -74.00273, 40.658785 ], [ -74.003288, 40.658185 ], [ -74.004465, 40.657072 ], [ -74.006231, 40.6554 ], [ -74.007977, 40.653727 ], [ -74.008545, 40.6532 ], [ -74.00675, 40.652071 ], [ -74.00449, 40.650706 ], [ -74.005074, 40.650147 ], [ -74.002866, 40.648821 ], [ -74.000662, 40.647487 ], [ -73.998466, 40.646159 ], [ -73.997301, 40.647272 ], [ -73.996562, 40.647891 ], [ -73.996088, 40.648307 ], [ -73.993985, 40.647101 ], [ -73.989059, 40.644119 ], [ -73.98835, 40.644562 ], [ -73.985284, 40.645768 ], [ -73.983073, 40.646625 ], [ -73.981805, 40.647128 ], [ -73.980291, 40.647297 ], [ -73.978191, 40.647526 ], [ -73.975176, 40.647818 ], [ -73.974959, 40.647796 ], [ -73.975533, 40.649698 ], [ -73.976347, 40.65122 ], [ -73.977333, 40.653043 ], [ -73.978039, 40.654747 ], [ -73.978469, 40.655037 ], [ -73.980653, 40.656381 ], [ -73.985071, 40.659029 ], [ -73.987296, 40.660442 ], [ -73.988769, 40.662432 ], [ -73.988924, 40.662283 ], [ -73.990052, 40.661139 ], [ -73.990635, 40.660579 ], [ -73.992838, 40.661909 ], [ -73.995098, 40.663272 ], [ -73.996958, 40.664393 ], [ -73.997534, 40.663834 ], [ -73.99987, 40.661589 ] ] ] } },
{ "type": "Feature", "properties": { "NTAName": "Queensbridge-Ravenswood-Dutch Kills", "total_pop": 60230.0, "chinese_pop": 4994.0, "chinese_pct": 8.2915490619292704 }, "geometry": { "type": "Polygon", "coordinates": [ [ [ -73.952541, 40.76049 ], [ -73.953606, 40.759536 ], [ -73.953843, 40.759355 ], [ -73.955527, 40.757243 ], [ -73.958614, 40.753848 ], [ -73.96156, 40.749458 ], [ -73.961491, 40.749494 ], [ -73.957732, 40.747775 ], [ -73.956842, 40.748828 ], [ -73.951367, 40.754524 ], [ -73.95084, 40.755219 ], [ -73.949144, 40.754485 ], [ -73.952265, 40.750801 ], [ -73.952213, 40.749056 ], [ -73.949628, 40.748546 ], [ -73.947355, 40.748107 ], [ -73.945056, 40.747664 ], [ -73.943842, 40.74743 ], [ -73.942382, 40.747122 ], [ -73.939965, 40.745745 ], [ -73.936835, 40.748395 ], [ -73.935387, 40.749412 ], [ -73.931637, 40.751367 ], [ -73.924689, 40.751727 ], [ -73.921001, 40.750854 ], [ -73.920215, 40.749804 ], [ -73.915256, 40.750846 ], [ -73.913143, 40.750967 ], [ -73.909847, 40.751637 ], [ -73.910451, 40.752961 ], [ -73.913542, 40.753469 ], [ -73.914467, 40.753661 ], [ -73.914685, 40.753667 ], [ -73.915473, 40.753792 ], [ -73.917632, 40.753858 ], [ -73.918923, 40.753636 ], [ -73.920277, 40.753338 ], [ -73.920479, 40.753285 ], [ -73.921619, 40.753028 ], [ -73.924417, 40.752404 ], [ -73.925627, 40.752137 ], [ -73.924157, 40.753961 ], [ -73.922905, 40.755506 ], [ -73.921659, 40.757051 ], [ -73.924854, 40.758551 ], [ -73.926453, 40.759296 ], [ -73.927247, 40.759671 ], [ -73.928051, 40.760048 ], [ -73.926188, 40.762351 ], [ -73.926988, 40.762725 ], [ -73.928425, 40.763416 ], [ -73.930365, 40.764491 ], [ -73.928556, 40.766714 ], [ -73.933445, 40.768818 ], [ -73.932726, 40.769699 ], [ -73.931278, 40.771516 ], [ -73.930126, 40.772114 ], [ -73.930772, 40.772108 ], [ -73.932685, 40.7727 ], [ -73.931817, 40.774214 ], [ -73.931046, 40.773981 ], [ -73.930264, 40.775468 ], [ -73.935855, 40.777212 ], [ -73.93638, 40.776921 ], [ -73.937655, 40.775086 ], [ -73.937858, 40.774088 ], [ -73.937466, 40.772504 ], [ -73.940145, 40.772951 ], [ -73.94019, 40.772955 ], [ -73.942146, 40.772037 ], [ -73.944658, 40.769846 ], [ -73.945138, 40.769107 ], [ -73.945398, 40.768647 ], [ -73.94773, 40.766084 ], [ -73.949972, 40.763646 ], [ -73.951517, 40.761974 ], [ -73.952541, 40.76049 ] ] ] } },
{ "type": "Feature", "properties": { "NTAName": "Midtown-Times Square", "total_pop": 70312.0, "chinese_pop": 5638.0, "chinese_pct": 8.0185459096598031 }, "geometry": { "type": "Polygon", "coordinates": [ [ [ -73.974439, 40.756556 ], [ -73.972155, 40.759681 ], [ -73.971243, 40.760937 ], [ -73.969801, 40.762914 ], [ -73.967974, 40.765413 ], [ -73.969585, 40.766091 ], [ -73.971189, 40.766767 ], [ -73.969365, 40.769271 ], [ -73.967994, 40.771147 ], [ -73.967039, 40.772461 ], [ -73.966074, 40.773773 ], [ -73.964687, 40.775677 ], [ -73.963729, 40.776994 ], [ -73.96323, 40.777677 ], [ -73.962303, 40.778947 ], [ -73.961361, 40.780241 ], [ -73.960416, 40.781532 ], [ -73.959469, 40.782833 ], [ -73.958096, 40.784718 ], [ -73.957636, 40.785344 ], [ -73.956718, 40.786601 ], [ -73.955778, 40.787914 ], [ -73.955275, 40.788584 ], [ -73.954817, 40.789205 ], [ -73.952984, 40.791722 ], [ -73.951111, 40.794285 ], [ -73.950158, 40.795588 ], [ -73.949405, 40.796631 ], [ -73.94922, 40.79691 ], [ -73.949604, 40.79705 ], [ -73.952483, 40.798253 ], [ -73.955289, 40.799435 ], [ -73.957798, 40.800479 ], [ -73.958195, 40.800553 ], [ -73.958354, 40.800337 ], [ -73.959077, 40.799352 ], [ -73.960037, 40.798038 ], [ -73.96144, 40.796111 ], [ -73.962834, 40.794203 ], [ -73.963804, 40.792881 ], [ -73.964176, 40.792362 ], [ -73.964685, 40.791664 ], [ -73.965177, 40.790991 ], [ -73.965632, 40.790365 ], [ -73.966094, 40.789734 ], [ -73.966552, 40.789108 ], [ -73.96745, 40.787861 ], [ -73.967927, 40.787222 ], [ -73.968385, 40.786596 ], [ -73.968844, 40.785967 ], [ -73.969335, 40.785294 ], [ -73.969832, 40.784611 ], [ -73.970301, 40.783975 ], [ -73.97076, 40.78334 ], [ -73.971223, 40.782706 ], [ -73.971724, 40.782021 ], [ -73.973571, 40.779478 ], [ -73.974067, 40.778805 ], [ -73.974532, 40.778168 ], [ -73.974997, 40.777533 ], [ -73.975461, 40.776899 ], [ -73.975955, 40.77622 ], [ -73.976458, 40.775533 ], [ -73.976912, 40.774909 ], [ -73.97737, 40.774281 ], [ -73.977827, 40.773656 ], [ -73.978728, 40.772417 ], [ -73.979193, 40.771782 ], [ -73.979652, 40.771156 ], [ -73.980112, 40.770529 ], [ -73.980564, 40.769905 ], [ -73.982147, 40.770574 ], [ -73.983468, 40.771136 ], [ -73.986238, 40.772299 ], [ -73.986695, 40.771668 ], [ -73.987146, 40.771054 ], [ -73.987615, 40.770415 ], [ -73.988063, 40.769791 ], [ -73.988559, 40.769115 ], [ -73.989051, 40.76844 ], [ -73.989505, 40.767816 ], [ -73.989964, 40.767188 ], [ -73.990422, 40.766561 ], [ -73.990876, 40.765934 ], [ -73.991333, 40.76531 ], [ -73.991788, 40.764684 ], [ -73.992701, 40.763431 ], [ -73.993609, 40.762184 ], [ -73.990764, 40.760988 ], [ -73.99123, 40.760354 ], [ -73.991685, 40.759729 ], [ -73.99214, 40.759103 ], [ -73.992633, 40.75843 ], [ -73.994878, 40.759376 ], [ -73.995474, 40.759627 ], [ -73.996409, 40.758339 ], [ -73.997233, 40.757209 ], [ -73.997306, 40.75711 ], [ -73.998208, 40.755869 ], [ -73.999143, 40.754585 ], [ -73.996304, 40.753389 ], [ -73.993464, 40.75219 ], [ -73.990623, 40.750992 ], [ -73.98778, 40.749772 ], [ -73.987294, 40.750451 ], [ -73.984076, 40.749102 ], [ -73.982473, 40.748432 ], [ -73.980853, 40.747751 ], [ -73.979238, 40.747068 ], [ -73.977636, 40.746392 ], [ -73.977188, 40.74701 ], [ -73.976288, 40.748245 ], [ -73.975835, 40.748863 ], [ -73.974449, 40.750766 ], [ -73.973959, 40.751441 ], [ -73.973503, 40.752065 ], [ -73.973045, 40.752692 ], [ -73.972588, 40.753318 ], [ -73.972136, 40.753943 ], [ -73.971217, 40.755193 ], [ -73.97076, 40.755825 ], [ -73.972362, 40.756498 ], [ -73.97282, 40.75587 ], [ -73.974439, 40.756556 ] ] ] } },
{ "type": "Feature", "properties": { "NTAName": "Brooklyn Navy Yard", "total_pop": 38615.0, "chinese_pop": 3059.0, "chinese_pct": 7.9217920497216117 }, "geometry": { "type": "Polygon", "coordinates": [ [ [ -73.986969, 40.698504 ], [ -73.985587, 40.698446 ], [ -73.98496, 40.698445 ], [ -73.983995, 40.698414 ], [ -73.983118, 40.697542 ], [ -73.982306, 40.697508 ], [ -73.980515, 40.697437 ], [ -73.980388, 40.696507 ], [ -73.978381, 40.696492 ], [ -73.97739, 40.696419 ], [ -73.976443, 40.696371 ], [ -73.975486, 40.696315 ], [ -73.973485, 40.696246 ], [ -73.97247, 40.696207 ], [ -73.971462, 40.696187 ], [ -73.969399, 40.696093 ], [ -73.968406, 40.696047 ], [ -73.967416, 40.696028 ], [ -73.965156, 40.695972 ], [ -73.964508, 40.695926 ], [ -73.963624, 40.696341 ], [ -73.963709, 40.696588 ], [ -73.962839, 40.698039 ], [ -73.962179, 40.700221 ], [ -73.961452, 40.701663 ], [ -73.960341, 40.703437 ], [ -73.961854, 40.704786 ], [ -73.962485, 40.705352 ], [ -73.963098, 40.7059 ], [ -73.963745, 40.706479 ], [ -73.964393, 40.707056 ], [ -73.964849, 40.707454 ], [ -73.964421, 40.707534 ], [ -73.962743, 40.707685 ], [ -73.962573, 40.708535 ], [ -73.964185, 40.70872 ], [ -73.964027, 40.709534 ], [ -73.966949, 40.709865 ], [ -73.968524, 40.710046 ], [ -73.969612, 40.71016 ], [ -73.96905, 40.712482 ], [ -73.968861, 40.71265 ], [ -73.975227, 40.714582 ], [ -73.976614, 40.714995 ], [ -73.976457, 40.715299 ], [ -73.977917, 40.715649 ], [ -73.978909, 40.715951 ], [ -73.97902, 40.715748 ], [ -73.979962, 40.713973 ], [ -73.98165, 40.714461 ], [ -73.982453, 40.714699 ], [ -73.984706, 40.714512 ], [ -73.985344, 40.714462 ], [ -73.985058, 40.713078 ], [ -73.984547, 40.709495 ], [ -73.984189, 40.705582 ], [ -73.98653, 40.704979 ], [ -73.987271, 40.705181 ], [ -73.989381, 40.705137 ], [ -73.992722, 40.705544 ], [ -73.993693, 40.704476 ], [ -73.994498, 40.704318 ], [ -73.995069, 40.703102 ], [ -73.993267, 40.702435 ], [ -73.992612, 40.702061 ], [ -73.990935, 40.700767 ], [ -73.98973, 40.700734 ], [ -73.988684, 40.700699 ], [ -73.986798, 40.700617 ], [ -73.986813, 40.699956 ], [ -73.986947, 40.698713 ], [ -73.986969, 40.698504 ] ] ] } },
{ "type": "Feature", "properties": { "NTAName": "Fort Greene", "total_pop": 67997.0, "chinese_pop": 5328.0, "chinese_pct": 7.8356398076385725 }, "geometry": { "type": "Polygon", "coordinates": [ [ [ -73.969103, 40.689468 ], [ -73.969831, 40.693135 ], [ -73.96881, 40.693121 ], [ -73.967844, 40.69323 ], [ -73.966881, 40.693341 ], [ -73.965906, 40.693433 ], [ -73.964054, 40.693628 ], [ -73.963127, 40.693733 ], [ -73.961093, 40.694011 ], [ -73.960158, 40.694117 ], [ -73.960621, 40.69632 ], [ -73.961051, 40.698326 ], [ -73.962839, 40.698039 ], [ -73.962179, 40.700221 ], [ -73.965204, 40.702623 ], [ -73.96721, 40.704256 ], [ -73.967616, 40.704961 ], [ -73.968389, 40.706829 ], [ -73.969613, 40.707634 ], [ -73.970318, 40.707332 ], [ -73.972789, 40.709378 ], [ -73.975476, 40.707492 ], [ -73.979233, 40.705769 ], [ -73.979171, 40.705301 ], [ -73.980729, 40.701268 ], [ -73.98285, 40.701359 ], [ -73.984761, 40.701439 ], [ -73.986601, 40.700621 ], [ -73.986798, 40.700617 ], [ -73.986813, 40.699956 ], [ -73.986947, 40.698713 ], [ -73.986969, 40.698504 ], [ -73.985587, 40.698446 ], [ -73.98496, 40.698445 ], [ -73.984726, 40.696129 ], [ -73.985143, 40.694885 ], [ -73.985363, 40.690667 ], [ -73.987348, 40.691458 ], [ -73.988932, 40.692086 ], [ -73.989261, 40.690977 ], [ -73.989662, 40.690334 ], [ -73.986155, 40.689018 ], [ -73.981817, 40.68733 ], [ -73.982661, 40.686086 ], [ -73.983953, 40.684182 ], [ -73.981993, 40.683418 ], [ -73.979605, 40.682489 ], [ -73.980463, 40.681221 ], [ -73.981324, 40.679952 ], [ -73.97956, 40.679287 ], [ -73.978676, 40.679047 ], [ -73.977886, 40.680217 ], [ -73.977815, 40.680313 ], [ -73.977023, 40.681486 ], [ -73.976317, 40.682509 ], [ -73.976667, 40.682973 ], [ -73.977457, 40.684052 ], [ -73.975929, 40.683505 ], [ -73.97378, 40.683061 ], [ -73.97064, 40.682414 ], [ -73.968664, 40.682 ], [ -73.967477, 40.681754 ], [ -73.964454, 40.681125 ], [ -73.964779, 40.68304 ], [ -73.965082, 40.684546 ], [ -73.965525, 40.686744 ], [ -73.963509, 40.686977 ], [ -73.962547, 40.687089 ], [ -73.962836, 40.688555 ], [ -73.96481, 40.688326 ], [ -73.965188, 40.689782 ], [ -73.966135, 40.689673 ], [ -73.967115, 40.689561 ], [ -73.968078, 40.689452 ], [ -73.969103, 40.689468 ] ] ] } },
{ "type": "Feature", "properties": { "NTAName": "Woodhaven", "total_pop": 60596.0, "chinese_pop": 4671.0, "chinese_pct": 7.7084295993134866 }, "geometry": { "type": "Polygon", "coordinates": [ [ [ -73.888924, 40.683126 ], [ -73.888191, 40.682556 ], [ -73.886505, 40.683349 ], [ -73.882203, 40.68536 ], [ -73.879075, 40.686882 ], [ -73.876681, 40.688088 ], [ -73.874054, 40.689299 ], [ -73.872603, 40.689921 ], [ -73.870948, 40.690502 ], [ -73.869909, 40.686116 ], [ -73.870704, 40.685918 ], [ -73.872739, 40.68541 ], [ -73.872187, 40.683649 ], [ -73.87157, 40.681686 ], [ -73.869808, 40.682187 ], [ -73.868132, 40.682666 ], [ -73.866295, 40.683189 ], [ -73.866027, 40.681918 ], [ -73.864101, 40.682373 ], [ -73.861067, 40.683235 ], [ -73.860188, 40.683486 ], [ -73.85845, 40.683982 ], [ -73.849947, 40.6864 ], [ -73.849369, 40.685227 ], [ -73.847608, 40.685722 ], [ -73.84698, 40.685904 ], [ -73.846173, 40.686139 ], [ -73.843003, 40.687038 ], [ -73.844155, 40.689404 ], [ -73.841046, 40.690284 ], [ -73.842342, 40.69293 ], [ -73.842661, 40.693573 ], [ -73.843442, 40.695187 ], [ -73.845397, 40.695157 ], [ -73.845857, 40.696203 ], [ -73.843722, 40.696747 ], [ -73.843847, 40.697003 ], [ -73.844685, 40.698674 ], [ -73.845025, 40.699359 ], [ -73.842938, 40.700554 ], [ -73.841564, 40.701101 ], [ -73.83843, 40.703386 ], [ -73.836962, 40.704212 ], [ -73.838091, 40.706133 ], [ -73.837147, 40.707957 ], [ -73.839011, 40.708555 ], [ -73.843016, 40.709176 ], [ -73.84568, 40.70848 ], [ -73.849517, 40.708392 ], [ -73.851099, 40.707901 ], [ -73.854746, 40.706767 ], [ -73.854641, 40.70529 ], [ -73.853692, 40.704315 ], [ -73.852151, 40.702251 ], [ -73.855293, 40.702596 ], [ -73.855292, 40.701844 ], [ -73.856914, 40.701885 ], [ -73.857028, 40.70117 ], [ -73.858579, 40.701238 ], [ -73.85815, 40.702898 ], [ -73.858288, 40.702911 ], [ -73.863254, 40.703392 ], [ -73.863794, 40.703334 ], [ -73.864728, 40.703259 ], [ -73.86564, 40.703183 ], [ -73.867247, 40.703052 ], [ -73.869156, 40.702893 ], [ -73.869314, 40.699355 ], [ -73.870708, 40.697697 ], [ -73.868917, 40.69515 ], [ -73.874021, 40.694191 ], [ -73.879616, 40.691106 ], [ -73.883777, 40.687863 ], [ -73.884517, 40.686691 ], [ -73.889607, 40.684214 ], [ -73.888924, 40.683126 ] ] ] } },
{ "type": "Feature", "properties": { "NTAName": "Murray Hill-Kips Bay", "total_pop": 100605.0, "chinese_pop": 7493.0, "chinese_pct": 7.4479399632225034 }, "geometry": { "type": "Polygon", "coordinates": [ [ [ -73.984934, 40.736376 ], [ -73.982695, 40.735431 ], [ -73.980275, 40.73441 ], [ -73.979864, 40.734975 ], [ -73.977722, 40.734041 ], [ -73.976983, 40.73373 ], [ -73.97542, 40.733005 ], [ -73.974243, 40.732536 ], [ -73.97365, 40.73231 ], [ -73.961436, 40.727298 ], [ -73.961215, 40.728151 ], [ -73.95736, 40.728458 ], [ -73.953658, 40.728823 ], [ -73.953957, 40.729503 ], [ -73.954245, 40.730197 ], [ -73.954379, 40.730907 ], [ -73.954495, 40.731613 ], [ -73.954609, 40.732324 ], [ -73.957943, 40.732009 ], [ -73.959592, 40.731852 ], [ -73.961843, 40.731625 ], [ -73.962148, 40.732452 ], [ -73.962288, 40.732899 ], [ -73.962307, 40.733119 ], [ -73.962348, 40.733812 ], [ -73.962672, 40.736446 ], [ -73.962478, 40.736802 ], [ -73.96262, 40.739033 ], [ -73.961381, 40.742802 ], [ -73.960563, 40.744024 ], [ -73.960513, 40.744108 ], [ -73.960211, 40.744511 ], [ -73.959725, 40.745261 ], [ -73.958216, 40.747212 ], [ -73.957732, 40.747775 ], [ -73.961491, 40.749494 ], [ -73.96156, 40.749458 ], [ -73.964715, 40.751717 ], [ -73.964862, 40.752011 ], [ -73.965055, 40.751813 ], [ -73.967227, 40.752688 ], [ -73.966616, 40.753244 ], [ -73.968978, 40.754251 ], [ -73.971217, 40.755193 ], [ -73.97076, 40.755825 ], [ -73.972362, 40.756498 ], [ -73.97282, 40.75587 ], [ -73.974439, 40.756556 ], [ -73.976516, 40.754974 ], [ -73.977875, 40.753099 ], [ -73.97837, 40.752416 ], [ -73.979287, 40.752801 ], [ -73.980888, 40.753481 ], [ -73.981822, 40.752197 ], [ -73.984076, 40.749102 ], [ -73.985496, 40.747152 ], [ -73.985949, 40.746536 ], [ -73.986393, 40.745921 ], [ -73.987298, 40.744682 ], [ -73.985696, 40.744008 ], [ -73.984078, 40.743326 ], [ -73.985879, 40.740853 ], [ -73.986366, 40.740187 ], [ -73.986849, 40.739522 ], [ -73.987302, 40.738903 ], [ -73.984082, 40.737546 ], [ -73.984508, 40.736962 ], [ -73.984934, 40.736376 ] ] ] } },
{ "type": "Feature", "properties": { "NTAName": "Midtown South-Flatiron-Union Square", "total_pop": 78332.0, "chinese_pop": 5704.0, "chinese_pct": 7.2818260736352958 }, "geometry": { "type": "Polygon", "coordinates": [ [ [ -73.990754, 40.734839 ], [ -73.989903, 40.734435 ], [ -73.988779, 40.733966 ], [ -73.98718, 40.733292 ], [ -73.986679, 40.733978 ], [ -73.986213, 40.734618 ], [ -73.985787, 40.735205 ], [ -73.985361, 40.73579 ], [ -73.984934, 40.736376 ], [ -73.984508, 40.736962 ], [ -73.984082, 40.737546 ], [ -73.987302, 40.738903 ], [ -73.986849, 40.739522 ], [ -73.986366, 40.740187 ], [ -73.985879, 40.740853 ], [ -73.984078, 40.743326 ], [ -73.982462, 40.742645 ], [ -73.980859, 40.74197 ], [ -73.98041, 40.742587 ], [ -73.979959, 40.743205 ], [ -73.979508, 40.743825 ], [ -73.979058, 40.744444 ], [ -73.978607, 40.745058 ], [ -73.978121, 40.745726 ], [ -73.977636, 40.746392 ], [ -73.979238, 40.747068 ], [ -73.980853, 40.747751 ], [ -73.980404, 40.748366 ], [ -73.979954, 40.748985 ], [ -73.978607, 40.750842 ], [ -73.977677, 40.752119 ], [ -73.97837, 40.752416 ], [ -73.979287, 40.752801 ], [ -73.980888, 40.753481 ], [ -73.984118, 40.754842 ], [ -73.985043, 40.753554 ], [ -73.985947, 40.752317 ], [ -73.988787, 40.753517 ], [ -73.991633, 40.754707 ], [ -73.994468, 40.755909 ], [ -73.997306, 40.75711 ], [ -73.998208, 40.755869 ], [ -73.999143, 40.754585 ], [ -73.999633, 40.753918 ], [ -74.000975, 40.752055 ], [ -74.002785, 40.749592 ], [ -73.999938, 40.7484 ], [ -73.999243, 40.748107 ], [ -73.997918, 40.747549 ], [ -73.997099, 40.747205 ], [ -73.997552, 40.746581 ], [ -73.998009, 40.745952 ], [ -73.998486, 40.745294 ], [ -73.998972, 40.74463 ], [ -73.999422, 40.744009 ], [ -73.999848, 40.743425 ], [ -74.000275, 40.742839 ], [ -74.000703, 40.742254 ], [ -74.001555, 40.74108 ], [ -74.002019, 40.740444 ], [ -74.002523, 40.739753 ], [ -73.999684, 40.738552 ], [ -73.99684, 40.737361 ], [ -73.993617, 40.736005 ], [ -73.991715, 40.735215 ], [ -73.990754, 40.734839 ] ] ] } },
{ "type": "Feature", "properties": { "NTAName": "New Springville-Willowbrook-Bulls Head-Travis", "total_pop": 74392.0, "chinese_pop": 5339.0, "chinese_pct": 7.1768469727927737 }, "geometry": { "type": "Polygon", "coordinates": [ [ [ -74.168141, 40.622078 ], [ -74.167404, 40.623909 ], [ -74.166559, 40.627367 ], [ -74.16633, 40.632166 ], [ -74.166275, 40.63365 ], [ -74.166187, 40.635854 ], [ -74.171196, 40.63595 ], [ -74.171216, 40.637436 ], [ -74.171091907432597, 40.642876082302209 ], [ -74.173989374267705, 40.645037660946798 ], [ -74.174085, 40.645109 ], [ -74.178690407758907, 40.645419748116105 ], [ -74.180191, 40.645521 ], [ -74.1824082385683, 40.644702386563999 ], [ -74.1868204209173, 40.643073391017602 ], [ -74.189116628558494, 40.642225621880897 ], [ -74.1894, 40.642121 ], [ -74.191802543462501, 40.639827409089897 ], [ -74.1964546854975, 40.635386236286699 ], [ -74.198847308337704, 40.633102116110102 ], [ -74.20058, 40.631448 ], [ -74.201495790244493, 40.622571821989602 ], [ -74.201812, 40.619507 ], [ -74.200994, 40.616906 ], [ -74.200523505646402, 40.616835204912498 ], [ -74.196096, 40.616169 ], [ -74.195407, 40.601806 ], [ -74.19682, 40.597037 ], [ -74.204054, 40.589336 ], [ -74.2043390375147, 40.588149880185405 ], [ -74.204944586023103, 40.585630025613597 ], [ -74.206323347433596, 40.579892618626097 ], [ -74.206413122211501, 40.579519040983094 ], [ -74.2074652824152, 40.5751407118114 ], [ -74.208703704504401, 40.569987295495608 ], [ -74.210887, 40.560902 ], [ -74.211221167830502, 40.56057871586809 ], [ -74.213171900843804, 40.558691517366903 ], [ -74.211979, 40.557419 ], [ -74.206392, 40.558102 ], [ -74.207032, 40.557616 ], [ -74.205145, 40.557347 ], [ -74.203343, 40.556133 ], [ -74.200793, 40.556045 ], [ -74.199771, 40.55687 ], [ -74.197695, 40.558887 ], [ -74.192904, 40.562649 ], [ -74.190832, 40.562672 ], [ -74.189281, 40.563646 ], [ -74.187269, 40.564042 ], [ -74.185254, 40.564549 ], [ -74.18282, 40.565491 ], [ -74.181395, 40.565238 ], [ -74.177618, 40.563804 ], [ -74.176594, 40.563241 ], [ -74.174888, 40.562826 ], [ -74.173485, 40.562267 ], [ -74.172255, 40.561704 ], [ -74.171878, 40.561566 ], [ -74.169827, 40.561078 ], [ -74.165894, 40.560283 ], [ -74.164941, 40.560112 ], [ -74.163779, 40.560317 ], [ -74.160968, 40.56146 ], [ -74.156846, 40.5628 ], [ -74.155851, 40.563774 ], [ -74.154634, 40.56554 ], [ -74.152956, 40.566776 ], [ -74.1517, 40.567857 ], [ -74.150862, 40.568529 ], [ -74.149838, 40.569357 ], [ -74.147897, 40.570888 ], [ -74.147207, 40.570534 ], [ -74.144388, 40.569707 ], [ -74.143874, 40.570606 ], [ -74.144186, 40.572038 ], [ -74.137042, 40.572909 ], [ -74.136354, 40.572991 ], [ -74.133007, 40.573433 ], [ -74.129144, 40.57473 ], [ -74.127653, 40.575235 ], [ -74.127089, 40.576369 ], [ -74.127249, 40.577551 ], [ -74.126892, 40.57849 ], [ -74.127492, 40.579788 ], [ -74.130235, 40.582539 ], [ -74.1304, 40.582759 ], [ -74.132827, 40.583793 ], [ -74.13394, 40.586299 ], [ -74.138667, 40.58902 ], [ -74.133775, 40.596333 ], [ -74.132813, 40.597241 ], [ -74.131239, 40.59831 ], [ -74.13092, 40.598856 ], [ -74.13099, 40.599503 ], [ -74.131569, 40.60377 ], [ -74.132123, 40.608275 ], [ -74.132304, 40.612438 ], [ -74.130719, 40.612558 ], [ -74.130736, 40.612797 ], [ -74.134185, 40.615363 ], [ -74.136216, 40.615787 ], [ -74.138974, 40.616192 ], [ -74.139822, 40.6163 ], [ -74.139238, 40.61852 ], [ -74.138737, 40.620374 ], [ -74.138613, 40.621773 ], [ -74.138266, 40.624248 ], [ -74.144025, 40.624992 ], [ -74.145767, 40.624958 ], [ -74.146145, 40.62493 ], [ -74.148768, 40.625104 ], [ -74.149241, 40.623329 ], [ -74.149503, 40.622923 ], [ -74.151541, 40.621202 ], [ -74.153177, 40.620162 ], [ -74.154291, 40.6193 ], [ -74.155425, 40.620069 ], [ -74.168141, 40.622078 ] ] ] } },
{ "type": "Feature", "properties": { "NTAName": "Greenwich Village", "total_pop": 77006.0, "chinese_pop": 5412.0, "chinese_pct": 7.0280237903539984 }, "geometry": { "type": "Polygon", "coordinates": [ [ [ -74.00709, 40.728772 ], [ -74.005314, 40.728605 ], [ -74.002808, 40.728365 ], [ -74.002149, 40.728036 ], [ -74.00139, 40.72766 ], [ -73.999916, 40.726935 ], [ -73.99761, 40.725797 ], [ -73.996772, 40.725432 ], [ -73.995846, 40.725208 ], [ -73.995329, 40.725084 ], [ -73.993458, 40.724433 ], [ -73.992604, 40.724136 ], [ -73.992326, 40.724909 ], [ -73.992209, 40.725231 ], [ -73.991794, 40.726391 ], [ -73.98987, 40.725582 ], [ -73.987502, 40.724584 ], [ -73.987053, 40.725203 ], [ -73.986176, 40.726409 ], [ -73.985753, 40.726988 ], [ -73.984875, 40.728194 ], [ -73.987239, 40.729192 ], [ -73.989482, 40.730133 ], [ -73.988613, 40.731323 ], [ -73.988153, 40.731965 ], [ -73.987683, 40.732604 ], [ -73.98718, 40.733292 ], [ -73.986679, 40.733978 ], [ -73.986213, 40.734618 ], [ -73.985787, 40.735205 ], [ -73.985361, 40.73579 ], [ -73.984934, 40.736376 ], [ -73.984508, 40.736962 ], [ -73.984082, 40.737546 ], [ -73.987302, 40.738903 ], [ -73.989582, 40.739865 ], [ -73.990518, 40.740262 ], [ -73.993739, 40.741617 ], [ -73.994165, 40.741031 ], [ -73.995018, 40.73986 ], [ -73.997862, 40.741056 ], [ -74.000703, 40.742254 ], [ -74.001555, 40.74108 ], [ -74.002019, 40.740444 ], [ -74.002523, 40.739753 ], [ -73.999684, 40.738552 ], [ -74.000183, 40.737865 ], [ -74.000647, 40.73723 ], [ -74.001095, 40.736564 ], [ -74.001948, 40.736414 ], [ -74.001205, 40.733843 ], [ -74.002789, 40.733617 ], [ -74.002124, 40.732841 ], [ -74.003471, 40.732373 ], [ -74.003612, 40.732324 ], [ -74.005706, 40.731627 ], [ -74.006624, 40.731669 ], [ -74.006857, 40.730228 ], [ -74.006973, 40.729495 ], [ -74.00709, 40.728772 ] ] ] } },
{ "type": "Feature", "properties": { "NTAName": "Great Kills Park", "total_pop": 19203.0, "chinese_pop": 1349.0, "chinese_pct": 7.0249440191636721 }, "geometry": { "type": "Polygon", "coordinates": [ [ [ -74.150431, 40.548195 ], [ -74.148937, 40.545673 ], [ -74.14872, 40.545273 ], [ -74.148011, 40.544114 ], [ -74.147465, 40.543497 ], [ -74.145912, 40.542424 ], [ -74.147103, 40.541012 ], [ -74.149591, 40.538067 ], [ -74.15001, 40.537701 ], [ -74.151409, 40.536503 ], [ -74.151585, 40.536351 ], [ -74.152622, 40.535459 ], [ -74.153975, 40.534268 ], [ -74.157047, 40.531228 ], [ -74.158511, 40.530566 ], [ -74.161349, 40.529374 ], [ -74.160425, 40.528119 ], [ -74.159902464311301, 40.527395522797811 ], [ -74.149788648682105, 40.533797945633701 ], [ -74.149184929903498, 40.534180122157004 ], [ -74.148697, 40.534489 ], [ -74.145999741911595, 40.534912954129197 ], [ -74.144845387591701, 40.535094395157209 ], [ -74.144428, 40.53516 ], [ -74.142425090829605, 40.53448154910901 ], [ -74.14023, 40.533738 ], [ -74.140162703241202, 40.533655550775904 ], [ -74.137241, 40.530076 ], [ -74.129336299842606, 40.536480893858702 ], [ -74.121672, 40.542691 ], [ -74.112901977236803, 40.54743165718201 ], [ -74.112828868387396, 40.547471176348708 ], [ -74.112585, 40.547603 ], [ -74.112545084307698, 40.547578097481093 ], [ -74.111471, 40.546908 ], [ -74.107061113490317, 40.551079197189601 ], [ -74.108609, 40.55219 ], [ -74.109536, 40.552811 ], [ -74.113264, 40.556396 ], [ -74.114731, 40.557131 ], [ -74.115713, 40.557768 ], [ -74.120052, 40.560394 ], [ -74.126729, 40.56443 ], [ -74.126971, 40.56457 ], [ -74.126472, 40.565317 ], [ -74.12942, 40.565721 ], [ -74.130471, 40.564972 ], [ -74.1317, 40.564536 ], [ -74.134808, 40.560799 ], [ -74.135749, 40.55885 ], [ -74.138036, 40.557691 ], [ -74.138851, 40.556951 ], [ -74.139515, 40.556303 ], [ -74.140428, 40.55436 ], [ -74.140478, 40.554176 ], [ -74.14233, 40.553095 ], [ -74.144604, 40.551766 ], [ -74.145293, 40.551563 ], [ -74.148992, 40.551593 ], [ -74.150106, 40.550818 ], [ -74.150839, 40.549963 ], [ -74.150431, 40.548195 ] ] ] } },
{ "type": "Feature", "properties": { "NTAName": "Oakwood-Richmondtown", "total_pop": 41420.0, "chinese_pop": 2895.0, "chinese_pct": 6.9893771125060358 }, "geometry": { "type": "Polygon", "coordinates": [ [ [ -74.14023, 40.533738 ], [ -74.140162703241202, 40.533655550775904 ], [ -74.137241, 40.530076 ], [ -74.129336299842606, 40.536480893858702 ], [ -74.121672, 40.542691 ], [ -74.112901977236803, 40.54743165718201 ], [ -74.112828868387396, 40.547471176348708 ], [ -74.112585, 40.547603 ], [ -74.112545084307698, 40.547578097481093 ], [ -74.111471, 40.546908 ], [ -74.107061113490317, 40.551079197189601 ], [ -74.105272695198209, 40.552770815633103 ], [ -74.103896294559505, 40.554072717272298 ], [ -74.099517949213904, 40.5582140804934 ], [ -74.099217663786305, 40.558498112685399 ], [ -74.098421395487406, 40.559251282201998 ], [ -74.094636082533697, 40.562831711476001 ], [ -74.095438, 40.563412 ], [ -74.097632, 40.564484 ], [ -74.102089, 40.566647 ], [ -74.108739, 40.569992 ], [ -74.109762, 40.570468 ], [ -74.116316, 40.573951 ], [ -74.119786, 40.575815 ], [ -74.11911, 40.576157 ], [ -74.117587, 40.577581 ], [ -74.117021, 40.578197 ], [ -74.114818, 40.579177 ], [ -74.113673, 40.580314 ], [ -74.11221, 40.581267 ], [ -74.109248, 40.582679 ], [ -74.105259, 40.585923 ], [ -74.103926, 40.587076 ], [ -74.101494, 40.589344 ], [ -74.100883, 40.590179 ], [ -74.100905, 40.59102 ], [ -74.105336, 40.590545 ], [ -74.10688, 40.590376 ], [ -74.110641, 40.593252 ], [ -74.11018, 40.594859 ], [ -74.110378, 40.5953 ], [ -74.110786, 40.596127 ], [ -74.111302, 40.598208 ], [ -74.114871, 40.602137 ], [ -74.116844, 40.601895 ], [ -74.120596, 40.60181 ], [ -74.120772, 40.600672 ], [ -74.122294, 40.599687 ], [ -74.122643, 40.599419 ], [ -74.124675, 40.598316 ], [ -74.125453, 40.598137 ], [ -74.13092, 40.598856 ], [ -74.131239, 40.59831 ], [ -74.132813, 40.597241 ], [ -74.133775, 40.596333 ], [ -74.138667, 40.58902 ], [ -74.145834, 40.588564 ], [ -74.146322, 40.58607 ], [ -74.149632, 40.58337 ], [ -74.152528, 40.580617 ], [ -74.161791, 40.57537 ], [ -74.169835, 40.570879 ], [ -74.169611, 40.566443 ], [ -74.169827, 40.561078 ], [ -74.165894, 40.560283 ], [ -74.164941, 40.560112 ], [ -74.163779, 40.560317 ], [ -74.160968, 40.56146 ], [ -74.156846, 40.5628 ], [ -74.155851, 40.563774 ], [ -74.154634, 40.56554 ], [ -74.152956, 40.566776 ], [ -74.145653, 40.559716 ], [ -74.144618, 40.558719 ], [ -74.146551, 40.556235 ], [ -74.145576, 40.552708 ], [ -74.145293, 40.551563 ], [ -74.144604, 40.551766 ], [ -74.14233, 40.553095 ], [ -74.140478, 40.554176 ], [ -74.140428, 40.55436 ], [ -74.139515, 40.556303 ], [ -74.138851, 40.556951 ], [ -74.137431, 40.555818 ], [ -74.134988, 40.553811 ], [ -74.133184, 40.552344 ], [ -74.137371, 40.549578 ], [ -74.138641, 40.548475 ], [ -74.137006, 40.546968 ], [ -74.135683, 40.546373 ], [ -74.133078, 40.543631 ], [ -74.142425090829605, 40.53448154910901 ], [ -74.14023, 40.533738 ] ] ] } },
{ "type": "Feature", "properties": { "NTAName": "Gramercy", "total_pop": 88752.0, "chinese_pop": 6194.0, "chinese_pct": 6.9789976563908427 }, "geometry": { "type": "Polygon", "coordinates": [ [ [ -73.978498, 40.736791 ], [ -73.978052, 40.737554 ], [ -73.977603, 40.738172 ], [ -73.977148, 40.738796 ], [ -73.976251, 40.740026 ], [ -73.9758, 40.740644 ], [ -73.978168, 40.741643 ], [ -73.98041, 40.742587 ], [ -73.979959, 40.743205 ], [ -73.979508, 40.743825 ], [ -73.979058, 40.744444 ], [ -73.978607, 40.745058 ], [ -73.978121, 40.745726 ], [ -73.977636, 40.746392 ], [ -73.979238, 40.747068 ], [ -73.980853, 40.747751 ], [ -73.982473, 40.748432 ], [ -73.984076, 40.749102 ], [ -73.985496, 40.747152 ], [ -73.985949, 40.746536 ], [ -73.986393, 40.745921 ], [ -73.987298, 40.744682 ], [ -73.988194, 40.743451 ], [ -73.989318, 40.741914 ], [ -73.99007, 40.74088 ], [ -73.990518, 40.740262 ], [ -73.992225, 40.737917 ], [ -73.992654, 40.73733 ], [ -73.99312, 40.736691 ], [ -73.993617, 40.736005 ], [ -73.991715, 40.735215 ], [ -73.990754, 40.734839 ], [ -73.989903, 40.734435 ], [ -73.988779, 40.733966 ], [ -73.98718, 40.733292 ], [ -73.984941, 40.732347 ], [ -73.982564, 40.731361 ], [ -73.983077, 40.730659 ], [ -73.983543, 40.730021 ], [ -73.984448, 40.728781 ], [ -73.984875, 40.728194 ], [ -73.982657, 40.727261 ], [ -73.982228, 40.727846 ], [ -73.979906, 40.726866 ], [ -73.979469, 40.727468 ], [ -73.978998, 40.728106 ], [ -73.978536, 40.728746 ], [ -73.978001, 40.729429 ], [ -73.975696, 40.728475 ], [ -73.973298, 40.727428 ], [ -73.971857, 40.726759 ], [ -73.971396, 40.726662 ], [ -73.962645, 40.722747 ], [ -73.961543, 40.723876 ], [ -73.961611, 40.724951 ], [ -73.961436, 40.727298 ], [ -73.961215, 40.728151 ], [ -73.961214, 40.729508 ], [ -73.973546, 40.734939 ], [ -73.974433, 40.735315 ], [ -73.97514, 40.735392 ], [ -73.978498, 40.736791 ] ] ] } },
{ "type": "Feature", "properties": { "NTAName": "Mapleton-Midwood (West)", "total_pop": 86178.0, "chinese_pop": 5956.0, "chinese_pct": 6.9112766599364104 }, "geometry": { "type": "Polygon", "coordinates": [ [ [ -73.996788, 40.626826 ], [ -73.994649, 40.625698 ], [ -73.994325, 40.625343 ], [ -73.99255, 40.624274 ], [ -73.994293, 40.622597 ], [ -73.99184, 40.621111 ], [ -73.989566, 40.619738 ], [ -73.987435, 40.618455 ], [ -73.986275, 40.619567 ], [ -73.984068, 40.618241 ], [ -73.981868, 40.616912 ], [ -73.979638, 40.615565 ], [ -73.980805, 40.614447 ], [ -73.981438, 40.613838 ], [ -73.980707, 40.613402 ], [ -73.979474, 40.612666 ], [ -73.977011, 40.611173 ], [ -73.976372, 40.611769 ], [ -73.974391, 40.61058 ], [ -73.974184, 40.609463 ], [ -73.974031, 40.608702 ], [ -73.972994, 40.608814 ], [ -73.971913, 40.608936 ], [ -73.96997, 40.60915 ], [ -73.967668, 40.609404 ], [ -73.965224, 40.609674 ], [ -73.964296, 40.609777 ], [ -73.964781, 40.612331 ], [ -73.963853, 40.612433 ], [ -73.96286, 40.61255 ], [ -73.96238, 40.609986 ], [ -73.960444, 40.610202 ], [ -73.95952, 40.610302 ], [ -73.958593, 40.610403 ], [ -73.959079, 40.612957 ], [ -73.959583, 40.61562 ], [ -73.958655, 40.615721 ], [ -73.959107, 40.618113 ], [ -73.958147, 40.618217 ], [ -73.958597, 40.620608 ], [ -73.957632, 40.620714 ], [ -73.958088, 40.623105 ], [ -73.96094, 40.622791 ], [ -73.961393, 40.625179 ], [ -73.961846, 40.627571 ], [ -73.962298, 40.629961 ], [ -73.963225, 40.629859 ], [ -73.964152, 40.629757 ], [ -73.966074, 40.629545 ], [ -73.966676, 40.631922 ], [ -73.963674, 40.63225 ], [ -73.962299, 40.6324 ], [ -73.959898, 40.632668 ], [ -73.960409, 40.63536 ], [ -73.961312, 40.634926 ], [ -73.962203, 40.6345 ], [ -73.963946, 40.633662 ], [ -73.964805, 40.633249 ], [ -73.966777, 40.632295 ], [ -73.967926, 40.631744 ], [ -73.96841, 40.631509 ], [ -73.971568, 40.629988 ], [ -73.971806, 40.629874 ], [ -73.971923, 40.630646 ], [ -73.972113, 40.631369 ], [ -73.972419, 40.632992 ], [ -73.976049, 40.631276 ], [ -73.977165, 40.630747 ], [ -73.978155, 40.630282 ], [ -73.980723, 40.631793 ], [ -73.980142, 40.632354 ], [ -73.982598, 40.633837 ], [ -73.983763, 40.632717 ], [ -73.984344, 40.632157 ], [ -73.984928, 40.631597 ], [ -73.985509, 40.631038 ], [ -73.986675, 40.629916 ], [ -73.987259, 40.629355 ], [ -73.988428, 40.628231 ], [ -73.989009, 40.627676 ], [ -73.990175, 40.626557 ], [ -73.990756, 40.625998 ], [ -73.996115, 40.629232 ], [ -73.996336, 40.628445 ], [ -73.996788, 40.626826 ] ] ] } },
{ "type": "Feature", "properties": { "NTAName": "Todt Hill-Emerson Hill-Lighthouse Hill-Manor Heights", "total_pop": 106618.0, "chinese_pop": 7336.0, "chinese_pct": 6.880639291676828 }, "geometry": { "type": "Polygon", "coordinates": [ [ [ -74.130719, 40.612558 ], [ -74.130736, 40.612797 ], [ -74.134185, 40.615363 ], [ -74.136216, 40.615787 ], [ -74.138974, 40.616192 ], [ -74.139822, 40.6163 ], [ -74.142337, 40.616608 ], [ -74.145124, 40.616966 ], [ -74.146035, 40.617013 ], [ -74.146969, 40.610151 ], [ -74.149969, 40.60954 ], [ -74.15362, 40.608801 ], [ -74.160403, 40.607442 ], [ -74.162382, 40.60719 ], [ -74.162214, 40.605306 ], [ -74.163287, 40.601681 ], [ -74.162732, 40.599333 ], [ -74.162361, 40.597405 ], [ -74.1619, 40.595299 ], [ -74.159892, 40.59517 ], [ -74.156366, 40.593197 ], [ -74.15097, 40.590176 ], [ -74.153895, 40.58715 ], [ -74.155931, 40.585087 ], [ -74.157666, 40.583375 ], [ -74.160334, 40.584795 ], [ -74.16299, 40.5863 ], [ -74.167614, 40.588927 ], [ -74.165787, 40.590708 ], [ -74.163317, 40.592508 ], [ -74.166787, 40.593853 ], [ -74.168836, 40.594721 ], [ -74.167996, 40.597922 ], [ -74.167197, 40.602076 ], [ -74.172022, 40.602702 ], [ -74.174836, 40.602324 ], [ -74.178239, 40.599811 ], [ -74.179541, 40.596746 ], [ -74.186222, 40.589818 ], [ -74.185499, 40.588509 ], [ -74.189956, 40.585675 ], [ -74.19111, 40.58583 ], [ -74.194703, 40.584849 ], [ -74.199795, 40.582103 ], [ -74.200584, 40.579511 ], [ -74.197498, 40.578859 ], [ -74.191958, 40.576571 ], [ -74.190642, 40.576685 ], [ -74.190532, 40.576211 ], [ -74.189558, 40.57627 ], [ -74.189389, 40.572558 ], [ -74.184293, 40.572851 ], [ -74.179572, 40.571047 ], [ -74.177618, 40.563804 ], [ -74.176594, 40.563241 ], [ -74.174888, 40.562826 ], [ -74.173485, 40.562267 ], [ -74.172255, 40.561704 ], [ -74.171878, 40.561566 ], [ -74.169827, 40.561078 ], [ -74.165894, 40.560283 ], [ -74.164941, 40.560112 ], [ -74.163779, 40.560317 ], [ -74.160968, 40.56146 ], [ -74.159542, 40.558214 ], [ -74.157672, 40.554058 ], [ -74.15583, 40.554272 ], [ -74.152072, 40.555217 ], [ -74.15122, 40.553312 ], [ -74.150637, 40.55195 ], [ -74.150503, 40.551635 ], [ -74.150106, 40.550818 ], [ -74.148992, 40.551593 ], [ -74.145293, 40.551563 ], [ -74.144604, 40.551766 ], [ -74.14233, 40.553095 ], [ -74.140478, 40.554176 ], [ -74.140428, 40.55436 ], [ -74.139515, 40.556303 ], [ -74.138851, 40.556951 ], [ -74.138036, 40.557691 ], [ -74.135749, 40.55885 ], [ -74.134808, 40.560799 ], [ -74.1317, 40.564536 ], [ -74.130471, 40.564972 ], [ -74.12942, 40.565721 ], [ -74.127144, 40.567579 ], [ -74.124899, 40.568949 ], [ -74.123427, 40.569908 ], [ -74.122169, 40.57094 ], [ -74.121286, 40.572107 ], [ -74.1217, 40.573833 ], [ -74.12177, 40.575054 ], [ -74.119786, 40.575815 ], [ -74.116316, 40.573951 ], [ -74.109762, 40.570468 ], [ -74.106991, 40.57322 ], [ -74.10369, 40.576505 ], [ -74.10167, 40.578623 ], [ -74.100391, 40.579689 ], [ -74.09844, 40.581242 ], [ -74.096169, 40.583044 ], [ -74.094711, 40.584203 ], [ -74.092616, 40.58594 ], [ -74.097584, 40.588488 ], [ -74.098939, 40.589181 ], [ -74.100883, 40.590179 ], [ -74.100905, 40.59102 ], [ -74.100976, 40.591832 ], [ -74.100817, 40.592668 ], [ -74.100415, 40.593343 ], [ -74.097221, 40.595365 ], [ -74.093766, 40.59355 ], [ -74.093026, 40.593167 ], [ -74.088365, 40.590752 ], [ -74.087847, 40.59136 ], [ -74.087389, 40.59219 ], [ -74.085875, 40.59589 ], [ -74.084965, 40.59733 ], [ -74.082288, 40.598402 ], [ -74.081203, 40.600446 ], [ -74.082188, 40.601941 ], [ -74.077328, 40.60133 ], [ -74.076448, 40.601005 ], [ -74.077772, 40.604223 ], [ -74.077902, 40.605593 ], [ -74.077867, 40.606066 ], [ -74.081644, 40.606178 ], [ -74.080695, 40.607389 ], [ -74.081395, 40.607801 ], [ -74.080189, 40.609189 ], [ -74.083194, 40.610528 ], [ -74.082976, 40.611461 ], [ -74.083578, 40.611625 ], [ -74.085262, 40.61208 ], [ -74.087487, 40.612932 ], [ -74.08721, 40.613307 ], [ -74.087833, 40.615318 ], [ -74.087414, 40.61593 ], [ -74.093684, 40.61814 ], [ -74.094071, 40.617704 ], [ -74.094303, 40.616655 ], [ -74.097147, 40.615285 ], [ -74.097702, 40.618809 ], [ -74.099685, 40.619653 ], [ -74.101898, 40.617453 ], [ -74.103511, 40.616414 ], [ -74.106187, 40.615254 ], [ -74.107949, 40.614856 ], [ -74.113375, 40.613805 ], [ -74.116842, 40.613525 ], [ -74.122557, 40.613076 ], [ -74.128382, 40.612642 ], [ -74.130719, 40.612558 ] ] ] } },
{ "type": "Feature", "properties": { "NTAName": "Jackson Heights", "total_pop": 116267.0, "chinese_pop": 7975.0, "chinese_pct": 6.8592119862041683 }, "geometry": { "type": "Polygon", "coordinates": [ [ [ -73.907794, 40.760518 ], [ -73.906315, 40.759844 ], [ -73.904561, 40.759485 ], [ -73.904847, 40.757255 ], [ -73.905575, 40.757178 ], [ -73.905294, 40.755628 ], [ -73.905154, 40.754858 ], [ -73.904917, 40.753505 ], [ -73.903923, 40.753611 ], [ -73.902472, 40.753763 ], [ -73.902158, 40.751932 ], [ -73.900871, 40.752062 ], [ -73.901063, 40.750783 ], [ -73.898391, 40.749643 ], [ -73.897577, 40.7493 ], [ -73.896359, 40.74877 ], [ -73.895659, 40.748473 ], [ -73.894447, 40.746535 ], [ -73.893445, 40.744958 ], [ -73.892179, 40.742873 ], [ -73.890716, 40.743128 ], [ -73.89111, 40.745203 ], [ -73.891431, 40.746845 ], [ -73.890501, 40.746942 ], [ -73.889571, 40.747039 ], [ -73.888678, 40.747134 ], [ -73.887783, 40.747229 ], [ -73.887647, 40.747245 ], [ -73.885787, 40.74744 ], [ -73.884855, 40.747535 ], [ -73.883936, 40.74763 ], [ -73.882999, 40.747734 ], [ -73.882569, 40.747778 ], [ -73.882071, 40.74783 ], [ -73.881304, 40.747909 ], [ -73.881137, 40.747927 ], [ -73.879278, 40.748124 ], [ -73.878406, 40.748216 ], [ -73.877416, 40.748319 ], [ -73.87648, 40.748416 ], [ -73.876252, 40.748439 ], [ -73.873701, 40.748717 ], [ -73.873303, 40.748758 ], [ -73.872774, 40.748813 ], [ -73.872373, 40.748852 ], [ -73.871356, 40.748957 ], [ -73.869425, 40.749157 ], [ -73.868458, 40.749264 ], [ -73.869947, 40.751794 ], [ -73.870695, 40.753564 ], [ -73.870995, 40.755208 ], [ -73.871324, 40.757036 ], [ -73.872219, 40.756943 ], [ -73.872552, 40.758792 ], [ -73.872884, 40.760615 ], [ -73.873252, 40.762657 ], [ -73.875313, 40.763008 ], [ -73.875535, 40.764231 ], [ -73.875865, 40.766052 ], [ -73.876388, 40.769 ], [ -73.876119, 40.771629 ], [ -73.872596, 40.771831 ], [ -73.869569, 40.771087 ], [ -73.868002, 40.770255 ], [ -73.865983, 40.76886 ], [ -73.863123, 40.766302 ], [ -73.860937, 40.763729 ], [ -73.860433, 40.763869 ], [ -73.854982, 40.767448 ], [ -73.853702, 40.76948 ], [ -73.852642, 40.77208 ], [ -73.852897, 40.775457 ], [ -73.860505, 40.778984 ], [ -73.86542, 40.78497 ], [ -73.871631, 40.786798 ], [ -73.873088, 40.785855 ], [ -73.876973, 40.785778 ], [ -73.878307, 40.785357 ], [ -73.885303, 40.786685 ], [ -73.889428, 40.78057 ], [ -73.8919, 40.776755 ], [ -73.892523, 40.777405 ], [ -73.894232, 40.778154 ], [ -73.896565, 40.776247 ], [ -73.893407, 40.774028 ], [ -73.89289, 40.773808 ], [ -73.895008, 40.772078 ], [ -73.89522, 40.771904 ], [ -73.899616, 40.768304 ], [ -73.900659, 40.767211 ], [ -73.902025, 40.767417 ], [ -73.902877, 40.766608 ], [ -73.903512, 40.76585 ], [ -73.904512, 40.764589 ], [ -73.905245, 40.763687 ], [ -73.90651, 40.762109 ], [ -73.907794, 40.760518 ] ] ] } },
{ "type": "Feature", "properties": { "NTAName": "Tompkinsville-Stapleton-Clifton-Fox Hills", "total_pop": 46424.0, "chinese_pop": 3183.0, "chinese_pct": 6.8563673961743925 }, "geometry": { "type": "Polygon", "coordinates": [ [ [ -74.067741922666997, 40.625053012461798 ], [ -74.068168165998998, 40.628571446359899 ], [ -74.068198070458706, 40.628818293305898 ], [ -74.069314700050299, 40.638035534050303 ], [ -74.0697, 40.641216 ], [ -74.070403740214914, 40.641999514129999 ], [ -74.0714969563533, 40.643216654025302 ], [ -74.073565767298305, 40.645519979276997 ], [ -74.073708, 40.64513 ], [ -74.074681, 40.644578 ], [ -74.079206, 40.643431 ], [ -74.078198, 40.642115 ], [ -74.078846, 40.641995 ], [ -74.081473, 40.641512 ], [ -74.081101, 40.639922 ], [ -74.081927, 40.639871 ], [ -74.082282, 40.640601 ], [ -74.087206, 40.639896 ], [ -74.087542, 40.638449 ], [ -74.087279, 40.637812 ], [ -74.085879, 40.636692 ], [ -74.088706, 40.636845 ], [ -74.090907, 40.635485 ], [ -74.092449, 40.635619 ], [ -74.095885, 40.635643 ], [ -74.097267, 40.633998 ], [ -74.097155, 40.631898 ], [ -74.095921, 40.631723 ], [ -74.092966, 40.631184 ], [ -74.090416, 40.630675 ], [ -74.088904, 40.630292 ], [ -74.091581, 40.626546 ], [ -74.088719, 40.625899 ], [ -74.088545, 40.622619 ], [ -74.088675, 40.621031 ], [ -74.090224, 40.619409 ], [ -74.093218, 40.618773 ], [ -74.094071, 40.617704 ], [ -74.094303, 40.616655 ], [ -74.097147, 40.615285 ], [ -74.097702, 40.618809 ], [ -74.099685, 40.619653 ], [ -74.101898, 40.617453 ], [ -74.103511, 40.616414 ], [ -74.102094, 40.6146 ], [ -74.099351, 40.612419 ], [ -74.098515, 40.611387 ], [ -74.098103, 40.610962 ], [ -74.097658, 40.610503 ], [ -74.094473, 40.610329 ], [ -74.090568, 40.609002 ], [ -74.089588, 40.609848 ], [ -74.088997, 40.610664 ], [ -74.087487, 40.612932 ], [ -74.085262, 40.61208 ], [ -74.083578, 40.611625 ], [ -74.082976, 40.611461 ], [ -74.083194, 40.610528 ], [ -74.080189, 40.609189 ], [ -74.081395, 40.607801 ], [ -74.080695, 40.607389 ], [ -74.076204, 40.614419 ], [ -74.074547, 40.616943 ], [ -74.072458, 40.614078 ], [ -74.070677, 40.611776 ], [ -74.07119, 40.611517 ], [ -74.068464, 40.608469 ], [ -74.065822, 40.605422 ], [ -74.065163, 40.604201 ], [ -74.06043, 40.606354 ], [ -74.058011, 40.607369 ], [ -74.056887905417, 40.608014722434199 ], [ -74.060345, 40.611999 ], [ -74.062251270586501, 40.615117682859399 ], [ -74.062700985079601, 40.615853421474604 ], [ -74.063144755188304, 40.616579435001292 ], [ -74.067598, 40.623865 ], [ -74.067741922666997, 40.625053012461798 ] ] ] } },
{ "type": "Feature", "properties": { "NTAName": "Morningside Heights", "total_pop": 67191.0, "chinese_pop": 4600.0, "chinese_pct": 6.8461549909958173 }, "geometry": { "type": "Polygon", "coordinates": [ [ [ -73.952101, 40.811442 ], [ -73.950927, 40.812575 ], [ -73.95177, 40.81294 ], [ -73.95086, 40.814187 ], [ -73.952974, 40.81507 ], [ -73.952868, 40.815846 ], [ -73.951768, 40.81791 ], [ -73.95088, 40.818395 ], [ -73.9522, 40.81895 ], [ -73.952721, 40.818236 ], [ -73.955451, 40.819377 ], [ -73.956023, 40.818802 ], [ -73.958874, 40.820006 ], [ -73.959422, 40.820234 ], [ -73.960007, 40.820422 ], [ -73.965985090312202, 40.8233532326662 ], [ -73.967964031224994, 40.820849266613308 ], [ -73.968082, 40.8207 ], [ -73.971250004954697, 40.81634021455541 ], [ -73.975170847045803, 40.810944380103308 ], [ -73.977250659480305, 40.808082157313493 ], [ -73.9789376576, 40.805760522735092 ], [ -73.972899, 40.803383 ], [ -73.970047, 40.802265 ], [ -73.968584, 40.801636 ], [ -73.967878, 40.801354 ], [ -73.965711, 40.800437 ], [ -73.965215, 40.801111 ], [ -73.96476, 40.801741 ], [ -73.963861, 40.802972 ], [ -73.961077, 40.8018 ], [ -73.959647, 40.801156 ], [ -73.958195, 40.800553 ], [ -73.957993, 40.800827 ], [ -73.957696, 40.801232 ], [ -73.957238, 40.801858 ], [ -73.956321, 40.803115 ], [ -73.957782, 40.803728 ], [ -73.958204, 40.803894 ], [ -73.958182, 40.805597 ], [ -73.957266, 40.806916 ], [ -73.955869, 40.806336 ], [ -73.954416, 40.805725 ], [ -73.9535, 40.806981 ], [ -73.952917, 40.80778 ], [ -73.952585, 40.808238 ], [ -73.95068, 40.810843 ], [ -73.952101, 40.811442 ] ] ] } },
{ "type": "Feature", "properties": { "NTAName": "Sunnyside", "total_pop": 57890.0, "chinese_pop": 3944.0, "chinese_pct": 6.8129210571774053 }, "geometry": { "type": "Polygon", "coordinates": [ [ [ -73.929058, 40.727688 ], [ -73.927801, 40.726494 ], [ -73.927171, 40.725233 ], [ -73.92418, 40.72002 ], [ -73.924278, 40.718536 ], [ -73.923127, 40.717024 ], [ -73.922711, 40.716478 ], [ -73.921538, 40.716795 ], [ -73.915167, 40.718555 ], [ -73.912321, 40.719348 ], [ -73.911321, 40.719624 ], [ -73.912984, 40.721601 ], [ -73.913845, 40.722898 ], [ -73.912563, 40.723239 ], [ -73.911345, 40.724182 ], [ -73.90741, 40.727209 ], [ -73.90707, 40.727466 ], [ -73.905684, 40.72855 ], [ -73.905181, 40.728957 ], [ -73.902597, 40.732104 ], [ -73.90108, 40.733908 ], [ -73.901943, 40.73434 ], [ -73.90517, 40.73586 ], [ -73.906632, 40.732796 ], [ -73.910689, 40.733471 ], [ -73.909285, 40.736334 ], [ -73.908555, 40.73793 ], [ -73.908323, 40.738631 ], [ -73.907556, 40.741659 ], [ -73.907159, 40.743218 ], [ -73.906613, 40.745393 ], [ -73.906419, 40.745635 ], [ -73.908117, 40.746186 ], [ -73.906242, 40.748128 ], [ -73.90611, 40.750624 ], [ -73.904917, 40.753505 ], [ -73.905864, 40.753404 ], [ -73.910231, 40.752977 ], [ -73.910451, 40.752961 ], [ -73.909847, 40.751637 ], [ -73.913143, 40.750967 ], [ -73.915256, 40.750846 ], [ -73.920215, 40.749804 ], [ -73.921001, 40.750854 ], [ -73.924689, 40.751727 ], [ -73.931637, 40.751367 ], [ -73.935387, 40.749412 ], [ -73.936835, 40.748395 ], [ -73.939965, 40.745745 ], [ -73.943007, 40.744602 ], [ -73.944196, 40.742882 ], [ -73.946421, 40.741982 ], [ -73.94923, 40.742523 ], [ -73.949928, 40.740443 ], [ -73.954584, 40.741345 ], [ -73.955087, 40.7394 ], [ -73.952669, 40.739258 ], [ -73.947064, 40.737516 ], [ -73.942163, 40.735678 ], [ -73.940368, 40.733269 ], [ -73.941859, 40.7328 ], [ -73.942795, 40.732657 ], [ -73.941992, 40.72775 ], [ -73.941043, 40.727841 ], [ -73.940115, 40.727929 ], [ -73.938189, 40.7281 ], [ -73.934123, 40.726855 ], [ -73.932369, 40.728066 ], [ -73.931825, 40.728482 ], [ -73.929058, 40.727688 ] ] ] } },
{ "type": "Feature", "properties": { "NTAName": "Chelsea-Hudson Yards", "total_pop": 80474.0, "chinese_pop": 5444.0, "chinese_pct": 6.7649178616696073 }, "geometry": { "type": "Polygon", "coordinates": [ [ [ -73.995018, 40.73986 ], [ -73.994165, 40.741031 ], [ -73.993739, 40.741617 ], [ -73.993292, 40.742233 ], [ -73.992318, 40.743568 ], [ -73.991419, 40.744802 ], [ -73.990518, 40.746038 ], [ -73.989617, 40.747277 ], [ -73.992463, 40.748469 ], [ -73.995299, 40.749671 ], [ -73.994844, 40.750293 ], [ -73.993948, 40.751522 ], [ -73.993464, 40.75219 ], [ -73.992528, 40.753474 ], [ -73.992079, 40.754091 ], [ -73.991633, 40.754707 ], [ -73.991177, 40.75533 ], [ -73.990726, 40.755951 ], [ -73.989791, 40.757234 ], [ -73.992633, 40.75843 ], [ -73.994878, 40.759376 ], [ -73.995474, 40.759627 ], [ -73.994983, 40.7603 ], [ -73.994526, 40.760927 ], [ -73.99407, 40.761552 ], [ -73.993609, 40.762184 ], [ -73.996457, 40.763376 ], [ -73.998489, 40.764242 ], [ -73.9989, 40.764594 ], [ -74.00206, 40.765912 ], [ -74.00658318016562, 40.767748131554704 ], [ -74.008603460180197, 40.764981336017897 ], [ -74.010234957836204, 40.762746982165702 ], [ -74.014029, 40.757551 ], [ -74.014246861069495, 40.756655747008203 ], [ -74.015013336488707, 40.753506081885 ], [ -74.016013512363401, 40.749396075236 ], [ -74.017282858539019, 40.744179971394701 ], [ -74.018137761896099, 40.740666930767702 ], [ -74.019184377091207, 40.736366091765703 ], [ -74.010659, 40.736022 ], [ -74.00993, 40.736004 ], [ -74.008322, 40.736188 ], [ -74.006621, 40.736432 ], [ -74.005829, 40.736534 ], [ -74.005774, 40.737169 ], [ -74.005158, 40.740858 ], [ -74.002523, 40.739753 ], [ -73.999684, 40.738552 ], [ -73.99684, 40.737361 ], [ -73.996337, 40.738044 ], [ -73.995874, 40.738686 ], [ -73.995446, 40.739272 ], [ -73.995018, 40.73986 ] ] ] } },
{ "type": "Feature", "properties": { "NTAName": "Sunnyside Yards (North)", "total_pop": 17553.0, "chinese_pop": 1140.0, "chinese_pct": 6.4946163049051444 }, "geometry": { "type": "Polygon", "coordinates": [ [ [ -73.944018, 40.75235 ], [ -73.940513, 40.750856 ], [ -73.937875, 40.749804 ], [ -73.936835, 40.748395 ], [ -73.939965, 40.745745 ], [ -73.943007, 40.744602 ], [ -73.944196, 40.742882 ], [ -73.937697, 40.745239 ], [ -73.930291, 40.746897 ], [ -73.926771, 40.747592 ], [ -73.926353, 40.747551 ], [ -73.925467, 40.747432 ], [ -73.92451, 40.747321 ], [ -73.923581, 40.747214 ], [ -73.922653, 40.747107 ], [ -73.921724, 40.746999 ], [ -73.920798, 40.746891 ], [ -73.920342, 40.749159 ], [ -73.918676, 40.749488 ], [ -73.914462, 40.750215 ], [ -73.909711, 40.749755 ], [ -73.910159, 40.748502 ], [ -73.909919, 40.747764 ], [ -73.908117, 40.746186 ], [ -73.906242, 40.748128 ], [ -73.90611, 40.750624 ], [ -73.904917, 40.753505 ], [ -73.905864, 40.753404 ], [ -73.910231, 40.752977 ], [ -73.909013, 40.75428 ], [ -73.908465, 40.755292 ], [ -73.907828, 40.756999 ], [ -73.907534, 40.758045 ], [ -73.906315, 40.759844 ], [ -73.907794, 40.760518 ], [ -73.909885, 40.757946 ], [ -73.910684, 40.758319 ], [ -73.912397, 40.756236 ], [ -73.912611, 40.755971 ], [ -73.913411, 40.756348 ], [ -73.915007, 40.757098 ], [ -73.915806, 40.757473 ], [ -73.916604, 40.757848 ], [ -73.917404, 40.758224 ], [ -73.918203, 40.7586 ], [ -73.918998, 40.758974 ], [ -73.920865, 40.756678 ], [ -73.921659, 40.757051 ], [ -73.922905, 40.755506 ], [ -73.924157, 40.753961 ], [ -73.926554, 40.755086 ], [ -73.928154, 40.755836 ], [ -73.928956, 40.756213 ], [ -73.930299, 40.754548 ], [ -73.931252, 40.753375 ], [ -73.932022, 40.753787 ], [ -73.932791, 40.754195 ], [ -73.933561, 40.754604 ], [ -73.93504, 40.755391 ], [ -73.935798, 40.755796 ], [ -73.936779, 40.75475 ], [ -73.936009, 40.754341 ], [ -73.93717, 40.753079 ], [ -73.938333, 40.75182 ], [ -73.94243, 40.753998 ], [ -73.943609, 40.752766 ], [ -73.944018, 40.75235 ] ] ] } },
{ "type": "Feature", "properties": { "NTAName": "Stuyvesant Town-Peter Cooper Village", "total_pop": 51976.0, "chinese_pop": 3331.0, "chinese_pct": 6.4087271048176078 }, "geometry": { "type": "Polygon", "coordinates": [ [ [ -73.982564, 40.731361 ], [ -73.983077, 40.730659 ], [ -73.983543, 40.730021 ], [ -73.984448, 40.728781 ], [ -73.984875, 40.728194 ], [ -73.982657, 40.727261 ], [ -73.982228, 40.727846 ], [ -73.979906, 40.726866 ], [ -73.980333, 40.726281 ], [ -73.977977, 40.725288 ], [ -73.975598, 40.724283 ], [ -73.976893, 40.722498 ], [ -73.974763, 40.721596 ], [ -73.972869, 40.720725 ], [ -73.966511, 40.717917 ], [ -73.965572, 40.71895 ], [ -73.96355, 40.721571 ], [ -73.962787, 40.722562 ], [ -73.962645, 40.722747 ], [ -73.961543, 40.723876 ], [ -73.961611, 40.724951 ], [ -73.961436, 40.727298 ], [ -73.961215, 40.728151 ], [ -73.961214, 40.729508 ], [ -73.96145, 40.730994 ], [ -73.961843, 40.731625 ], [ -73.962148, 40.732452 ], [ -73.962288, 40.732899 ], [ -73.962307, 40.733119 ], [ -73.962348, 40.733812 ], [ -73.962672, 40.736446 ], [ -73.962478, 40.736802 ], [ -73.96262, 40.739033 ], [ -73.971566, 40.742993 ], [ -73.97223, 40.743249 ], [ -73.973512, 40.743782 ], [ -73.974015, 40.743095 ], [ -73.974924, 40.741847 ], [ -73.975343, 40.741274 ], [ -73.9758, 40.740644 ], [ -73.976251, 40.740026 ], [ -73.977148, 40.738796 ], [ -73.977603, 40.738172 ], [ -73.978052, 40.737554 ], [ -73.980418, 40.73855 ], [ -73.982665, 40.739497 ], [ -73.983147, 40.738832 ], [ -73.983632, 40.738165 ], [ -73.984082, 40.737546 ], [ -73.984508, 40.736962 ], [ -73.984934, 40.736376 ], [ -73.982695, 40.735431 ], [ -73.980275, 40.73441 ], [ -73.980711, 40.733813 ], [ -73.981127, 40.733242 ], [ -73.981562, 40.732643 ], [ -73.982564, 40.731361 ] ] ] } },
{ "type": "Feature", "properties": { "NTAName": "East Williamsburg", "total_pop": 94079.0, "chinese_pop": 5870.0, "chinese_pct": 6.2394370688463949 }, "geometry": { "type": "Polygon", "coordinates": [ [ [ -73.931825, 40.728482 ], [ -73.937525, 40.729815 ], [ -73.93966, 40.731487 ], [ -73.940368, 40.733269 ], [ -73.941859, 40.7328 ], [ -73.942795, 40.732657 ], [ -73.941992, 40.72775 ], [ -73.941043, 40.727841 ], [ -73.940738, 40.725973 ], [ -73.941687, 40.725882 ], [ -73.942636, 40.725793 ], [ -73.943569, 40.725708 ], [ -73.94543, 40.725518 ], [ -73.945015, 40.723004 ], [ -73.946275, 40.722863 ], [ -73.949078, 40.72254 ], [ -73.950646, 40.721705 ], [ -73.95271, 40.720451 ], [ -73.953469, 40.719798 ], [ -73.955251, 40.71814 ], [ -73.955844, 40.717589 ], [ -73.956439, 40.717032 ], [ -73.958223, 40.715374 ], [ -73.958811, 40.714824 ], [ -73.959797, 40.713887 ], [ -73.958342, 40.713306 ], [ -73.95681, 40.712756 ], [ -73.955476, 40.712266 ], [ -73.956624, 40.710384 ], [ -73.957488, 40.70908 ], [ -73.957904, 40.708427 ], [ -73.957362, 40.708235 ], [ -73.95627, 40.70785 ], [ -73.954017, 40.70708 ], [ -73.953378, 40.706857 ], [ -73.95191, 40.70636 ], [ -73.951086, 40.705913 ], [ -73.950237, 40.705473 ], [ -73.949836, 40.705229 ], [ -73.949254, 40.704896 ], [ -73.947853, 40.704111 ], [ -73.947052, 40.703664 ], [ -73.945855, 40.702987 ], [ -73.94545, 40.70276 ], [ -73.944005, 40.701962 ], [ -73.942201, 40.700891 ], [ -73.941931, 40.700725 ], [ -73.941149, 40.700281 ], [ -73.938902, 40.699037 ], [ -73.938568, 40.698848 ], [ -73.938177, 40.698641 ], [ -73.93676, 40.697831 ], [ -73.935222, 40.696986 ], [ -73.932267, 40.697315 ], [ -73.929316, 40.69764 ], [ -73.929964, 40.69825 ], [ -73.930521, 40.698772 ], [ -73.93235, 40.699814 ], [ -73.933951, 40.702674 ], [ -73.933523, 40.702849 ], [ -73.932698, 40.703171 ], [ -73.931155, 40.703773 ], [ -73.928738, 40.704717 ], [ -73.926089, 40.70568 ], [ -73.924169, 40.707394 ], [ -73.921892, 40.709396 ], [ -73.91996, 40.708257 ], [ -73.919222, 40.707815 ], [ -73.917737, 40.706943 ], [ -73.916253, 40.706066 ], [ -73.915513, 40.705626 ], [ -73.913435, 40.70766 ], [ -73.912291, 40.708782 ], [ -73.915264, 40.710529 ], [ -73.916748, 40.711402 ], [ -73.91467, 40.713437 ], [ -73.915663, 40.713469 ], [ -73.913492, 40.714891 ], [ -73.915167, 40.718555 ], [ -73.921538, 40.716795 ], [ -73.922711, 40.716478 ], [ -73.923127, 40.717024 ], [ -73.924278, 40.718536 ], [ -73.92418, 40.72002 ], [ -73.927171, 40.725233 ], [ -73.927801, 40.726494 ], [ -73.929058, 40.727688 ], [ -73.931825, 40.728482 ] ] ] } },
{ "type": "Feature", "properties": { "NTAName": "East Midtown-Turtle Bay", "total_pop": 57971.0, "chinese_pop": 3605.0, "chinese_pct": 6.2186265546566384 }, "geometry": { "type": "Polygon", "coordinates": [ [ [ -73.974457, 40.762293 ], [ -73.974915, 40.761667 ], [ -73.975831, 40.760418 ], [ -73.977655, 40.757912 ], [ -73.978565, 40.756655 ], [ -73.979024, 40.756032 ], [ -73.980888, 40.753481 ], [ -73.979287, 40.752801 ], [ -73.97837, 40.752416 ], [ -73.977677, 40.752119 ], [ -73.976048, 40.751441 ], [ -73.974449, 40.750766 ], [ -73.973959, 40.751441 ], [ -73.973503, 40.752065 ], [ -73.971263, 40.751122 ], [ -73.968908, 40.750112 ], [ -73.96932, 40.749517 ], [ -73.969987, 40.748869 ], [ -73.967977, 40.748005 ], [ -73.967697, 40.747866 ], [ -73.960211, 40.744511 ], [ -73.959725, 40.745261 ], [ -73.958216, 40.747212 ], [ -73.957732, 40.747775 ], [ -73.961491, 40.749494 ], [ -73.96156, 40.749458 ], [ -73.958614, 40.753848 ], [ -73.955527, 40.757243 ], [ -73.953843, 40.759355 ], [ -73.956313, 40.760477 ], [ -73.956705, 40.760681 ], [ -73.957888, 40.761175 ], [ -73.957441, 40.761789 ], [ -73.959695, 40.76274 ], [ -73.962064, 40.763735 ], [ -73.964299, 40.764683 ], [ -73.964755, 40.764058 ], [ -73.966359, 40.764732 ], [ -73.967974, 40.765413 ], [ -73.969585, 40.766091 ], [ -73.971189, 40.766767 ], [ -73.973015, 40.764279 ], [ -73.974457, 40.762293 ] ] ] } },
{ "type": "Feature", "properties": { "NTAName": "East Harlem (South)", "total_pop": 100162.0, "chinese_pop": 6184.0, "chinese_pct": 6.1739981230406737 }, "geometry": { "type": "Polygon", "coordinates": [ [ [ -73.941825, 40.80124 ], [ -73.943436, 40.801919 ], [ -73.945052, 40.802599 ], [ -73.945968, 40.801342 ], [ -73.946974, 40.799961 ], [ -73.948625, 40.800666 ], [ -73.950186, 40.801332 ], [ -73.951094, 40.800091 ], [ -73.951529, 40.799459 ], [ -73.952483, 40.798253 ], [ -73.955289, 40.799435 ], [ -73.957798, 40.800479 ], [ -73.958195, 40.800553 ], [ -73.958354, 40.800337 ], [ -73.959077, 40.799352 ], [ -73.960037, 40.798038 ], [ -73.96144, 40.796111 ], [ -73.962834, 40.794203 ], [ -73.963804, 40.792881 ], [ -73.964176, 40.792362 ], [ -73.964685, 40.791664 ], [ -73.965177, 40.790991 ], [ -73.965632, 40.790365 ], [ -73.966094, 40.789734 ], [ -73.966552, 40.789108 ], [ -73.96745, 40.787861 ], [ -73.967927, 40.787222 ], [ -73.968385, 40.786596 ], [ -73.968844, 40.785967 ], [ -73.969335, 40.785294 ], [ -73.969832, 40.784611 ], [ -73.970301, 40.783975 ], [ -73.97076, 40.78334 ], [ -73.971223, 40.782706 ], [ -73.971724, 40.782021 ], [ -73.973571, 40.779478 ], [ -73.974067, 40.778805 ], [ -73.974532, 40.778168 ], [ -73.974997, 40.777533 ], [ -73.975461, 40.776899 ], [ -73.975955, 40.77622 ], [ -73.976458, 40.775533 ], [ -73.976912, 40.774909 ], [ -73.97737, 40.774281 ], [ -73.977827, 40.773656 ], [ -73.978728, 40.772417 ], [ -73.979193, 40.771782 ], [ -73.979652, 40.771156 ], [ -73.980112, 40.770529 ], [ -73.980564, 40.769905 ], [ -73.981023, 40.769272 ], [ -73.981431, 40.767874 ], [ -73.979076, 40.766876 ], [ -73.976234, 40.765675 ], [ -73.973015, 40.764279 ], [ -73.971189, 40.766767 ], [ -73.969365, 40.769271 ], [ -73.967994, 40.771147 ], [ -73.967039, 40.772461 ], [ -73.966074, 40.773773 ], [ -73.964687, 40.775677 ], [ -73.963729, 40.776994 ], [ -73.96323, 40.777677 ], [ -73.962303, 40.778947 ], [ -73.961361, 40.780241 ], [ -73.960416, 40.781532 ], [ -73.959469, 40.782833 ], [ -73.958096, 40.784718 ], [ -73.957636, 40.785344 ], [ -73.956718, 40.786601 ], [ -73.955778, 40.787914 ], [ -73.954163, 40.787227 ], [ -73.952551, 40.786549 ], [ -73.950927, 40.785866 ], [ -73.950174, 40.785549 ], [ -73.949332, 40.785194 ], [ -73.948925, 40.785021 ], [ -73.947069, 40.784236 ], [ -73.944723, 40.783247 ], [ -73.945213, 40.782571 ], [ -73.94567, 40.781947 ], [ -73.946131, 40.781316 ], [ -73.946591, 40.780692 ], [ -73.947049, 40.780064 ], [ -73.947508, 40.779438 ], [ -73.947968, 40.778807 ], [ -73.945711, 40.77786 ], [ -73.943379, 40.776868 ], [ -73.942685, 40.777498 ], [ -73.942235, 40.777567 ], [ -73.941937, 40.776031 ], [ -73.944337, 40.773108 ], [ -73.94019, 40.772955 ], [ -73.940145, 40.772951 ], [ -73.937466, 40.772504 ], [ -73.937858, 40.774088 ], [ -73.937655, 40.775086 ], [ -73.93638, 40.776921 ], [ -73.935855, 40.777212 ], [ -73.934412, 40.778093 ], [ -73.931847, 40.777892 ], [ -73.929881, 40.776222 ], [ -73.928277, 40.776899 ], [ -73.926318, 40.778242 ], [ -73.925745, 40.778405 ], [ -73.927708, 40.780964 ], [ -73.930619, 40.782246 ], [ -73.935433, 40.783249 ], [ -73.936239, 40.785687 ], [ -73.931788, 40.790173 ], [ -73.930162, 40.791306 ], [ -73.92651, 40.790868 ], [ -73.928373, 40.792845 ], [ -73.927257, 40.794876 ], [ -73.929256, 40.795867 ], [ -73.929777, 40.796156 ], [ -73.931743, 40.796988 ], [ -73.933991, 40.797932 ], [ -73.934456, 40.79731 ], [ -73.934913, 40.79668 ], [ -73.935912, 40.795312 ], [ -73.938285, 40.796301 ], [ -73.940519, 40.797261 ], [ -73.939522, 40.798625 ], [ -73.939062, 40.799253 ], [ -73.938603, 40.799883 ], [ -73.940207, 40.800557 ], [ -73.941825, 40.80124 ] ] ] } },
{ "type": "Feature", "properties": { "NTAName": "Astoria (East)-Woodside (North)", "total_pop": 72792.0, "chinese_pop": 4414.0, "chinese_pct": 6.0638531706780965 }, "geometry": { "type": "Polygon", "coordinates": [ [ [ -73.928501, 40.758129 ], [ -73.927703, 40.757753 ], [ -73.928956, 40.756213 ], [ -73.930299, 40.754548 ], [ -73.931252, 40.753375 ], [ -73.928742, 40.752042 ], [ -73.926469, 40.752069 ], [ -73.925627, 40.752137 ], [ -73.924417, 40.752404 ], [ -73.921619, 40.753028 ], [ -73.920479, 40.753285 ], [ -73.920277, 40.753338 ], [ -73.918923, 40.753636 ], [ -73.917632, 40.753858 ], [ -73.915473, 40.753792 ], [ -73.914685, 40.753667 ], [ -73.914467, 40.753661 ], [ -73.913542, 40.753469 ], [ -73.910451, 40.752961 ], [ -73.909847, 40.751637 ], [ -73.909483, 40.750561 ], [ -73.909516, 40.750442 ], [ -73.909711, 40.749755 ], [ -73.910159, 40.748502 ], [ -73.909919, 40.747764 ], [ -73.908117, 40.746186 ], [ -73.906242, 40.748128 ], [ -73.90611, 40.750624 ], [ -73.904917, 40.753505 ], [ -73.903923, 40.753611 ], [ -73.902472, 40.753763 ], [ -73.898738, 40.754154 ], [ -73.896522, 40.754389 ], [ -73.893734, 40.754681 ], [ -73.892803, 40.754778 ], [ -73.893188, 40.756898 ], [ -73.893473, 40.758451 ], [ -73.893829, 40.760435 ], [ -73.892899, 40.760533 ], [ -73.89324, 40.762354 ], [ -73.896024, 40.762062 ], [ -73.897345, 40.761977 ], [ -73.8952, 40.76423 ], [ -73.894324, 40.766146 ], [ -73.89596, 40.766431 ], [ -73.900659, 40.767211 ], [ -73.899616, 40.768304 ], [ -73.902476, 40.77032 ], [ -73.903191, 40.770825 ], [ -73.90533, 40.769038 ], [ -73.907494, 40.770572 ], [ -73.908217, 40.771085 ], [ -73.910241, 40.769427 ], [ -73.911673, 40.769645 ], [ -73.912893, 40.770521 ], [ -73.91431, 40.771523 ], [ -73.915395, 40.77229 ], [ -73.917077, 40.773475 ], [ -73.918897, 40.771985 ], [ -73.919773, 40.772315 ], [ -73.920076, 40.772067 ], [ -73.917702, 40.770392 ], [ -73.918116, 40.770029 ], [ -73.916821, 40.769792 ], [ -73.915849, 40.769634 ], [ -73.914874, 40.76947 ], [ -73.916896, 40.766982 ], [ -73.91819, 40.765394 ], [ -73.918986, 40.765771 ], [ -73.919778, 40.766152 ], [ -73.920587, 40.766521 ], [ -73.922189, 40.767267 ], [ -73.923539, 40.765604 ], [ -73.924253, 40.764725 ], [ -73.926188, 40.762351 ], [ -73.928051, 40.760048 ], [ -73.929301, 40.758504 ], [ -73.928501, 40.758129 ] ] ] } },
{ "type": "Feature", "properties": { "NTAName": "Forest Park", "total_pop": 31486.0, "chinese_pop": 1839.0, "chinese_pct": 5.8406911008067084 }, "geometry": { "type": "Polygon", "coordinates": [ [ [ -73.858331, 40.696744 ], [ -73.852664, 40.697572 ], [ -73.851838, 40.697682 ], [ -73.849478, 40.698196 ], [ -73.848941, 40.697557 ], [ -73.847733, 40.694775 ], [ -73.84644, 40.695026 ], [ -73.845397, 40.695157 ], [ -73.845857, 40.696203 ], [ -73.843722, 40.696747 ], [ -73.843847, 40.697003 ], [ -73.844685, 40.698674 ], [ -73.845025, 40.699359 ], [ -73.842938, 40.700554 ], [ -73.841564, 40.701101 ], [ -73.840284, 40.700939 ], [ -73.839762, 40.700106 ], [ -73.838921, 40.698433 ], [ -73.83805, 40.698689 ], [ -73.837167, 40.696866 ], [ -73.835641, 40.697829 ], [ -73.834844, 40.698269 ], [ -73.835922, 40.700464 ], [ -73.836546, 40.701706 ], [ -73.837424, 40.70145 ], [ -73.837751, 40.702958 ], [ -73.836619, 40.70342 ], [ -73.835483, 40.703701 ], [ -73.834602, 40.703927 ], [ -73.833917, 40.702347 ], [ -73.833021, 40.70257 ], [ -73.832132, 40.702794 ], [ -73.832825, 40.704371 ], [ -73.83259, 40.704984 ], [ -73.831764, 40.706142 ], [ -73.834982, 40.707098 ], [ -73.836185, 40.707573 ], [ -73.837147, 40.707957 ], [ -73.836747, 40.708498 ], [ -73.834051, 40.710028 ], [ -73.832626, 40.710333 ], [ -73.832041, 40.710678 ], [ -73.831372, 40.711109 ], [ -73.829314, 40.712423 ], [ -73.83038, 40.71362 ], [ -73.830082, 40.713914 ], [ -73.830982, 40.71431 ], [ -73.833634, 40.712989 ], [ -73.834234, 40.712658 ], [ -73.835014, 40.712221 ], [ -73.835977, 40.711706 ], [ -73.836115, 40.711825 ], [ -73.837037, 40.711312 ], [ -73.840692, 40.710153 ], [ -73.842555, 40.710904 ], [ -73.84476, 40.711706 ], [ -73.84912, 40.7133 ], [ -73.849525, 40.712654 ], [ -73.850334, 40.711371 ], [ -73.850916, 40.710471 ], [ -73.855745, 40.71123 ], [ -73.857298, 40.711465 ], [ -73.859759, 40.711845 ], [ -73.859632, 40.713598 ], [ -73.86501, 40.710777 ], [ -73.866618, 40.710402 ], [ -73.870165, 40.709208 ], [ -73.869891, 40.708509 ], [ -73.86911, 40.707089 ], [ -73.869015, 40.70677 ], [ -73.868608, 40.705376 ], [ -73.870665, 40.704898 ], [ -73.869819, 40.702838 ], [ -73.870733, 40.702762 ], [ -73.871648, 40.702687 ], [ -73.875431, 40.702374 ], [ -73.876398, 40.702294 ], [ -73.876228, 40.701727 ], [ -73.881054, 40.699774 ], [ -73.882697, 40.700718 ], [ -73.885842, 40.699965 ], [ -73.887713, 40.699678 ], [ -73.888189, 40.69886 ], [ -73.887921, 40.697999 ], [ -73.88688, 40.696652 ], [ -73.886488, 40.696439 ], [ -73.888286, 40.695237 ], [ -73.891957, 40.694411 ], [ -73.892452, 40.695226 ], [ -73.895426, 40.694171 ], [ -73.893981, 40.693076 ], [ -73.893263, 40.692203 ], [ -73.896955, 40.69192 ], [ -73.897366, 40.694119 ], [ -73.90003, 40.693437 ], [ -73.901291, 40.692303 ], [ -73.901241, 40.691438 ], [ -73.901805, 40.690766 ], [ -73.901162, 40.687878 ], [ -73.896518, 40.682397 ], [ -73.8942, 40.685309 ], [ -73.892523, 40.683424 ], [ -73.89014, 40.685005 ], [ -73.889607, 40.684214 ], [ -73.884517, 40.686691 ], [ -73.883777, 40.687863 ], [ -73.879616, 40.691106 ], [ -73.874021, 40.694191 ], [ -73.868917, 40.69515 ], [ -73.868717, 40.694622 ], [ -73.866814, 40.695065 ], [ -73.864557, 40.69552 ], [ -73.863312, 40.691962 ], [ -73.862443, 40.692104 ], [ -73.862148, 40.69215 ], [ -73.860896, 40.692318 ], [ -73.859097, 40.692519 ], [ -73.85732, 40.692623 ], [ -73.858047, 40.695473 ], [ -73.858331, 40.696744 ] ] ] } },
{ "type": "Feature", "properties": { "NTAName": "Upper West Side-Manhattan Valley", "total_pop": 84013.0, "chinese_pop": 4905.0, "chinese_pct": 5.8383821551426562 }, "geometry": { "type": "Polygon", "coordinates": [ [ [ -73.982577837407604, 40.800750933682203 ], [ -73.984417440418696, 40.798219285358897 ], [ -73.978316, 40.795687 ], [ -73.976233, 40.794828 ], [ -73.974162, 40.793952 ], [ -73.972739, 40.793353 ], [ -73.971316, 40.792753 ], [ -73.968793, 40.791699 ], [ -73.968466, 40.791562 ], [ -73.965632, 40.790365 ], [ -73.965177, 40.790991 ], [ -73.964685, 40.791664 ], [ -73.964176, 40.792362 ], [ -73.963804, 40.792881 ], [ -73.962834, 40.794203 ], [ -73.96144, 40.796111 ], [ -73.960037, 40.798038 ], [ -73.959077, 40.799352 ], [ -73.958354, 40.800337 ], [ -73.958195, 40.800553 ], [ -73.957993, 40.800827 ], [ -73.957696, 40.801232 ], [ -73.957238, 40.801858 ], [ -73.956321, 40.803115 ], [ -73.957782, 40.803728 ], [ -73.958204, 40.803894 ], [ -73.958182, 40.805597 ], [ -73.957266, 40.806916 ], [ -73.956344, 40.808174 ], [ -73.95543, 40.809429 ], [ -73.954966, 40.810064 ], [ -73.957808, 40.811264 ], [ -73.958272, 40.810629 ], [ -73.957245, 40.809404 ], [ -73.957617, 40.808671 ], [ -73.958407, 40.807419 ], [ -73.959826, 40.805435 ], [ -73.960074, 40.804706 ], [ -73.962008, 40.805509 ], [ -73.964848, 40.806707 ], [ -73.966979, 40.807596 ], [ -73.969222, 40.808506 ], [ -73.975170847045803, 40.810944380103308 ], [ -73.977250659480305, 40.808082157313493 ], [ -73.9789376576, 40.805760522735092 ], [ -73.980702017041693, 40.803332424066397 ], [ -73.982577837407604, 40.800750933682203 ] ] ] } },
{ "type": "Feature", "properties": { "NTAName": "Marine Park-Mill Basin-Bergen Beach", "total_pop": 72117.0, "chinese_pop": 3984.0, "chinese_pct": 5.5243562544199012 }, "geometry": { "type": "Polygon", "coordinates": [ [ [ -73.924298, 40.628386 ], [ -73.921119, 40.628586 ], [ -73.920869, 40.626251 ], [ -73.920625, 40.623979 ], [ -73.923497, 40.623802 ], [ -73.923262, 40.6216 ], [ -73.923008, 40.619193 ], [ -73.926879, 40.61895 ], [ -73.927135, 40.621358 ], [ -73.927369, 40.623562 ], [ -73.929311, 40.623441 ], [ -73.930282, 40.623381 ], [ -73.93125, 40.623321 ], [ -73.932195, 40.623269 ], [ -73.9331, 40.622694 ], [ -73.93538, 40.621216 ], [ -73.936336, 40.620611 ], [ -73.940805, 40.620125 ], [ -73.943591, 40.619816 ], [ -73.944518, 40.619714 ], [ -73.945516, 40.619606 ], [ -73.946514, 40.619494 ], [ -73.946067, 40.617104 ], [ -73.945737, 40.615363 ], [ -73.946574, 40.614789 ], [ -73.947458, 40.614199 ], [ -73.949306, 40.614031 ], [ -73.94882, 40.611477 ], [ -73.948414, 40.609333 ], [ -73.945598, 40.609643 ], [ -73.944672, 40.609743 ], [ -73.943641, 40.609859 ], [ -73.943547, 40.609346 ], [ -73.942312, 40.608269 ], [ -73.941547, 40.608768 ], [ -73.939347, 40.610187 ], [ -73.937537, 40.608557 ], [ -73.939726, 40.607133 ], [ -73.934263, 40.60223 ], [ -73.933551, 40.602687 ], [ -73.931734, 40.601062 ], [ -73.928131, 40.597778 ], [ -73.929569, 40.59682 ], [ -73.926533, 40.594104 ], [ -73.923638, 40.591497 ], [ -73.92096, 40.589095 ], [ -73.917656, 40.586139 ], [ -73.919944, 40.584646 ], [ -73.925948, 40.585007 ], [ -73.927207, 40.584802 ], [ -73.931369, 40.586071 ], [ -73.931256, 40.585432 ], [ -73.930191, 40.585086 ], [ -73.930096, 40.584502 ], [ -73.931078, 40.584388 ], [ -73.932042, 40.584234 ], [ -73.931842, 40.583076 ], [ -73.931946, 40.582022 ], [ -73.929387, 40.572613 ], [ -73.92807, 40.567786 ], [ -73.903871, 40.571619 ], [ -73.890518, 40.572705 ], [ -73.886292, 40.573505 ], [ -73.885069, 40.573749 ], [ -73.879222, 40.574656 ], [ -73.871418, 40.578535 ], [ -73.884456, 40.60944 ], [ -73.887051, 40.61632 ], [ -73.892306, 40.620556 ], [ -73.898261, 40.622989 ], [ -73.90178, 40.624816 ], [ -73.900712, 40.626329 ], [ -73.899682, 40.627369 ], [ -73.902388, 40.628599 ], [ -73.90652, 40.630458 ], [ -73.907351, 40.630831 ], [ -73.908943, 40.631617 ], [ -73.909597, 40.632205 ], [ -73.911437, 40.633857 ], [ -73.913198, 40.631934 ], [ -73.916224, 40.633606 ], [ -73.918604, 40.632096 ], [ -73.920418, 40.630904 ], [ -73.924005, 40.628567 ], [ -73.924298, 40.628386 ] ] ] } },
{ "type": "Feature", "properties": { "NTAName": "Freshkills Park (South)", "total_pop": 22555.0, "chinese_pop": 1242.0, "chinese_pct": 5.5065395699401467 }, "geometry": { "type": "MultiPolygon", "coordinates": [ [ [ [ -74.213502, 40.555668 ], [ -74.212915, 40.554261 ], [ -74.211693, 40.551132 ], [ -74.209885, 40.54643 ], [ -74.207973, 40.541671 ], [ -74.20699, 40.541747 ], [ -74.205245, 40.541968 ], [ -74.2045, 40.541962 ], [ -74.202182, 40.542382 ], [ -74.197308, 40.543262 ], [ -74.199121, 40.546709 ], [ -74.200144, 40.548801 ], [ -74.199739, 40.549214 ], [ -74.195331, 40.551195 ], [ -74.193425, 40.552235 ], [ -74.191428, 40.552801 ], [ -74.190145, 40.551601 ], [ -74.1886, 40.550687 ], [ -74.187573, 40.550147 ], [ -74.184889, 40.55355 ], [ -74.183181, 40.555201 ], [ -74.181148, 40.557241 ], [ -74.179943, 40.551877 ], [ -74.178156, 40.552113 ], [ -74.178088, 40.550857 ], [ -74.175958, 40.555115 ], [ -74.173275, 40.560094 ], [ -74.171878, 40.561566 ], [ -74.169827, 40.561078 ], [ -74.169611, 40.566443 ], [ -74.169835, 40.570879 ], [ -74.169919, 40.573974 ], [ -74.168713, 40.585284 ], [ -74.167872, 40.588523 ], [ -74.167614, 40.588927 ], [ -74.165787, 40.590708 ], [ -74.163317, 40.592508 ], [ -74.166787, 40.593853 ], [ -74.168836, 40.594721 ], [ -74.167996, 40.597922 ], [ -74.167197, 40.602076 ], [ -74.172022, 40.602702 ], [ -74.174836, 40.602324 ], [ -74.178239, 40.599811 ], [ -74.184078, 40.602661 ], [ -74.181234, 40.605321 ], [ -74.175625, 40.612218 ], [ -74.169187, 40.620547 ], [ -74.168725, 40.621209 ], [ -74.174108, 40.62226 ], [ -74.175226, 40.622868 ], [ -74.178845, 40.626106 ], [ -74.18642, 40.630294 ], [ -74.1964546854975, 40.635386236286699 ], [ -74.198847308337704, 40.633102116110102 ], [ -74.20058, 40.631448 ], [ -74.201495790244493, 40.622571821989602 ], [ -74.201812, 40.619507 ], [ -74.200994, 40.616906 ], [ -74.200523505646402, 40.616835204912498 ], [ -74.196096, 40.616169 ], [ -74.195407, 40.601806 ], [ -74.19682, 40.597037 ], [ -74.204054, 40.589336 ], [ -74.2043390375147, 40.588149880185405 ], [ -74.204944586023103, 40.585630025613597 ], [ -74.206323347433596, 40.579892618626097 ], [ -74.206413122211501, 40.579519040983094 ], [ -74.2074652824152, 40.5751407118114 ], [ -74.208703704504401, 40.569987295495608 ], [ -74.210887, 40.560902 ], [ -74.211221167830502, 40.56057871586809 ], [ -74.213171900843804, 40.558691517366903 ], [ -74.213752921523195, 40.558129420274291 ], [ -74.215603623409706, 40.5563389949304 ], [ -74.213502, 40.555668 ] ] ], [ [ [ -74.247647324792993, 40.543075416468902 ], [ -74.245226767323402, 40.538245854552599 ], [ -74.2441961785606, 40.536189595900197 ], [ -74.241732, 40.531273 ], [ -74.241846579993094, 40.530245150061901 ], [ -74.242427680318798, 40.525032338316898 ], [ -74.239267, 40.52518 ], [ -74.23946, 40.521279 ], [ -74.231981, 40.520888 ], [ -74.229859, 40.520017 ], [ -74.229482, 40.519084 ], [ -74.228233, 40.519195 ], [ -74.22691, 40.519172 ], [ -74.225574, 40.518522 ], [ -74.223735, 40.518203 ], [ -74.225058, 40.520435 ], [ -74.224496, 40.523253 ], [ -74.223617, 40.526292 ], [ -74.224137, 40.532292 ], [ -74.22453, 40.537029 ], [ -74.223469, 40.543571 ], [ -74.22065, 40.548605 ], [ -74.221315, 40.550253 ], [ -74.217772, 40.553245 ], [ -74.217207846821495, 40.554991878162497 ], [ -74.217383172566699, 40.5549926083822 ], [ -74.229002, 40.555041 ], [ -74.235335453956097, 40.5511192159247 ], [ -74.247808, 40.543396 ], [ -74.247647324792993, 40.543075416468902 ] ] ] ] } },
{ "type": "Feature", "properties": { "NTAName": "North Corona", "total_pop": 54286.0, "chinese_pop": 2983.0, "chinese_pct": 5.4949710790995834 }, "geometry": { "type": "Polygon", "coordinates": [ [ [ -73.852205, 40.752661 ], [ -73.850864, 40.749996 ], [ -73.854421, 40.748805 ], [ -73.85326, 40.746834 ], [ -73.852918, 40.746171 ], [ -73.852241, 40.744841 ], [ -73.850525, 40.741514 ], [ -73.850116, 40.740724 ], [ -73.847841, 40.739927 ], [ -73.847757, 40.739299 ], [ -73.847558, 40.739064 ], [ -73.847325, 40.738771 ], [ -73.847214, 40.738644 ], [ -73.844957, 40.733987 ], [ -73.844347, 40.732979 ], [ -73.843505, 40.731814 ], [ -73.842814, 40.731153 ], [ -73.841468, 40.729998 ], [ -73.840327, 40.728807 ], [ -73.839445, 40.727537 ], [ -73.838362, 40.725562 ], [ -73.836524, 40.722371 ], [ -73.836038, 40.72177 ], [ -73.835963, 40.721677 ], [ -73.834959, 40.719412 ], [ -73.833481, 40.718333 ], [ -73.829796, 40.715566 ], [ -73.831385, 40.714529 ], [ -73.830982, 40.71431 ], [ -73.826976, 40.715391 ], [ -73.825705, 40.716063 ], [ -73.821428, 40.716787 ], [ -73.820323, 40.71666 ], [ -73.819305, 40.717136 ], [ -73.821705, 40.71736 ], [ -73.823726, 40.717481 ], [ -73.824881, 40.717365 ], [ -73.825859, 40.720463 ], [ -73.827129, 40.724304 ], [ -73.827555, 40.724961 ], [ -73.830255, 40.726143 ], [ -73.831468, 40.727664 ], [ -73.8317, 40.728034 ], [ -73.833071, 40.729919 ], [ -73.833863, 40.730553 ], [ -73.836081, 40.734334 ], [ -73.836044, 40.739173 ], [ -73.836628, 40.739252 ], [ -73.837089, 40.741748 ], [ -73.835861, 40.743228 ], [ -73.835925, 40.743501 ], [ -73.835676, 40.744851 ], [ -73.835399, 40.74552 ], [ -73.83424, 40.747302 ], [ -73.833099, 40.747994 ], [ -73.832181, 40.751506 ], [ -73.832295, 40.751942 ], [ -73.835602, 40.751395 ], [ -73.837674, 40.754114 ], [ -73.837917, 40.754541 ], [ -73.838211, 40.755253 ], [ -73.838619, 40.757045 ], [ -73.843244, 40.755337 ], [ -73.846017, 40.760805 ], [ -73.846863, 40.760416 ], [ -73.846709, 40.761345 ], [ -73.848515, 40.763822 ], [ -73.849215, 40.764209 ], [ -73.850281, 40.76606 ], [ -73.853702, 40.76948 ], [ -73.854982, 40.767448 ], [ -73.860433, 40.763869 ], [ -73.860937, 40.763729 ], [ -73.859756, 40.761836 ], [ -73.860522, 40.761426 ], [ -73.861563, 40.762648 ], [ -73.863496, 40.761558 ], [ -73.864335, 40.761143 ], [ -73.868255, 40.761806 ], [ -73.871355, 40.762332 ], [ -73.871773, 40.764625 ], [ -73.872684, 40.764532 ], [ -73.875535, 40.764231 ], [ -73.875313, 40.763008 ], [ -73.874996, 40.761264 ], [ -73.876014, 40.761444 ], [ -73.875807, 40.760308 ], [ -73.875139, 40.756634 ], [ -73.873657, 40.756804 ], [ -73.872692, 40.75503 ], [ -73.871792, 40.753326 ], [ -73.870842, 40.751545 ], [ -73.869425, 40.749157 ], [ -73.868458, 40.749264 ], [ -73.866557, 40.749464 ], [ -73.864185, 40.74972 ], [ -73.862726, 40.749868 ], [ -73.861751, 40.749968 ], [ -73.861117, 40.750024 ], [ -73.858763, 40.750717 ], [ -73.855835, 40.751577 ], [ -73.854556, 40.751962 ], [ -73.852604, 40.752542 ], [ -73.852205, 40.752661 ] ] ] } },
{ "type": "Feature", "properties": { "NTAName": "Windsor Terrace-South Slope", "total_pop": 45875.0, "chinese_pop": 2516.0, "chinese_pct": 5.4844686648501364 }, "geometry": { "type": "Polygon", "coordinates": [ [ [ -73.971397, 40.648258 ], [ -73.968793, 40.649249 ], [ -73.967028, 40.649948 ], [ -73.964654, 40.650887 ], [ -73.965242, 40.651742 ], [ -73.965751, 40.6525 ], [ -73.966213, 40.653189 ], [ -73.9619, 40.654871 ], [ -73.962814, 40.660504 ], [ -73.962884, 40.662622 ], [ -73.962429, 40.663125 ], [ -73.960956, 40.663285 ], [ -73.961258, 40.664802 ], [ -73.961806, 40.667681 ], [ -73.962194, 40.669641 ], [ -73.962622, 40.671629 ], [ -73.966297, 40.672677 ], [ -73.967486, 40.672878 ], [ -73.968924, 40.672938 ], [ -73.969247, 40.672743 ], [ -73.970039, 40.67268 ], [ -73.970409, 40.672617 ], [ -73.971325, 40.671248 ], [ -73.97282, 40.669427 ], [ -73.973323, 40.668825 ], [ -73.974331, 40.667621 ], [ -73.975337, 40.666419 ], [ -73.977717, 40.66757 ], [ -73.978212, 40.666963 ], [ -73.978715, 40.666361 ], [ -73.979224, 40.665749 ], [ -73.97972, 40.665155 ], [ -73.980222, 40.664552 ], [ -73.980724, 40.66395 ], [ -73.981225, 40.663347 ], [ -73.983586, 40.664489 ], [ -73.985948, 40.66563 ], [ -73.99073, 40.667941 ], [ -73.990226, 40.668544 ], [ -73.989723, 40.669146 ], [ -73.992024, 40.670257 ], [ -73.994384, 40.671403 ], [ -73.995392, 40.670195 ], [ -73.995895, 40.669593 ], [ -73.996426, 40.669006 ], [ -73.996033, 40.66806 ], [ -73.994845, 40.666805 ], [ -73.994912, 40.666666 ], [ -73.995795, 40.665516 ], [ -73.996393, 40.664954 ], [ -73.996958, 40.664393 ], [ -73.995098, 40.663272 ], [ -73.992838, 40.661909 ], [ -73.990635, 40.660579 ], [ -73.992383, 40.658899 ], [ -73.992964, 40.658337 ], [ -73.995169, 40.659669 ], [ -73.998671, 40.656307 ], [ -74.000413, 40.654629 ], [ -74.002144, 40.652956 ], [ -73.997818, 40.650282 ], [ -73.998276, 40.649734 ], [ -73.996088, 40.648307 ], [ -73.993985, 40.647101 ], [ -73.989059, 40.644119 ], [ -73.98835, 40.644562 ], [ -73.985284, 40.645768 ], [ -73.983073, 40.646625 ], [ -73.981805, 40.647128 ], [ -73.980291, 40.647297 ], [ -73.978191, 40.647526 ], [ -73.975176, 40.647818 ], [ -73.974827, 40.645664 ], [ -73.974657, 40.644806 ], [ -73.973101, 40.645451 ], [ -73.972086, 40.645863 ], [ -73.971744, 40.646001 ], [ -73.970841, 40.646378 ], [ -73.971211, 40.64762 ], [ -73.971397, 40.648258 ] ] ] } },
{ "type": "Feature", "properties": { "NTAName": "Williamsburg", "total_pop": 126566.0, "chinese_pop": 6878.0, "chinese_pct": 5.4343188534045472 }, "geometry": { "type": "Polygon", "coordinates": [ [ [ -73.962743, 40.707685 ], [ -73.961144, 40.707524 ], [ -73.959395, 40.707352 ], [ -73.958456, 40.707252 ], [ -73.958152, 40.708041 ], [ -73.957904, 40.708427 ], [ -73.957362, 40.708235 ], [ -73.95627, 40.70785 ], [ -73.954017, 40.70708 ], [ -73.953378, 40.706857 ], [ -73.95191, 40.70636 ], [ -73.951086, 40.705913 ], [ -73.950237, 40.705473 ], [ -73.949836, 40.705229 ], [ -73.947981, 40.705442 ], [ -73.946265, 40.705604 ], [ -73.946523, 40.707011 ], [ -73.946756, 40.708466 ], [ -73.946973, 40.709894 ], [ -73.945475, 40.71074 ], [ -73.945596, 40.711481 ], [ -73.945949, 40.713638 ], [ -73.94607, 40.714372 ], [ -73.946186, 40.715067 ], [ -73.946533, 40.717198 ], [ -73.946723, 40.718392 ], [ -73.946744, 40.718548 ], [ -73.946791, 40.718821 ], [ -73.944405, 40.72024 ], [ -73.944797, 40.721681 ], [ -73.945015, 40.723004 ], [ -73.94543, 40.725518 ], [ -73.945879, 40.727354 ], [ -73.947544, 40.726822 ], [ -73.948373, 40.726548 ], [ -73.950029, 40.725999 ], [ -73.950875, 40.725721 ], [ -73.952412, 40.728418 ], [ -73.953273, 40.728133 ], [ -73.953658, 40.728823 ], [ -73.95736, 40.728458 ], [ -73.961215, 40.728151 ], [ -73.961436, 40.727298 ], [ -73.97365, 40.73231 ], [ -73.974243, 40.732536 ], [ -73.97542, 40.733005 ], [ -73.976983, 40.73373 ], [ -73.977722, 40.734041 ], [ -73.979864, 40.734975 ], [ -73.980275, 40.73441 ], [ -73.980711, 40.733813 ], [ -73.981127, 40.733242 ], [ -73.981562, 40.732643 ], [ -73.982564, 40.731361 ], [ -73.980338, 40.730448 ], [ -73.978001, 40.729429 ], [ -73.975696, 40.728475 ], [ -73.973298, 40.727428 ], [ -73.974269, 40.726109 ], [ -73.975164, 40.724877 ], [ -73.975598, 40.724283 ], [ -73.976893, 40.722498 ], [ -73.977683, 40.72142 ], [ -73.978231, 40.720674 ], [ -73.978753, 40.719934 ], [ -73.979416, 40.718666 ], [ -73.979992, 40.71754 ], [ -73.980577, 40.716455 ], [ -73.978909, 40.715951 ], [ -73.97902, 40.715748 ], [ -73.979962, 40.713973 ], [ -73.97929, 40.713762 ], [ -73.977245, 40.713153 ], [ -73.975933, 40.712907 ], [ -73.972789, 40.709378 ], [ -73.975476, 40.707492 ], [ -73.979233, 40.705769 ], [ -73.979171, 40.705301 ], [ -73.980729, 40.701268 ], [ -73.980462, 40.699703 ], [ -73.980544, 40.698246 ], [ -73.977531, 40.698116 ], [ -73.976787, 40.698087 ], [ -73.975783, 40.698047 ], [ -73.973775, 40.697959 ], [ -73.971784, 40.697882 ], [ -73.969728, 40.697804 ], [ -73.967727, 40.697717 ], [ -73.965774, 40.697636 ], [ -73.963904, 40.697867 ], [ -73.962839, 40.698039 ], [ -73.962179, 40.700221 ], [ -73.965204, 40.702623 ], [ -73.964426, 40.703122 ], [ -73.961854, 40.704786 ], [ -73.962485, 40.705352 ], [ -73.963098, 40.7059 ], [ -73.963745, 40.706479 ], [ -73.964393, 40.707056 ], [ -73.964849, 40.707454 ], [ -73.964421, 40.707534 ], [ -73.962743, 40.707685 ] ] ] } },
{ "type": "Feature", "properties": { "NTAName": "Kensington", "total_pop": 75221.0, "chinese_pop": 4010.0, "chinese_pct": 5.3309581101022321 }, "geometry": { "type": "Polygon", "coordinates": [ [ [ -73.964654, 40.650887 ], [ -73.965242, 40.651742 ], [ -73.965751, 40.6525 ], [ -73.966213, 40.653189 ], [ -73.9619, 40.654871 ], [ -73.962814, 40.660504 ], [ -73.962884, 40.662622 ], [ -73.962429, 40.663125 ], [ -73.960956, 40.663285 ], [ -73.961258, 40.664802 ], [ -73.961806, 40.667681 ], [ -73.962194, 40.669641 ], [ -73.962622, 40.671629 ], [ -73.966297, 40.672677 ], [ -73.967486, 40.672878 ], [ -73.968924, 40.672938 ], [ -73.969247, 40.672743 ], [ -73.970039, 40.67268 ], [ -73.970409, 40.672617 ], [ -73.971325, 40.671248 ], [ -73.97282, 40.669427 ], [ -73.973323, 40.668825 ], [ -73.974331, 40.667621 ], [ -73.975337, 40.666419 ], [ -73.976334, 40.665214 ], [ -73.977343, 40.664012 ], [ -73.978349, 40.662799 ], [ -73.979654, 40.661241 ], [ -73.980171, 40.661155 ], [ -73.980061, 40.660791 ], [ -73.977511, 40.659863 ], [ -73.974482, 40.658339 ], [ -73.973792, 40.656392 ], [ -73.973555, 40.655644 ], [ -73.973051, 40.653913 ], [ -73.972683, 40.652639 ], [ -73.976347, 40.65122 ], [ -73.978716, 40.650292 ], [ -73.980712, 40.649524 ], [ -73.98111, 40.651592 ], [ -73.981453, 40.653416 ], [ -73.981796, 40.655246 ], [ -73.986228, 40.657921 ], [ -73.988428, 40.65925 ], [ -73.990188, 40.657601 ], [ -73.992383, 40.658899 ], [ -73.992964, 40.658337 ], [ -73.995169, 40.659669 ], [ -73.998671, 40.656307 ], [ -74.000413, 40.654629 ], [ -74.002144, 40.652956 ], [ -73.997818, 40.650282 ], [ -73.998276, 40.649734 ], [ -73.996088, 40.648307 ], [ -73.993985, 40.647101 ], [ -73.989059, 40.644119 ], [ -73.990497, 40.643164 ], [ -73.988494, 40.641956 ], [ -73.984088, 40.639297 ], [ -73.984672, 40.638735 ], [ -73.982466, 40.637406 ], [ -73.980266, 40.636076 ], [ -73.981432, 40.634955 ], [ -73.982015, 40.634395 ], [ -73.982598, 40.633837 ], [ -73.980142, 40.632354 ], [ -73.980723, 40.631793 ], [ -73.978155, 40.630282 ], [ -73.977165, 40.630747 ], [ -73.976049, 40.631276 ], [ -73.972419, 40.632992 ], [ -73.972113, 40.631369 ], [ -73.971923, 40.630646 ], [ -73.971806, 40.629874 ], [ -73.971568, 40.629988 ], [ -73.96841, 40.631509 ], [ -73.967926, 40.631744 ], [ -73.966777, 40.632295 ], [ -73.964805, 40.633249 ], [ -73.965082, 40.634683 ], [ -73.965382, 40.636279 ], [ -73.965792, 40.638441 ], [ -73.966174, 40.640431 ], [ -73.96443, 40.641214 ], [ -73.963557, 40.64161 ], [ -73.964087, 40.644407 ], [ -73.965012, 40.644302 ], [ -73.965468, 40.64672 ], [ -73.964535, 40.646819 ], [ -73.964903, 40.648721 ], [ -73.963984, 40.649085 ], [ -73.963075, 40.64944 ], [ -73.962186, 40.649789 ], [ -73.96302, 40.651532 ], [ -73.964355, 40.651005 ], [ -73.964654, 40.650887 ] ] ] } },
{ "type": "Feature", "properties": { "NTAName": "Kew Gardens", "total_pop": 50407.0, "chinese_pop": 2680.0, "chinese_pct": 5.3167218838653367 }, "geometry": { "type": "Polygon", "coordinates": [ [ [ -73.870708, 40.697697 ], [ -73.868917, 40.69515 ], [ -73.868717, 40.694622 ], [ -73.866814, 40.695065 ], [ -73.864557, 40.69552 ], [ -73.863687, 40.695691 ], [ -73.862452, 40.695996 ], [ -73.860164, 40.696385 ], [ -73.858331, 40.696744 ], [ -73.852664, 40.697572 ], [ -73.852711, 40.698415 ], [ -73.853775, 40.69991 ], [ -73.854566, 40.700594 ], [ -73.854125, 40.700765 ], [ -73.850706, 40.700208 ], [ -73.84908, 40.698351 ], [ -73.848221, 40.698545 ], [ -73.847017, 40.698842 ], [ -73.845025, 40.699359 ], [ -73.842938, 40.700554 ], [ -73.841564, 40.701101 ], [ -73.83843, 40.703386 ], [ -73.836962, 40.704212 ], [ -73.836619, 40.70342 ], [ -73.837751, 40.702958 ], [ -73.837424, 40.70145 ], [ -73.836546, 40.701706 ], [ -73.835922, 40.700464 ], [ -73.834844, 40.698269 ], [ -73.834066, 40.698695 ], [ -73.832596, 40.699482 ], [ -73.830886, 40.700009 ], [ -73.831037, 40.700253 ], [ -73.831521, 40.70139 ], [ -73.827953, 40.70229 ], [ -73.822459, 40.703656 ], [ -73.822112, 40.701847 ], [ -73.822505, 40.701757 ], [ -73.82125, 40.699699 ], [ -73.82631, 40.698258 ], [ -73.827528, 40.697918 ], [ -73.825832, 40.694448 ], [ -73.821069, 40.69578 ], [ -73.816174, 40.696583 ], [ -73.815316, 40.696822 ], [ -73.813943, 40.697147 ], [ -73.813719, 40.697153 ], [ -73.814201, 40.697911 ], [ -73.814429, 40.698335 ], [ -73.816477, 40.70245 ], [ -73.814294, 40.702531 ], [ -73.813018, 40.702495 ], [ -73.811905, 40.702337 ], [ -73.811529, 40.702273 ], [ -73.811632, 40.703052 ], [ -73.811773, 40.704181 ], [ -73.811802, 40.704366 ], [ -73.811904, 40.705124 ], [ -73.812012, 40.705945 ], [ -73.812155, 40.707046 ], [ -73.813059, 40.706978 ], [ -73.813239, 40.70835 ], [ -73.813418, 40.709711 ], [ -73.816416, 40.709865 ], [ -73.817798, 40.709342 ], [ -73.81915, 40.708428 ], [ -73.818831, 40.710384 ], [ -73.816842, 40.713475 ], [ -73.816534, 40.714226 ], [ -73.816433, 40.715644 ], [ -73.816442, 40.715785 ], [ -73.817817, 40.715843 ], [ -73.820323, 40.71666 ], [ -73.819305, 40.717136 ], [ -73.821705, 40.71736 ], [ -73.823726, 40.717481 ], [ -73.824881, 40.717365 ], [ -73.825859, 40.720463 ], [ -73.827129, 40.724304 ], [ -73.827555, 40.724961 ], [ -73.830255, 40.726143 ], [ -73.831468, 40.727664 ], [ -73.8317, 40.728034 ], [ -73.833071, 40.729919 ], [ -73.833863, 40.730553 ], [ -73.836081, 40.734334 ], [ -73.836044, 40.739173 ], [ -73.836628, 40.739252 ], [ -73.837089, 40.741748 ], [ -73.835861, 40.743228 ], [ -73.835925, 40.743501 ], [ -73.835676, 40.744851 ], [ -73.835399, 40.74552 ], [ -73.83424, 40.747302 ], [ -73.833099, 40.747994 ], [ -73.832181, 40.751506 ], [ -73.832295, 40.751942 ], [ -73.835602, 40.751395 ], [ -73.837674, 40.754114 ], [ -73.837917, 40.754541 ], [ -73.838211, 40.755253 ], [ -73.838619, 40.757045 ], [ -73.843244, 40.755337 ], [ -73.846017, 40.760805 ], [ -73.846863, 40.760416 ], [ -73.846709, 40.761345 ], [ -73.848515, 40.763822 ], [ -73.849215, 40.764209 ], [ -73.850281, 40.76606 ], [ -73.853702, 40.76948 ], [ -73.854982, 40.767448 ], [ -73.860433, 40.763869 ], [ -73.860937, 40.763729 ], [ -73.859756, 40.761836 ], [ -73.85604, 40.759726 ], [ -73.85464, 40.758466 ], [ -73.853654, 40.756835 ], [ -73.853126, 40.755109 ], [ -73.852617, 40.753405 ], [ -73.852205, 40.752661 ], [ -73.850864, 40.749996 ], [ -73.854421, 40.748805 ], [ -73.85326, 40.746834 ], [ -73.852918, 40.746171 ], [ -73.852241, 40.744841 ], [ -73.850525, 40.741514 ], [ -73.850116, 40.740724 ], [ -73.847841, 40.739927 ], [ -73.847757, 40.739299 ], [ -73.847558, 40.739064 ], [ -73.847325, 40.738771 ], [ -73.847214, 40.738644 ], [ -73.844957, 40.733987 ], [ -73.844347, 40.732979 ], [ -73.843505, 40.731814 ], [ -73.842814, 40.731153 ], [ -73.841468, 40.729998 ], [ -73.840327, 40.728807 ], [ -73.839445, 40.727537 ], [ -73.838362, 40.725562 ], [ -73.836524, 40.722371 ], [ -73.836038, 40.72177 ], [ -73.835963, 40.721677 ], [ -73.834959, 40.719412 ], [ -73.833481, 40.718333 ], [ -73.829796, 40.715566 ], [ -73.831385, 40.714529 ], [ -73.832231, 40.71512 ], [ -73.833567, 40.716143 ], [ -73.834962, 40.717172 ], [ -73.837015, 40.718331 ], [ -73.83792, 40.71875 ], [ -73.839812, 40.719602 ], [ -73.840558, 40.718369 ], [ -73.841016, 40.717643 ], [ -73.841165, 40.717414 ], [ -73.842315, 40.715588 ], [ -73.84476, 40.711706 ], [ -73.84912, 40.7133 ], [ -73.849525, 40.712654 ], [ -73.850334, 40.711371 ], [ -73.850916, 40.710471 ], [ -73.846027, 40.709689 ], [ -73.843016, 40.709176 ], [ -73.84568, 40.70848 ], [ -73.849517, 40.708392 ], [ -73.851099, 40.707901 ], [ -73.854746, 40.706767 ], [ -73.854641, 40.70529 ], [ -73.853692, 40.704315 ], [ -73.852151, 40.702251 ], [ -73.855293, 40.702596 ], [ -73.855292, 40.701844 ], [ -73.856914, 40.701885 ], [ -73.857028, 40.70117 ], [ -73.858579, 40.701238 ], [ -73.85815, 40.702898 ], [ -73.858288, 40.702911 ], [ -73.863254, 40.703392 ], [ -73.863794, 40.703334 ], [ -73.864728, 40.703259 ], [ -73.86564, 40.703183 ], [ -73.867247, 40.703052 ], [ -73.869156, 40.702893 ], [ -73.869314, 40.699355 ], [ -73.870708, 40.697697 ] ] ] } },
{ "type": "Feature", "properties": { "NTAName": "Bushwick (West)", "total_pop": 91811.0, "chinese_pop": 4806.0, "chinese_pct": 5.2346668699828998 }, "geometry": { "type": "Polygon", "coordinates": [ [ [ -73.949254, 40.704896 ], [ -73.947853, 40.704111 ], [ -73.947052, 40.703664 ], [ -73.945855, 40.702987 ], [ -73.94545, 40.70276 ], [ -73.944005, 40.701962 ], [ -73.942201, 40.700891 ], [ -73.941931, 40.700725 ], [ -73.944388, 40.700425 ], [ -73.944096, 40.698973 ], [ -73.943949, 40.698222 ], [ -73.94115, 40.698541 ], [ -73.938568, 40.698848 ], [ -73.938177, 40.698641 ], [ -73.937792, 40.69669 ], [ -73.937631, 40.695951 ], [ -73.937484, 40.695219 ], [ -73.937342, 40.694485 ], [ -73.937195, 40.693752 ], [ -73.931345, 40.694422 ], [ -73.931458, 40.694855 ], [ -73.931145, 40.694674 ], [ -73.928507, 40.693166 ], [ -73.928043, 40.692904 ], [ -73.927811, 40.692774 ], [ -73.927071, 40.692346 ], [ -73.92645, 40.692002 ], [ -73.925365, 40.691367 ], [ -73.924392, 40.690831 ], [ -73.923644, 40.690399 ], [ -73.92223, 40.691823 ], [ -73.921154, 40.692796 ], [ -73.922748, 40.693573 ], [ -73.923498, 40.694001 ], [ -73.924249, 40.694429 ], [ -73.922271, 40.696443 ], [ -73.920824, 40.697918 ], [ -73.920074, 40.69749 ], [ -73.919321, 40.697061 ], [ -73.917872, 40.698537 ], [ -73.916316, 40.700122 ], [ -73.915565, 40.699693 ], [ -73.914815, 40.699266 ], [ -73.914061, 40.698838 ], [ -73.911422, 40.701487 ], [ -73.910679, 40.701046 ], [ -73.909585, 40.702124 ], [ -73.908432, 40.70325 ], [ -73.907507, 40.704156 ], [ -73.906352, 40.705285 ], [ -73.907093, 40.705722 ], [ -73.907836, 40.70616 ], [ -73.908989, 40.705032 ], [ -73.90973, 40.705471 ], [ -73.910471, 40.705908 ], [ -73.911952, 40.706784 ], [ -73.912694, 40.707223 ], [ -73.913435, 40.70766 ], [ -73.912291, 40.708782 ], [ -73.915264, 40.710529 ], [ -73.916748, 40.711402 ], [ -73.91467, 40.713437 ], [ -73.915663, 40.713469 ], [ -73.92404, 40.714008 ], [ -73.924327, 40.715568 ], [ -73.922711, 40.716478 ], [ -73.923127, 40.717024 ], [ -73.924278, 40.718536 ], [ -73.92418, 40.72002 ], [ -73.927171, 40.725233 ], [ -73.927801, 40.726494 ], [ -73.929058, 40.727688 ], [ -73.931825, 40.728482 ], [ -73.932369, 40.728066 ], [ -73.934123, 40.726855 ], [ -73.936764, 40.724839 ], [ -73.936188, 40.724345 ], [ -73.935589, 40.722991 ], [ -73.935041, 40.721669 ], [ -73.936504, 40.721247 ], [ -73.934983, 40.717838 ], [ -73.936339, 40.716779 ], [ -73.935613, 40.715191 ], [ -73.934959, 40.713722 ], [ -73.934802, 40.713373 ], [ -73.940688, 40.711962 ], [ -73.940423, 40.711218 ], [ -73.940076, 40.709102 ], [ -73.939958, 40.70839 ], [ -73.938864, 40.708495 ], [ -73.938705, 40.707015 ], [ -73.939432, 40.705256 ], [ -73.939313, 40.704815 ], [ -73.94103, 40.704637 ], [ -73.942734, 40.704473 ], [ -73.94285, 40.705182 ], [ -73.944567, 40.705021 ], [ -73.946265, 40.705604 ], [ -73.947981, 40.705442 ], [ -73.949836, 40.705229 ], [ -73.949254, 40.704896 ] ] ] } },
{ "type": "Feature", "properties": { "NTAName": "Astoria Park", "total_pop": 17434.0, "chinese_pop": 896.0, "chinese_pct": 5.1393828151887115 }, "geometry": { "type": "Polygon", "coordinates": [ [ [ -73.944054, 40.782964 ], [ -73.943604, 40.78265 ], [ -73.937608, 40.781754 ], [ -73.934412, 40.778093 ], [ -73.931847, 40.777892 ], [ -73.929881, 40.776222 ], [ -73.928277, 40.776899 ], [ -73.927831, 40.776702 ], [ -73.927376, 40.776467 ], [ -73.923981, 40.774615 ], [ -73.922793, 40.773962 ], [ -73.921469, 40.773051 ], [ -73.920763, 40.772553 ], [ -73.920076, 40.772067 ], [ -73.919773, 40.772315 ], [ -73.918897, 40.771985 ], [ -73.917077, 40.773475 ], [ -73.918455, 40.774449 ], [ -73.919827, 40.775416 ], [ -73.922649, 40.777423 ], [ -73.921395, 40.778454 ], [ -73.920127, 40.779489 ], [ -73.919113, 40.780323 ], [ -73.917966, 40.781256 ], [ -73.91582, 40.779748 ], [ -73.915131, 40.779261 ], [ -73.914445, 40.778775 ], [ -73.912383, 40.77731 ], [ -73.910147, 40.77915 ], [ -73.910835, 40.779635 ], [ -73.912211, 40.780606 ], [ -73.913588, 40.781578 ], [ -73.914595, 40.782283 ], [ -73.915734, 40.783088 ], [ -73.915974, 40.783262 ], [ -73.917107, 40.784057 ], [ -73.916565, 40.784493 ], [ -73.915236, 40.786041 ], [ -73.915344, 40.786116 ], [ -73.912069, 40.789339 ], [ -73.910296, 40.790657 ], [ -73.910673, 40.793116 ], [ -73.912456, 40.796096 ], [ -73.913624, 40.796786 ], [ -73.919861, 40.799353 ], [ -73.921742, 40.801689 ], [ -73.923022, 40.802425 ], [ -73.925081, 40.802521 ], [ -73.925291, 40.802002 ], [ -73.927599, 40.79803 ], [ -73.927257, 40.794876 ], [ -73.928373, 40.792845 ], [ -73.92651, 40.790868 ], [ -73.930162, 40.791306 ], [ -73.931788, 40.790173 ], [ -73.935049, 40.79169 ], [ -73.935217, 40.791782 ], [ -73.935337, 40.791837 ], [ -73.937737, 40.792816 ], [ -73.938649, 40.791558 ], [ -73.939132, 40.790905 ], [ -73.939562, 40.790317 ], [ -73.940066, 40.789626 ], [ -73.94056, 40.788949 ], [ -73.941019, 40.788319 ], [ -73.941937, 40.787065 ], [ -73.943319, 40.785174 ], [ -73.944723, 40.783247 ], [ -73.944054, 40.782964 ] ] ] } },
{ "type": "Feature", "properties": { "NTAName": "Coney Island-Sea Gate", "total_pop": 76130.0, "chinese_pop": 3757.0, "chinese_pct": 4.9349796400893204 }, "geometry": { "type": "Polygon", "coordinates": [ [ [ -74.012322861625194, 40.575652678826998 ], [ -74.012022, 40.574528 ], [ -74.010712180617304, 40.574100539650203 ], [ -74.008757139776904, 40.573462510886401 ], [ -74.005673, 40.572456 ], [ -74.002283647787394, 40.570738365881802 ], [ -74.002056, 40.570623 ], [ -74.002052002597296, 40.570622898105398 ], [ -73.991346, 40.57035 ], [ -73.990753599392605, 40.570418045004502 ], [ -73.982084456370401, 40.5714138101483 ], [ -73.959422235942895, 40.574016864351506 ], [ -73.955721, 40.574442 ], [ -73.952480218128599, 40.574840135519501 ], [ -73.952874, 40.576882 ], [ -73.954041, 40.577457 ], [ -73.954833, 40.577393 ], [ -73.956053, 40.577766 ], [ -73.956648, 40.577947 ], [ -73.95781, 40.578269 ], [ -73.959633, 40.577993 ], [ -73.961441, 40.57761 ], [ -73.962364, 40.577411 ], [ -73.963279, 40.577212 ], [ -73.965095, 40.576827 ], [ -73.96638, 40.576551 ], [ -73.968535, 40.576291 ], [ -73.968074, 40.578313 ], [ -73.967602, 40.580362 ], [ -73.967335, 40.581515 ], [ -73.966894, 40.583348 ], [ -73.966777, 40.583904 ], [ -73.966614, 40.584575 ], [ -73.96615, 40.586669 ], [ -73.965641, 40.588888 ], [ -73.965302, 40.590358 ], [ -73.965129, 40.591108 ], [ -73.966519, 40.590953 ], [ -73.967445, 40.590851 ], [ -73.968371, 40.59075 ], [ -73.970224, 40.59054 ], [ -73.971151, 40.590443 ], [ -73.972976, 40.590241 ], [ -73.974217, 40.590111 ], [ -73.975571, 40.589948 ], [ -73.977695, 40.592179 ], [ -73.978764, 40.592825 ], [ -73.97848, 40.589654 ], [ -73.980938, 40.589376 ], [ -73.983803, 40.589042 ], [ -73.983723, 40.588619 ], [ -73.984505, 40.58789 ], [ -73.985394, 40.587032 ], [ -73.987417, 40.585131 ], [ -73.987084, 40.584619 ], [ -73.986608, 40.583719 ], [ -73.988358, 40.583475 ], [ -73.98915, 40.58467 ], [ -73.991757, 40.586728 ], [ -73.992523, 40.587984 ], [ -73.998252, 40.585312 ], [ -73.999909, 40.584566 ], [ -74.000493745627097, 40.584314081802511 ], [ -74.000486, 40.584085 ], [ -74.001336186714894, 40.582534912100598 ], [ -74.001649144444997, 40.581964317451295 ], [ -74.001674, 40.581919 ], [ -74.003974745258901, 40.582168570023498 ], [ -74.004045408948201, 40.582176235165299 ], [ -74.005002, 40.58228 ], [ -74.009608, 40.581395 ], [ -74.012018801317197, 40.579099473126 ], [ -74.012996, 40.578169 ], [ -74.012322861625194, 40.575652678826998 ] ] ] } },
{ "type": "Feature", "properties": { "NTAName": "Upper West Side-Lincoln Square", "total_pop": 91494.0, "chinese_pop": 4506.0, "chinese_pct": 4.9249131090563312 }, "geometry": { "type": "Polygon", "coordinates": [ [ [ -73.978728, 40.772417 ], [ -73.977827, 40.773656 ], [ -73.97737, 40.774281 ], [ -73.976912, 40.774909 ], [ -73.976458, 40.775533 ], [ -73.975955, 40.77622 ], [ -73.975461, 40.776899 ], [ -73.974997, 40.777533 ], [ -73.974532, 40.778168 ], [ -73.974067, 40.778805 ], [ -73.973571, 40.779478 ], [ -73.976428, 40.780654 ], [ -73.975981, 40.781267 ], [ -73.978823, 40.782465 ], [ -73.980473, 40.783161 ], [ -73.981662, 40.783661 ], [ -73.983297, 40.784353 ], [ -73.982638, 40.784975 ], [ -73.985047, 40.785996 ], [ -73.991405036777493, 40.788603005923306 ], [ -73.991727131765998, 40.7881597411359 ], [ -73.9930299710349, 40.786366783182196 ], [ -73.994866853107595, 40.783838879394601 ], [ -73.995787713489506, 40.782571598014997 ], [ -73.997423558559305, 40.780320359892897 ], [ -73.997819207596507, 40.779775870557202 ], [ -74.000450576936601, 40.776154599153799 ], [ -74.001618, 40.774548 ], [ -74.002953334774105, 40.772719244448005 ], [ -73.998783, 40.770812 ], [ -73.996445, 40.769795 ], [ -73.994849, 40.769257 ], [ -73.992805, 40.768382 ], [ -73.990801, 40.76754 ], [ -73.989964, 40.767188 ], [ -73.989505, 40.767816 ], [ -73.989051, 40.76844 ], [ -73.988559, 40.769115 ], [ -73.988063, 40.769791 ], [ -73.985218, 40.768595 ], [ -73.98238, 40.7674 ], [ -73.982877, 40.766715 ], [ -73.983367, 40.766045 ], [ -73.983822, 40.765418 ], [ -73.984283, 40.764792 ], [ -73.981434, 40.763594 ], [ -73.978601, 40.762396 ], [ -73.977686, 40.763645 ], [ -73.977196, 40.764324 ], [ -73.976703, 40.764996 ], [ -73.976234, 40.765675 ], [ -73.979076, 40.766876 ], [ -73.981431, 40.767874 ], [ -73.981023, 40.769272 ], [ -73.980564, 40.769905 ], [ -73.980112, 40.770529 ], [ -73.979652, 40.771156 ], [ -73.979193, 40.771782 ], [ -73.978728, 40.772417 ] ] ] } },
{ "type": "Feature", "properties": { "NTAName": "Jamaica Estates-Holliswood", "total_pop": 55889.0, "chinese_pop": 2737.0, "chinese_pct": 4.8972069638032529 }, "geometry": { "type": "Polygon", "coordinates": [ [ [ -73.756783, 40.726306 ], [ -73.75845, 40.727537 ], [ -73.759882, 40.728235 ], [ -73.762263, 40.729605 ], [ -73.763413, 40.730466 ], [ -73.765551, 40.732544 ], [ -73.7637, 40.732864 ], [ -73.765041, 40.734477 ], [ -73.762733, 40.735262 ], [ -73.762486, 40.736731 ], [ -73.762683, 40.737256 ], [ -73.763609, 40.739175 ], [ -73.764315, 40.740673 ], [ -73.765151, 40.742437 ], [ -73.766979, 40.744223 ], [ -73.767756, 40.74583 ], [ -73.768277, 40.745695 ], [ -73.771638, 40.744197 ], [ -73.772445, 40.74392 ], [ -73.775759, 40.743367 ], [ -73.772861, 40.736276 ], [ -73.773551, 40.736072 ], [ -73.775154, 40.735604 ], [ -73.779523, 40.734281 ], [ -73.783025, 40.733131 ], [ -73.786499, 40.731972 ], [ -73.788209, 40.731363 ], [ -73.793525, 40.730054 ], [ -73.7923, 40.727141 ], [ -73.791745, 40.725776 ], [ -73.795883, 40.724415 ], [ -73.796752, 40.724117 ], [ -73.798472, 40.72353 ], [ -73.799332, 40.723235 ], [ -73.800194, 40.72294 ], [ -73.799001, 40.720145 ], [ -73.802693, 40.719514 ], [ -73.803973, 40.719288 ], [ -73.808605, 40.718415 ], [ -73.807844, 40.716 ], [ -73.803178, 40.716351 ], [ -73.801922, 40.71655 ], [ -73.798096, 40.717543 ], [ -73.798055, 40.717431 ], [ -73.797963, 40.717162 ], [ -73.797484, 40.715789 ], [ -73.7965, 40.713554 ], [ -73.797262, 40.713157 ], [ -73.798335, 40.712908 ], [ -73.797807, 40.710982 ], [ -73.798701, 40.710663 ], [ -73.797768, 40.709143 ], [ -73.797314, 40.70927 ], [ -73.795617, 40.709753 ], [ -73.794731, 40.710012 ], [ -73.793038, 40.710711 ], [ -73.792029, 40.711069 ], [ -73.7916, 40.710344 ], [ -73.791144, 40.709566 ], [ -73.790653, 40.708726 ], [ -73.78975, 40.707171 ], [ -73.78957, 40.707222 ], [ -73.78804, 40.707571 ], [ -73.787719, 40.707661 ], [ -73.785562, 40.707936 ], [ -73.78429, 40.707931 ], [ -73.785305, 40.710063 ], [ -73.784456, 40.710373 ], [ -73.785353, 40.712284 ], [ -73.783561, 40.712711 ], [ -73.782366, 40.713003 ], [ -73.780589, 40.713428 ], [ -73.779855, 40.711178 ], [ -73.779048, 40.70871 ], [ -73.778676, 40.708779 ], [ -73.776055, 40.709105 ], [ -73.774892, 40.709419 ], [ -73.773139, 40.709923 ], [ -73.7745, 40.711946 ], [ -73.775374, 40.711678 ], [ -73.777123, 40.714262 ], [ -73.775715, 40.714598 ], [ -73.773571, 40.71512 ], [ -73.771921, 40.715685 ], [ -73.767332, 40.71729 ], [ -73.766641, 40.717647 ], [ -73.765714, 40.716393 ], [ -73.76003, 40.718847 ], [ -73.758327, 40.719582 ], [ -73.759441, 40.721063 ], [ -73.755771, 40.72364 ], [ -73.754969, 40.72416 ], [ -73.753354, 40.725144 ], [ -73.751912, 40.723947 ], [ -73.748917, 40.725764 ], [ -73.744588, 40.728586 ], [ -73.742421, 40.729919 ], [ -73.743764, 40.730227 ], [ -73.745556, 40.730637 ], [ -73.746674, 40.731953 ], [ -73.746738, 40.732583 ], [ -73.747338, 40.732036 ], [ -73.750658, 40.729195 ], [ -73.752637, 40.727988 ], [ -73.754548, 40.727076 ], [ -73.756783, 40.726306 ] ] ] } },
{ "type": "Feature", "properties": { "NTAName": "St. Michael's Cemetery", "total_pop": 16395.0, "chinese_pop": 791.0, "chinese_pct": 4.8246416590423911 }, "geometry": { "type": "Polygon", "coordinates": [ [ [ -73.907794, 40.760518 ], [ -73.906315, 40.759844 ], [ -73.904561, 40.759485 ], [ -73.904847, 40.757255 ], [ -73.905575, 40.757178 ], [ -73.905294, 40.755628 ], [ -73.905154, 40.754858 ], [ -73.904917, 40.753505 ], [ -73.903923, 40.753611 ], [ -73.902472, 40.753763 ], [ -73.898738, 40.754154 ], [ -73.898863, 40.754712 ], [ -73.89948, 40.756247 ], [ -73.899703, 40.757783 ], [ -73.899212, 40.757848 ], [ -73.893473, 40.758451 ], [ -73.893829, 40.760435 ], [ -73.892899, 40.760533 ], [ -73.887327, 40.761118 ], [ -73.886397, 40.761216 ], [ -73.88673, 40.763053 ], [ -73.887064, 40.764873 ], [ -73.887552, 40.76635 ], [ -73.887731, 40.766915 ], [ -73.887818, 40.767202 ], [ -73.888252, 40.768658 ], [ -73.888461, 40.768859 ], [ -73.888726, 40.768916 ], [ -73.88904, 40.770916 ], [ -73.889424, 40.773046 ], [ -73.889077, 40.773574 ], [ -73.890459, 40.77755 ], [ -73.8919, 40.776755 ], [ -73.892523, 40.777405 ], [ -73.894232, 40.778154 ], [ -73.896565, 40.776247 ], [ -73.893407, 40.774028 ], [ -73.89289, 40.773808 ], [ -73.895008, 40.772078 ], [ -73.89522, 40.771904 ], [ -73.899616, 40.768304 ], [ -73.902476, 40.77032 ], [ -73.903191, 40.770825 ], [ -73.90533, 40.769038 ], [ -73.907494, 40.770572 ], [ -73.908217, 40.771085 ], [ -73.910241, 40.769427 ], [ -73.910942, 40.76885 ], [ -73.911681, 40.767963 ], [ -73.910088, 40.767204 ], [ -73.908492, 40.766452 ], [ -73.906911, 40.765711 ], [ -73.905312, 40.764965 ], [ -73.904512, 40.764589 ], [ -73.905245, 40.763687 ], [ -73.90651, 40.762109 ], [ -73.907794, 40.760518 ] ] ] } },
{ "type": "Feature", "properties": { "NTAName": "Freshkills Park (North)", "total_pop": 29417.0, "chinese_pop": 1384.0, "chinese_pct": 4.7047625522656968 }, "geometry": { "type": "Polygon", "coordinates": [ [ [ -74.206323347433596, 40.579892618626097 ], [ -74.206413122211501, 40.579519040983094 ], [ -74.2074652824152, 40.5751407118114 ], [ -74.208703704504401, 40.569987295495608 ], [ -74.210887, 40.560902 ], [ -74.211221167830502, 40.56057871586809 ], [ -74.213171900843804, 40.558691517366903 ], [ -74.211979, 40.557419 ], [ -74.206392, 40.558102 ], [ -74.207032, 40.557616 ], [ -74.205145, 40.557347 ], [ -74.203343, 40.556133 ], [ -74.200793, 40.556045 ], [ -74.199771, 40.55687 ], [ -74.197695, 40.558887 ], [ -74.192904, 40.562649 ], [ -74.190832, 40.562672 ], [ -74.189281, 40.563646 ], [ -74.187269, 40.564042 ], [ -74.185254, 40.564549 ], [ -74.18282, 40.565491 ], [ -74.181395, 40.565238 ], [ -74.180409, 40.560538 ], [ -74.180327, 40.559972 ], [ -74.180249, 40.558278 ], [ -74.181148, 40.557241 ], [ -74.179943, 40.551877 ], [ -74.178156, 40.552113 ], [ -74.178088, 40.550857 ], [ -74.179594, 40.548066 ], [ -74.180721, 40.546673 ], [ -74.176498, 40.544487 ], [ -74.175987, 40.545142 ], [ -74.175088, 40.546714 ], [ -74.174691, 40.549308 ], [ -74.174682, 40.549661 ], [ -74.167572, 40.550575 ], [ -74.168052, 40.552718 ], [ -74.168524, 40.554852 ], [ -74.169827, 40.561078 ], [ -74.165894, 40.560283 ], [ -74.164941, 40.560112 ], [ -74.163779, 40.560317 ], [ -74.160968, 40.56146 ], [ -74.156846, 40.5628 ], [ -74.155851, 40.563774 ], [ -74.154634, 40.56554 ], [ -74.152956, 40.566776 ], [ -74.1517, 40.567857 ], [ -74.150862, 40.568529 ], [ -74.149838, 40.569357 ], [ -74.147897, 40.570888 ], [ -74.147207, 40.570534 ], [ -74.144388, 40.569707 ], [ -74.143874, 40.570606 ], [ -74.144186, 40.572038 ], [ -74.137042, 40.572909 ], [ -74.136354, 40.572991 ], [ -74.133007, 40.573433 ], [ -74.129144, 40.57473 ], [ -74.127653, 40.575235 ], [ -74.127089, 40.576369 ], [ -74.127249, 40.577551 ], [ -74.126892, 40.57849 ], [ -74.127492, 40.579788 ], [ -74.130235, 40.582539 ], [ -74.1304, 40.582759 ], [ -74.132827, 40.583793 ], [ -74.13394, 40.586299 ], [ -74.138667, 40.58902 ], [ -74.145834, 40.588564 ], [ -74.146322, 40.58607 ], [ -74.149632, 40.58337 ], [ -74.152528, 40.580617 ], [ -74.155592, 40.582257 ], [ -74.157666, 40.583375 ], [ -74.160334, 40.584795 ], [ -74.16299, 40.5863 ], [ -74.167614, 40.588927 ], [ -74.165787, 40.590708 ], [ -74.163317, 40.592508 ], [ -74.16228, 40.593663 ], [ -74.1619, 40.595299 ], [ -74.162361, 40.597405 ], [ -74.162732, 40.599333 ], [ -74.163287, 40.601681 ], [ -74.162214, 40.605306 ], [ -74.162382, 40.60719 ], [ -74.162324, 40.608003 ], [ -74.160402, 40.609807 ], [ -74.164839, 40.610495 ], [ -74.175625, 40.612218 ], [ -74.169187, 40.620547 ], [ -74.168725, 40.621209 ], [ -74.174108, 40.62226 ], [ -74.175226, 40.622868 ], [ -74.178845, 40.626106 ], [ -74.18642, 40.630294 ], [ -74.1964546854975, 40.635386236286699 ], [ -74.198847308337704, 40.633102116110102 ], [ -74.20058, 40.631448 ], [ -74.201495790244493, 40.622571821989602 ], [ -74.201812, 40.619507 ], [ -74.200994, 40.616906 ], [ -74.200523505646402, 40.616835204912498 ], [ -74.196096, 40.616169 ], [ -74.195407, 40.601806 ], [ -74.19682, 40.597037 ], [ -74.204054, 40.589336 ], [ -74.2043390375147, 40.588149880185405 ], [ -74.204944586023103, 40.585630025613597 ], [ -74.206323347433596, 40.579892618626097 ] ] ] } },
{ "type": "Feature", "properties": { "NTAName": "Randall's Island", "total_pop": 19245.0, "chinese_pop": 880.0, "chinese_pct": 4.5726162639646661 }, "geometry": { "type": "Polygon", "coordinates": [ [ [ -73.944054, 40.782964 ], [ -73.943604, 40.78265 ], [ -73.937608, 40.781754 ], [ -73.934412, 40.778093 ], [ -73.931847, 40.777892 ], [ -73.929881, 40.776222 ], [ -73.928277, 40.776899 ], [ -73.926318, 40.778242 ], [ -73.925745, 40.778405 ], [ -73.924816, 40.778758 ], [ -73.920999, 40.781749 ], [ -73.919965, 40.782635 ], [ -73.91909, 40.783368 ], [ -73.917171, 40.784193 ], [ -73.915344, 40.786116 ], [ -73.912069, 40.789339 ], [ -73.910296, 40.790657 ], [ -73.910673, 40.793116 ], [ -73.912456, 40.796096 ], [ -73.913624, 40.796786 ], [ -73.919861, 40.799353 ], [ -73.921742, 40.801689 ], [ -73.923022, 40.802425 ], [ -73.925081, 40.802521 ], [ -73.92725, 40.802558 ], [ -73.928225, 40.80385 ], [ -73.929983, 40.802985 ], [ -73.93073, 40.802427 ], [ -73.931773, 40.800979 ], [ -73.931969, 40.800711 ], [ -73.933516, 40.798594 ], [ -73.933991, 40.797932 ], [ -73.934456, 40.79731 ], [ -73.934913, 40.79668 ], [ -73.935912, 40.795312 ], [ -73.936361, 40.794698 ], [ -73.937257, 40.79347 ], [ -73.937737, 40.792816 ], [ -73.938649, 40.791558 ], [ -73.939132, 40.790905 ], [ -73.939562, 40.790317 ], [ -73.940066, 40.789626 ], [ -73.94056, 40.788949 ], [ -73.941019, 40.788319 ], [ -73.941937, 40.787065 ], [ -73.943319, 40.785174 ], [ -73.944723, 40.783247 ], [ -73.944054, 40.782964 ] ] ] } },
{ "type": "Feature", "properties": { "NTAName": "South Williamsburg", "total_pop": 81062.0, "chinese_pop": 3612.0, "chinese_pct": 4.4558486097061509 }, "geometry": { "type": "Polygon", "coordinates": [ [ [ -73.941931, 40.700725 ], [ -73.94042, 40.701077 ], [ -73.940726, 40.702901 ], [ -73.94103, 40.704637 ], [ -73.942734, 40.704473 ], [ -73.94285, 40.705182 ], [ -73.944567, 40.705021 ], [ -73.946265, 40.705604 ], [ -73.946523, 40.707011 ], [ -73.946756, 40.708466 ], [ -73.946973, 40.709894 ], [ -73.948655, 40.709725 ], [ -73.950875, 40.709513 ], [ -73.95083, 40.709143 ], [ -73.95236, 40.709716 ], [ -73.955175, 40.710465 ], [ -73.955498, 40.709949 ], [ -73.956624, 40.710384 ], [ -73.958425, 40.710192 ], [ -73.960381, 40.710004 ], [ -73.962035, 40.710362 ], [ -73.962292, 40.709921 ], [ -73.962414, 40.709352 ], [ -73.962573, 40.708535 ], [ -73.964185, 40.70872 ], [ -73.964027, 40.709534 ], [ -73.966949, 40.709865 ], [ -73.968524, 40.710046 ], [ -73.969612, 40.71016 ], [ -73.969941, 40.70931 ], [ -73.969613, 40.707634 ], [ -73.970318, 40.707332 ], [ -73.972789, 40.709378 ], [ -73.975476, 40.707492 ], [ -73.979233, 40.705769 ], [ -73.979171, 40.705301 ], [ -73.980729, 40.701268 ], [ -73.980462, 40.699703 ], [ -73.980544, 40.698246 ], [ -73.977531, 40.698116 ], [ -73.976787, 40.698087 ], [ -73.975783, 40.698047 ], [ -73.973775, 40.697959 ], [ -73.971784, 40.697882 ], [ -73.969728, 40.697804 ], [ -73.967727, 40.697717 ], [ -73.965774, 40.697636 ], [ -73.963904, 40.697867 ], [ -73.962839, 40.698039 ], [ -73.961051, 40.698326 ], [ -73.958858, 40.698677 ], [ -73.95702, 40.698974 ], [ -73.956075, 40.69909 ], [ -73.95337, 40.699405 ], [ -73.952925, 40.697204 ], [ -73.952489, 40.695004 ], [ -73.949207, 40.695378 ], [ -73.9495, 40.696847 ], [ -73.949647, 40.697583 ], [ -73.949788, 40.69831 ], [ -73.950091, 40.699791 ], [ -73.947128, 40.700123 ], [ -73.944388, 40.700425 ], [ -73.941931, 40.700725 ] ] ] } },
{ "type": "Feature", "properties": { "NTAName": "Westerleigh-Castleton Corners", "total_pop": 89765.0, "chinese_pop": 3957.0, "chinese_pct": 4.4081769063666236 }, "geometry": { "type": "Polygon", "coordinates": [ [ [ -74.105063, 40.627178 ], [ -74.105768, 40.630569 ], [ -74.108113, 40.630256 ], [ -74.109299, 40.63004 ], [ -74.111227, 40.629685 ], [ -74.113359, 40.629282 ], [ -74.11619, 40.628941 ], [ -74.116505, 40.630756 ], [ -74.116836, 40.632675 ], [ -74.124891, 40.631728 ], [ -74.126724, 40.63128 ], [ -74.127599, 40.63117 ], [ -74.130461, 40.630897 ], [ -74.13047, 40.631676 ], [ -74.130941, 40.633139 ], [ -74.135214, 40.635345 ], [ -74.135554, 40.6348 ], [ -74.136409, 40.634896 ], [ -74.140671, 40.635151 ], [ -74.140034, 40.636955 ], [ -74.139681, 40.637949 ], [ -74.145631, 40.635246 ], [ -74.14691, 40.631156 ], [ -74.147536, 40.629371 ], [ -74.145936, 40.627824 ], [ -74.14559, 40.626608 ], [ -74.146145, 40.62493 ], [ -74.148768, 40.625104 ], [ -74.149241, 40.623329 ], [ -74.149503, 40.622923 ], [ -74.151541, 40.621202 ], [ -74.153177, 40.620162 ], [ -74.154291, 40.6193 ], [ -74.155425, 40.620069 ], [ -74.168141, 40.622078 ], [ -74.168482, 40.621562 ], [ -74.168725, 40.621209 ], [ -74.169187, 40.620547 ], [ -74.175625, 40.612218 ], [ -74.164839, 40.610495 ], [ -74.160402, 40.609807 ], [ -74.162324, 40.608003 ], [ -74.162382, 40.60719 ], [ -74.162214, 40.605306 ], [ -74.163287, 40.601681 ], [ -74.162732, 40.599333 ], [ -74.162361, 40.597405 ], [ -74.1619, 40.595299 ], [ -74.159892, 40.59517 ], [ -74.156366, 40.593197 ], [ -74.15097, 40.590176 ], [ -74.147897, 40.588556 ], [ -74.145834, 40.588564 ], [ -74.145667, 40.589966 ], [ -74.145321, 40.591643 ], [ -74.144565, 40.592643 ], [ -74.143183, 40.59431 ], [ -74.141873, 40.596054 ], [ -74.140539, 40.597867 ], [ -74.140041, 40.598596 ], [ -74.140462, 40.60307 ], [ -74.137234, 40.603249 ], [ -74.132507, 40.599632 ], [ -74.13099, 40.599503 ], [ -74.13092, 40.598856 ], [ -74.125453, 40.598137 ], [ -74.124675, 40.598316 ], [ -74.122643, 40.599419 ], [ -74.122294, 40.599687 ], [ -74.120772, 40.600672 ], [ -74.120596, 40.60181 ], [ -74.120686, 40.603084 ], [ -74.12092, 40.606359 ], [ -74.12117, 40.608834 ], [ -74.118345, 40.609144 ], [ -74.117426, 40.60929 ], [ -74.11596, 40.607452 ], [ -74.114871, 40.602137 ], [ -74.111302, 40.598208 ], [ -74.110786, 40.596127 ], [ -74.110378, 40.5953 ], [ -74.11018, 40.594859 ], [ -74.110641, 40.593252 ], [ -74.10688, 40.590376 ], [ -74.105336, 40.590545 ], [ -74.100905, 40.59102 ], [ -74.100976, 40.591832 ], [ -74.100817, 40.592668 ], [ -74.103485, 40.59432 ], [ -74.104272, 40.595264 ], [ -74.101304, 40.59708 ], [ -74.09963, 40.598866 ], [ -74.097546, 40.601985 ], [ -74.096918, 40.602133 ], [ -74.095342, 40.603614 ], [ -74.092609, 40.60323 ], [ -74.092762, 40.606598 ], [ -74.0924, 40.607072 ], [ -74.09203, 40.607426 ], [ -74.09096, 40.60863 ], [ -74.090568, 40.609002 ], [ -74.089588, 40.609848 ], [ -74.088997, 40.610664 ], [ -74.087487, 40.612932 ], [ -74.08721, 40.613307 ], [ -74.087833, 40.615318 ], [ -74.087414, 40.61593 ], [ -74.093684, 40.61814 ], [ -74.094071, 40.617704 ], [ -74.094303, 40.616655 ], [ -74.097147, 40.615285 ], [ -74.097702, 40.618809 ], [ -74.099685, 40.619653 ], [ -74.0964, 40.622329 ], [ -74.098934, 40.626158 ], [ -74.098777, 40.626598 ], [ -74.095537, 40.630611 ], [ -74.095921, 40.631723 ], [ -74.097155, 40.631898 ], [ -74.09888, 40.631446 ], [ -74.099521, 40.631358 ], [ -74.10267, 40.630926 ], [ -74.103003, 40.6274 ], [ -74.105063, 40.627178 ] ] ] } },
{ "type": "Feature", "properties": { "NTAName": "Great Kills-Eltingville", "total_pop": 87751.0, "chinese_pop": 3807.0, "chinese_pct": 4.3384120978678302 }, "geometry": { "type": "Polygon", "coordinates": [ [ [ -74.200584, 40.579511 ], [ -74.197498, 40.578859 ], [ -74.191958, 40.576571 ], [ -74.190642, 40.576685 ], [ -74.190532, 40.576211 ], [ -74.189558, 40.57627 ], [ -74.189389, 40.572558 ], [ -74.184293, 40.572851 ], [ -74.179572, 40.571047 ], [ -74.177618, 40.563804 ], [ -74.181395, 40.565238 ], [ -74.180409, 40.560538 ], [ -74.180327, 40.559972 ], [ -74.180249, 40.558278 ], [ -74.181148, 40.557241 ], [ -74.183181, 40.555201 ], [ -74.184889, 40.55355 ], [ -74.187573, 40.550147 ], [ -74.180721, 40.546673 ], [ -74.186785, 40.539608 ], [ -74.189696, 40.536915 ], [ -74.193274, 40.534885 ], [ -74.191744, 40.531917 ], [ -74.186099, 40.523996 ], [ -74.183824, 40.520855 ], [ -74.179339, 40.522514 ], [ -74.177975167512997, 40.519607545634599 ], [ -74.176586956968805, 40.520190080181301 ], [ -74.168272105095099, 40.52367924001171 ], [ -74.160859, 40.52679 ], [ -74.159960361335607, 40.527358871820205 ], [ -74.159902464311301, 40.527395522797811 ], [ -74.149788648682105, 40.533797945633701 ], [ -74.149184929903498, 40.534180122157004 ], [ -74.148697, 40.534489 ], [ -74.145999741911595, 40.534912954129197 ], [ -74.144845387591701, 40.535094395157209 ], [ -74.144428, 40.53516 ], [ -74.142425090829605, 40.53448154910901 ], [ -74.14023, 40.533738 ], [ -74.140162703241202, 40.533655550775904 ], [ -74.137241, 40.530076 ], [ -74.129336299842606, 40.536480893858702 ], [ -74.121672, 40.542691 ], [ -74.112901977236803, 40.54743165718201 ], [ -74.112828868387396, 40.547471176348708 ], [ -74.114663, 40.54934 ], [ -74.116024, 40.549361 ], [ -74.118107, 40.550632 ], [ -74.118052, 40.552008 ], [ -74.119401, 40.552183 ], [ -74.123801, 40.555085 ], [ -74.127301, 40.557295 ], [ -74.124276, 40.559592 ], [ -74.121922, 40.559459 ], [ -74.120052, 40.560394 ], [ -74.126729, 40.56443 ], [ -74.126971, 40.56457 ], [ -74.126472, 40.565317 ], [ -74.12942, 40.565721 ], [ -74.127144, 40.567579 ], [ -74.124899, 40.568949 ], [ -74.123427, 40.569908 ], [ -74.122169, 40.57094 ], [ -74.121286, 40.572107 ], [ -74.1217, 40.573833 ], [ -74.12177, 40.575054 ], [ -74.123177, 40.57575 ], [ -74.127089, 40.576369 ], [ -74.127249, 40.577551 ], [ -74.126892, 40.57849 ], [ -74.127492, 40.579788 ], [ -74.130235, 40.582539 ], [ -74.1304, 40.582759 ], [ -74.132827, 40.583793 ], [ -74.13394, 40.586299 ], [ -74.138667, 40.58902 ], [ -74.145834, 40.588564 ], [ -74.146322, 40.58607 ], [ -74.149632, 40.58337 ], [ -74.152528, 40.580617 ], [ -74.161791, 40.57537 ], [ -74.169835, 40.570879 ], [ -74.169919, 40.573974 ], [ -74.168713, 40.585284 ], [ -74.167872, 40.588523 ], [ -74.167614, 40.588927 ], [ -74.165787, 40.590708 ], [ -74.163317, 40.592508 ], [ -74.166787, 40.593853 ], [ -74.168836, 40.594721 ], [ -74.167996, 40.597922 ], [ -74.167197, 40.602076 ], [ -74.172022, 40.602702 ], [ -74.174836, 40.602324 ], [ -74.178239, 40.599811 ], [ -74.179541, 40.596746 ], [ -74.186222, 40.589818 ], [ -74.185499, 40.588509 ], [ -74.189956, 40.585675 ], [ -74.19111, 40.58583 ], [ -74.194703, 40.584849 ], [ -74.199795, 40.582103 ], [ -74.200584, 40.579511 ] ] ] } },
{ "type": "Feature", "properties": { "NTAName": "Park Slope", "total_pop": 92006.0, "chinese_pop": 3975.0, "chinese_pct": 4.3203704106253937 }, "geometry": { "type": "Polygon", "coordinates": [ [ [ -73.996033, 40.66806 ], [ -73.994845, 40.666805 ], [ -73.99277, 40.665507 ], [ -73.992238, 40.666133 ], [ -73.991734, 40.666736 ], [ -73.989312, 40.665567 ], [ -73.986951, 40.664425 ], [ -73.984591, 40.663284 ], [ -73.982231, 40.662142 ], [ -73.980171, 40.661155 ], [ -73.980061, 40.660791 ], [ -73.977511, 40.659863 ], [ -73.974482, 40.658339 ], [ -73.973792, 40.656392 ], [ -73.973555, 40.655644 ], [ -73.973051, 40.653913 ], [ -73.972683, 40.652639 ], [ -73.97262, 40.650835 ], [ -73.972082, 40.650635 ], [ -73.971397, 40.648258 ], [ -73.968793, 40.649249 ], [ -73.967028, 40.649948 ], [ -73.964654, 40.650887 ], [ -73.965242, 40.651742 ], [ -73.965751, 40.6525 ], [ -73.966213, 40.653189 ], [ -73.9619, 40.654871 ], [ -73.962814, 40.660504 ], [ -73.962884, 40.662622 ], [ -73.962429, 40.663125 ], [ -73.960956, 40.663285 ], [ -73.961258, 40.664802 ], [ -73.961806, 40.667681 ], [ -73.962194, 40.669641 ], [ -73.962622, 40.671629 ], [ -73.966297, 40.672677 ], [ -73.967486, 40.672878 ], [ -73.967191, 40.673694 ], [ -73.966942, 40.674416 ], [ -73.962954, 40.67359 ], [ -73.963331, 40.675561 ], [ -73.966296, 40.67618 ], [ -73.969178, 40.676785 ], [ -73.96886, 40.677665 ], [ -73.968542, 40.678543 ], [ -73.968227, 40.679422 ], [ -73.967954, 40.680189 ], [ -73.967678, 40.680955 ], [ -73.967477, 40.681754 ], [ -73.968664, 40.682 ], [ -73.969062, 40.684157 ], [ -73.96949, 40.686288 ], [ -73.971433, 40.686064 ], [ -73.972398, 40.685954 ], [ -73.973119, 40.685781 ], [ -73.974281, 40.685513 ], [ -73.974616, 40.687191 ], [ -73.97559, 40.687086 ], [ -73.976545, 40.686994 ], [ -73.979363, 40.686682 ], [ -73.981817, 40.68733 ], [ -73.982661, 40.686086 ], [ -73.983953, 40.684182 ], [ -73.984375, 40.683543 ], [ -73.984797, 40.682909 ], [ -73.985231, 40.68228 ], [ -73.986104, 40.681009 ], [ -73.987668, 40.680818 ], [ -73.98808, 40.680172 ], [ -73.989388, 40.678285 ], [ -73.989914, 40.67685 ], [ -73.990426, 40.676249 ], [ -73.990145, 40.676112 ], [ -73.992369, 40.673813 ], [ -73.992875, 40.673213 ], [ -73.993379, 40.672604 ], [ -73.994384, 40.671403 ], [ -73.995392, 40.670195 ], [ -73.995895, 40.669593 ], [ -73.996426, 40.669006 ], [ -73.996033, 40.66806 ] ] ] } },
{ "type": "Feature", "properties": { "NTAName": "Old Astoria-Hallets Point", "total_pop": 33575.0, "chinese_pop": 1437.0, "chinese_pct": 4.2799702159344744 }, "geometry": { "type": "Polygon", "coordinates": [ [ [ -73.925745, 40.778405 ], [ -73.927708, 40.780964 ], [ -73.930619, 40.782246 ], [ -73.935433, 40.783249 ], [ -73.936239, 40.785687 ], [ -73.931788, 40.790173 ], [ -73.935049, 40.79169 ], [ -73.935217, 40.791782 ], [ -73.935337, 40.791837 ], [ -73.937737, 40.792816 ], [ -73.938649, 40.791558 ], [ -73.939132, 40.790905 ], [ -73.939562, 40.790317 ], [ -73.940066, 40.789626 ], [ -73.94056, 40.788949 ], [ -73.941019, 40.788319 ], [ -73.941937, 40.787065 ], [ -73.943319, 40.785174 ], [ -73.944723, 40.783247 ], [ -73.945213, 40.782571 ], [ -73.94567, 40.781947 ], [ -73.946131, 40.781316 ], [ -73.946591, 40.780692 ], [ -73.947049, 40.780064 ], [ -73.947508, 40.779438 ], [ -73.947968, 40.778807 ], [ -73.945711, 40.77786 ], [ -73.943379, 40.776868 ], [ -73.942685, 40.777498 ], [ -73.942235, 40.777567 ], [ -73.941937, 40.776031 ], [ -73.944337, 40.773108 ], [ -73.94019, 40.772955 ], [ -73.940145, 40.772951 ], [ -73.937466, 40.772504 ], [ -73.934956, 40.77173 ], [ -73.935323, 40.770485 ], [ -73.941312, 40.766918 ], [ -73.944715, 40.762879 ], [ -73.947832, 40.758989 ], [ -73.95084, 40.755219 ], [ -73.949144, 40.754485 ], [ -73.947267, 40.756474 ], [ -73.945814, 40.757799 ], [ -73.944167, 40.759308 ], [ -73.9397, 40.766411 ], [ -73.93859, 40.766817 ], [ -73.936184, 40.767692 ], [ -73.934935, 40.767013 ], [ -73.933627, 40.766292 ], [ -73.930365, 40.764491 ], [ -73.928556, 40.766714 ], [ -73.927821, 40.767616 ], [ -73.92715, 40.768442 ], [ -73.926473, 40.769271 ], [ -73.925076, 40.768619 ], [ -73.923525, 40.767893 ], [ -73.922189, 40.767267 ], [ -73.920587, 40.766521 ], [ -73.919778, 40.766152 ], [ -73.918493, 40.767735 ], [ -73.919956, 40.76844 ], [ -73.918116, 40.770029 ], [ -73.918998, 40.770309 ], [ -73.921242, 40.768378 ], [ -73.922204, 40.769223 ], [ -73.923634, 40.770428 ], [ -73.924783, 40.771355 ], [ -73.9259, 40.772262 ], [ -73.924928, 40.773489 ], [ -73.923981, 40.774615 ], [ -73.923269, 40.775186 ], [ -73.923758, 40.776547 ], [ -73.922649, 40.777423 ], [ -73.921395, 40.778454 ], [ -73.920127, 40.779489 ], [ -73.919113, 40.780323 ], [ -73.917966, 40.781256 ], [ -73.919965, 40.782635 ], [ -73.920999, 40.781749 ], [ -73.924816, 40.778758 ], [ -73.925745, 40.778405 ] ] ] } },
{ "type": "Feature", "properties": { "NTAName": "Ozone Park (North)", "total_pop": 78803.0, "chinese_pop": 3359.0, "chinese_pct": 4.2625280763422717 }, "geometry": { "type": "Polygon", "coordinates": [ [ [ -73.85619, 40.689759 ], [ -73.858737, 40.689041 ], [ -73.861349, 40.688695 ], [ -73.86291, 40.687796 ], [ -73.864706, 40.687562 ], [ -73.865592, 40.687434 ], [ -73.867018, 40.68683 ], [ -73.869084, 40.686322 ], [ -73.869909, 40.686116 ], [ -73.870704, 40.685918 ], [ -73.872739, 40.68541 ], [ -73.872187, 40.683649 ], [ -73.87157, 40.681686 ], [ -73.8712, 40.680222 ], [ -73.869342, 40.680191 ], [ -73.867541, 40.680429 ], [ -73.865748, 40.680652 ], [ -73.863787, 40.681114 ], [ -73.863349, 40.679352 ], [ -73.862028, 40.677886 ], [ -73.861712, 40.676611 ], [ -73.861318, 40.675021 ], [ -73.859283, 40.674453 ], [ -73.858252, 40.674136 ], [ -73.856487, 40.673377 ], [ -73.856465, 40.674719 ], [ -73.856871, 40.676455 ], [ -73.857669, 40.678739 ], [ -73.856801, 40.67951 ], [ -73.854393, 40.67966 ], [ -73.853924, 40.679686 ], [ -73.853257, 40.679728 ], [ -73.852466, 40.675584 ], [ -73.849736, 40.675984 ], [ -73.848824, 40.676114 ], [ -73.843837, 40.676744 ], [ -73.844055, 40.678054 ], [ -73.844383, 40.678773 ], [ -73.844928, 40.680274 ], [ -73.844724, 40.680707 ], [ -73.843074, 40.680463 ], [ -73.839764, 40.679997 ], [ -73.839521, 40.679962 ], [ -73.83883, 40.679862 ], [ -73.836781, 40.679571 ], [ -73.83565, 40.679273 ], [ -73.834185, 40.678874 ], [ -73.833325, 40.678657 ], [ -73.834545, 40.681176 ], [ -73.835369, 40.682843 ], [ -73.835056, 40.683015 ], [ -73.835951, 40.684844 ], [ -73.831723, 40.686051 ], [ -73.832743, 40.688042 ], [ -73.831852, 40.688293 ], [ -73.833104, 40.690828 ], [ -73.830526, 40.691431 ], [ -73.8313, 40.693058 ], [ -73.832148, 40.692831 ], [ -73.834806, 40.692071 ], [ -73.837167, 40.696866 ], [ -73.837899, 40.696369 ], [ -73.838791, 40.695853 ], [ -73.839483, 40.695582 ], [ -73.839634, 40.695535 ], [ -73.840351, 40.695383 ], [ -73.841135, 40.695284 ], [ -73.842946, 40.695193 ], [ -73.843442, 40.695187 ], [ -73.845397, 40.695157 ], [ -73.84644, 40.695026 ], [ -73.847733, 40.694775 ], [ -73.845967, 40.691166 ], [ -73.844995, 40.689162 ], [ -73.847051, 40.688586 ], [ -73.848844, 40.688079 ], [ -73.848985, 40.688038 ], [ -73.85007, 40.689841 ], [ -73.852165, 40.693661 ], [ -73.853839, 40.693051 ], [ -73.854679, 40.692831 ], [ -73.85732, 40.692623 ], [ -73.856645, 40.691015 ], [ -73.85619, 40.689759 ] ] ] } },
{ "type": "Feature", "properties": { "NTAName": "Upper East Side-Lenox Hill-Roosevelt Island", "total_pop": 149723.0, "chinese_pop": 6284.0, "chinese_pct": 4.1970839483579683 }, "geometry": { "type": "Polygon", "coordinates": [ [ [ -73.935855, 40.777212 ], [ -73.934412, 40.778093 ], [ -73.937608, 40.781754 ], [ -73.943604, 40.78265 ], [ -73.944054, 40.782964 ], [ -73.944723, 40.783247 ], [ -73.945213, 40.782571 ], [ -73.94567, 40.781947 ], [ -73.946131, 40.781316 ], [ -73.946591, 40.780692 ], [ -73.947049, 40.780064 ], [ -73.947508, 40.779438 ], [ -73.947968, 40.778807 ], [ -73.945711, 40.77786 ], [ -73.943379, 40.776868 ], [ -73.942685, 40.777498 ], [ -73.942235, 40.777567 ], [ -73.941937, 40.776031 ], [ -73.944337, 40.773108 ], [ -73.944466, 40.773065 ], [ -73.945728, 40.773622 ], [ -73.946195, 40.772985 ], [ -73.946656, 40.772351 ], [ -73.94901, 40.773342 ], [ -73.951261, 40.774292 ], [ -73.950798, 40.774927 ], [ -73.950339, 40.775564 ], [ -73.952705, 40.776561 ], [ -73.954945, 40.777504 ], [ -73.956546, 40.77818 ], [ -73.958165, 40.778861 ], [ -73.95909, 40.777592 ], [ -73.960515, 40.775642 ], [ -73.961475, 40.774324 ], [ -73.962865, 40.77242 ], [ -73.963326, 40.771786 ], [ -73.964782, 40.769796 ], [ -73.966607, 40.767291 ], [ -73.967974, 40.765413 ], [ -73.969801, 40.762914 ], [ -73.968187, 40.762227 ], [ -73.966583, 40.761552 ], [ -73.964314, 40.760599 ], [ -73.963556, 40.760281 ], [ -73.961966, 40.759619 ], [ -73.962432, 40.758981 ], [ -73.962925, 40.758309 ], [ -73.963412, 40.757637 ], [ -73.963871, 40.757008 ], [ -73.964325, 40.756381 ], [ -73.964786, 40.755756 ], [ -73.96524, 40.75513 ], [ -73.965696, 40.754505 ], [ -73.966157, 40.753878 ], [ -73.966616, 40.753244 ], [ -73.967227, 40.752688 ], [ -73.965055, 40.751813 ], [ -73.964862, 40.752011 ], [ -73.964715, 40.751717 ], [ -73.96156, 40.749458 ], [ -73.961491, 40.749494 ], [ -73.957732, 40.747775 ], [ -73.956842, 40.748828 ], [ -73.951367, 40.754524 ], [ -73.95084, 40.755219 ], [ -73.947832, 40.758989 ], [ -73.944715, 40.762879 ], [ -73.941312, 40.766918 ], [ -73.935323, 40.770485 ], [ -73.934956, 40.77173 ], [ -73.934246, 40.771029 ], [ -73.933515, 40.772012 ], [ -73.932685, 40.7727 ], [ -73.931817, 40.774214 ], [ -73.931046, 40.773981 ], [ -73.930264, 40.775468 ], [ -73.935855, 40.777212 ] ] ] } },
{ "type": "Feature", "properties": { "NTAName": "Jamaica Hills-Briarwood", "total_pop": 78202.0, "chinese_pop": 3237.0, "chinese_pct": 4.1392803253113728 }, "geometry": { "type": "Polygon", "coordinates": [ [ [ -73.790708, 40.719269 ], [ -73.790402, 40.720095 ], [ -73.790509, 40.723471 ], [ -73.791745, 40.725776 ], [ -73.795883, 40.724415 ], [ -73.796752, 40.724117 ], [ -73.798472, 40.72353 ], [ -73.799332, 40.723235 ], [ -73.800194, 40.72294 ], [ -73.799001, 40.720145 ], [ -73.802693, 40.719514 ], [ -73.803973, 40.719288 ], [ -73.808605, 40.718415 ], [ -73.80904, 40.719912 ], [ -73.811448, 40.719248 ], [ -73.812118, 40.719062 ], [ -73.81285, 40.718859 ], [ -73.815155, 40.718257 ], [ -73.817186, 40.717662 ], [ -73.819305, 40.717136 ], [ -73.821705, 40.71736 ], [ -73.823726, 40.717481 ], [ -73.824881, 40.717365 ], [ -73.825859, 40.720463 ], [ -73.827129, 40.724304 ], [ -73.827555, 40.724961 ], [ -73.830255, 40.726143 ], [ -73.831468, 40.727664 ], [ -73.8317, 40.728034 ], [ -73.833071, 40.729919 ], [ -73.833863, 40.730553 ], [ -73.836081, 40.734334 ], [ -73.836044, 40.739173 ], [ -73.836628, 40.739252 ], [ -73.837089, 40.741748 ], [ -73.835861, 40.743228 ], [ -73.835925, 40.743501 ], [ -73.835676, 40.744851 ], [ -73.835399, 40.74552 ], [ -73.83424, 40.747302 ], [ -73.833099, 40.747994 ], [ -73.832181, 40.751506 ], [ -73.832295, 40.751942 ], [ -73.835602, 40.751395 ], [ -73.837674, 40.754114 ], [ -73.837917, 40.754541 ], [ -73.838211, 40.755253 ], [ -73.838619, 40.757045 ], [ -73.843244, 40.755337 ], [ -73.846017, 40.760805 ], [ -73.846863, 40.760416 ], [ -73.846709, 40.761345 ], [ -73.848515, 40.763822 ], [ -73.849215, 40.764209 ], [ -73.850281, 40.76606 ], [ -73.853702, 40.76948 ], [ -73.854982, 40.767448 ], [ -73.860433, 40.763869 ], [ -73.860937, 40.763729 ], [ -73.859756, 40.761836 ], [ -73.85604, 40.759726 ], [ -73.85464, 40.758466 ], [ -73.853654, 40.756835 ], [ -73.853126, 40.755109 ], [ -73.852617, 40.753405 ], [ -73.852205, 40.752661 ], [ -73.850864, 40.749996 ], [ -73.854421, 40.748805 ], [ -73.85326, 40.746834 ], [ -73.852918, 40.746171 ], [ -73.852241, 40.744841 ], [ -73.850525, 40.741514 ], [ -73.850116, 40.740724 ], [ -73.847841, 40.739927 ], [ -73.847757, 40.739299 ], [ -73.847558, 40.739064 ], [ -73.847325, 40.738771 ], [ -73.847214, 40.738644 ], [ -73.844957, 40.733987 ], [ -73.844347, 40.732979 ], [ -73.843505, 40.731814 ], [ -73.842814, 40.731153 ], [ -73.841468, 40.729998 ], [ -73.840327, 40.728807 ], [ -73.839445, 40.727537 ], [ -73.838362, 40.725562 ], [ -73.836524, 40.722371 ], [ -73.836038, 40.72177 ], [ -73.835963, 40.721677 ], [ -73.834959, 40.719412 ], [ -73.833481, 40.718333 ], [ -73.829796, 40.715566 ], [ -73.831385, 40.714529 ], [ -73.830982, 40.71431 ], [ -73.830082, 40.713914 ], [ -73.83038, 40.71362 ], [ -73.829314, 40.712423 ], [ -73.82913, 40.712154 ], [ -73.82836, 40.711129 ], [ -73.827785, 40.71066 ], [ -73.827722, 40.710603 ], [ -73.827215, 40.709995 ], [ -73.826532, 40.708145 ], [ -73.822979, 40.706192 ], [ -73.822256, 40.705456 ], [ -73.819314, 40.70587 ], [ -73.819119, 40.706665 ], [ -73.818313, 40.706164 ], [ -73.816477, 40.70245 ], [ -73.814429, 40.698335 ], [ -73.814194, 40.69858 ], [ -73.811474, 40.699353 ], [ -73.809732, 40.69985 ], [ -73.807742, 40.700582 ], [ -73.804129, 40.70146 ], [ -73.802409, 40.701852 ], [ -73.79992, 40.702474 ], [ -73.800201, 40.703341 ], [ -73.801657, 40.705761 ], [ -73.799144, 40.706685 ], [ -73.798258, 40.707016 ], [ -73.796317, 40.707723 ], [ -73.797314, 40.70927 ], [ -73.795617, 40.709753 ], [ -73.794731, 40.710012 ], [ -73.793038, 40.710711 ], [ -73.792029, 40.711069 ], [ -73.791014, 40.711433 ], [ -73.790215, 40.711717 ], [ -73.789012, 40.712073 ], [ -73.788597, 40.712344 ], [ -73.791402, 40.713021 ], [ -73.789405, 40.713418 ], [ -73.789264, 40.714704 ], [ -73.788785, 40.715258 ], [ -73.788417, 40.715763 ], [ -73.788356, 40.716137 ], [ -73.788349, 40.716516 ], [ -73.788412, 40.716894 ], [ -73.788546, 40.717259 ], [ -73.787892, 40.717705 ], [ -73.788841, 40.718736 ], [ -73.790896, 40.718876 ], [ -73.790708, 40.719269 ] ] ] } },
{ "type": "Feature", "properties": { "NTAName": "Astoria (Central)", "total_pop": 71296.0, "chinese_pop": 2901.0, "chinese_pct": 4.0689519748653504 }, "geometry": { "type": "Polygon", "coordinates": [ [ [ -73.931046, 40.773981 ], [ -73.931817, 40.774214 ], [ -73.932685, 40.7727 ], [ -73.930772, 40.772108 ], [ -73.930126, 40.772114 ], [ -73.931278, 40.771516 ], [ -73.932726, 40.769699 ], [ -73.933445, 40.768818 ], [ -73.934935, 40.767013 ], [ -73.936184, 40.767692 ], [ -73.93859, 40.766817 ], [ -73.937635, 40.766475 ], [ -73.936005, 40.765885 ], [ -73.937005, 40.76424 ], [ -73.935414, 40.763497 ], [ -73.933981, 40.762826 ], [ -73.936791, 40.759883 ], [ -73.93425, 40.758695 ], [ -73.933353, 40.758274 ], [ -73.932152, 40.75771 ], [ -73.928956, 40.756213 ], [ -73.928154, 40.755836 ], [ -73.926554, 40.755086 ], [ -73.924157, 40.753961 ], [ -73.922905, 40.755506 ], [ -73.921659, 40.757051 ], [ -73.919799, 40.759349 ], [ -73.917888, 40.761695 ], [ -73.915791, 40.764268 ], [ -73.914992, 40.763892 ], [ -73.913701, 40.76548 ], [ -73.912103, 40.76473 ], [ -73.911305, 40.764354 ], [ -73.910505, 40.763979 ], [ -73.908492, 40.766452 ], [ -73.910088, 40.767204 ], [ -73.911681, 40.767963 ], [ -73.910942, 40.76885 ], [ -73.910241, 40.769427 ], [ -73.911673, 40.769645 ], [ -73.912893, 40.770521 ], [ -73.91431, 40.771523 ], [ -73.915395, 40.77229 ], [ -73.917077, 40.773475 ], [ -73.918455, 40.774449 ], [ -73.919827, 40.775416 ], [ -73.922649, 40.777423 ], [ -73.921395, 40.778454 ], [ -73.920127, 40.779489 ], [ -73.919113, 40.780323 ], [ -73.917966, 40.781256 ], [ -73.919965, 40.782635 ], [ -73.920999, 40.781749 ], [ -73.924816, 40.778758 ], [ -73.925745, 40.778405 ], [ -73.926318, 40.778242 ], [ -73.928277, 40.776899 ], [ -73.929881, 40.776222 ], [ -73.931847, 40.777892 ], [ -73.934412, 40.778093 ], [ -73.935855, 40.777212 ], [ -73.930264, 40.775468 ], [ -73.931046, 40.773981 ] ] ] } },
{ "type": "Feature", "properties": { "NTAName": "Arden Heights-Rossville", "total_pop": 55547.0, "chinese_pop": 2252.0, "chinese_pct": 4.0542243505499851 }, "geometry": { "type": "Polygon", "coordinates": [ [ [ -74.217769, 40.541126 ], [ -74.214771, 40.541369 ], [ -74.212077, 40.541371 ], [ -74.207973, 40.541671 ], [ -74.20699, 40.541747 ], [ -74.206534, 40.539878 ], [ -74.205637, 40.537838 ], [ -74.203093, 40.532483 ], [ -74.202962, 40.531987 ], [ -74.202571, 40.529594 ], [ -74.201171, 40.526754 ], [ -74.199843, 40.527858 ], [ -74.191744, 40.531917 ], [ -74.193274, 40.534885 ], [ -74.189696, 40.536915 ], [ -74.186785, 40.539608 ], [ -74.180721, 40.546673 ], [ -74.176498, 40.544487 ], [ -74.175987, 40.545142 ], [ -74.175088, 40.546714 ], [ -74.174691, 40.549308 ], [ -74.174682, 40.549661 ], [ -74.167572, 40.550575 ], [ -74.168052, 40.552718 ], [ -74.168524, 40.554852 ], [ -74.169827, 40.561078 ], [ -74.169611, 40.566443 ], [ -74.169835, 40.570879 ], [ -74.169919, 40.573974 ], [ -74.168713, 40.585284 ], [ -74.167872, 40.588523 ], [ -74.167614, 40.588927 ], [ -74.165787, 40.590708 ], [ -74.163317, 40.592508 ], [ -74.166787, 40.593853 ], [ -74.168836, 40.594721 ], [ -74.167996, 40.597922 ], [ -74.167197, 40.602076 ], [ -74.172022, 40.602702 ], [ -74.174836, 40.602324 ], [ -74.178239, 40.599811 ], [ -74.179541, 40.596746 ], [ -74.186222, 40.589818 ], [ -74.185499, 40.588509 ], [ -74.189956, 40.585675 ], [ -74.19111, 40.58583 ], [ -74.194703, 40.584849 ], [ -74.199795, 40.582103 ], [ -74.200584, 40.579511 ], [ -74.204412, 40.58017 ], [ -74.206323347433596, 40.579892618626097 ], [ -74.206413122211501, 40.579519040983094 ], [ -74.2074652824152, 40.5751407118114 ], [ -74.208703704504401, 40.569987295495608 ], [ -74.210887, 40.560902 ], [ -74.211221167830502, 40.56057871586809 ], [ -74.213171900843804, 40.558691517366903 ], [ -74.213752921523195, 40.558129420274291 ], [ -74.215603623409706, 40.5563389949304 ], [ -74.216495746340897, 40.555475928048899 ], [ -74.216997, 40.554991 ], [ -74.217207846821495, 40.554991878162497 ], [ -74.217383172566699, 40.5549926083822 ], [ -74.229002, 40.555041 ], [ -74.235335453956097, 40.5511192159247 ], [ -74.247808, 40.543396 ], [ -74.247647324792993, 40.543075416468902 ], [ -74.245226767323402, 40.538245854552599 ], [ -74.2441961785606, 40.536189595900197 ], [ -74.241732, 40.531273 ], [ -74.241846579993094, 40.530245150061901 ], [ -74.242427680318798, 40.525032338316898 ], [ -74.239267, 40.52518 ], [ -74.23946, 40.521279 ], [ -74.231981, 40.520888 ], [ -74.229859, 40.520017 ], [ -74.229482, 40.519084 ], [ -74.228233, 40.519195 ], [ -74.22691, 40.519172 ], [ -74.225574, 40.518522 ], [ -74.223735, 40.518203 ], [ -74.223102, 40.518341 ], [ -74.217356, 40.52093 ], [ -74.213546, 40.521235 ], [ -74.214098, 40.524098 ], [ -74.21556, 40.523968 ], [ -74.21661, 40.528178 ], [ -74.216846, 40.528642 ], [ -74.217756, 40.531449 ], [ -74.218315, 40.535312 ], [ -74.2178, 40.53775 ], [ -74.217678, 40.540131 ], [ -74.217769, 40.541126 ] ] ] } },
{ "type": "Feature", "properties": { "NTAName": "Central Park", "total_pop": 146670.0, "chinese_pop": 5704.0, "chinese_pct": 3.889002522669939 }, "geometry": { "type": "Polygon", "coordinates": [ [ [ -73.951094, 40.800091 ], [ -73.952508, 40.800686 ], [ -73.953477, 40.801917 ], [ -73.956321, 40.803115 ], [ -73.957782, 40.803728 ], [ -73.958204, 40.803894 ], [ -73.958249, 40.803107 ], [ -73.959147, 40.801844 ], [ -73.959647, 40.801156 ], [ -73.961077, 40.8018 ], [ -73.963861, 40.802972 ], [ -73.96476, 40.801741 ], [ -73.965215, 40.801111 ], [ -73.965711, 40.800437 ], [ -73.966206, 40.799761 ], [ -73.966662, 40.799133 ], [ -73.967575, 40.79787 ], [ -73.968476, 40.796643 ], [ -73.969415, 40.795361 ], [ -73.96987, 40.794736 ], [ -73.970368, 40.794051 ], [ -73.970858, 40.79338 ], [ -73.971316, 40.792753 ], [ -73.971773, 40.792127 ], [ -73.972233, 40.791498 ], [ -73.97269, 40.79087 ], [ -73.973147, 40.790244 ], [ -73.973607, 40.789615 ], [ -73.974064, 40.788989 ], [ -73.974522, 40.78836 ], [ -73.975016, 40.787687 ], [ -73.975976, 40.786369 ], [ -73.976902, 40.785098 ], [ -73.977365, 40.784464 ], [ -73.977827, 40.783831 ], [ -73.978326, 40.783147 ], [ -73.978823, 40.782465 ], [ -73.979748, 40.781195 ], [ -73.98021, 40.780561 ], [ -73.980673, 40.779925 ], [ -73.981135, 40.779292 ], [ -73.981621, 40.778608 ], [ -73.981992, 40.778118 ], [ -73.982118, 40.777923 ], [ -73.982583, 40.777303 ], [ -73.979746, 40.776106 ], [ -73.980203, 40.775479 ], [ -73.98066, 40.774852 ], [ -73.981573, 40.773602 ], [ -73.982222, 40.773873 ], [ -73.984412, 40.774808 ], [ -73.984879, 40.774155 ], [ -73.985332, 40.773531 ], [ -73.985792, 40.772904 ], [ -73.986238, 40.772299 ], [ -73.986695, 40.771668 ], [ -73.987146, 40.771054 ], [ -73.987615, 40.770415 ], [ -73.988063, 40.769791 ], [ -73.985218, 40.768595 ], [ -73.98238, 40.7674 ], [ -73.982877, 40.766715 ], [ -73.983367, 40.766045 ], [ -73.983822, 40.765418 ], [ -73.984283, 40.764792 ], [ -73.981434, 40.763594 ], [ -73.978601, 40.762396 ], [ -73.977686, 40.763645 ], [ -73.977196, 40.764324 ], [ -73.976703, 40.764996 ], [ -73.976234, 40.765675 ], [ -73.973015, 40.764279 ], [ -73.971411, 40.763588 ], [ -73.969801, 40.762914 ], [ -73.967974, 40.765413 ], [ -73.966607, 40.767291 ], [ -73.964782, 40.769796 ], [ -73.966387, 40.770478 ], [ -73.967994, 40.771147 ], [ -73.967039, 40.772461 ], [ -73.966074, 40.773773 ], [ -73.964687, 40.775677 ], [ -73.963729, 40.776994 ], [ -73.96323, 40.777677 ], [ -73.962303, 40.778947 ], [ -73.961361, 40.780241 ], [ -73.960416, 40.781532 ], [ -73.959469, 40.782833 ], [ -73.958096, 40.784718 ], [ -73.956487, 40.784044 ], [ -73.954877, 40.783363 ], [ -73.953961, 40.784616 ], [ -73.953503, 40.785247 ], [ -73.953045, 40.785874 ], [ -73.952551, 40.786549 ], [ -73.954163, 40.787227 ], [ -73.955778, 40.787914 ], [ -73.955275, 40.788584 ], [ -73.954817, 40.789205 ], [ -73.951609, 40.787858 ], [ -73.950241, 40.789744 ], [ -73.949766, 40.790372 ], [ -73.949303, 40.790999 ], [ -73.948846, 40.791622 ], [ -73.948386, 40.792256 ], [ -73.947896, 40.792928 ], [ -73.946946, 40.794234 ], [ -73.946042, 40.795467 ], [ -73.947645, 40.796157 ], [ -73.94922, 40.79691 ], [ -73.948311, 40.798129 ], [ -73.946974, 40.799961 ], [ -73.948625, 40.800666 ], [ -73.950186, 40.801332 ], [ -73.951094, 40.800091 ] ] ] } },
{ "type": "Feature", "properties": { "NTAName": "Highland Park-Cypress Hills Cemeteries (South)", "total_pop": 9606.0, "chinese_pop": 371.0, "chinese_pct": 3.8621694774099518 }, "geometry": { "type": "Polygon", "coordinates": [ [ [ -73.864557, 40.69552 ], [ -73.863687, 40.695691 ], [ -73.862452, 40.695996 ], [ -73.860164, 40.696385 ], [ -73.858331, 40.696744 ], [ -73.852664, 40.697572 ], [ -73.852711, 40.698415 ], [ -73.853775, 40.69991 ], [ -73.854566, 40.700594 ], [ -73.854125, 40.700765 ], [ -73.850706, 40.700208 ], [ -73.84908, 40.698351 ], [ -73.848221, 40.698545 ], [ -73.847017, 40.698842 ], [ -73.845025, 40.699359 ], [ -73.842938, 40.700554 ], [ -73.841564, 40.701101 ], [ -73.83843, 40.703386 ], [ -73.836962, 40.704212 ], [ -73.838091, 40.706133 ], [ -73.837147, 40.707957 ], [ -73.839011, 40.708555 ], [ -73.843016, 40.709176 ], [ -73.84568, 40.70848 ], [ -73.849517, 40.708392 ], [ -73.851099, 40.707901 ], [ -73.854746, 40.706767 ], [ -73.854641, 40.70529 ], [ -73.853692, 40.704315 ], [ -73.852151, 40.702251 ], [ -73.855293, 40.702596 ], [ -73.855292, 40.701844 ], [ -73.856914, 40.701885 ], [ -73.857028, 40.70117 ], [ -73.858579, 40.701238 ], [ -73.85815, 40.702898 ], [ -73.858288, 40.702911 ], [ -73.863254, 40.703392 ], [ -73.863794, 40.703334 ], [ -73.864728, 40.703259 ], [ -73.86564, 40.703183 ], [ -73.867247, 40.703052 ], [ -73.869156, 40.702893 ], [ -73.869819, 40.702838 ], [ -73.870733, 40.702762 ], [ -73.871648, 40.702687 ], [ -73.875431, 40.702374 ], [ -73.876398, 40.702294 ], [ -73.876228, 40.701727 ], [ -73.881054, 40.699774 ], [ -73.882697, 40.700718 ], [ -73.885842, 40.699965 ], [ -73.887713, 40.699678 ], [ -73.888189, 40.69886 ], [ -73.887921, 40.697999 ], [ -73.88688, 40.696652 ], [ -73.886488, 40.696439 ], [ -73.888286, 40.695237 ], [ -73.891957, 40.694411 ], [ -73.892452, 40.695226 ], [ -73.895426, 40.694171 ], [ -73.893981, 40.693076 ], [ -73.893263, 40.692203 ], [ -73.896955, 40.69192 ], [ -73.897366, 40.694119 ], [ -73.90003, 40.693437 ], [ -73.901291, 40.692303 ], [ -73.901241, 40.691438 ], [ -73.901805, 40.690766 ], [ -73.901162, 40.687878 ], [ -73.896518, 40.682397 ], [ -73.8942, 40.685309 ], [ -73.892523, 40.683424 ], [ -73.891975, 40.682743 ], [ -73.894312, 40.681566 ], [ -73.893733, 40.680854 ], [ -73.893185, 40.680161 ], [ -73.892328, 40.680569 ], [ -73.889774, 40.681801 ], [ -73.888191, 40.682556 ], [ -73.886505, 40.683349 ], [ -73.882203, 40.68536 ], [ -73.881645, 40.68327 ], [ -73.881168, 40.681354 ], [ -73.880609, 40.679111 ], [ -73.879279, 40.679487 ], [ -73.878379, 40.679742 ], [ -73.877429, 40.680017 ], [ -73.877867, 40.682039 ], [ -73.878362, 40.684009 ], [ -73.879075, 40.686882 ], [ -73.876681, 40.688088 ], [ -73.874054, 40.689299 ], [ -73.872603, 40.689921 ], [ -73.870948, 40.690502 ], [ -73.870128, 40.690709 ], [ -73.868059, 40.691184 ], [ -73.86651, 40.691421 ], [ -73.864115, 40.691824 ], [ -73.863312, 40.691962 ], [ -73.864557, 40.69552 ] ] ] } },
{ "type": "Feature", "properties": { "NTAName": "Cypress Hills", "total_pop": 67590.0, "chinese_pop": 2610.0, "chinese_pct": 3.8615179760319571 }, "geometry": { "type": "Polygon", "coordinates": [ [ [ -73.868717, 40.694622 ], [ -73.868917, 40.69515 ], [ -73.870708, 40.697697 ], [ -73.869314, 40.699355 ], [ -73.869156, 40.702893 ], [ -73.869819, 40.702838 ], [ -73.870733, 40.702762 ], [ -73.871648, 40.702687 ], [ -73.875431, 40.702374 ], [ -73.876398, 40.702294 ], [ -73.876228, 40.701727 ], [ -73.881054, 40.699774 ], [ -73.882697, 40.700718 ], [ -73.885842, 40.699965 ], [ -73.887713, 40.699678 ], [ -73.888189, 40.69886 ], [ -73.887921, 40.697999 ], [ -73.88688, 40.696652 ], [ -73.886488, 40.696439 ], [ -73.888286, 40.695237 ], [ -73.891957, 40.694411 ], [ -73.892452, 40.695226 ], [ -73.895426, 40.694171 ], [ -73.893981, 40.693076 ], [ -73.893263, 40.692203 ], [ -73.896955, 40.69192 ], [ -73.897366, 40.694119 ], [ -73.90003, 40.693437 ], [ -73.901291, 40.692303 ], [ -73.901241, 40.691438 ], [ -73.901805, 40.690766 ], [ -73.904142, 40.688568 ], [ -73.905343, 40.68682 ], [ -73.904494, 40.686299 ], [ -73.905433, 40.68366 ], [ -73.906376, 40.682802 ], [ -73.907126, 40.68323 ], [ -73.908517, 40.681804 ], [ -73.907018, 40.680948 ], [ -73.905493, 40.680037 ], [ -73.907833, 40.678116 ], [ -73.908088, 40.67619 ], [ -73.907125, 40.676248 ], [ -73.90524, 40.676145 ], [ -73.903463, 40.676016 ], [ -73.902535, 40.675884 ], [ -73.900792, 40.676572 ], [ -73.89999, 40.6769 ], [ -73.899307, 40.673982 ], [ -73.897485, 40.674255 ], [ -73.895499, 40.674551 ], [ -73.89367, 40.674822 ], [ -73.892766, 40.674956 ], [ -73.890959, 40.675224 ], [ -73.889151, 40.675496 ], [ -73.888256, 40.675625 ], [ -73.887371, 40.675756 ], [ -73.885668, 40.676009 ], [ -73.884854, 40.676129 ], [ -73.883226, 40.67637 ], [ -73.882331, 40.676501 ], [ -73.880505, 40.676766 ], [ -73.880609, 40.679111 ], [ -73.879279, 40.679487 ], [ -73.878379, 40.679742 ], [ -73.877429, 40.680017 ], [ -73.877339, 40.680055 ], [ -73.876565, 40.68018 ], [ -73.875177, 40.68008 ], [ -73.872587, 40.677866 ], [ -73.870439, 40.677218 ], [ -73.869776, 40.677027 ], [ -73.868868, 40.677156 ], [ -73.868547, 40.677206 ], [ -73.868855, 40.678445 ], [ -73.869342, 40.680191 ], [ -73.867541, 40.680429 ], [ -73.865748, 40.680652 ], [ -73.863787, 40.681114 ], [ -73.864101, 40.682373 ], [ -73.866027, 40.681918 ], [ -73.866295, 40.683189 ], [ -73.86387, 40.683878 ], [ -73.862123, 40.684375 ], [ -73.860805, 40.684741 ], [ -73.860477, 40.684843 ], [ -73.861349, 40.688695 ], [ -73.861657, 40.690047 ], [ -73.861811, 40.690724 ], [ -73.862148, 40.69215 ], [ -73.862443, 40.692104 ], [ -73.863312, 40.691962 ], [ -73.864557, 40.69552 ], [ -73.866814, 40.695065 ], [ -73.868717, 40.694622 ] ] ] } },
{ "type": "Feature", "properties": { "NTAName": "Carroll Gardens-Cobble Hill-Gowanus-Red Hook", "total_pop": 85641.0, "chinese_pop": 3281.0, "chinese_pct": 3.83110893146974 }, "geometry": { "type": "MultiPolygon", "coordinates": [ [ [ [ -74.007379, 40.687255 ], [ -74.008220139261496, 40.686709686229101 ], [ -74.008473726657101, 40.6865452845595 ], [ -74.012113182521006, 40.684185811530405 ], [ -74.015145297025498, 40.6822200802062 ], [ -74.015271133147905, 40.682138500171099 ], [ -74.018873464039402, 40.679803095402299 ], [ -74.019431583534796, 40.679441264418301 ], [ -74.020467, 40.67877 ], [ -74.019674159100504, 40.671635876716707 ], [ -74.019664338181002, 40.671547506338506 ], [ -74.01900209432452, 40.665588518452608 ], [ -74.018660957516701, 40.662518908844199 ], [ -74.0178, 40.662544 ], [ -74.009911, 40.664953 ], [ -74.006265, 40.662814 ], [ -74.004369, 40.66148 ], [ -74.004655, 40.66095 ], [ -74.005301, 40.660312 ], [ -74.00273, 40.658785 ], [ -74.002161, 40.659356 ], [ -74.000454, 40.661032 ], [ -73.99987, 40.661589 ], [ -73.997534, 40.663834 ], [ -73.996958, 40.664393 ], [ -73.995098, 40.663272 ], [ -73.992838, 40.661909 ], [ -73.990635, 40.660579 ], [ -73.990052, 40.661139 ], [ -73.988924, 40.662283 ], [ -73.988769, 40.662432 ], [ -73.988335, 40.662805 ], [ -73.990517, 40.664163 ], [ -73.99277, 40.665507 ], [ -73.992238, 40.666133 ], [ -73.991734, 40.666736 ], [ -73.99073, 40.667941 ], [ -73.990226, 40.668544 ], [ -73.989723, 40.669146 ], [ -73.989222, 40.669749 ], [ -73.988726, 40.670342 ], [ -73.987715, 40.671557 ], [ -73.987211, 40.672161 ], [ -73.986709, 40.672767 ], [ -73.985707, 40.673966 ], [ -73.984702, 40.675173 ], [ -73.984199, 40.675774 ], [ -73.983901, 40.676148 ], [ -73.983472, 40.676781 ], [ -73.983041, 40.677417 ], [ -73.982182, 40.678686 ], [ -73.981755, 40.679317 ], [ -73.981324, 40.679952 ], [ -73.980463, 40.681221 ], [ -73.979605, 40.682489 ], [ -73.978743, 40.68376 ], [ -73.978337, 40.684395 ], [ -73.978026, 40.684864 ], [ -73.979363, 40.686682 ], [ -73.981817, 40.68733 ], [ -73.986155, 40.689018 ], [ -73.987, 40.687773 ], [ -73.988289, 40.685869 ], [ -73.990468, 40.686728 ], [ -73.993269, 40.687825 ], [ -73.993005, 40.688364 ], [ -73.992364, 40.68969 ], [ -73.990686, 40.689142 ], [ -73.990096, 40.689706 ], [ -73.989662, 40.690334 ], [ -73.989261, 40.690977 ], [ -73.988932, 40.692086 ], [ -73.990972, 40.692549 ], [ -73.990447, 40.693735 ], [ -73.990663, 40.694561 ], [ -73.9921, 40.694947 ], [ -73.992424, 40.694276 ], [ -73.993103, 40.692846 ], [ -73.99508, 40.693147 ], [ -73.996716, 40.693439 ], [ -73.997609, 40.693601 ], [ -74.000025, 40.694097 ], [ -74.000477565563699, 40.695076816447909 ], [ -74.000617379114303, 40.6951221683874 ], [ -74.002408, 40.695703 ], [ -74.002963386008304, 40.69475914544401 ], [ -74.003392228350506, 40.694030346387898 ], [ -74.003890244212997, 40.693183989919198 ], [ -74.004320454192893, 40.692452866622098 ], [ -74.004744196431304, 40.691732734972497 ], [ -74.005167870788398, 40.691012718684298 ], [ -74.0060272619275, 40.689552220526302 ], [ -74.006512105830794, 40.688728249233797 ], [ -74.007379, 40.687255 ] ] ], [ [ [ -74.026302, 40.684844 ], [ -74.024638, 40.683943 ], [ -74.019858, 40.685579 ], [ -74.016173, 40.687075 ], [ -74.013429, 40.687953 ], [ -74.012132, 40.690679 ], [ -74.01546, 40.693382 ], [ -74.0195, 40.693382 ], [ -74.019838722150496, 40.693029455510597 ], [ -74.025916817874403, 40.6867033290685 ], [ -74.026288, 40.686317 ], [ -74.026302, 40.684844 ] ] ] ] } },
{ "type": "Feature", "properties": { "NTAName": "Glendale", "total_pop": 64252.0, "chinese_pop": 2436.0, "chinese_pct": 3.79132167092075 }, "geometry": { "type": "Polygon", "coordinates": [ [ [ -73.904288, 40.693278 ], [ -73.902073, 40.691999 ], [ -73.901241, 40.691438 ], [ -73.901805, 40.690766 ], [ -73.901162, 40.687878 ], [ -73.896518, 40.682397 ], [ -73.8942, 40.685309 ], [ -73.892523, 40.683424 ], [ -73.89014, 40.685005 ], [ -73.889607, 40.684214 ], [ -73.884517, 40.686691 ], [ -73.883777, 40.687863 ], [ -73.879616, 40.691106 ], [ -73.874021, 40.694191 ], [ -73.868917, 40.69515 ], [ -73.868717, 40.694622 ], [ -73.866814, 40.695065 ], [ -73.864557, 40.69552 ], [ -73.863687, 40.695691 ], [ -73.862452, 40.695996 ], [ -73.860164, 40.696385 ], [ -73.858331, 40.696744 ], [ -73.852664, 40.697572 ], [ -73.852711, 40.698415 ], [ -73.853775, 40.69991 ], [ -73.854566, 40.700594 ], [ -73.854125, 40.700765 ], [ -73.850706, 40.700208 ], [ -73.84908, 40.698351 ], [ -73.848221, 40.698545 ], [ -73.847017, 40.698842 ], [ -73.845025, 40.699359 ], [ -73.842938, 40.700554 ], [ -73.841564, 40.701101 ], [ -73.83843, 40.703386 ], [ -73.836962, 40.704212 ], [ -73.838091, 40.706133 ], [ -73.837147, 40.707957 ], [ -73.839011, 40.708555 ], [ -73.843016, 40.709176 ], [ -73.846027, 40.709689 ], [ -73.850916, 40.710471 ], [ -73.855745, 40.71123 ], [ -73.854662, 40.712947 ], [ -73.85426, 40.713592 ], [ -73.853447, 40.714877 ], [ -73.853033, 40.715519 ], [ -73.852227, 40.716807 ], [ -73.85655, 40.71839 ], [ -73.857772, 40.716456 ], [ -73.858235, 40.719596 ], [ -73.858522, 40.721529 ], [ -73.859358, 40.7214 ], [ -73.859223, 40.720296 ], [ -73.859129, 40.719544 ], [ -73.863018, 40.717708 ], [ -73.865476, 40.720281 ], [ -73.867969, 40.719268 ], [ -73.870531, 40.718161 ], [ -73.872392, 40.717831 ], [ -73.871694, 40.71426 ], [ -73.871618, 40.71329 ], [ -73.874325, 40.713196 ], [ -73.875478, 40.71312 ], [ -73.878292, 40.712831 ], [ -73.880063, 40.712653 ], [ -73.885076, 40.712161 ], [ -73.886879, 40.712223 ], [ -73.888546, 40.712275 ], [ -73.888776, 40.712286 ], [ -73.895025, 40.712478 ], [ -73.900184, 40.712681 ], [ -73.900596, 40.712697 ], [ -73.899855, 40.711265 ], [ -73.899709, 40.710981 ], [ -73.899356, 40.710323 ], [ -73.898453, 40.70904 ], [ -73.898003, 40.708401 ], [ -73.897563, 40.707759 ], [ -73.897231, 40.707091 ], [ -73.89694, 40.706499 ], [ -73.896331, 40.705274 ], [ -73.895692, 40.70396 ], [ -73.894956, 40.701897 ], [ -73.894388, 40.700784 ], [ -73.896096, 40.700667 ], [ -73.896271, 40.700653 ], [ -73.896721, 40.700617 ], [ -73.898369, 40.700518 ], [ -73.899116, 40.700511 ], [ -73.9002, 40.700501 ], [ -73.901327, 40.700492 ], [ -73.90249, 40.700484 ], [ -73.902953, 40.700005 ], [ -73.900813, 40.698742 ], [ -73.900102, 40.698319 ], [ -73.901219, 40.697171 ], [ -73.905043, 40.693704 ], [ -73.904288, 40.693278 ] ] ] } },
{ "type": "Feature", "properties": { "NTAName": "East Elmhurst", "total_pop": 29624.0, "chinese_pop": 1107.0, "chinese_pct": 3.7368349986497433 }, "geometry": { "type": "Polygon", "coordinates": [ [ [ -73.875807, 40.760308 ], [ -73.875139, 40.756634 ], [ -73.874809, 40.754806 ], [ -73.874455, 40.752859 ], [ -73.873528, 40.752962 ], [ -73.873119, 40.750735 ], [ -73.870842, 40.751545 ], [ -73.871792, 40.753326 ], [ -73.872692, 40.75503 ], [ -73.873657, 40.756804 ], [ -73.872219, 40.756943 ], [ -73.871324, 40.757036 ], [ -73.870414, 40.757132 ], [ -73.867463, 40.757442 ], [ -73.86657, 40.757536 ], [ -73.863715, 40.757726 ], [ -73.862807, 40.757759 ], [ -73.861906, 40.757795 ], [ -73.860999, 40.757825 ], [ -73.858561, 40.757912 ], [ -73.855608, 40.758305 ], [ -73.85464, 40.758466 ], [ -73.853654, 40.756835 ], [ -73.853126, 40.755109 ], [ -73.852617, 40.753405 ], [ -73.852205, 40.752661 ], [ -73.850864, 40.749996 ], [ -73.854421, 40.748805 ], [ -73.85326, 40.746834 ], [ -73.852918, 40.746171 ], [ -73.852241, 40.744841 ], [ -73.850525, 40.741514 ], [ -73.850116, 40.740724 ], [ -73.847841, 40.739927 ], [ -73.847757, 40.739299 ], [ -73.847558, 40.739064 ], [ -73.847325, 40.738771 ], [ -73.847214, 40.738644 ], [ -73.844957, 40.733987 ], [ -73.844347, 40.732979 ], [ -73.843505, 40.731814 ], [ -73.842814, 40.731153 ], [ -73.841468, 40.729998 ], [ -73.840327, 40.728807 ], [ -73.839445, 40.727537 ], [ -73.838362, 40.725562 ], [ -73.836524, 40.722371 ], [ -73.836038, 40.72177 ], [ -73.835963, 40.721677 ], [ -73.834959, 40.719412 ], [ -73.833481, 40.718333 ], [ -73.829796, 40.715566 ], [ -73.831385, 40.714529 ], [ -73.830982, 40.71431 ], [ -73.826976, 40.715391 ], [ -73.825705, 40.716063 ], [ -73.821428, 40.716787 ], [ -73.820323, 40.71666 ], [ -73.819305, 40.717136 ], [ -73.821705, 40.71736 ], [ -73.823726, 40.717481 ], [ -73.824881, 40.717365 ], [ -73.825859, 40.720463 ], [ -73.827129, 40.724304 ], [ -73.827555, 40.724961 ], [ -73.830255, 40.726143 ], [ -73.831468, 40.727664 ], [ -73.8317, 40.728034 ], [ -73.833071, 40.729919 ], [ -73.833863, 40.730553 ], [ -73.836081, 40.734334 ], [ -73.836044, 40.739173 ], [ -73.836628, 40.739252 ], [ -73.837089, 40.741748 ], [ -73.835861, 40.743228 ], [ -73.835925, 40.743501 ], [ -73.835676, 40.744851 ], [ -73.835399, 40.74552 ], [ -73.83424, 40.747302 ], [ -73.833099, 40.747994 ], [ -73.832181, 40.751506 ], [ -73.832295, 40.751942 ], [ -73.835602, 40.751395 ], [ -73.837674, 40.754114 ], [ -73.837917, 40.754541 ], [ -73.838211, 40.755253 ], [ -73.838619, 40.757045 ], [ -73.843244, 40.755337 ], [ -73.846017, 40.760805 ], [ -73.846863, 40.760416 ], [ -73.846709, 40.761345 ], [ -73.848515, 40.763822 ], [ -73.849215, 40.764209 ], [ -73.850281, 40.76606 ], [ -73.853702, 40.76948 ], [ -73.852642, 40.77208 ], [ -73.852897, 40.775457 ], [ -73.860505, 40.778984 ], [ -73.86542, 40.78497 ], [ -73.871631, 40.786798 ], [ -73.873088, 40.785855 ], [ -73.876973, 40.785778 ], [ -73.878307, 40.785357 ], [ -73.885303, 40.786685 ], [ -73.889428, 40.78057 ], [ -73.8919, 40.776755 ], [ -73.890459, 40.77755 ], [ -73.889077, 40.773574 ], [ -73.889424, 40.773046 ], [ -73.88904, 40.770916 ], [ -73.888726, 40.768916 ], [ -73.888461, 40.768859 ], [ -73.888252, 40.768658 ], [ -73.887818, 40.767202 ], [ -73.887731, 40.766915 ], [ -73.887552, 40.76635 ], [ -73.887064, 40.764873 ], [ -73.88673, 40.763053 ], [ -73.886397, 40.761216 ], [ -73.884536, 40.761414 ], [ -73.883607, 40.761511 ], [ -73.881748, 40.761705 ], [ -73.880818, 40.761807 ], [ -73.878954, 40.761984 ], [ -73.877973, 40.761795 ], [ -73.876992, 40.761621 ], [ -73.876014, 40.761444 ], [ -73.875807, 40.760308 ] ] ] } },
{ "type": "Feature", "properties": { "NTAName": "Ridgewood", "total_pop": 99128.0, "chinese_pop": 3689.0, "chinese_pct": 3.7214510531837623 }, "geometry": { "type": "Polygon", "coordinates": [ [ [ -73.904288, 40.693278 ], [ -73.902073, 40.691999 ], [ -73.901241, 40.691438 ], [ -73.901805, 40.690766 ], [ -73.901162, 40.687878 ], [ -73.896518, 40.682397 ], [ -73.8942, 40.685309 ], [ -73.892523, 40.683424 ], [ -73.89014, 40.685005 ], [ -73.889607, 40.684214 ], [ -73.884517, 40.686691 ], [ -73.883777, 40.687863 ], [ -73.879616, 40.691106 ], [ -73.874021, 40.694191 ], [ -73.868917, 40.69515 ], [ -73.870708, 40.697697 ], [ -73.869314, 40.699355 ], [ -73.869156, 40.702893 ], [ -73.869819, 40.702838 ], [ -73.870733, 40.702762 ], [ -73.871648, 40.702687 ], [ -73.875431, 40.702374 ], [ -73.876398, 40.702294 ], [ -73.876228, 40.701727 ], [ -73.881054, 40.699774 ], [ -73.882697, 40.700718 ], [ -73.885842, 40.699965 ], [ -73.887713, 40.699678 ], [ -73.888189, 40.69886 ], [ -73.890198, 40.698346 ], [ -73.891106, 40.698138 ], [ -73.892886, 40.69774 ], [ -73.893249, 40.700183 ], [ -73.893349, 40.700891 ], [ -73.89384, 40.70086 ], [ -73.892744, 40.701851 ], [ -73.88983, 40.702549 ], [ -73.888043, 40.702972 ], [ -73.888623, 40.704389 ], [ -73.889119, 40.705599 ], [ -73.888263, 40.70581 ], [ -73.886528, 40.706225 ], [ -73.885549, 40.706155 ], [ -73.885532, 40.706446 ], [ -73.881232, 40.706372 ], [ -73.877683, 40.707177 ], [ -73.879607, 40.71051 ], [ -73.880063, 40.712653 ], [ -73.885076, 40.712161 ], [ -73.886879, 40.712223 ], [ -73.88722, 40.713982 ], [ -73.887179, 40.714756 ], [ -73.887446, 40.715177 ], [ -73.887916, 40.715806 ], [ -73.889534, 40.717616 ], [ -73.890535, 40.718702 ], [ -73.892838, 40.716006 ], [ -73.894235, 40.717924 ], [ -73.892735, 40.719129 ], [ -73.894714, 40.721821 ], [ -73.894268, 40.723142 ], [ -73.895824, 40.723899 ], [ -73.900106, 40.723296 ], [ -73.899816, 40.721237 ], [ -73.897369, 40.720482 ], [ -73.900626, 40.719764 ], [ -73.900339, 40.71802 ], [ -73.898348, 40.719198 ], [ -73.897268, 40.718147 ], [ -73.899018, 40.717382 ], [ -73.901584, 40.716144 ], [ -73.901632, 40.716317 ], [ -73.906021, 40.715743 ], [ -73.90639, 40.717364 ], [ -73.90966, 40.717793 ], [ -73.911321, 40.719624 ], [ -73.912321, 40.719348 ], [ -73.915167, 40.718555 ], [ -73.921538, 40.716795 ], [ -73.922711, 40.716478 ], [ -73.923127, 40.717024 ], [ -73.924278, 40.718536 ], [ -73.92418, 40.72002 ], [ -73.927171, 40.725233 ], [ -73.927801, 40.726494 ], [ -73.929058, 40.727688 ], [ -73.931825, 40.728482 ], [ -73.932369, 40.728066 ], [ -73.934123, 40.726855 ], [ -73.936764, 40.724839 ], [ -73.936188, 40.724345 ], [ -73.935589, 40.722991 ], [ -73.935041, 40.721669 ], [ -73.936504, 40.721247 ], [ -73.934983, 40.717838 ], [ -73.936339, 40.716779 ], [ -73.935613, 40.715191 ], [ -73.934959, 40.713722 ], [ -73.934802, 40.713373 ], [ -73.932523, 40.708238 ], [ -73.932072, 40.707786 ], [ -73.921892, 40.709396 ], [ -73.91996, 40.708257 ], [ -73.919222, 40.707815 ], [ -73.917737, 40.706943 ], [ -73.916253, 40.706066 ], [ -73.915513, 40.705626 ], [ -73.914771, 40.705189 ], [ -73.914031, 40.704749 ], [ -73.913292, 40.704313 ], [ -73.914386, 40.703239 ], [ -73.9156, 40.702046 ], [ -73.917068, 40.700548 ], [ -73.916316, 40.700122 ], [ -73.915565, 40.699693 ], [ -73.914815, 40.699266 ], [ -73.914061, 40.698838 ], [ -73.912556, 40.697982 ], [ -73.911806, 40.697554 ], [ -73.911049, 40.697126 ], [ -73.909551, 40.696271 ], [ -73.908799, 40.695845 ], [ -73.908047, 40.695417 ], [ -73.906545, 40.69456 ], [ -73.9058, 40.694128 ], [ -73.905043, 40.693704 ], [ -73.904288, 40.693278 ] ], [ [ -73.898886, 40.69539 ], [ -73.898382, 40.696136 ], [ -73.896772, 40.696799 ], [ -73.89579, 40.694744 ], [ -73.896463, 40.694478 ], [ -73.893981, 40.693076 ], [ -73.893263, 40.692203 ], [ -73.896955, 40.69192 ], [ -73.897366, 40.694119 ], [ -73.90003, 40.693437 ], [ -73.898886, 40.69539 ] ] ] } },
{ "type": "Feature", "properties": { "NTAName": "Prospect Heights", "total_pop": 55101.0, "chinese_pop": 2036.0, "chinese_pct": 3.6950327580261697 }, "geometry": { "type": "Polygon", "coordinates": [ [ [ -73.965525, 40.686744 ], [ -73.967493, 40.686518 ], [ -73.96949, 40.686288 ], [ -73.971433, 40.686064 ], [ -73.972398, 40.685954 ], [ -73.973119, 40.685781 ], [ -73.974281, 40.685513 ], [ -73.973922, 40.683756 ], [ -73.97378, 40.683061 ], [ -73.975929, 40.683505 ], [ -73.977457, 40.684052 ], [ -73.976667, 40.682973 ], [ -73.976317, 40.682509 ], [ -73.977023, 40.681486 ], [ -73.977815, 40.680313 ], [ -73.977886, 40.680217 ], [ -73.978676, 40.679047 ], [ -73.97618, 40.678065 ], [ -73.976616, 40.677431 ], [ -73.977102, 40.676707 ], [ -73.97796, 40.675438 ], [ -73.975467, 40.674467 ], [ -73.972955, 40.673488 ], [ -73.970859, 40.67273 ], [ -73.970409, 40.672617 ], [ -73.971325, 40.671248 ], [ -73.97282, 40.669427 ], [ -73.973323, 40.668825 ], [ -73.974331, 40.667621 ], [ -73.975337, 40.666419 ], [ -73.976334, 40.665214 ], [ -73.977343, 40.664012 ], [ -73.978349, 40.662799 ], [ -73.979654, 40.661241 ], [ -73.980171, 40.661155 ], [ -73.980061, 40.660791 ], [ -73.977511, 40.659863 ], [ -73.974482, 40.658339 ], [ -73.973792, 40.656392 ], [ -73.973555, 40.655644 ], [ -73.973051, 40.653913 ], [ -73.972683, 40.652639 ], [ -73.97262, 40.650835 ], [ -73.972082, 40.650635 ], [ -73.971397, 40.648258 ], [ -73.968793, 40.649249 ], [ -73.967028, 40.649948 ], [ -73.964654, 40.650887 ], [ -73.965242, 40.651742 ], [ -73.965751, 40.6525 ], [ -73.966213, 40.653189 ], [ -73.9619, 40.654871 ], [ -73.962814, 40.660504 ], [ -73.962884, 40.662622 ], [ -73.962429, 40.663125 ], [ -73.960956, 40.663285 ], [ -73.961258, 40.664802 ], [ -73.961806, 40.667681 ], [ -73.962194, 40.669641 ], [ -73.962622, 40.671629 ], [ -73.961338, 40.671352 ], [ -73.959047, 40.670882 ], [ -73.957974, 40.670657 ], [ -73.957339, 40.672414 ], [ -73.957021, 40.673294 ], [ -73.956703, 40.674171 ], [ -73.956386, 40.67505 ], [ -73.957487, 40.675281 ], [ -73.957149, 40.676154 ], [ -73.955749, 40.676807 ], [ -73.955475, 40.677576 ], [ -73.955309, 40.679273 ], [ -73.955642, 40.679258 ], [ -73.958292, 40.679831 ], [ -73.961312, 40.680456 ], [ -73.961611, 40.682375 ], [ -73.961671, 40.682691 ], [ -73.962107, 40.684891 ], [ -73.962547, 40.687089 ], [ -73.963509, 40.686977 ], [ -73.965525, 40.686744 ] ] ] } },
{ "type": "Feature", "properties": { "NTAName": "Ozone Park", "total_pop": 69454.0, "chinese_pop": 2518.0, "chinese_pct": 3.625421142050854 }, "geometry": { "type": "Polygon", "coordinates": [ [ [ -73.863787, 40.681114 ], [ -73.865748, 40.680652 ], [ -73.867541, 40.680429 ], [ -73.869342, 40.680191 ], [ -73.868855, 40.678445 ], [ -73.868547, 40.677206 ], [ -73.868868, 40.677156 ], [ -73.869776, 40.677027 ], [ -73.867258, 40.676113 ], [ -73.864554, 40.675151 ], [ -73.861764, 40.674233 ], [ -73.861064, 40.674343 ], [ -73.860389, 40.671269 ], [ -73.857633, 40.671656 ], [ -73.857282, 40.670312 ], [ -73.856847, 40.668603 ], [ -73.856425, 40.667033 ], [ -73.856063, 40.665511 ], [ -73.855685, 40.663867 ], [ -73.85843, 40.663453 ], [ -73.858025, 40.661721 ], [ -73.857615, 40.660119 ], [ -73.86036, 40.659646 ], [ -73.863171, 40.658277 ], [ -73.860676, 40.654868 ], [ -73.860483, 40.654659 ], [ -73.853617, 40.659735 ], [ -73.851127, 40.661513 ], [ -73.849505, 40.662441 ], [ -73.848813, 40.662804 ], [ -73.849417, 40.663567 ], [ -73.849918, 40.664627 ], [ -73.850338, 40.666323 ], [ -73.850721, 40.667861 ], [ -73.851098, 40.669412 ], [ -73.8481, 40.669831 ], [ -73.842266, 40.668272 ], [ -73.841652, 40.66597 ], [ -73.841254, 40.664212 ], [ -73.840404, 40.660833 ], [ -73.839725, 40.660951 ], [ -73.838959, 40.657551 ], [ -73.838554, 40.655892 ], [ -73.838034, 40.654253 ], [ -73.83763, 40.652508 ], [ -73.837227, 40.650916 ], [ -73.836813, 40.649249 ], [ -73.836331, 40.645321 ], [ -73.835664, 40.644058 ], [ -73.825337, 40.644248 ], [ -73.82641, 40.648261 ], [ -73.828392, 40.65603 ], [ -73.82987, 40.659967 ], [ -73.831781, 40.663674 ], [ -73.832705, 40.665406 ], [ -73.833312, 40.666759 ], [ -73.831021, 40.666209 ], [ -73.828079, 40.66609 ], [ -73.826953, 40.669718 ], [ -73.826385, 40.671533 ], [ -73.825818, 40.673353 ], [ -73.825252, 40.675168 ], [ -73.824673, 40.677031 ], [ -73.825406, 40.677147 ], [ -73.827595, 40.677501 ], [ -73.828837, 40.677692 ], [ -73.831083, 40.678151 ], [ -73.833325, 40.678657 ], [ -73.834545, 40.681176 ], [ -73.835369, 40.682843 ], [ -73.835056, 40.683015 ], [ -73.835951, 40.684844 ], [ -73.836936, 40.686843 ], [ -73.837278, 40.686747 ], [ -73.83906, 40.68624 ], [ -73.839923, 40.685995 ], [ -73.840769, 40.685754 ], [ -73.842175, 40.685354 ], [ -73.843003, 40.687038 ], [ -73.846173, 40.686139 ], [ -73.84698, 40.685904 ], [ -73.847608, 40.685722 ], [ -73.849369, 40.685227 ], [ -73.852801, 40.684253 ], [ -73.857867, 40.682805 ], [ -73.858727, 40.682553 ], [ -73.860486, 40.682052 ], [ -73.861364, 40.681803 ], [ -73.863787, 40.681114 ] ] ] } },
{ "type": "Feature", "properties": { "NTAName": "Upper West Side (Central)", "total_pop": 126486.0, "chinese_pop": 4333.0, "chinese_pct": 3.4256755688376579 }, "geometry": { "type": "Polygon", "coordinates": [ [ [ -73.986305491752205, 40.7956209628056 ], [ -73.988193543085799, 40.793022640252303 ], [ -73.990046673715298, 40.790472375318799 ], [ -73.991405036777493, 40.788603005923306 ], [ -73.991727131765998, 40.7881597411359 ], [ -73.9930299710349, 40.786366783182196 ], [ -73.994866853107595, 40.783838879394601 ], [ -73.995787713489506, 40.782571598014997 ], [ -73.98919, 40.779942 ], [ -73.988412, 40.779739 ], [ -73.987094, 40.779164 ], [ -73.985448, 40.778476 ], [ -73.982583, 40.777303 ], [ -73.982118, 40.777923 ], [ -73.981992, 40.778118 ], [ -73.981621, 40.778608 ], [ -73.981135, 40.779292 ], [ -73.980673, 40.779925 ], [ -73.977831, 40.77873 ], [ -73.974997, 40.777533 ], [ -73.974532, 40.778168 ], [ -73.974067, 40.778805 ], [ -73.973571, 40.779478 ], [ -73.971724, 40.782021 ], [ -73.971223, 40.782706 ], [ -73.97076, 40.78334 ], [ -73.970301, 40.783975 ], [ -73.969832, 40.784611 ], [ -73.969335, 40.785294 ], [ -73.968844, 40.785967 ], [ -73.968385, 40.786596 ], [ -73.967927, 40.787222 ], [ -73.96745, 40.787861 ], [ -73.966552, 40.789108 ], [ -73.966094, 40.789734 ], [ -73.965632, 40.790365 ], [ -73.965177, 40.790991 ], [ -73.964685, 40.791664 ], [ -73.964176, 40.792362 ], [ -73.963804, 40.792881 ], [ -73.962834, 40.794203 ], [ -73.964303, 40.794787 ], [ -73.965628, 40.795456 ], [ -73.968476, 40.796643 ], [ -73.967575, 40.79787 ], [ -73.969001, 40.798476 ], [ -73.970423, 40.799071 ], [ -73.971924, 40.799705 ], [ -73.974714, 40.800851 ], [ -73.980702017041693, 40.803332424066397 ], [ -73.982577837407604, 40.800750933682203 ], [ -73.984417440418696, 40.798219285358897 ], [ -73.984801788299507, 40.797690348592603 ], [ -73.986305491752205, 40.7956209628056 ] ] ] } },
{ "type": "Feature", "properties": { "NTAName": "Upper East Side-Yorkville", "total_pop": 121325.0, "chinese_pop": 4105.0, "chinese_pct": 3.3834741397073973 }, "geometry": { "type": "Polygon", "coordinates": [ [ [ -73.958165, 40.778861 ], [ -73.95909, 40.777592 ], [ -73.960515, 40.775642 ], [ -73.961475, 40.774324 ], [ -73.959857, 40.773643 ], [ -73.958255, 40.772965 ], [ -73.957794, 40.7736 ], [ -73.957294, 40.774283 ], [ -73.955055, 40.773337 ], [ -73.952686, 40.77234 ], [ -73.950435, 40.771391 ], [ -73.950932, 40.770709 ], [ -73.951398, 40.770073 ], [ -73.951858, 40.769441 ], [ -73.949253, 40.768355 ], [ -73.949042, 40.768263 ], [ -73.947973, 40.769512 ], [ -73.947502, 40.770121 ], [ -73.945138, 40.769107 ], [ -73.944658, 40.769846 ], [ -73.942146, 40.772037 ], [ -73.94019, 40.772955 ], [ -73.940145, 40.772951 ], [ -73.937466, 40.772504 ], [ -73.937858, 40.774088 ], [ -73.937655, 40.775086 ], [ -73.93638, 40.776921 ], [ -73.935855, 40.777212 ], [ -73.934412, 40.778093 ], [ -73.931847, 40.777892 ], [ -73.929881, 40.776222 ], [ -73.928277, 40.776899 ], [ -73.926318, 40.778242 ], [ -73.925745, 40.778405 ], [ -73.927708, 40.780964 ], [ -73.930619, 40.782246 ], [ -73.935433, 40.783249 ], [ -73.936239, 40.785687 ], [ -73.931788, 40.790173 ], [ -73.935049, 40.79169 ], [ -73.935217, 40.791782 ], [ -73.935337, 40.791837 ], [ -73.937737, 40.792816 ], [ -73.938649, 40.791558 ], [ -73.939132, 40.790905 ], [ -73.939562, 40.790317 ], [ -73.940066, 40.789626 ], [ -73.94056, 40.788949 ], [ -73.941019, 40.788319 ], [ -73.941937, 40.787065 ], [ -73.943319, 40.785174 ], [ -73.945696, 40.786173 ], [ -73.947924, 40.787121 ], [ -73.948378, 40.786497 ], [ -73.949981, 40.787173 ], [ -73.951609, 40.787858 ], [ -73.952058, 40.787222 ], [ -73.952551, 40.786549 ], [ -73.953045, 40.785874 ], [ -73.953503, 40.785247 ], [ -73.953961, 40.784616 ], [ -73.954877, 40.783363 ], [ -73.955793, 40.78211 ], [ -73.956253, 40.781482 ], [ -73.956708, 40.780856 ], [ -73.957202, 40.780179 ], [ -73.957702, 40.779496 ], [ -73.958165, 40.778861 ] ] ] } },
{ "type": "Feature", "properties": { "NTAName": "Manhattanville-West Harlem", "total_pop": 58520.0, "chinese_pop": 1930.0, "chinese_pct": 3.2980177717019825 }, "geometry": { "type": "Polygon", "coordinates": [ [ [ -73.952101, 40.811442 ], [ -73.95068, 40.810843 ], [ -73.950216, 40.811478 ], [ -73.949313, 40.812711 ], [ -73.948419, 40.813938 ], [ -73.947034, 40.81583 ], [ -73.948356, 40.816374 ], [ -73.947036, 40.819209 ], [ -73.946078, 40.821264 ], [ -73.945155, 40.820876 ], [ -73.942924, 40.82326 ], [ -73.943842, 40.823648 ], [ -73.944756, 40.824032 ], [ -73.946222, 40.824652 ], [ -73.947604, 40.825233 ], [ -73.948099, 40.824563 ], [ -73.948553, 40.82394 ], [ -73.949006, 40.823315 ], [ -73.949694, 40.823604 ], [ -73.951853, 40.82451 ], [ -73.953684, 40.825312 ], [ -73.954884, 40.825834 ], [ -73.957462, 40.82687 ], [ -73.962363690283397, 40.828813262339509 ], [ -73.963182, 40.8269 ], [ -73.963657546337004, 40.826298288308308 ], [ -73.965091811046506, 40.824483504390209 ], [ -73.965709717373898, 40.823701663731001 ], [ -73.965985090312202, 40.8233532326662 ], [ -73.967964031224994, 40.820849266613308 ], [ -73.968082, 40.8207 ], [ -73.971250004954697, 40.81634021455541 ], [ -73.965379, 40.813959 ], [ -73.964865, 40.813713 ], [ -73.963016, 40.812624 ], [ -73.962106, 40.812252 ], [ -73.961111, 40.81183 ], [ -73.958272, 40.810629 ], [ -73.957808, 40.811264 ], [ -73.954966, 40.810064 ], [ -73.953576, 40.809477 ], [ -73.952101, 40.811442 ] ] ] } },
{ "type": "Feature", "properties": { "NTAName": "Mount Olivet & All Faiths Cemeteries", "total_pop": 17839.0, "chinese_pop": 582.0, "chinese_pct": 3.2625147149503895 }, "geometry": { "type": "Polygon", "coordinates": [ [ [ -73.904772, 40.712866 ], [ -73.900596, 40.712697 ], [ -73.900184, 40.712681 ], [ -73.895025, 40.712478 ], [ -73.888776, 40.712286 ], [ -73.888546, 40.712275 ], [ -73.886879, 40.712223 ], [ -73.885076, 40.712161 ], [ -73.880063, 40.712653 ], [ -73.878292, 40.712831 ], [ -73.880207, 40.715244 ], [ -73.87909, 40.715537 ], [ -73.877186, 40.715622 ], [ -73.87722, 40.717226 ], [ -73.877385, 40.717205 ], [ -73.877941, 40.717898 ], [ -73.879557, 40.71715 ], [ -73.881642, 40.716183 ], [ -73.882381, 40.716172 ], [ -73.88505, 40.71618 ], [ -73.886351, 40.716017 ], [ -73.886662, 40.716396 ], [ -73.884229, 40.717524 ], [ -73.885318, 40.718909 ], [ -73.885473, 40.719384 ], [ -73.885159, 40.72048 ], [ -73.882888, 40.721319 ], [ -73.881307, 40.721416 ], [ -73.88092, 40.721603 ], [ -73.882435, 40.723509 ], [ -73.884842, 40.722392 ], [ -73.885641, 40.722022 ], [ -73.88724, 40.72128 ], [ -73.890175, 40.724947 ], [ -73.892656, 40.723888 ], [ -73.894113, 40.723214 ], [ -73.894678, 40.724999 ], [ -73.894974, 40.725407 ], [ -73.898613, 40.72574 ], [ -73.904395, 40.726357 ], [ -73.90707, 40.727466 ], [ -73.90741, 40.727209 ], [ -73.906028, 40.726413 ], [ -73.904206, 40.725763 ], [ -73.904288, 40.725072 ], [ -73.904571, 40.723009 ], [ -73.904563, 40.7226 ], [ -73.904096, 40.721031 ], [ -73.902617, 40.718618 ], [ -73.902101, 40.717996 ], [ -73.903972, 40.717721 ], [ -73.90639, 40.717364 ], [ -73.906021, 40.715743 ], [ -73.901632, 40.716317 ], [ -73.901584, 40.716144 ], [ -73.899018, 40.717382 ], [ -73.897502, 40.716384 ], [ -73.901158, 40.714622 ], [ -73.902854, 40.713793 ], [ -73.904772, 40.712866 ] ] ] } },
{ "type": "Feature", "properties": { "NTAName": "Annadale-Huguenot-Prince's Bay-Woodrow", "total_pop": 96716.0, "chinese_pop": 3152.0, "chinese_pct": 3.2590264278919721 }, "geometry": { "type": "Polygon", "coordinates": [ [ [ -74.247647324792993, 40.543075416468902 ], [ -74.245226767323402, 40.538245854552599 ], [ -74.2441961785606, 40.536189595900197 ], [ -74.241732, 40.531273 ], [ -74.241846579993094, 40.530245150061901 ], [ -74.242427680318798, 40.525032338316898 ], [ -74.239267, 40.52518 ], [ -74.23946, 40.521279 ], [ -74.231981, 40.520888 ], [ -74.229859, 40.520017 ], [ -74.229482, 40.519084 ], [ -74.230093, 40.518954 ], [ -74.232822, 40.516337 ], [ -74.23736, 40.513514 ], [ -74.239701, 40.511946 ], [ -74.243538, 40.510063 ], [ -74.24499, 40.509622 ], [ -74.245248, 40.509543 ], [ -74.251849, 40.507582 ], [ -74.256018386789606, 40.507643110681308 ], [ -74.255447037963705, 40.505510075064691 ], [ -74.254588, 40.502303 ], [ -74.250188, 40.496703 ], [ -74.246688, 40.496103 ], [ -74.239539177843099, 40.498865141576999 ], [ -74.236363409215599, 40.500092186028802 ], [ -74.23324, 40.501299 ], [ -74.232474895920006, 40.501373161578904 ], [ -74.226294434104105, 40.501972234068795 ], [ -74.221909068509802, 40.502397307787298 ], [ -74.219787, 40.502603 ], [ -74.210760565608695, 40.509237375970002 ], [ -74.210474, 40.509448 ], [ -74.199971648495406, 40.511718482777205 ], [ -74.199923, 40.511729 ], [ -74.196819297486897, 40.513284694634699 ], [ -74.182157, 40.520634 ], [ -74.177986, 40.519603 ], [ -74.177975167512997, 40.519607545634599 ], [ -74.176586956968805, 40.520190080181301 ], [ -74.168272105095099, 40.52367924001171 ], [ -74.160859, 40.52679 ], [ -74.159960361335607, 40.527358871820205 ], [ -74.159902464311301, 40.527395522797811 ], [ -74.149788648682105, 40.533797945633701 ], [ -74.149184929903498, 40.534180122157004 ], [ -74.148697, 40.534489 ], [ -74.145999741911595, 40.534912954129197 ], [ -74.144845387591701, 40.535094395157209 ], [ -74.144428, 40.53516 ], [ -74.142425090829605, 40.53448154910901 ], [ -74.133078, 40.543631 ], [ -74.135683, 40.546373 ], [ -74.137006, 40.546968 ], [ -74.138641, 40.548475 ], [ -74.14389, 40.544506 ], [ -74.145912, 40.542424 ], [ -74.147103, 40.541012 ], [ -74.149591, 40.538067 ], [ -74.15001, 40.537701 ], [ -74.151409, 40.536503 ], [ -74.151585, 40.536351 ], [ -74.152622, 40.535459 ], [ -74.153975, 40.534268 ], [ -74.155933, 40.535354 ], [ -74.157537, 40.536294 ], [ -74.15852, 40.537237 ], [ -74.161024, 40.539898 ], [ -74.164231, 40.543301 ], [ -74.165401, 40.544433 ], [ -74.165743, 40.545398 ], [ -74.166233, 40.547343 ], [ -74.166973, 40.54797 ], [ -74.167572, 40.550575 ], [ -74.168052, 40.552718 ], [ -74.168524, 40.554852 ], [ -74.169827, 40.561078 ], [ -74.171878, 40.561566 ], [ -74.173275, 40.560094 ], [ -74.175958, 40.555115 ], [ -74.178088, 40.550857 ], [ -74.178156, 40.552113 ], [ -74.179943, 40.551877 ], [ -74.181148, 40.557241 ], [ -74.180249, 40.558278 ], [ -74.180327, 40.559972 ], [ -74.180409, 40.560538 ], [ -74.181395, 40.565238 ], [ -74.18282, 40.565491 ], [ -74.185254, 40.564549 ], [ -74.187269, 40.564042 ], [ -74.189281, 40.563646 ], [ -74.190832, 40.562672 ], [ -74.192904, 40.562649 ], [ -74.197695, 40.558887 ], [ -74.191428, 40.552801 ], [ -74.193425, 40.552235 ], [ -74.195331, 40.551195 ], [ -74.199739, 40.549214 ], [ -74.200144, 40.548801 ], [ -74.203343, 40.556133 ], [ -74.205145, 40.557347 ], [ -74.207032, 40.557616 ], [ -74.206392, 40.558102 ], [ -74.211979, 40.557419 ], [ -74.213171900843804, 40.558691517366903 ], [ -74.213752921523195, 40.558129420274291 ], [ -74.215603623409706, 40.5563389949304 ], [ -74.216495746340897, 40.555475928048899 ], [ -74.216997, 40.554991 ], [ -74.217207846821495, 40.554991878162497 ], [ -74.217383172566699, 40.5549926083822 ], [ -74.229002, 40.555041 ], [ -74.235335453956097, 40.5511192159247 ], [ -74.247808, 40.543396 ], [ -74.247647324792993, 40.543075416468902 ] ] ] } },
{ "type": "Feature", "properties": { "NTAName": "Bushwick (East)", "total_pop": 100029.0, "chinese_pop": 3115.0, "chinese_pct": 3.1140969118955502 }, "geometry": { "type": "Polygon", "coordinates": [ [ [ -73.908299, 40.699882 ], [ -73.90736, 40.700804 ], [ -73.906208, 40.701931 ], [ -73.905284, 40.702838 ], [ -73.904124, 40.703974 ], [ -73.904865, 40.704409 ], [ -73.906352, 40.705285 ], [ -73.907093, 40.705722 ], [ -73.907836, 40.70616 ], [ -73.908989, 40.705032 ], [ -73.90973, 40.705471 ], [ -73.910655, 40.704564 ], [ -73.911807, 40.703435 ], [ -73.913292, 40.704313 ], [ -73.914386, 40.703239 ], [ -73.9156, 40.702046 ], [ -73.917068, 40.700548 ], [ -73.917819, 40.700976 ], [ -73.918572, 40.701404 ], [ -73.919323, 40.701831 ], [ -73.920075, 40.702259 ], [ -73.923082, 40.6992 ], [ -73.923833, 40.699628 ], [ -73.925273, 40.698161 ], [ -73.92725, 40.696142 ], [ -73.928231, 40.696666 ], [ -73.929316, 40.69764 ], [ -73.932267, 40.697315 ], [ -73.935222, 40.696986 ], [ -73.933118, 40.695791 ], [ -73.931929, 40.695115 ], [ -73.931458, 40.694855 ], [ -73.931145, 40.694674 ], [ -73.928507, 40.693166 ], [ -73.928043, 40.692904 ], [ -73.927811, 40.692774 ], [ -73.927071, 40.692346 ], [ -73.92645, 40.692002 ], [ -73.925365, 40.691367 ], [ -73.924392, 40.690831 ], [ -73.924127, 40.690005 ], [ -73.923979, 40.689275 ], [ -73.922072, 40.68949 ], [ -73.921214, 40.689019 ], [ -73.92055, 40.688641 ], [ -73.918783, 40.687626 ], [ -73.918294, 40.687357 ], [ -73.918046, 40.687213 ], [ -73.916046, 40.686072 ], [ -73.91529, 40.685645 ], [ -73.914701, 40.685317 ], [ -73.913037, 40.684368 ], [ -73.912273, 40.683935 ], [ -73.911512, 40.683505 ], [ -73.909275, 40.682235 ], [ -73.90886, 40.681994 ], [ -73.908517, 40.681804 ], [ -73.907018, 40.680948 ], [ -73.905493, 40.680037 ], [ -73.904791, 40.679641 ], [ -73.904046, 40.67922 ], [ -73.902622, 40.680664 ], [ -73.900283, 40.679442 ], [ -73.897769, 40.679926 ], [ -73.897494, 40.680074 ], [ -73.896615, 40.682008 ], [ -73.896518, 40.682397 ], [ -73.901162, 40.687878 ], [ -73.901805, 40.690766 ], [ -73.901241, 40.691438 ], [ -73.901291, 40.692303 ], [ -73.90003, 40.693437 ], [ -73.898886, 40.69539 ], [ -73.900503, 40.696739 ], [ -73.901219, 40.697171 ], [ -73.900102, 40.698319 ], [ -73.900813, 40.698742 ], [ -73.902953, 40.700005 ], [ -73.90249, 40.700484 ], [ -73.90488, 40.700271 ], [ -73.905605, 40.700192 ], [ -73.908299, 40.699882 ] ] ] } },
{ "type": "Feature", "properties": { "NTAName": "Snug Harbor", "total_pop": 11647.0, "chinese_pop": 358.0, "chinese_pct": 3.0737528977419077 }, "geometry": { "type": "Polygon", "coordinates": [ [ [ -74.106537, 40.634702 ], [ -74.105768, 40.630569 ], [ -74.105063, 40.627178 ], [ -74.103003, 40.6274 ], [ -74.10267, 40.630926 ], [ -74.099521, 40.631358 ], [ -74.09888, 40.631446 ], [ -74.097155, 40.631898 ], [ -74.097267, 40.633998 ], [ -74.095885, 40.635643 ], [ -74.092449, 40.635619 ], [ -74.093389, 40.6366 ], [ -74.094094, 40.639267 ], [ -74.091146, 40.639758 ], [ -74.087953, 40.640465 ], [ -74.087091, 40.640334 ], [ -74.086524, 40.642564 ], [ -74.08652, 40.643897 ], [ -74.088933, 40.646665 ], [ -74.089930770163406, 40.647946629831601 ], [ -74.100071853117598, 40.646020783984099 ], [ -74.100134772489199, 40.646008835259202 ], [ -74.101469556071706, 40.64575535272369 ], [ -74.107421808649406, 40.644624988149999 ], [ -74.110690550933697, 40.644004236521901 ], [ -74.112294089414206, 40.643699715994998 ], [ -74.120186, 40.642201 ], [ -74.120568259557203, 40.6421623508271 ], [ -74.120959324146796, 40.642122811402501 ], [ -74.120659, 40.641196 ], [ -74.118067, 40.641298 ], [ -74.117657, 40.638062 ], [ -74.115191, 40.638347 ], [ -74.112794, 40.637531 ], [ -74.111748, 40.637643 ], [ -74.109542, 40.637987 ], [ -74.107337, 40.63854 ], [ -74.106537, 40.634702 ] ] ] } },
{ "type": "Feature", "properties": { "NTAName": "Prospect Park", "total_pop": 60936.0, "chinese_pop": 1750.0, "chinese_pct": 2.8718655638702901 }, "geometry": { "type": "Polygon", "coordinates": [ [ [ -73.9619, 40.654871 ], [ -73.961691, 40.654951 ], [ -73.959861, 40.655635 ], [ -73.960073, 40.656486 ], [ -73.960243, 40.657232 ], [ -73.960426, 40.658072 ], [ -73.960484, 40.65841 ], [ -73.960622, 40.660205 ], [ -73.960662, 40.660947 ], [ -73.96077, 40.661734 ], [ -73.957044, 40.661965 ], [ -73.9537, 40.662174 ], [ -73.953849, 40.663728 ], [ -73.95721, 40.663517 ], [ -73.957292, 40.664303 ], [ -73.960337, 40.664108 ], [ -73.959245, 40.667142 ], [ -73.958609, 40.6689 ], [ -73.957974, 40.670657 ], [ -73.959047, 40.670882 ], [ -73.961338, 40.671352 ], [ -73.960709, 40.673122 ], [ -73.960074, 40.674878 ], [ -73.963183, 40.675529 ], [ -73.963331, 40.675561 ], [ -73.966296, 40.67618 ], [ -73.969178, 40.676785 ], [ -73.969498, 40.675906 ], [ -73.971904, 40.676413 ], [ -73.973687, 40.677078 ], [ -73.97618, 40.678065 ], [ -73.976616, 40.677431 ], [ -73.977102, 40.676707 ], [ -73.97796, 40.675438 ], [ -73.975467, 40.674467 ], [ -73.972955, 40.673488 ], [ -73.973385, 40.672854 ], [ -73.97382, 40.672222 ], [ -73.974698, 40.671175 ], [ -73.975196, 40.670576 ], [ -73.975696, 40.669973 ], [ -73.976201, 40.669372 ], [ -73.976705, 40.66877 ], [ -73.977208, 40.668169 ], [ -73.977717, 40.66757 ], [ -73.978212, 40.666963 ], [ -73.978715, 40.666361 ], [ -73.979224, 40.665749 ], [ -73.97972, 40.665155 ], [ -73.980222, 40.664552 ], [ -73.980724, 40.66395 ], [ -73.981225, 40.663347 ], [ -73.982231, 40.662142 ], [ -73.983237, 40.660937 ], [ -73.983918, 40.660137 ], [ -73.98448, 40.659598 ], [ -73.985071, 40.659029 ], [ -73.980653, 40.656381 ], [ -73.98007, 40.65694 ], [ -73.979513, 40.657479 ], [ -73.979023, 40.658052 ], [ -73.978514, 40.658656 ], [ -73.977511, 40.659863 ], [ -73.974482, 40.658339 ], [ -73.973792, 40.656392 ], [ -73.973555, 40.655644 ], [ -73.973051, 40.653913 ], [ -73.972683, 40.652639 ], [ -73.976347, 40.65122 ], [ -73.975533, 40.649698 ], [ -73.974959, 40.647796 ], [ -73.973504, 40.647595 ], [ -73.971397, 40.648258 ], [ -73.971211, 40.64762 ], [ -73.970841, 40.646378 ], [ -73.968428, 40.647335 ], [ -73.967546, 40.647683 ], [ -73.966665, 40.648029 ], [ -73.964903, 40.648721 ], [ -73.963984, 40.649085 ], [ -73.963075, 40.64944 ], [ -73.962186, 40.649789 ], [ -73.96302, 40.651532 ], [ -73.961407, 40.65217 ], [ -73.961597, 40.653173 ], [ -73.961759, 40.654071 ], [ -73.9619, 40.654871 ] ] ] } },
{ "type": "Feature", "properties": { "NTAName": "West New Brighton-Silver Lake-Grymes Hill", "total_pop": 74132.0, "chinese_pop": 2126.0, "chinese_pct": 2.8678573355635892 }, "geometry": { "type": "Polygon", "coordinates": [ [ [ -74.121448, 40.610173 ], [ -74.121384, 40.609899 ], [ -74.121339, 40.609684 ], [ -74.116764, 40.61087 ], [ -74.115014, 40.61108 ], [ -74.110239, 40.610198 ], [ -74.105349, 40.610215 ], [ -74.097658, 40.610503 ], [ -74.094473, 40.610329 ], [ -74.090568, 40.609002 ], [ -74.088888, 40.60823 ], [ -74.085559, 40.606906 ], [ -74.082909, 40.606307 ], [ -74.081644, 40.606178 ], [ -74.080695, 40.607389 ], [ -74.081395, 40.607801 ], [ -74.080189, 40.609189 ], [ -74.083194, 40.610528 ], [ -74.082976, 40.611461 ], [ -74.083578, 40.611625 ], [ -74.085262, 40.61208 ], [ -74.087487, 40.612932 ], [ -74.08721, 40.613307 ], [ -74.083234, 40.61622 ], [ -74.082744, 40.616581 ], [ -74.081103, 40.617789 ], [ -74.080001, 40.618553 ], [ -74.076955, 40.620161 ], [ -74.077855, 40.621197 ], [ -74.07826, 40.62199 ], [ -74.079218, 40.623871 ], [ -74.07997, 40.624483 ], [ -74.078166, 40.626466 ], [ -74.075647, 40.626664 ], [ -74.073505, 40.626876 ], [ -74.072687, 40.626845 ], [ -74.072322, 40.624863 ], [ -74.067741922666997, 40.625053012461798 ], [ -74.068168165998998, 40.628571446359899 ], [ -74.068198070458706, 40.628818293305898 ], [ -74.069314700050299, 40.638035534050303 ], [ -74.072575, 40.637972 ], [ -74.07684, 40.63775 ], [ -74.077899, 40.638094 ], [ -74.078846, 40.641995 ], [ -74.081473, 40.641512 ], [ -74.081101, 40.639922 ], [ -74.081927, 40.639871 ], [ -74.082282, 40.640601 ], [ -74.087206, 40.639896 ], [ -74.087091, 40.640334 ], [ -74.086524, 40.642564 ], [ -74.08652, 40.643897 ], [ -74.088933, 40.646665 ], [ -74.089930770163406, 40.647946629831601 ], [ -74.100071853117598, 40.646020783984099 ], [ -74.100134772489199, 40.646008835259202 ], [ -74.101469556071706, 40.64575535272369 ], [ -74.107421808649406, 40.644624988149999 ], [ -74.110690550933697, 40.644004236521901 ], [ -74.112294089414206, 40.643699715994998 ], [ -74.120186, 40.642201 ], [ -74.120568259557203, 40.6421623508271 ], [ -74.120959324146796, 40.642122811402501 ], [ -74.120659, 40.641196 ], [ -74.123744, 40.640202 ], [ -74.126962, 40.640181 ], [ -74.127015, 40.639319 ], [ -74.127032, 40.638377 ], [ -74.126888, 40.63721 ], [ -74.12867, 40.637348 ], [ -74.129001, 40.634334 ], [ -74.129446, 40.63366 ], [ -74.13047, 40.631676 ], [ -74.130461, 40.630897 ], [ -74.130247, 40.629609 ], [ -74.13131, 40.626328 ], [ -74.126664, 40.62689 ], [ -74.125133, 40.627102 ], [ -74.124603, 40.623342 ], [ -74.124266, 40.622304 ], [ -74.124024, 40.621702 ], [ -74.123998, 40.621625 ], [ -74.123736, 40.620971 ], [ -74.123391, 40.619167 ], [ -74.123491, 40.618502 ], [ -74.123621, 40.618059 ], [ -74.123576, 40.61668 ], [ -74.123281, 40.616003 ], [ -74.122647, 40.614631 ], [ -74.122557, 40.613076 ], [ -74.121448, 40.610173 ] ] ] } },
{ "type": "Feature", "properties": { "NTAName": "Brighton Beach", "total_pop": 64034.0, "chinese_pop": 1827.0, "chinese_pct": 2.8531717525064808 }, "geometry": { "type": "Polygon", "coordinates": [ [ [ -73.965129, 40.591108 ], [ -73.966519, 40.590953 ], [ -73.967445, 40.590851 ], [ -73.968371, 40.59075 ], [ -73.970224, 40.59054 ], [ -73.969823, 40.588427 ], [ -73.969423, 40.586307 ], [ -73.969063, 40.584 ], [ -73.970846, 40.58382 ], [ -73.974638, 40.583114 ], [ -73.974618, 40.582786 ], [ -73.974498, 40.581874 ], [ -73.974686, 40.579977 ], [ -73.976271, 40.579821 ], [ -73.976549, 40.575988 ], [ -73.976619, 40.575301 ], [ -73.981256, 40.575563 ], [ -73.983435, 40.575414 ], [ -73.985573, 40.57515 ], [ -73.989686, 40.574004 ], [ -73.991743, 40.57343 ], [ -73.991387, 40.571656 ], [ -73.994726, 40.57152 ], [ -74.000088, 40.571809 ], [ -74.002366, 40.572318 ], [ -74.002052002597296, 40.570622898105398 ], [ -73.991346, 40.57035 ], [ -73.990753599392605, 40.570418045004502 ], [ -73.982084456370401, 40.5714138101483 ], [ -73.959422235942895, 40.574016864351506 ], [ -73.955721, 40.574442 ], [ -73.952480218128599, 40.574840135519501 ], [ -73.952874, 40.576882 ], [ -73.946291, 40.577609 ], [ -73.939801, 40.578317 ], [ -73.940439, 40.581879 ], [ -73.940947, 40.581913 ], [ -73.941394, 40.583337 ], [ -73.941472, 40.583797 ], [ -73.938738, 40.583899 ], [ -73.938942, 40.584985 ], [ -73.939033, 40.58541 ], [ -73.939139, 40.585983 ], [ -73.94106, 40.585661 ], [ -73.943866, 40.585298 ], [ -73.946692, 40.585073 ], [ -73.947636, 40.584999 ], [ -73.94987, 40.584856 ], [ -73.951238, 40.584925 ], [ -73.95398, 40.585712 ], [ -73.956676, 40.585358 ], [ -73.960261, 40.585039 ], [ -73.96035, 40.587307 ], [ -73.960517, 40.589453 ], [ -73.96068, 40.591598 ], [ -73.965129, 40.591108 ] ] ] } },
{ "type": "Feature", "properties": { "NTAName": "Mariner's Harbor-Arlington-Graniteville", "total_pop": 61093.0, "chinese_pop": 1738.0, "chinese_pct": 2.8448431080483854 }, "geometry": { "type": "MultiPolygon", "coordinates": [ [ [ [ -74.161255, 40.64179 ], [ -74.159192, 40.641448 ], [ -74.157552, 40.643239 ], [ -74.157993789266598, 40.643840193347195 ], [ -74.158583, 40.644642 ], [ -74.1606047857872, 40.645431021175497 ], [ -74.161704, 40.64586 ], [ -74.161255, 40.64179 ] ] ], [ [ [ -74.171091907432597, 40.642876082302209 ], [ -74.173989374267705, 40.645037660946798 ], [ -74.174085, 40.645109 ], [ -74.178690407758907, 40.645419748116105 ], [ -74.180191, 40.645521 ], [ -74.1824082385683, 40.644702386563999 ], [ -74.1868204209173, 40.643073391017602 ], [ -74.189116628558494, 40.642225621880897 ], [ -74.1894, 40.642121 ], [ -74.191802543462501, 40.639827409089897 ], [ -74.1964546854975, 40.635386236286699 ], [ -74.198847308337704, 40.633102116110102 ], [ -74.20058, 40.631448 ], [ -74.201495790244493, 40.622571821989602 ], [ -74.201812, 40.619507 ], [ -74.200994, 40.616906 ], [ -74.200523505646402, 40.616835204912498 ], [ -74.196096, 40.616169 ], [ -74.195407, 40.601806 ], [ -74.19682, 40.597037 ], [ -74.204054, 40.589336 ], [ -74.2043390375147, 40.588149880185405 ], [ -74.204944586023103, 40.585630025613597 ], [ -74.206323347433596, 40.579892618626097 ], [ -74.204412, 40.58017 ], [ -74.200584, 40.579511 ], [ -74.199795, 40.582103 ], [ -74.194703, 40.584849 ], [ -74.19111, 40.58583 ], [ -74.189956, 40.585675 ], [ -74.185499, 40.588509 ], [ -74.186222, 40.589818 ], [ -74.179541, 40.596746 ], [ -74.178239, 40.599811 ], [ -74.184078, 40.602661 ], [ -74.181234, 40.605321 ], [ -74.175625, 40.612218 ], [ -74.164839, 40.610495 ], [ -74.160402, 40.609807 ], [ -74.162324, 40.608003 ], [ -74.162382, 40.60719 ], [ -74.160403, 40.607442 ], [ -74.15362, 40.608801 ], [ -74.149969, 40.60954 ], [ -74.146969, 40.610151 ], [ -74.146035, 40.617013 ], [ -74.145124, 40.616966 ], [ -74.142337, 40.616608 ], [ -74.139822, 40.6163 ], [ -74.139238, 40.61852 ], [ -74.138737, 40.620374 ], [ -74.138613, 40.621773 ], [ -74.138266, 40.624248 ], [ -74.137227, 40.624296 ], [ -74.13581, 40.625064 ], [ -74.138059, 40.627069 ], [ -74.136742, 40.628662 ], [ -74.135861, 40.628061 ], [ -74.133437, 40.629075 ], [ -74.131618, 40.630583 ], [ -74.130461, 40.630897 ], [ -74.13047, 40.631676 ], [ -74.130941, 40.633139 ], [ -74.135214, 40.635345 ], [ -74.135554, 40.6348 ], [ -74.136409, 40.634896 ], [ -74.136151, 40.635425 ], [ -74.136095, 40.636782 ], [ -74.135133, 40.63676 ], [ -74.133704604229095, 40.6408341725068 ], [ -74.136417325226901, 40.640559897028496 ], [ -74.142319524240406, 40.639963142530391 ], [ -74.143047902137994, 40.639889498319803 ], [ -74.148861213446693, 40.639301731003897 ], [ -74.152973, 40.638886 ], [ -74.154499431152303, 40.639179953716102 ], [ -74.160242435191606, 40.640285917373106 ], [ -74.161040760904896, 40.640439655594307 ], [ -74.164564139908094, 40.64111817316109 ], [ -74.167587280852501, 40.641700356978404 ], [ -74.170187, 40.642201 ], [ -74.171091907432597, 40.642876082302209 ] ] ] ] } },
{ "type": "Feature", "properties": { "NTAName": "Midwood", "total_pop": 91301.0, "chinese_pop": 2543.0, "chinese_pct": 2.7852926035859409 }, "geometry": { "type": "Polygon", "coordinates": [ [ [ -73.971374, 40.628966 ], [ -73.968929, 40.629231 ], [ -73.968478, 40.626841 ], [ -73.967553, 40.626944 ], [ -73.966645, 40.622163 ], [ -73.966189, 40.619773 ], [ -73.965739, 40.61738 ], [ -73.965287, 40.614992 ], [ -73.964358, 40.615094 ], [ -73.963361, 40.615204 ], [ -73.96286, 40.61255 ], [ -73.963853, 40.612433 ], [ -73.964781, 40.612331 ], [ -73.964296, 40.609777 ], [ -73.965224, 40.609674 ], [ -73.967668, 40.609404 ], [ -73.967261, 40.607259 ], [ -73.963891, 40.60763 ], [ -73.963724, 40.606758 ], [ -73.961886, 40.607336 ], [ -73.96238, 40.609986 ], [ -73.960444, 40.610202 ], [ -73.95952, 40.610302 ], [ -73.958593, 40.610403 ], [ -73.957669, 40.610504 ], [ -73.955741, 40.610715 ], [ -73.954796, 40.61082 ], [ -73.954389, 40.608675 ], [ -73.953922, 40.606217 ], [ -73.952724, 40.606349 ], [ -73.950764, 40.606565 ], [ -73.949837, 40.606667 ], [ -73.947948, 40.606876 ], [ -73.946059, 40.607082 ], [ -73.945132, 40.607183 ], [ -73.945598, 40.609643 ], [ -73.948414, 40.609333 ], [ -73.94882, 40.611477 ], [ -73.949306, 40.614031 ], [ -73.947458, 40.614199 ], [ -73.946574, 40.614789 ], [ -73.945737, 40.615363 ], [ -73.944827, 40.616046 ], [ -73.94347, 40.617385 ], [ -73.943145, 40.617426 ], [ -73.941282, 40.61763 ], [ -73.940453, 40.617929 ], [ -73.939716, 40.618406 ], [ -73.936867, 40.620253 ], [ -73.936336, 40.620611 ], [ -73.940805, 40.620125 ], [ -73.940851, 40.620458 ], [ -73.941229, 40.622517 ], [ -73.941681, 40.624907 ], [ -73.942645, 40.6248 ], [ -73.943093, 40.62719 ], [ -73.943409, 40.62956 ], [ -73.944155, 40.629508 ], [ -73.945511, 40.630792 ], [ -73.946479, 40.631708 ], [ -73.948819, 40.633902 ], [ -73.949449, 40.634508 ], [ -73.951059, 40.633635 ], [ -73.95201, 40.633531 ], [ -73.952462, 40.635922 ], [ -73.956241, 40.635509 ], [ -73.955473, 40.631431 ], [ -73.956616, 40.630591 ], [ -73.957299, 40.630512 ], [ -73.957753, 40.632903 ], [ -73.958198, 40.635289 ], [ -73.9584, 40.636327 ], [ -73.959525, 40.635786 ], [ -73.960409, 40.63536 ], [ -73.961312, 40.634926 ], [ -73.962203, 40.6345 ], [ -73.963946, 40.633662 ], [ -73.964805, 40.633249 ], [ -73.966777, 40.632295 ], [ -73.967926, 40.631744 ], [ -73.96841, 40.631509 ], [ -73.971568, 40.629988 ], [ -73.971374, 40.628966 ] ] ] } },
{ "type": "Feature", "properties": { "NTAName": "Astoria (North)-Ditmars-Steinway", "total_pop": 61925.0, "chinese_pop": 1723.0, "chinese_pct": 2.7823980621719824 }, "geometry": { "type": "Polygon", "coordinates": [ [ [ -73.911681, 40.767963 ], [ -73.910088, 40.767204 ], [ -73.908492, 40.766452 ], [ -73.906911, 40.765711 ], [ -73.905312, 40.764965 ], [ -73.904512, 40.764589 ], [ -73.903512, 40.76585 ], [ -73.902877, 40.766608 ], [ -73.902025, 40.767417 ], [ -73.900659, 40.767211 ], [ -73.89596, 40.766431 ], [ -73.894324, 40.766146 ], [ -73.8952, 40.76423 ], [ -73.897345, 40.761977 ], [ -73.896024, 40.762062 ], [ -73.89324, 40.762354 ], [ -73.892899, 40.760533 ], [ -73.887327, 40.761118 ], [ -73.886397, 40.761216 ], [ -73.88673, 40.763053 ], [ -73.887064, 40.764873 ], [ -73.887552, 40.76635 ], [ -73.887731, 40.766915 ], [ -73.884319, 40.767982 ], [ -73.877876, 40.771151 ], [ -73.876119, 40.771629 ], [ -73.872596, 40.771831 ], [ -73.869569, 40.771087 ], [ -73.868002, 40.770255 ], [ -73.865983, 40.76886 ], [ -73.863123, 40.766302 ], [ -73.860937, 40.763729 ], [ -73.860433, 40.763869 ], [ -73.854982, 40.767448 ], [ -73.853702, 40.76948 ], [ -73.852642, 40.77208 ], [ -73.852897, 40.775457 ], [ -73.860505, 40.778984 ], [ -73.86542, 40.78497 ], [ -73.871631, 40.786798 ], [ -73.873088, 40.785855 ], [ -73.876973, 40.785778 ], [ -73.878307, 40.785357 ], [ -73.885303, 40.786685 ], [ -73.888307, 40.787006 ], [ -73.89057, 40.790108 ], [ -73.892182, 40.790394 ], [ -73.899869, 40.792449 ], [ -73.912456, 40.796096 ], [ -73.913624, 40.796786 ], [ -73.919861, 40.799353 ], [ -73.921742, 40.801689 ], [ -73.923022, 40.802425 ], [ -73.925081, 40.802521 ], [ -73.925291, 40.802002 ], [ -73.927599, 40.79803 ], [ -73.927257, 40.794876 ], [ -73.928373, 40.792845 ], [ -73.92651, 40.790868 ], [ -73.930162, 40.791306 ], [ -73.931788, 40.790173 ], [ -73.936239, 40.785687 ], [ -73.935433, 40.783249 ], [ -73.930619, 40.782246 ], [ -73.927708, 40.780964 ], [ -73.925745, 40.778405 ], [ -73.926318, 40.778242 ], [ -73.928277, 40.776899 ], [ -73.927831, 40.776702 ], [ -73.927376, 40.776467 ], [ -73.923981, 40.774615 ], [ -73.924928, 40.773489 ], [ -73.9259, 40.772262 ], [ -73.924783, 40.771355 ], [ -73.923634, 40.770428 ], [ -73.922204, 40.769223 ], [ -73.921242, 40.768378 ], [ -73.918998, 40.770309 ], [ -73.918116, 40.770029 ], [ -73.919956, 40.76844 ], [ -73.918493, 40.767735 ], [ -73.919778, 40.766152 ], [ -73.918986, 40.765771 ], [ -73.91819, 40.765394 ], [ -73.916896, 40.766982 ], [ -73.914874, 40.76947 ], [ -73.913888, 40.769324 ], [ -73.91194, 40.76901 ], [ -73.910942, 40.76885 ], [ -73.911681, 40.767963 ] ] ] } },
{ "type": "Feature", "properties": { "NTAName": "Greenpoint", "total_pop": 82007.0, "chinese_pop": 2277.0, "chinese_pct": 2.7765922421256723 }, "geometry": { "type": "Polygon", "coordinates": [ [ [ -73.951842, 40.715442 ], [ -73.952754, 40.714736 ], [ -73.953485, 40.714069 ], [ -73.95291, 40.714061 ], [ -73.951624, 40.714066 ], [ -73.949372, 40.714067 ], [ -73.947719, 40.714216 ], [ -73.94607, 40.714372 ], [ -73.946186, 40.715067 ], [ -73.946533, 40.717198 ], [ -73.946723, 40.718392 ], [ -73.946744, 40.718548 ], [ -73.943427, 40.718934 ], [ -73.943285, 40.718226 ], [ -73.94317, 40.717517 ], [ -73.942687, 40.714692 ], [ -73.942066, 40.714729 ], [ -73.941218, 40.714707 ], [ -73.938696, 40.715323 ], [ -73.935613, 40.715191 ], [ -73.934959, 40.713722 ], [ -73.934802, 40.713373 ], [ -73.932523, 40.708238 ], [ -73.932072, 40.707786 ], [ -73.921892, 40.709396 ], [ -73.920745, 40.71053 ], [ -73.92404, 40.714008 ], [ -73.924327, 40.715568 ], [ -73.922711, 40.716478 ], [ -73.923127, 40.717024 ], [ -73.924278, 40.718536 ], [ -73.92418, 40.72002 ], [ -73.927171, 40.725233 ], [ -73.927801, 40.726494 ], [ -73.929058, 40.727688 ], [ -73.931825, 40.728482 ], [ -73.937525, 40.729815 ], [ -73.93966, 40.731487 ], [ -73.940368, 40.733269 ], [ -73.942163, 40.735678 ], [ -73.947064, 40.737516 ], [ -73.952669, 40.739258 ], [ -73.955087, 40.7394 ], [ -73.95706, 40.739167 ], [ -73.962478, 40.736802 ], [ -73.96262, 40.739033 ], [ -73.971566, 40.742993 ], [ -73.97223, 40.743249 ], [ -73.973512, 40.743782 ], [ -73.974015, 40.743095 ], [ -73.974924, 40.741847 ], [ -73.975343, 40.741274 ], [ -73.9758, 40.740644 ], [ -73.976251, 40.740026 ], [ -73.977148, 40.738796 ], [ -73.977603, 40.738172 ], [ -73.978052, 40.737554 ], [ -73.978498, 40.736791 ], [ -73.978909, 40.736164 ], [ -73.979864, 40.734975 ], [ -73.980275, 40.73441 ], [ -73.980711, 40.733813 ], [ -73.981127, 40.733242 ], [ -73.981562, 40.732643 ], [ -73.982564, 40.731361 ], [ -73.980338, 40.730448 ], [ -73.978001, 40.729429 ], [ -73.975696, 40.728475 ], [ -73.973298, 40.727428 ], [ -73.971857, 40.726759 ], [ -73.971396, 40.726662 ], [ -73.962645, 40.722747 ], [ -73.962787, 40.722562 ], [ -73.96355, 40.721571 ], [ -73.959009, 40.718636 ], [ -73.958416, 40.719189 ], [ -73.957131, 40.718388 ], [ -73.955844, 40.717589 ], [ -73.955251, 40.71814 ], [ -73.953469, 40.719798 ], [ -73.952297, 40.718147 ], [ -73.952287, 40.718085 ], [ -73.951842, 40.715442 ] ] ] } },
{ "type": "Feature", "properties": { "NTAName": "Clinton Hill", "total_pop": 76286.0, "chinese_pop": 2022.0, "chinese_pct": 2.6505518705922451 }, "geometry": { "type": "Polygon", "coordinates": [ [ [ -73.974616, 40.687191 ], [ -73.974281, 40.685513 ], [ -73.973922, 40.683756 ], [ -73.97378, 40.683061 ], [ -73.97064, 40.682414 ], [ -73.968664, 40.682 ], [ -73.967477, 40.681754 ], [ -73.964454, 40.681125 ], [ -73.961312, 40.680456 ], [ -73.958292, 40.679831 ], [ -73.955642, 40.679258 ], [ -73.955309, 40.679273 ], [ -73.955437, 40.679958 ], [ -73.953371, 40.680641 ], [ -73.953516, 40.681383 ], [ -73.953662, 40.682115 ], [ -73.953954, 40.683581 ], [ -73.954246, 40.685047 ], [ -73.954393, 40.68578 ], [ -73.954538, 40.686512 ], [ -73.954684, 40.687245 ], [ -73.954829, 40.687977 ], [ -73.955122, 40.689444 ], [ -73.95541, 40.690908 ], [ -73.955826, 40.692993 ], [ -73.956143, 40.694579 ], [ -73.955197, 40.694688 ], [ -73.953414, 40.694893 ], [ -73.952489, 40.695004 ], [ -73.952925, 40.697204 ], [ -73.95337, 40.699405 ], [ -73.956075, 40.69909 ], [ -73.95702, 40.698974 ], [ -73.957167, 40.699708 ], [ -73.957226, 40.7 ], [ -73.957457, 40.700822 ], [ -73.958071, 40.701398 ], [ -73.958689, 40.701953 ], [ -73.959889, 40.703032 ], [ -73.960341, 40.703437 ], [ -73.961452, 40.701663 ], [ -73.962179, 40.700221 ], [ -73.965204, 40.702623 ], [ -73.96721, 40.704256 ], [ -73.967616, 40.704961 ], [ -73.968389, 40.706829 ], [ -73.969613, 40.707634 ], [ -73.970318, 40.707332 ], [ -73.972789, 40.709378 ], [ -73.975476, 40.707492 ], [ -73.979233, 40.705769 ], [ -73.979171, 40.705301 ], [ -73.980729, 40.701268 ], [ -73.980462, 40.699703 ], [ -73.980544, 40.698246 ], [ -73.980515, 40.697437 ], [ -73.980388, 40.696507 ], [ -73.978381, 40.696492 ], [ -73.97739, 40.696419 ], [ -73.976443, 40.696371 ], [ -73.975486, 40.696315 ], [ -73.973485, 40.696246 ], [ -73.97247, 40.696207 ], [ -73.972451, 40.696112 ], [ -73.971872, 40.69321 ], [ -73.972911, 40.693251 ], [ -73.973855, 40.693287 ], [ -73.97354, 40.691707 ], [ -73.973126, 40.689622 ], [ -73.974109, 40.689663 ], [ -73.975106, 40.689698 ], [ -73.974616, 40.687191 ] ] ] } },
{ "type": "Feature", "properties": { "NTAName": "Rockaway Community Park", "total_pop": 13839.0, "chinese_pop": 363.0, "chinese_pct": 2.623021894645567 }, "geometry": { "type": "Polygon", "coordinates": [ [ [ -73.781836, 40.595267 ], [ -73.779036, 40.595444 ], [ -73.774771, 40.595735 ], [ -73.77387, 40.595772 ], [ -73.770662, 40.596002 ], [ -73.771156, 40.598298 ], [ -73.772607, 40.60296 ], [ -73.772374, 40.607295 ], [ -73.772374, 40.608452 ], [ -73.777321, 40.613078 ], [ -73.789058, 40.605621 ], [ -73.793652, 40.602623 ], [ -73.796768, 40.599384 ], [ -73.796366, 40.594942 ], [ -73.796154, 40.592847 ], [ -73.796025, 40.591072 ], [ -73.795841, 40.589247 ], [ -73.795594402719402, 40.586781951397903 ], [ -73.790890761849198, 40.587687121426896 ], [ -73.788487069208202, 40.588149688743897 ], [ -73.788440118385296, 40.58815872397399 ], [ -73.788996, 40.592411 ], [ -73.789133, 40.594044 ], [ -73.787044, 40.594911 ], [ -73.786265, 40.594955 ], [ -73.784545, 40.595076 ], [ -73.783612, 40.595145 ], [ -73.781836, 40.595267 ] ] ] } },
{ "type": "Feature", "properties": { "NTAName": "LaGuardia Airport", "total_pop": 8282.0, "chinese_pop": 209.0, "chinese_pct": 2.5235450374305723 }, "geometry": { "type": "Polygon", "coordinates": [ [ [ -73.900659, 40.767211 ], [ -73.89596, 40.766431 ], [ -73.894324, 40.766146 ], [ -73.89109, 40.766337 ], [ -73.890898, 40.765857 ], [ -73.887731, 40.766915 ], [ -73.887552, 40.76635 ], [ -73.884604, 40.76699 ], [ -73.881858, 40.767471 ], [ -73.879073, 40.767836 ], [ -73.8787, 40.765761 ], [ -73.878864, 40.763618 ], [ -73.877973, 40.761795 ], [ -73.876992, 40.761621 ], [ -73.876014, 40.761444 ], [ -73.874996, 40.761264 ], [ -73.875313, 40.763008 ], [ -73.875535, 40.764231 ], [ -73.875865, 40.766052 ], [ -73.876388, 40.769 ], [ -73.876119, 40.771629 ], [ -73.872596, 40.771831 ], [ -73.869569, 40.771087 ], [ -73.868002, 40.770255 ], [ -73.865983, 40.76886 ], [ -73.863123, 40.766302 ], [ -73.860937, 40.763729 ], [ -73.860433, 40.763869 ], [ -73.854982, 40.767448 ], [ -73.853702, 40.76948 ], [ -73.852642, 40.77208 ], [ -73.852897, 40.775457 ], [ -73.860505, 40.778984 ], [ -73.86542, 40.78497 ], [ -73.871631, 40.786798 ], [ -73.873088, 40.785855 ], [ -73.876973, 40.785778 ], [ -73.878307, 40.785357 ], [ -73.885303, 40.786685 ], [ -73.889428, 40.78057 ], [ -73.8919, 40.776755 ], [ -73.892523, 40.777405 ], [ -73.894232, 40.778154 ], [ -73.896565, 40.776247 ], [ -73.893407, 40.774028 ], [ -73.89289, 40.773808 ], [ -73.895008, 40.772078 ], [ -73.89522, 40.771904 ], [ -73.899616, 40.768304 ], [ -73.900659, 40.767211 ] ] ] } },
{ "type": "Feature", "properties": { "NTAName": "McGuire Fields", "total_pop": 9216.0, "chinese_pop": 228.0, "chinese_pct": 2.473958333333333 }, "geometry": { "type": "Polygon", "coordinates": [ [ [ -73.898261, 40.622989 ], [ -73.90178, 40.624816 ], [ -73.90848, 40.627979 ], [ -73.910797, 40.626376 ], [ -73.912071, 40.625088 ], [ -73.91747, 40.621513 ], [ -73.917265, 40.619548 ], [ -73.914848, 40.619697 ], [ -73.911682, 40.616851 ], [ -73.91026, 40.61778 ], [ -73.904927, 40.613237 ], [ -73.90319, 40.611489 ], [ -73.901698, 40.608223 ], [ -73.901445, 40.604354 ], [ -73.89862, 40.604609 ], [ -73.891953, 40.605525 ], [ -73.884456, 40.60944 ], [ -73.887051, 40.61632 ], [ -73.892306, 40.620556 ], [ -73.898261, 40.622989 ] ], [ [ -73.908928, 40.618877 ], [ -73.910167, 40.619987 ], [ -73.910554, 40.620403 ], [ -73.909106, 40.621324 ], [ -73.908393, 40.621778 ], [ -73.906958, 40.622709 ], [ -73.905303, 40.62122 ], [ -73.90456, 40.621702 ], [ -73.902744, 40.620068 ], [ -73.904201, 40.619127 ], [ -73.904915, 40.618664 ], [ -73.907072, 40.617265 ], [ -73.908928, 40.618877 ] ] ] } },
{ "type": "Feature", "properties": { "NTAName": "West Village", "total_pop": 48590.0, "chinese_pop": 1180.0, "chinese_pct": 2.4284832270014407 }, "geometry": { "type": "Polygon", "coordinates": [ [ [ -74.019184377091207, 40.736366091765703 ], [ -74.020062158536106, 40.732759038579999 ], [ -74.020638456242594, 40.730390867675901 ], [ -74.020967923496897, 40.72903699318239 ], [ -74.021311745288401, 40.727624131819695 ], [ -74.02135124500461, 40.727461816270804 ], [ -74.021831824578598, 40.725486978350105 ], [ -74.01599, 40.724766 ], [ -74.011978, 40.724333 ], [ -74.010812, 40.72579 ], [ -74.010041, 40.725206 ], [ -74.007912, 40.7237 ], [ -74.00531, 40.721824 ], [ -74.004575, 40.724173 ], [ -74.004275, 40.724911 ], [ -74.004031, 40.725513 ], [ -74.003445, 40.726958 ], [ -74.003122, 40.726878 ], [ -74.002149, 40.728036 ], [ -74.002808, 40.728365 ], [ -74.002203, 40.729654 ], [ -74.001684, 40.730581 ], [ -74.001413, 40.731065 ], [ -74.000954, 40.731706 ], [ -74.000066, 40.732929 ], [ -73.999555, 40.733611 ], [ -73.999188, 40.734134 ], [ -73.998714, 40.734784 ], [ -73.997805, 40.736032 ], [ -73.997341, 40.736668 ], [ -73.99684, 40.737361 ], [ -73.996337, 40.738044 ], [ -73.995874, 40.738686 ], [ -73.995446, 40.739272 ], [ -73.995018, 40.73986 ], [ -73.997862, 40.741056 ], [ -74.000703, 40.742254 ], [ -74.003542, 40.743448 ], [ -74.006385, 40.744646 ], [ -74.005535, 40.745816 ], [ -74.004653, 40.747023 ], [ -74.004168, 40.74769 ], [ -74.003944, 40.747997 ], [ -74.003684, 40.748355 ], [ -74.003236, 40.748974 ], [ -74.002785, 40.749592 ], [ -74.005629, 40.750788 ], [ -74.008532, 40.75192 ], [ -74.015013336488707, 40.753506081885 ], [ -74.016013512363401, 40.749396075236 ], [ -74.017282858539019, 40.744179971394701 ], [ -74.018137761896099, 40.740666930767702 ], [ -74.019184377091207, 40.736366091765703 ] ] ] } },
{ "type": "Feature", "properties": { "NTAName": "Harlem (South)", "total_pop": 89626.0, "chinese_pop": 2119.0, "chinese_pct": 2.3642692968558232 }, "geometry": { "type": "Polygon", "coordinates": [ [ [ -73.963861, 40.802972 ], [ -73.961077, 40.8018 ], [ -73.959647, 40.801156 ], [ -73.958195, 40.800553 ], [ -73.958354, 40.800337 ], [ -73.959077, 40.799352 ], [ -73.960037, 40.798038 ], [ -73.96144, 40.796111 ], [ -73.962834, 40.794203 ], [ -73.963804, 40.792881 ], [ -73.964176, 40.792362 ], [ -73.964685, 40.791664 ], [ -73.965177, 40.790991 ], [ -73.965632, 40.790365 ], [ -73.966094, 40.789734 ], [ -73.966552, 40.789108 ], [ -73.96745, 40.787861 ], [ -73.967927, 40.787222 ], [ -73.968385, 40.786596 ], [ -73.968844, 40.785967 ], [ -73.969335, 40.785294 ], [ -73.969832, 40.784611 ], [ -73.970301, 40.783975 ], [ -73.97076, 40.78334 ], [ -73.971223, 40.782706 ], [ -73.971724, 40.782021 ], [ -73.973571, 40.779478 ], [ -73.974067, 40.778805 ], [ -73.974532, 40.778168 ], [ -73.974997, 40.777533 ], [ -73.975461, 40.776899 ], [ -73.975955, 40.77622 ], [ -73.976458, 40.775533 ], [ -73.976912, 40.774909 ], [ -73.97737, 40.774281 ], [ -73.977827, 40.773656 ], [ -73.978728, 40.772417 ], [ -73.979193, 40.771782 ], [ -73.979652, 40.771156 ], [ -73.980112, 40.770529 ], [ -73.980564, 40.769905 ], [ -73.981023, 40.769272 ], [ -73.981431, 40.767874 ], [ -73.979076, 40.766876 ], [ -73.976234, 40.765675 ], [ -73.973015, 40.764279 ], [ -73.971189, 40.766767 ], [ -73.969365, 40.769271 ], [ -73.967994, 40.771147 ], [ -73.967039, 40.772461 ], [ -73.966074, 40.773773 ], [ -73.964687, 40.775677 ], [ -73.963729, 40.776994 ], [ -73.96323, 40.777677 ], [ -73.962303, 40.778947 ], [ -73.961361, 40.780241 ], [ -73.960416, 40.781532 ], [ -73.959469, 40.782833 ], [ -73.958096, 40.784718 ], [ -73.957636, 40.785344 ], [ -73.956718, 40.786601 ], [ -73.955778, 40.787914 ], [ -73.955275, 40.788584 ], [ -73.954817, 40.789205 ], [ -73.952984, 40.791722 ], [ -73.951111, 40.794285 ], [ -73.949508, 40.793606 ], [ -73.947896, 40.792928 ], [ -73.946946, 40.794234 ], [ -73.946042, 40.795467 ], [ -73.945096, 40.796764 ], [ -73.9467, 40.79745 ], [ -73.948311, 40.798129 ], [ -73.946974, 40.799961 ], [ -73.945968, 40.801342 ], [ -73.945052, 40.802599 ], [ -73.943436, 40.801919 ], [ -73.941825, 40.80124 ], [ -73.940908, 40.802499 ], [ -73.939989, 40.803756 ], [ -73.938544, 40.80573 ], [ -73.940157, 40.806409 ], [ -73.941771, 40.807089 ], [ -73.940861, 40.808334 ], [ -73.939949, 40.809582 ], [ -73.939018, 40.810856 ], [ -73.942249, 40.812201 ], [ -73.943172, 40.810942 ], [ -73.946031, 40.812119 ], [ -73.945568, 40.812752 ], [ -73.948419, 40.813938 ], [ -73.947034, 40.81583 ], [ -73.948356, 40.816374 ], [ -73.94902, 40.815021 ], [ -73.95035, 40.813159 ], [ -73.950927, 40.812575 ], [ -73.95177, 40.81294 ], [ -73.95086, 40.814187 ], [ -73.952974, 40.81507 ], [ -73.952868, 40.815846 ], [ -73.951768, 40.81791 ], [ -73.95088, 40.818395 ], [ -73.9522, 40.81895 ], [ -73.952721, 40.818236 ], [ -73.95319, 40.817595 ], [ -73.953562, 40.817083 ], [ -73.954089, 40.816361 ], [ -73.954547, 40.815737 ], [ -73.955001, 40.815112 ], [ -73.955707, 40.814144 ], [ -73.956269, 40.813375 ], [ -73.956827, 40.812612 ], [ -73.957808, 40.811264 ], [ -73.958272, 40.810629 ], [ -73.957245, 40.809404 ], [ -73.957617, 40.808671 ], [ -73.958407, 40.807419 ], [ -73.959826, 40.805435 ], [ -73.960074, 40.804706 ], [ -73.962008, 40.805509 ], [ -73.962475, 40.804886 ], [ -73.962926, 40.804256 ], [ -73.963384, 40.803628 ], [ -73.963861, 40.802972 ] ] ] } },
{ "type": "Feature", "properties": { "NTAName": "St. George-New Brighton", "total_pop": 31466.0, "chinese_pop": 738.0, "chinese_pct": 2.3453886734888454 }, "geometry": { "type": "Polygon", "coordinates": [ [ [ -74.084913, 40.63364 ], [ -74.083442, 40.632275 ], [ -74.081407, 40.630301 ], [ -74.081731, 40.630012 ], [ -74.079725, 40.628951 ], [ -74.081139, 40.627326 ], [ -74.083033, 40.627372 ], [ -74.084962, 40.624625 ], [ -74.08525, 40.622801 ], [ -74.082773, 40.623588 ], [ -74.07997, 40.624483 ], [ -74.078166, 40.626466 ], [ -74.075647, 40.626664 ], [ -74.073505, 40.626876 ], [ -74.072687, 40.626845 ], [ -74.072322, 40.624863 ], [ -74.067741922666997, 40.625053012461798 ], [ -74.068168165998998, 40.628571446359899 ], [ -74.068198070458706, 40.628818293305898 ], [ -74.069314700050299, 40.638035534050303 ], [ -74.0697, 40.641216 ], [ -74.070403740214914, 40.641999514129999 ], [ -74.0714969563533, 40.643216654025302 ], [ -74.073565767298305, 40.645519979276997 ], [ -74.075884, 40.648101 ], [ -74.079374456361904, 40.648265628636999 ], [ -74.080636403131194, 40.648325148812901 ], [ -74.086485, 40.648601 ], [ -74.087304522415096, 40.648445368313801 ], [ -74.089930770163406, 40.647946629831601 ], [ -74.100071853117598, 40.646020783984099 ], [ -74.100134772489199, 40.646008835259202 ], [ -74.101469556071706, 40.64575535272369 ], [ -74.107421808649406, 40.644624988149999 ], [ -74.106547, 40.644242 ], [ -74.105422, 40.638899 ], [ -74.107337, 40.63854 ], [ -74.106537, 40.634702 ], [ -74.105768, 40.630569 ], [ -74.105063, 40.627178 ], [ -74.103003, 40.6274 ], [ -74.10267, 40.630926 ], [ -74.099521, 40.631358 ], [ -74.09888, 40.631446 ], [ -74.097155, 40.631898 ], [ -74.095921, 40.631723 ], [ -74.092966, 40.631184 ], [ -74.090416, 40.630675 ], [ -74.088904, 40.630292 ], [ -74.088077, 40.631081 ], [ -74.085749, 40.633955 ], [ -74.084913, 40.63364 ] ] ] } },
{ "type": "Feature", "properties": { "NTAName": "Howard Beach-Lindenwood", "total_pop": 60728.0, "chinese_pop": 1412.0, "chinese_pct": 2.3251218548280859 }, "geometry": { "type": "Polygon", "coordinates": [ [ [ -73.871875, 40.666764 ], [ -73.869485, 40.663546 ], [ -73.868367, 40.662015 ], [ -73.867181, 40.660452 ], [ -73.869156, 40.660119 ], [ -73.878117, 40.65626 ], [ -73.879733, 40.655563 ], [ -73.873384, 40.646821 ], [ -73.870893, 40.648807 ], [ -73.860483, 40.654659 ], [ -73.859755, 40.654104 ], [ -73.856537, 40.649916 ], [ -73.856148, 40.649198 ], [ -73.855021, 40.643098 ], [ -73.854938, 40.64265 ], [ -73.848338, 40.643521 ], [ -73.839999, 40.644143 ], [ -73.835664, 40.644058 ], [ -73.825337, 40.644248 ], [ -73.823052, 40.644485 ], [ -73.816295, 40.645964 ], [ -73.800561, 40.63919 ], [ -73.797257, 40.638008 ], [ -73.794514, 40.636453 ], [ -73.792353, 40.635914 ], [ -73.791308, 40.634532 ], [ -73.798123, 40.631318 ], [ -73.790793, 40.634282 ], [ -73.789427, 40.634263 ], [ -73.787331, 40.632517 ], [ -73.785708, 40.632095 ], [ -73.782645, 40.630248 ], [ -73.783466, 40.628118 ], [ -73.789186, 40.623007 ], [ -73.784932, 40.620469 ], [ -73.784194, 40.620892 ], [ -73.78091, 40.625621 ], [ -73.779327, 40.627336 ], [ -73.777505, 40.627778 ], [ -73.775381, 40.627056 ], [ -73.771728, 40.623585 ], [ -73.770821, 40.623283 ], [ -73.771688, 40.621036 ], [ -73.771098, 40.620005 ], [ -73.768553, 40.623155 ], [ -73.768761, 40.624352 ], [ -73.768709, 40.624386 ], [ -73.767425, 40.626606 ], [ -73.748001, 40.634631 ], [ -73.746264, 40.640487 ], [ -73.748897, 40.645165 ], [ -73.751616, 40.647235 ], [ -73.764388, 40.654558 ], [ -73.77383, 40.659651 ], [ -73.780791, 40.662332 ], [ -73.785053, 40.663443 ], [ -73.79509, 40.66489 ], [ -73.802162, 40.66525 ], [ -73.80166, 40.666756 ], [ -73.804491, 40.666862 ], [ -73.805452, 40.666896 ], [ -73.812417, 40.667111 ], [ -73.813198, 40.667253 ], [ -73.814295, 40.666805 ], [ -73.816614, 40.665944 ], [ -73.819526, 40.66549 ], [ -73.822278, 40.66612 ], [ -73.828079, 40.66609 ], [ -73.831021, 40.666209 ], [ -73.833312, 40.666759 ], [ -73.836981, 40.674678 ], [ -73.839874, 40.673979 ], [ -73.843329, 40.67374 ], [ -73.843356, 40.675049 ], [ -73.843643, 40.67605 ], [ -73.843837, 40.676744 ], [ -73.848824, 40.676114 ], [ -73.849736, 40.675984 ], [ -73.852466, 40.675584 ], [ -73.852482, 40.675287 ], [ -73.854596, 40.675753 ], [ -73.856871, 40.676455 ], [ -73.857669, 40.678739 ], [ -73.856801, 40.67951 ], [ -73.857793, 40.679456 ], [ -73.858786, 40.68063 ], [ -73.85966, 40.680383 ], [ -73.860531, 40.680135 ], [ -73.863349, 40.679352 ], [ -73.862028, 40.677886 ], [ -73.863909, 40.67777 ], [ -73.864853, 40.67772 ], [ -73.866701, 40.67747 ], [ -73.868547, 40.677206 ], [ -73.868868, 40.677156 ], [ -73.869776, 40.677027 ], [ -73.867258, 40.676113 ], [ -73.864554, 40.675151 ], [ -73.861764, 40.674233 ], [ -73.863919, 40.673942 ], [ -73.863207, 40.671019 ], [ -73.862845, 40.669522 ], [ -73.86242, 40.667783 ], [ -73.862042, 40.666253 ], [ -73.867518, 40.665473 ], [ -73.86788, 40.666996 ], [ -73.86833, 40.668728 ], [ -73.870112, 40.668014 ], [ -73.871875, 40.666764 ] ] ] } },
{ "type": "Feature", "properties": { "NTAName": "Flatbush (West)-Ditmas Park-Parkville", "total_pop": 113131.0, "chinese_pop": 2602.0, "chinese_pct": 2.2999885088967655 }, "geometry": { "type": "Polygon", "coordinates": [ [ [ -73.970291, 40.636407 ], [ -73.971361, 40.636286 ], [ -73.974106, 40.635981 ], [ -73.975962, 40.635779 ], [ -73.976888, 40.635675 ], [ -73.978022, 40.635553 ], [ -73.979112, 40.63544 ], [ -73.979386, 40.636932 ], [ -73.980266, 40.636076 ], [ -73.981432, 40.634955 ], [ -73.982015, 40.634395 ], [ -73.982598, 40.633837 ], [ -73.983763, 40.632717 ], [ -73.984344, 40.632157 ], [ -73.984928, 40.631597 ], [ -73.982406, 40.630068 ], [ -73.980428, 40.628879 ], [ -73.978067, 40.627455 ], [ -73.979818, 40.625774 ], [ -73.980397, 40.625211 ], [ -73.981566, 40.624095 ], [ -73.979362, 40.622765 ], [ -73.977033, 40.62153 ], [ -73.975378, 40.620793 ], [ -73.975296, 40.620913 ], [ -73.975802, 40.623594 ], [ -73.973696, 40.623827 ], [ -73.970474, 40.624182 ], [ -73.969098, 40.624333 ], [ -73.968645, 40.621942 ], [ -73.966645, 40.622163 ], [ -73.967553, 40.626944 ], [ -73.968478, 40.626841 ], [ -73.968929, 40.629231 ], [ -73.968001, 40.629333 ], [ -73.967076, 40.629435 ], [ -73.966074, 40.629545 ], [ -73.965625, 40.627155 ], [ -73.965173, 40.624766 ], [ -73.964173, 40.624877 ], [ -73.963248, 40.624978 ], [ -73.962318, 40.625079 ], [ -73.961393, 40.625179 ], [ -73.96094, 40.622791 ], [ -73.958088, 40.623105 ], [ -73.958994, 40.627886 ], [ -73.958053, 40.627972 ], [ -73.956847, 40.62812 ], [ -73.955812, 40.628234 ], [ -73.954885, 40.628336 ], [ -73.951106, 40.62875 ], [ -73.950177, 40.628852 ], [ -73.950448, 40.63026 ], [ -73.947458, 40.63059 ], [ -73.947543, 40.631581 ], [ -73.950838, 40.632354 ], [ -73.951059, 40.633635 ], [ -73.949449, 40.634508 ], [ -73.951101, 40.636073 ], [ -73.9536, 40.638422 ], [ -73.953743, 40.638566 ], [ -73.954043, 40.638878 ], [ -73.955638, 40.640504 ], [ -73.957637, 40.642689 ], [ -73.957919, 40.644143 ], [ -73.958022, 40.64507 ], [ -73.960016, 40.644853 ], [ -73.961214, 40.644723 ], [ -73.961672, 40.647115 ], [ -73.961935, 40.648511 ], [ -73.963075, 40.64944 ], [ -73.962186, 40.649789 ], [ -73.961008, 40.650082 ], [ -73.958707, 40.650387 ], [ -73.958926, 40.651212 ], [ -73.959329, 40.652928 ], [ -73.961407, 40.65217 ], [ -73.961597, 40.653173 ], [ -73.961759, 40.654071 ], [ -73.9619, 40.654871 ], [ -73.962814, 40.660504 ], [ -73.962884, 40.662622 ], [ -73.962429, 40.663125 ], [ -73.960956, 40.663285 ], [ -73.961258, 40.664802 ], [ -73.961806, 40.667681 ], [ -73.962194, 40.669641 ], [ -73.962622, 40.671629 ], [ -73.966297, 40.672677 ], [ -73.967486, 40.672878 ], [ -73.968924, 40.672938 ], [ -73.969247, 40.672743 ], [ -73.970039, 40.67268 ], [ -73.970409, 40.672617 ], [ -73.971325, 40.671248 ], [ -73.97282, 40.669427 ], [ -73.973323, 40.668825 ], [ -73.974331, 40.667621 ], [ -73.975337, 40.666419 ], [ -73.976334, 40.665214 ], [ -73.977343, 40.664012 ], [ -73.978349, 40.662799 ], [ -73.979654, 40.661241 ], [ -73.980171, 40.661155 ], [ -73.980061, 40.660791 ], [ -73.977511, 40.659863 ], [ -73.974482, 40.658339 ], [ -73.973792, 40.656392 ], [ -73.973555, 40.655644 ], [ -73.973051, 40.653913 ], [ -73.972683, 40.652639 ], [ -73.97262, 40.650835 ], [ -73.972082, 40.650635 ], [ -73.971397, 40.648258 ], [ -73.971211, 40.64762 ], [ -73.970841, 40.646378 ], [ -73.971744, 40.646001 ], [ -73.972086, 40.645863 ], [ -73.971946, 40.645164 ], [ -73.971648, 40.643573 ], [ -73.971222, 40.64118 ], [ -73.970772, 40.638791 ], [ -73.970291, 40.636407 ] ] ] } },
{ "type": "Feature", "properties": { "NTAName": "Bedford-Stuyvesant (East)", "total_pop": 171909.0, "chinese_pop": 3828.0, "chinese_pct": 2.2267595064830812 }, "geometry": { "type": "Polygon", "coordinates": [ [ [ -73.926499, 40.695712 ], [ -73.92725, 40.696142 ], [ -73.928231, 40.696666 ], [ -73.929316, 40.69764 ], [ -73.932267, 40.697315 ], [ -73.933987, 40.698264 ], [ -73.934762, 40.6987 ], [ -73.93547, 40.699071 ], [ -73.936366, 40.700485 ], [ -73.936982, 40.70191 ], [ -73.93763, 40.701739 ], [ -73.94042, 40.701077 ], [ -73.940726, 40.702901 ], [ -73.94103, 40.704637 ], [ -73.942734, 40.704473 ], [ -73.94285, 40.705182 ], [ -73.944567, 40.705021 ], [ -73.946265, 40.705604 ], [ -73.947981, 40.705442 ], [ -73.949836, 40.705229 ], [ -73.949254, 40.704896 ], [ -73.947853, 40.704111 ], [ -73.947052, 40.703664 ], [ -73.949379, 40.702159 ], [ -73.951288, 40.700922 ], [ -73.950756, 40.700445 ], [ -73.950091, 40.699791 ], [ -73.949788, 40.69831 ], [ -73.949647, 40.697583 ], [ -73.9495, 40.696847 ], [ -73.949207, 40.695378 ], [ -73.946366, 40.695704 ], [ -73.943526, 40.696031 ], [ -73.943388, 40.695289 ], [ -73.943243, 40.694558 ], [ -73.946078, 40.69423 ], [ -73.948914, 40.693905 ], [ -73.948622, 40.69244 ], [ -73.948331, 40.690974 ], [ -73.948185, 40.690242 ], [ -73.947893, 40.688776 ], [ -73.947748, 40.688044 ], [ -73.947602, 40.687311 ], [ -73.947456, 40.686578 ], [ -73.94731, 40.685846 ], [ -73.947165, 40.685113 ], [ -73.947017, 40.68438 ], [ -73.946873, 40.683646 ], [ -73.946727, 40.682914 ], [ -73.94658, 40.682181 ], [ -73.946437, 40.681449 ], [ -73.946274, 40.680213 ], [ -73.949557, 40.68039 ], [ -73.953371, 40.680641 ], [ -73.955437, 40.679958 ], [ -73.955309, 40.679273 ], [ -73.953005, 40.678815 ], [ -73.952053, 40.678675 ], [ -73.949679, 40.678566 ], [ -73.946911, 40.678392 ], [ -73.944141, 40.678237 ], [ -73.941369, 40.678093 ], [ -73.941535, 40.676421 ], [ -73.941694, 40.674748 ], [ -73.938895, 40.674599 ], [ -73.938841, 40.675493 ], [ -73.936078, 40.675335 ], [ -73.933298, 40.67519 ], [ -73.930615, 40.674147 ], [ -73.92784, 40.673996 ], [ -73.925082, 40.673844 ], [ -73.922132, 40.673684 ], [ -73.922049, 40.674574 ], [ -73.921901, 40.676131 ], [ -73.921816, 40.677019 ], [ -73.919219, 40.676886 ], [ -73.916465, 40.676647 ], [ -73.913696, 40.676495 ], [ -73.910926, 40.676345 ], [ -73.910799, 40.678278 ], [ -73.911082, 40.679515 ], [ -73.911225, 40.68024 ], [ -73.911374, 40.68098 ], [ -73.911518, 40.681712 ], [ -73.911664, 40.682446 ], [ -73.911512, 40.683505 ], [ -73.912273, 40.683935 ], [ -73.913037, 40.684368 ], [ -73.914701, 40.685317 ], [ -73.91529, 40.685645 ], [ -73.916046, 40.686072 ], [ -73.914642, 40.687507 ], [ -73.916899, 40.68879 ], [ -73.919153, 40.690076 ], [ -73.919906, 40.690499 ], [ -73.920657, 40.690927 ], [ -73.92223, 40.691823 ], [ -73.921154, 40.692796 ], [ -73.922748, 40.693573 ], [ -73.923498, 40.694001 ], [ -73.924249, 40.694429 ], [ -73.924995, 40.694855 ], [ -73.92575, 40.695285 ], [ -73.926499, 40.695712 ] ] ] } },
{ "type": "Feature", "properties": { "NTAName": "Hutchinson Metro Center", "total_pop": 29940.0, "chinese_pop": 665.0, "chinese_pct": 2.2211088844355378 }, "geometry": { "type": "Polygon", "coordinates": [ [ [ -73.840972, 40.857949 ], [ -73.843295, 40.85829 ], [ -73.847397, 40.858683 ], [ -73.849309, 40.858718 ], [ -73.850282, 40.858657 ], [ -73.853109, 40.85841 ], [ -73.855907, 40.858168 ], [ -73.856638, 40.858119 ], [ -73.856097, 40.856941 ], [ -73.854697, 40.857065 ], [ -73.849359, 40.857497 ], [ -73.850096, 40.856347 ], [ -73.848288, 40.854731 ], [ -73.848003, 40.854291 ], [ -73.848214, 40.851091 ], [ -73.846704, 40.851241 ], [ -73.844362, 40.851119 ], [ -73.844929, 40.850144 ], [ -73.84542, 40.84854 ], [ -73.84657, 40.847068 ], [ -73.847885, 40.845989 ], [ -73.847347, 40.845503 ], [ -73.846235, 40.84449 ], [ -73.848069, 40.843072 ], [ -73.848546, 40.843007 ], [ -73.849992, 40.842852 ], [ -73.850523, 40.84279 ], [ -73.848986, 40.8416 ], [ -73.847798, 40.840697 ], [ -73.846479, 40.839809 ], [ -73.844581, 40.838536 ], [ -73.847316, 40.836264 ], [ -73.849559, 40.834409 ], [ -73.848486, 40.834525 ], [ -73.848147, 40.83306 ], [ -73.847979, 40.832339 ], [ -73.847812, 40.831622 ], [ -73.847318, 40.829533 ], [ -73.847261, 40.829313 ], [ -73.845255, 40.828463 ], [ -73.843917, 40.828447 ], [ -73.842812, 40.828637 ], [ -73.842385, 40.828688 ], [ -73.842028, 40.830508 ], [ -73.842279, 40.831267 ], [ -73.839332, 40.833554 ], [ -73.839323, 40.835768 ], [ -73.839604, 40.838275 ], [ -73.839364, 40.840878 ], [ -73.83763, 40.840293 ], [ -73.837301, 40.840019 ], [ -73.835007, 40.838107 ], [ -73.831541, 40.839747 ], [ -73.829674, 40.840609 ], [ -73.827913, 40.841259 ], [ -73.826084, 40.841372 ], [ -73.826241, 40.842994 ], [ -73.82518, 40.8427 ], [ -73.825079, 40.844304 ], [ -73.824957, 40.846105 ], [ -73.822038, 40.84769 ], [ -73.820484, 40.848501 ], [ -73.820141, 40.84802 ], [ -73.816312, 40.848551 ], [ -73.815674, 40.848855 ], [ -73.815169054516304, 40.849123291835909 ], [ -73.815928, 40.849891 ], [ -73.816641, 40.853487 ], [ -73.8126, 40.854386 ], [ -73.8126, 40.8587 ], [ -73.812461244326698, 40.858705838247097 ], [ -73.811518518196294, 40.858745504143208 ], [ -73.812325, 40.860686 ], [ -73.815464, 40.86254 ], [ -73.817557, 40.863588 ], [ -73.818807, 40.862482 ], [ -73.819884, 40.861754 ], [ -73.820468, 40.86136 ], [ -73.824731, 40.860031 ], [ -73.827239, 40.859194 ], [ -73.828261, 40.860853 ], [ -73.828372, 40.860947 ], [ -73.829594, 40.862173 ], [ -73.831602, 40.862628 ], [ -73.836431, 40.865356 ], [ -73.836971, 40.865643 ], [ -73.836989, 40.865095 ], [ -73.840747, 40.865162 ], [ -73.840823, 40.862719 ], [ -73.840932, 40.859332 ], [ -73.840972, 40.857949 ] ], [ [ -73.830542, 40.849218 ], [ -73.831309, 40.849308 ], [ -73.833105, 40.849479 ], [ -73.834001, 40.849561 ], [ -73.835801, 40.849677 ], [ -73.835041, 40.853127 ], [ -73.833906, 40.854468 ], [ -73.831575, 40.85538 ], [ -73.831291, 40.855434 ], [ -73.828602, 40.855718 ], [ -73.827355, 40.85283 ], [ -73.827185, 40.851711 ], [ -73.827997, 40.848624 ], [ -73.828855, 40.84969 ], [ -73.83043, 40.849164 ], [ -73.830542, 40.849218 ] ] ] } },
{ "type": "Feature", "properties": { "NTAName": "Richmond Hill", "total_pop": 80513.0, "chinese_pop": 1760.0, "chinese_pct": 2.1859823879373517 }, "geometry": { "type": "Polygon", "coordinates": [ [ [ -73.804129, 40.70146 ], [ -73.804442, 40.702132 ], [ -73.806807, 40.701776 ], [ -73.809049, 40.701836 ], [ -73.811529, 40.702273 ], [ -73.811632, 40.703052 ], [ -73.811773, 40.704181 ], [ -73.811802, 40.704366 ], [ -73.811904, 40.705124 ], [ -73.812012, 40.705945 ], [ -73.812155, 40.707046 ], [ -73.813059, 40.706978 ], [ -73.813239, 40.70835 ], [ -73.813418, 40.709711 ], [ -73.816416, 40.709865 ], [ -73.817798, 40.709342 ], [ -73.81915, 40.708428 ], [ -73.819459, 40.708396 ], [ -73.818313, 40.706164 ], [ -73.819119, 40.706665 ], [ -73.819314, 40.70587 ], [ -73.822256, 40.705456 ], [ -73.822979, 40.706192 ], [ -73.826532, 40.708145 ], [ -73.827215, 40.709995 ], [ -73.827722, 40.710603 ], [ -73.829687, 40.709348 ], [ -73.828139, 40.707963 ], [ -73.824441, 40.704062 ], [ -73.824809, 40.70416 ], [ -73.825758, 40.704428 ], [ -73.829652, 40.705544 ], [ -73.831764, 40.706142 ], [ -73.834982, 40.707098 ], [ -73.836185, 40.707573 ], [ -73.837147, 40.707957 ], [ -73.839011, 40.708555 ], [ -73.843016, 40.709176 ], [ -73.84568, 40.70848 ], [ -73.849517, 40.708392 ], [ -73.851099, 40.707901 ], [ -73.854746, 40.706767 ], [ -73.854641, 40.70529 ], [ -73.853692, 40.704315 ], [ -73.852151, 40.702251 ], [ -73.855293, 40.702596 ], [ -73.855292, 40.701844 ], [ -73.856914, 40.701885 ], [ -73.857028, 40.70117 ], [ -73.858579, 40.701238 ], [ -73.85815, 40.702898 ], [ -73.858288, 40.702911 ], [ -73.863254, 40.703392 ], [ -73.863794, 40.703334 ], [ -73.864728, 40.703259 ], [ -73.86564, 40.703183 ], [ -73.867247, 40.703052 ], [ -73.869156, 40.702893 ], [ -73.869314, 40.699355 ], [ -73.870708, 40.697697 ], [ -73.868917, 40.69515 ], [ -73.868717, 40.694622 ], [ -73.866814, 40.695065 ], [ -73.864557, 40.69552 ], [ -73.863687, 40.695691 ], [ -73.862452, 40.695996 ], [ -73.860164, 40.696385 ], [ -73.858331, 40.696744 ], [ -73.852664, 40.697572 ], [ -73.851838, 40.697682 ], [ -73.849478, 40.698196 ], [ -73.848941, 40.697557 ], [ -73.847733, 40.694775 ], [ -73.845967, 40.691166 ], [ -73.844995, 40.689162 ], [ -73.847051, 40.688586 ], [ -73.848844, 40.688079 ], [ -73.848985, 40.688038 ], [ -73.850571, 40.687661 ], [ -73.849947, 40.6864 ], [ -73.849369, 40.685227 ], [ -73.847608, 40.685722 ], [ -73.84698, 40.685904 ], [ -73.846173, 40.686139 ], [ -73.843003, 40.687038 ], [ -73.842175, 40.685354 ], [ -73.840769, 40.685754 ], [ -73.839923, 40.685995 ], [ -73.83906, 40.68624 ], [ -73.837278, 40.686747 ], [ -73.838106, 40.688433 ], [ -73.836346, 40.688928 ], [ -73.836044, 40.690353 ], [ -73.835151, 40.690598 ], [ -73.833726, 40.68776 ], [ -73.832743, 40.688042 ], [ -73.831852, 40.688293 ], [ -73.833104, 40.690828 ], [ -73.830526, 40.691431 ], [ -73.829336, 40.689004 ], [ -73.828511, 40.689239 ], [ -73.825988, 40.689946 ], [ -73.826594, 40.691179 ], [ -73.827181, 40.692378 ], [ -73.82123, 40.694068 ], [ -73.818413, 40.694863 ], [ -73.815709, 40.695638 ], [ -73.815121, 40.69444 ], [ -73.81452, 40.693215 ], [ -73.81621, 40.692732 ], [ -73.815228, 40.690733 ], [ -73.814384, 40.690972 ], [ -73.812718, 40.691408 ], [ -73.810749, 40.691917 ], [ -73.811897, 40.693962 ], [ -73.812084, 40.695303 ], [ -73.808243, 40.696393 ], [ -73.806645, 40.695452 ], [ -73.804891, 40.695852 ], [ -73.802367, 40.697874 ], [ -73.801053, 40.698419 ], [ -73.799341, 40.699291 ], [ -73.798687, 40.699715 ], [ -73.802409, 40.701852 ], [ -73.804129, 40.70146 ] ] ] } },
{ "type": "Feature", "properties": { "NTAName": "Queens Village", "total_pop": 90418.0, "chinese_pop": 1964.0, "chinese_pct": 2.1721338671503458 }, "geometry": { "type": "Polygon", "coordinates": [ [ [ -73.735265, 40.733454 ], [ -73.734736, 40.734783 ], [ -73.734362, 40.736175 ], [ -73.733773, 40.738899 ], [ -73.735881, 40.73808 ], [ -73.740159, 40.737169 ], [ -73.741676, 40.736827 ], [ -73.742602, 40.736632 ], [ -73.746541, 40.735778 ], [ -73.752658, 40.734732 ], [ -73.755196, 40.734302 ], [ -73.7637, 40.732864 ], [ -73.765041, 40.734477 ], [ -73.762733, 40.735262 ], [ -73.762486, 40.736731 ], [ -73.762683, 40.737256 ], [ -73.763609, 40.739175 ], [ -73.764315, 40.740673 ], [ -73.765151, 40.742437 ], [ -73.766979, 40.744223 ], [ -73.767756, 40.74583 ], [ -73.768277, 40.745695 ], [ -73.771638, 40.744197 ], [ -73.772445, 40.74392 ], [ -73.775759, 40.743367 ], [ -73.772861, 40.736276 ], [ -73.770107, 40.731779 ], [ -73.771527, 40.731522 ], [ -73.774913, 40.730913 ], [ -73.777575, 40.730193 ], [ -73.775234, 40.725238 ], [ -73.776338, 40.724469 ], [ -73.778038, 40.723284 ], [ -73.777876, 40.723037 ], [ -73.777385, 40.722442 ], [ -73.776056, 40.723356 ], [ -73.77359, 40.724742 ], [ -73.766244, 40.726403 ], [ -73.765577, 40.725477 ], [ -73.764796, 40.724684 ], [ -73.762557, 40.723521 ], [ -73.76086, 40.722536 ], [ -73.759997, 40.721759 ], [ -73.759441, 40.721063 ], [ -73.758327, 40.719582 ], [ -73.76003, 40.718847 ], [ -73.765714, 40.716393 ], [ -73.764636, 40.714957 ], [ -73.764019, 40.713318 ], [ -73.766051, 40.713282 ], [ -73.767422, 40.713088 ], [ -73.76944, 40.711977 ], [ -73.770651, 40.710826 ], [ -73.771736, 40.710313 ], [ -73.771151, 40.710212 ], [ -73.768445, 40.709637 ], [ -73.76826, 40.709526 ], [ -73.764353, 40.710495 ], [ -73.762549, 40.710916 ], [ -73.758102, 40.712005 ], [ -73.757182, 40.712213 ], [ -73.756037, 40.709456 ], [ -73.754249, 40.709884 ], [ -73.753024, 40.706922 ], [ -73.752051, 40.705228 ], [ -73.750471, 40.70564 ], [ -73.74925, 40.702928 ], [ -73.74773, 40.699553 ], [ -73.74619, 40.696119 ], [ -73.745237, 40.696375 ], [ -73.743593, 40.696215 ], [ -73.742327, 40.699526 ], [ -73.741395, 40.70133 ], [ -73.740777, 40.70268 ], [ -73.734304, 40.702478 ], [ -73.734265, 40.70322 ], [ -73.732315, 40.70316 ], [ -73.727768, 40.703021 ], [ -73.726762, 40.702768 ], [ -73.726781, 40.703145 ], [ -73.726895, 40.7058 ], [ -73.727047, 40.709497 ], [ -73.726971, 40.710715 ], [ -73.728501, 40.716706 ], [ -73.729176, 40.719167 ], [ -73.730326, 40.722157 ], [ -73.729503, 40.722595 ], [ -73.728175, 40.723092 ], [ -73.725526, 40.724076 ], [ -73.72472, 40.724298 ], [ -73.72437, 40.725306 ], [ -73.723306, 40.730348 ], [ -73.725716, 40.730649 ], [ -73.727734, 40.731058 ], [ -73.731944, 40.730926 ], [ -73.731277, 40.732714 ], [ -73.732186, 40.732867 ], [ -73.735265, 40.733454 ] ] ] } },
{ "type": "Feature", "properties": { "NTAName": "Upper East Side-Carnegie Hill", "total_pop": 67563.0, "chinese_pop": 1458.0, "chinese_pct": 2.1579858798454774 }, "geometry": { "type": "Polygon", "coordinates": [ [ [ -73.958255, 40.772965 ], [ -73.957794, 40.7736 ], [ -73.957294, 40.774283 ], [ -73.956798, 40.774967 ], [ -73.956334, 40.775601 ], [ -73.955869, 40.776236 ], [ -73.955408, 40.776868 ], [ -73.954945, 40.777504 ], [ -73.954482, 40.778139 ], [ -73.953984, 40.778822 ], [ -73.953492, 40.779496 ], [ -73.953033, 40.780126 ], [ -73.952575, 40.780753 ], [ -73.952122, 40.781387 ], [ -73.951659, 40.782008 ], [ -73.951199, 40.782634 ], [ -73.950739, 40.783262 ], [ -73.950282, 40.783891 ], [ -73.949332, 40.785194 ], [ -73.948827, 40.785881 ], [ -73.948378, 40.786497 ], [ -73.949981, 40.787173 ], [ -73.951609, 40.787858 ], [ -73.954817, 40.789205 ], [ -73.952984, 40.791722 ], [ -73.951111, 40.794285 ], [ -73.950158, 40.795588 ], [ -73.949405, 40.796631 ], [ -73.94922, 40.79691 ], [ -73.949604, 40.79705 ], [ -73.952483, 40.798253 ], [ -73.955289, 40.799435 ], [ -73.957798, 40.800479 ], [ -73.958195, 40.800553 ], [ -73.958354, 40.800337 ], [ -73.959077, 40.799352 ], [ -73.960037, 40.798038 ], [ -73.96144, 40.796111 ], [ -73.962834, 40.794203 ], [ -73.963804, 40.792881 ], [ -73.964176, 40.792362 ], [ -73.964685, 40.791664 ], [ -73.965177, 40.790991 ], [ -73.965632, 40.790365 ], [ -73.966094, 40.789734 ], [ -73.966552, 40.789108 ], [ -73.96745, 40.787861 ], [ -73.967927, 40.787222 ], [ -73.968385, 40.786596 ], [ -73.968844, 40.785967 ], [ -73.969335, 40.785294 ], [ -73.969832, 40.784611 ], [ -73.970301, 40.783975 ], [ -73.97076, 40.78334 ], [ -73.971223, 40.782706 ], [ -73.971724, 40.782021 ], [ -73.973571, 40.779478 ], [ -73.974067, 40.778805 ], [ -73.974532, 40.778168 ], [ -73.974997, 40.777533 ], [ -73.975461, 40.776899 ], [ -73.975955, 40.77622 ], [ -73.976458, 40.775533 ], [ -73.976912, 40.774909 ], [ -73.97737, 40.774281 ], [ -73.977827, 40.773656 ], [ -73.978728, 40.772417 ], [ -73.979193, 40.771782 ], [ -73.979652, 40.771156 ], [ -73.980112, 40.770529 ], [ -73.980564, 40.769905 ], [ -73.981023, 40.769272 ], [ -73.981431, 40.767874 ], [ -73.979076, 40.766876 ], [ -73.976234, 40.765675 ], [ -73.973015, 40.764279 ], [ -73.971411, 40.763588 ], [ -73.969801, 40.762914 ], [ -73.968187, 40.762227 ], [ -73.966583, 40.761552 ], [ -73.96567, 40.762805 ], [ -73.965214, 40.763432 ], [ -73.964755, 40.764058 ], [ -73.964299, 40.764683 ], [ -73.963843, 40.765309 ], [ -73.963401, 40.765911 ], [ -73.962929, 40.766559 ], [ -73.96247, 40.767185 ], [ -73.962014, 40.767812 ], [ -73.959777, 40.766868 ], [ -73.959318, 40.767494 ], [ -73.958861, 40.76812 ], [ -73.958362, 40.768803 ], [ -73.957866, 40.769484 ], [ -73.957404, 40.77012 ], [ -73.959645, 40.771064 ], [ -73.958717, 40.772331 ], [ -73.958255, 40.772965 ] ] ] } },
{ "type": "Feature", "properties": { "NTAName": "South Richmond Hill", "total_pop": 45278.0, "chinese_pop": 943.0, "chinese_pct": 2.0826891647157559 }, "geometry": { "type": "Polygon", "coordinates": [ [ [ -73.839634, 40.695535 ], [ -73.838385, 40.693048 ], [ -73.839415, 40.69275 ], [ -73.838679, 40.690961 ], [ -73.841046, 40.690284 ], [ -73.840462, 40.689097 ], [ -73.840745, 40.687673 ], [ -73.839923, 40.685995 ], [ -73.83906, 40.68624 ], [ -73.837278, 40.686747 ], [ -73.836936, 40.686843 ], [ -73.835951, 40.684844 ], [ -73.831723, 40.686051 ], [ -73.829182, 40.686771 ], [ -73.82753, 40.687239 ], [ -73.826702, 40.687473 ], [ -73.825937, 40.685937 ], [ -73.824953, 40.683902 ], [ -73.823901, 40.68176 ], [ -73.822219, 40.680251 ], [ -73.821357, 40.680497 ], [ -73.823261, 40.684382 ], [ -73.824173, 40.686234 ], [ -73.825011, 40.687952 ], [ -73.819061, 40.689642 ], [ -73.816926, 40.69025 ], [ -73.816075, 40.690492 ], [ -73.815228, 40.690733 ], [ -73.814384, 40.690972 ], [ -73.812718, 40.691408 ], [ -73.810749, 40.691917 ], [ -73.808902, 40.692564 ], [ -73.806243, 40.694741 ], [ -73.804891, 40.695852 ], [ -73.802367, 40.697874 ], [ -73.801053, 40.698419 ], [ -73.799341, 40.699291 ], [ -73.798687, 40.699715 ], [ -73.802409, 40.701852 ], [ -73.804129, 40.70146 ], [ -73.807742, 40.700582 ], [ -73.809732, 40.69985 ], [ -73.811474, 40.699353 ], [ -73.814194, 40.69858 ], [ -73.814429, 40.698335 ], [ -73.816477, 40.70245 ], [ -73.81686, 40.702444 ], [ -73.817544, 40.702657 ], [ -73.822459, 40.703656 ], [ -73.822112, 40.701847 ], [ -73.822505, 40.701757 ], [ -73.82125, 40.699699 ], [ -73.82631, 40.698258 ], [ -73.827473, 40.700638 ], [ -73.827252, 40.700677 ], [ -73.827953, 40.70229 ], [ -73.831521, 40.70139 ], [ -73.831037, 40.700253 ], [ -73.830886, 40.700009 ], [ -73.832596, 40.699482 ], [ -73.834066, 40.698695 ], [ -73.8313, 40.693058 ], [ -73.832148, 40.692831 ], [ -73.834806, 40.692071 ], [ -73.837167, 40.696866 ], [ -73.837899, 40.696369 ], [ -73.838791, 40.695853 ], [ -73.839483, 40.695582 ], [ -73.839634, 40.695535 ] ] ] } },
{ "type": "Feature", "properties": { "NTAName": "East Harlem (North)", "total_pop": 114608.0, "chinese_pop": 2358.0, "chinese_pct": 2.0574479966494486 }, "geometry": { "type": "Polygon", "coordinates": [ [ [ -73.952483, 40.798253 ], [ -73.949604, 40.79705 ], [ -73.94922, 40.79691 ], [ -73.948311, 40.798129 ], [ -73.9467, 40.79745 ], [ -73.945096, 40.796764 ], [ -73.946042, 40.795467 ], [ -73.946946, 40.794234 ], [ -73.947896, 40.792928 ], [ -73.948386, 40.792256 ], [ -73.946772, 40.791569 ], [ -73.945168, 40.790894 ], [ -73.944676, 40.791569 ], [ -73.943723, 40.792874 ], [ -73.943272, 40.793488 ], [ -73.941035, 40.792546 ], [ -73.938649, 40.791558 ], [ -73.939132, 40.790905 ], [ -73.939562, 40.790317 ], [ -73.940066, 40.789626 ], [ -73.94056, 40.788949 ], [ -73.941019, 40.788319 ], [ -73.941937, 40.787065 ], [ -73.943319, 40.785174 ], [ -73.944723, 40.783247 ], [ -73.944054, 40.782964 ], [ -73.943604, 40.78265 ], [ -73.937608, 40.781754 ], [ -73.934412, 40.778093 ], [ -73.931847, 40.777892 ], [ -73.929881, 40.776222 ], [ -73.928277, 40.776899 ], [ -73.926318, 40.778242 ], [ -73.925745, 40.778405 ], [ -73.924816, 40.778758 ], [ -73.920999, 40.781749 ], [ -73.919965, 40.782635 ], [ -73.91909, 40.783368 ], [ -73.917171, 40.784193 ], [ -73.915344, 40.786116 ], [ -73.912069, 40.789339 ], [ -73.910296, 40.790657 ], [ -73.910673, 40.793116 ], [ -73.912456, 40.796096 ], [ -73.913624, 40.796786 ], [ -73.919861, 40.799353 ], [ -73.921742, 40.801689 ], [ -73.923022, 40.802425 ], [ -73.925081, 40.802521 ], [ -73.92725, 40.802558 ], [ -73.928225, 40.80385 ], [ -73.931801, 40.807876 ], [ -73.932477, 40.808864 ], [ -73.932605, 40.811517 ], [ -73.932401, 40.814151 ], [ -73.932327, 40.819503 ], [ -73.933059, 40.828156 ], [ -73.934555, 40.828047 ], [ -73.934837, 40.828032 ], [ -73.93519, 40.828295 ], [ -73.937271, 40.829154 ], [ -73.939602, 40.826002 ], [ -73.939351, 40.825898 ], [ -73.936787, 40.824811 ], [ -73.93722, 40.824188 ], [ -73.937673, 40.823566 ], [ -73.938129, 40.822934 ], [ -73.935335, 40.821749 ], [ -73.935745, 40.821106 ], [ -73.936227, 40.820438 ], [ -73.936721, 40.81977 ], [ -73.937641, 40.818517 ], [ -73.938087, 40.8179 ], [ -73.938539, 40.817282 ], [ -73.938991, 40.816663 ], [ -73.939457, 40.816027 ], [ -73.939909, 40.815404 ], [ -73.940369, 40.814774 ], [ -73.940855, 40.814106 ], [ -73.941347, 40.813438 ], [ -73.941803, 40.812815 ], [ -73.942249, 40.812201 ], [ -73.943172, 40.810942 ], [ -73.944083, 40.809693 ], [ -73.944994, 40.808446 ], [ -73.9469, 40.805839 ], [ -73.947352, 40.805213 ], [ -73.947813, 40.804587 ], [ -73.948273, 40.803957 ], [ -73.948728, 40.803331 ], [ -73.949187, 40.8027 ], [ -73.94968, 40.802024 ], [ -73.950186, 40.801332 ], [ -73.951094, 40.800091 ], [ -73.951529, 40.799459 ], [ -73.952483, 40.798253 ] ] ] } },
{ "type": "Feature", "properties": { "NTAName": "Pelham Bay-Country Club-City Island", "total_pop": 44387.0, "chinese_pop": 897.0, "chinese_pct": 2.0208619640885845 }, "geometry": { "type": "Polygon", "coordinates": [ [ [ -73.815305102924697, 40.836258289887702 ], [ -73.814636535800105, 40.839066078303908 ], [ -73.813516780201297, 40.843768727721901 ], [ -73.813468933358607, 40.843969670612495 ], [ -73.81281, 40.846737 ], [ -73.815169054516304, 40.849123291835909 ], [ -73.815928, 40.849891 ], [ -73.816641, 40.853487 ], [ -73.8126, 40.854386 ], [ -73.8126, 40.8587 ], [ -73.812461244326698, 40.858705838247097 ], [ -73.811518518196294, 40.858745504143208 ], [ -73.808322, 40.85888 ], [ -73.807720435035705, 40.858819421648697 ], [ -73.807589085284405, 40.858806194563002 ], [ -73.805005557520602, 40.858546030056097 ], [ -73.804757, 40.858521 ], [ -73.80547, 40.855105 ], [ -73.803701863279102, 40.851968729710599 ], [ -73.801726, 40.848464 ], [ -73.800407294490896, 40.8482000172664 ], [ -73.800110788222995, 40.848140661682692 ], [ -73.799543, 40.848027 ], [ -73.797252, 40.852196 ], [ -73.794116240958303, 40.855259402328905 ], [ -73.793785, 40.855583 ], [ -73.792471062793993, 40.855790554049499 ], [ -73.792253, 40.855825 ], [ -73.791880957051006, 40.855223026093107 ], [ -73.789512, 40.85139 ], [ -73.791020545536099, 40.846626068339702 ], [ -73.791044, 40.846552 ], [ -73.789569982484295, 40.844193989691504 ], [ -73.788221, 40.842036 ], [ -73.785399, 40.838004 ], [ -73.783867, 40.836795 ], [ -73.783556588449301, 40.836988947061897 ], [ -73.782577, 40.837601 ], [ -73.781206, 40.838891 ], [ -73.782254, 40.842359 ], [ -73.782227181923403, 40.842734952788199 ], [ -73.782093, 40.844616 ], [ -73.782154117968503, 40.846684956414599 ], [ -73.782174, 40.847358 ], [ -73.783799669158498, 40.850152512681298 ], [ -73.784550322497395, 40.851442879952003 ], [ -73.784754, 40.851793 ], [ -73.787601033097602, 40.853806419050898 ], [ -73.788026429028506, 40.854107258641399 ], [ -73.78806, 40.854131 ], [ -73.788786, 40.858485 ], [ -73.790397934925295, 40.860374225002602 ], [ -73.791662117867403, 40.861855876640497 ], [ -73.793111, 40.863554 ], [ -73.791209, 40.868946 ], [ -73.78598, 40.869485 ], [ -73.783366, 40.871822 ], [ -73.783777544597996, 40.873742541457304 ], [ -73.784803, 40.878528 ], [ -73.783545225362104, 40.88103955634049 ], [ -73.783702, 40.881078 ], [ -73.793016, 40.883361 ], [ -73.793702, 40.882897 ], [ -73.799251, 40.88463 ], [ -73.805551, 40.885932 ], [ -73.807578, 40.885773 ], [ -73.813129, 40.886722 ], [ -73.81936, 40.885726 ], [ -73.819814, 40.885574 ], [ -73.819926, 40.88212 ], [ -73.823296, 40.873098 ], [ -73.821267, 40.869071 ], [ -73.820873, 40.868907 ], [ -73.816341, 40.8661 ], [ -73.816752, 40.864544 ], [ -73.817557, 40.863588 ], [ -73.818807, 40.862482 ], [ -73.819884, 40.861754 ], [ -73.820468, 40.86136 ], [ -73.824731, 40.860031 ], [ -73.827239, 40.859194 ], [ -73.828261, 40.860853 ], [ -73.828372, 40.860947 ], [ -73.828521, 40.860746 ], [ -73.829609, 40.859889 ], [ -73.830172, 40.859634 ], [ -73.836819, 40.857277 ], [ -73.836928, 40.857193 ], [ -73.835246, 40.856494 ], [ -73.839629, 40.85475 ], [ -73.84139, 40.853112 ], [ -73.84494, 40.84821 ], [ -73.844671, 40.845935 ], [ -73.84491, 40.845427 ], [ -73.841505, 40.841016 ], [ -73.842041, 40.840646 ], [ -73.841247, 40.840621 ], [ -73.839364, 40.840878 ], [ -73.83763, 40.840293 ], [ -73.837301, 40.840019 ], [ -73.835007, 40.838107 ], [ -73.833806, 40.836643 ], [ -73.83224, 40.83527 ], [ -73.829233, 40.834449 ], [ -73.828356, 40.833284 ], [ -73.828189, 40.832951 ], [ -73.825294, 40.829689 ], [ -73.821482, 40.831573 ], [ -73.819884, 40.829688 ], [ -73.818322, 40.827835 ], [ -73.817337, 40.828318 ], [ -73.814383, 40.824841 ], [ -73.813804, 40.825468 ], [ -73.812088926404101, 40.82570738468651 ], [ -73.813123260354601, 40.827489084181302 ], [ -73.814431817837502, 40.829743149423308 ], [ -73.815205, 40.831075 ], [ -73.815574, 40.835129 ], [ -73.815305102924697, 40.836258289887702 ] ] ] } },
{ "type": "Feature", "properties": { "NTAName": "Morris Park", "total_pop": 64122.0, "chinese_pop": 1177.0, "chinese_pct": 1.8355634571597894 }, "geometry": { "type": "Polygon", "coordinates": [ [ [ -73.862789, 40.849238 ], [ -73.862509, 40.848362 ], [ -73.861193, 40.848603 ], [ -73.860387, 40.848236 ], [ -73.85944, 40.846659 ], [ -73.863451, 40.845778 ], [ -73.866119, 40.845223 ], [ -73.865167, 40.842466 ], [ -73.864107, 40.841675 ], [ -73.86358, 40.841278 ], [ -73.861762, 40.841513 ], [ -73.856916, 40.842062 ], [ -73.855465, 40.842227 ], [ -73.853335, 40.84247 ], [ -73.851208, 40.842715 ], [ -73.850523, 40.84279 ], [ -73.848986, 40.8416 ], [ -73.847798, 40.840697 ], [ -73.846479, 40.839809 ], [ -73.844581, 40.838536 ], [ -73.843611, 40.839348 ], [ -73.842041, 40.840646 ], [ -73.841247, 40.840621 ], [ -73.839364, 40.840878 ], [ -73.83763, 40.840293 ], [ -73.837664, 40.840935 ], [ -73.836868, 40.843473 ], [ -73.836693, 40.84364 ], [ -73.836177, 40.845917 ], [ -73.836069, 40.847165 ], [ -73.835801, 40.849677 ], [ -73.835041, 40.853127 ], [ -73.833906, 40.854468 ], [ -73.831575, 40.85538 ], [ -73.831291, 40.855434 ], [ -73.832821, 40.856124 ], [ -73.828521, 40.860746 ], [ -73.828372, 40.860947 ], [ -73.829594, 40.862173 ], [ -73.831602, 40.862628 ], [ -73.836431, 40.865356 ], [ -73.836971, 40.865643 ], [ -73.836989, 40.865095 ], [ -73.840747, 40.865162 ], [ -73.843354, 40.865211 ], [ -73.844366, 40.86523 ], [ -73.847185, 40.865283 ], [ -73.849525, 40.865322 ], [ -73.850084, 40.865335 ], [ -73.852891, 40.865388 ], [ -73.855781, 40.86544 ], [ -73.858673, 40.865495 ], [ -73.859613, 40.865512 ], [ -73.861562, 40.86555 ], [ -73.86352, 40.865508 ], [ -73.864461, 40.865489 ], [ -73.864533, 40.863162 ], [ -73.864594, 40.861294 ], [ -73.864631, 40.859609 ], [ -73.864671, 40.857906 ], [ -73.866583, 40.857856 ], [ -73.867588, 40.85783 ], [ -73.867645, 40.856624 ], [ -73.867703, 40.854493 ], [ -73.866694, 40.854477 ], [ -73.865753, 40.85446 ], [ -73.864814, 40.854443 ], [ -73.86488, 40.852358 ], [ -73.864893, 40.851531 ], [ -73.866142, 40.850536 ], [ -73.865651, 40.850335 ], [ -73.865221, 40.850178 ], [ -73.86304, 40.850611 ], [ -73.862789, 40.849238 ] ] ] } },
{ "type": "Feature", "properties": { "NTAName": "Washington Heights (North)", "total_pop": 109896.0, "chinese_pop": 1997.0, "chinese_pct": 1.8171725995486641 }, "geometry": { "type": "Polygon", "coordinates": [ [ [ -73.931393, 40.847428 ], [ -73.931851, 40.846803 ], [ -73.932325, 40.846154 ], [ -73.933233, 40.84491 ], [ -73.933716, 40.844247 ], [ -73.934671, 40.842958 ], [ -73.935567, 40.841713 ], [ -73.935079, 40.839267 ], [ -73.936691, 40.837193 ], [ -73.937383, 40.83569 ], [ -73.938037, 40.834286 ], [ -73.938492, 40.833843 ], [ -73.939155, 40.833278 ], [ -73.940368, 40.831468 ], [ -73.940346, 40.830458 ], [ -73.940167, 40.830383 ], [ -73.939343, 40.831612 ], [ -73.938683, 40.832801 ], [ -73.937957, 40.833454 ], [ -73.936496, 40.834569 ], [ -73.934402, 40.836054 ], [ -73.934705, 40.835626 ], [ -73.933006, 40.835679 ], [ -73.930606, 40.839679 ], [ -73.930406, 40.840279 ], [ -73.928159, 40.845492 ], [ -73.927296, 40.846557 ], [ -73.923904, 40.850488 ], [ -73.922978, 40.852022 ], [ -73.921405, 40.854358 ], [ -73.920958, 40.855112 ], [ -73.92216, 40.855607 ], [ -73.922867, 40.855872 ], [ -73.922958, 40.858914 ], [ -73.924742, 40.861594 ], [ -73.922495, 40.862413 ], [ -73.920611, 40.863113 ], [ -73.92125, 40.864112 ], [ -73.921884, 40.8651 ], [ -73.922498, 40.866064 ], [ -73.92311, 40.867016 ], [ -73.921214, 40.867693 ], [ -73.922145, 40.86915 ], [ -73.92133, 40.869571 ], [ -73.919255, 40.871008 ], [ -73.919458, 40.872249 ], [ -73.918459, 40.873022 ], [ -73.916278, 40.872116 ], [ -73.915056, 40.871603 ], [ -73.914009, 40.87116 ], [ -73.912269, 40.872518 ], [ -73.911435, 40.873297 ], [ -73.910485, 40.874015 ], [ -73.9152, 40.875581 ], [ -73.919808, 40.876577 ], [ -73.92163, 40.878321 ], [ -73.922602, 40.878779 ], [ -73.924974, 40.879144 ], [ -73.933786895522204, 40.882206616177001 ], [ -73.938354266404104, 40.874749163161106 ], [ -73.938946, 40.873783 ], [ -73.945840929906296, 40.862520569294396 ], [ -73.948335568293302, 40.858445735706511 ], [ -73.952565101198815, 40.851537061954502 ], [ -73.952829, 40.851106 ], [ -73.954162015980401, 40.847989320310901 ], [ -73.955660940789798, 40.844484734786199 ], [ -73.947721, 40.841448 ], [ -73.946502, 40.841241 ], [ -73.94468, 40.841051 ], [ -73.943066, 40.840193 ], [ -73.942279, 40.842154 ], [ -73.942013, 40.84281 ], [ -73.941142, 40.844049 ], [ -73.940518, 40.845369 ], [ -73.939779, 40.84721 ], [ -73.939524, 40.847838 ], [ -73.938036, 40.847558 ], [ -73.937672, 40.848392 ], [ -73.93707, 40.848939 ], [ -73.936397, 40.849541 ], [ -73.935471, 40.849145 ], [ -73.934239, 40.848626 ], [ -73.932849, 40.848038 ], [ -73.931393, 40.847428 ] ] ] } },
{ "type": "Feature", "properties": { "NTAName": "Throgs Neck-Schuylerville", "total_pop": 66558.0, "chinese_pop": 1191.0, "chinese_pct": 1.7894167493013611 }, "geometry": { "type": "Polygon", "coordinates": [ [ [ -73.848486, 40.834525 ], [ -73.848147, 40.83306 ], [ -73.847979, 40.832339 ], [ -73.847812, 40.831622 ], [ -73.847318, 40.829533 ], [ -73.847261, 40.829313 ], [ -73.845255, 40.828463 ], [ -73.843917, 40.828447 ], [ -73.842812, 40.828637 ], [ -73.842385, 40.828688 ], [ -73.837575, 40.828972 ], [ -73.836838, 40.828464 ], [ -73.83602, 40.82376 ], [ -73.836032, 40.817856 ], [ -73.836734, 40.817822 ], [ -73.836961, 40.816341 ], [ -73.83998, 40.816391 ], [ -73.840426, 40.811873 ], [ -73.837984, 40.806226 ], [ -73.834499, 40.805015 ], [ -73.831833, 40.804939 ], [ -73.830676, 40.803108 ], [ -73.827583, 40.803936 ], [ -73.823438, 40.80481 ], [ -73.817418, 40.80579 ], [ -73.811299, 40.805397 ], [ -73.799745, 40.802199 ], [ -73.793559, 40.80038 ], [ -73.787918, 40.800362 ], [ -73.786422499002299, 40.801457355595105 ], [ -73.790871249173705, 40.807223834536401 ], [ -73.790915194144901, 40.807280796096606 ], [ -73.79119, 40.807637 ], [ -73.797239566859702, 40.809116686204398 ], [ -73.800716, 40.809967 ], [ -73.800792249458794, 40.810060728304201 ], [ -73.802618, 40.812305 ], [ -73.797332, 40.815597 ], [ -73.797600061769202, 40.815806883762107 ], [ -73.797714564623206, 40.815896535821899 ], [ -73.798094634623496, 40.816194118434204 ], [ -73.800479, 40.818061 ], [ -73.804518, 40.818546 ], [ -73.806058859529401, 40.821911607087699 ], [ -73.807760836619295, 40.825629133602703 ], [ -73.808084, 40.826335 ], [ -73.811889, 40.825363 ], [ -73.812088926404101, 40.82570738468651 ], [ -73.813123260354601, 40.827489084181302 ], [ -73.814431817837502, 40.829743149423308 ], [ -73.815205, 40.831075 ], [ -73.815574, 40.835129 ], [ -73.815305102924697, 40.836258289887702 ], [ -73.814636535800105, 40.839066078303908 ], [ -73.813516780201297, 40.843768727721901 ], [ -73.813468933358607, 40.843969670612495 ], [ -73.81281, 40.846737 ], [ -73.815169054516304, 40.849123291835909 ], [ -73.815928, 40.849891 ], [ -73.816641, 40.853487 ], [ -73.8126, 40.854386 ], [ -73.8126, 40.8587 ], [ -73.812461244326698, 40.858705838247097 ], [ -73.811518518196294, 40.858745504143208 ], [ -73.812325, 40.860686 ], [ -73.815464, 40.86254 ], [ -73.817557, 40.863588 ], [ -73.818807, 40.862482 ], [ -73.819884, 40.861754 ], [ -73.820468, 40.86136 ], [ -73.824731, 40.860031 ], [ -73.827239, 40.859194 ], [ -73.828261, 40.860853 ], [ -73.828372, 40.860947 ], [ -73.828521, 40.860746 ], [ -73.829609, 40.859889 ], [ -73.830172, 40.859634 ], [ -73.836819, 40.857277 ], [ -73.836928, 40.857193 ], [ -73.835246, 40.856494 ], [ -73.839629, 40.85475 ], [ -73.84139, 40.853112 ], [ -73.84494, 40.84821 ], [ -73.844671, 40.845935 ], [ -73.84491, 40.845427 ], [ -73.841505, 40.841016 ], [ -73.842041, 40.840646 ], [ -73.843611, 40.839348 ], [ -73.844581, 40.838536 ], [ -73.847316, 40.836264 ], [ -73.849559, 40.834409 ], [ -73.848486, 40.834525 ] ], [ [ -73.831291, 40.855434 ], [ -73.828602, 40.855718 ], [ -73.827355, 40.85283 ], [ -73.827185, 40.851711 ], [ -73.827997, 40.848624 ], [ -73.828855, 40.84969 ], [ -73.83043, 40.849164 ], [ -73.830542, 40.849218 ], [ -73.832235, 40.847022 ], [ -73.832499, 40.846848 ], [ -73.836693, 40.84364 ], [ -73.836177, 40.845917 ], [ -73.836069, 40.847165 ], [ -73.835801, 40.849677 ], [ -73.835041, 40.853127 ], [ -73.833906, 40.854468 ], [ -73.831575, 40.85538 ], [ -73.831291, 40.855434 ] ] ] } },
{ "type": "Feature", "properties": { "NTAName": "Flatlands", "total_pop": 121720.0, "chinese_pop": 2171.0, "chinese_pct": 1.7836017088399607 }, "geometry": { "type": "Polygon", "coordinates": [ [ [ -73.918604, 40.632096 ], [ -73.916224, 40.633606 ], [ -73.913278, 40.635508 ], [ -73.914943, 40.637007 ], [ -73.916809, 40.638682 ], [ -73.91893, 40.640585 ], [ -73.919556, 40.641185 ], [ -73.919729, 40.642725 ], [ -73.919951, 40.644707 ], [ -73.919976, 40.64503 ], [ -73.921916, 40.644909 ], [ -73.922117, 40.646796 ], [ -73.92305, 40.646739 ], [ -73.923249, 40.648599 ], [ -73.92612, 40.64842 ], [ -73.925922, 40.64656 ], [ -73.925721, 40.644674 ], [ -73.929599, 40.644433 ], [ -73.929355, 40.642134 ], [ -73.929106, 40.639795 ], [ -73.932013, 40.639616 ], [ -73.932984, 40.639555 ], [ -73.934887, 40.639439 ], [ -73.936792, 40.639319 ], [ -73.937762, 40.639259 ], [ -73.937512, 40.636921 ], [ -73.941283, 40.636687 ], [ -73.942249, 40.636628 ], [ -73.945123, 40.636448 ], [ -73.94615, 40.636385 ], [ -73.948015, 40.636267 ], [ -73.949919, 40.636152 ], [ -73.951101, 40.636073 ], [ -73.949449, 40.634508 ], [ -73.951059, 40.633635 ], [ -73.950838, 40.632354 ], [ -73.947543, 40.631581 ], [ -73.947458, 40.63059 ], [ -73.950448, 40.63026 ], [ -73.950177, 40.628852 ], [ -73.951106, 40.62875 ], [ -73.950661, 40.626361 ], [ -73.950202, 40.623971 ], [ -73.949274, 40.624072 ], [ -73.94882, 40.621682 ], [ -73.948369, 40.619291 ], [ -73.946514, 40.619494 ], [ -73.946067, 40.617104 ], [ -73.945737, 40.615363 ], [ -73.944827, 40.616046 ], [ -73.944174, 40.612722 ], [ -73.944055, 40.611993 ], [ -73.943699, 40.610214 ], [ -73.942652, 40.610857 ], [ -73.941161, 40.61182 ], [ -73.93897, 40.61324 ], [ -73.938254, 40.613702 ], [ -73.937542, 40.614165 ], [ -73.936057, 40.615123 ], [ -73.937875, 40.616757 ], [ -73.939716, 40.618406 ], [ -73.936867, 40.620253 ], [ -73.935018, 40.6186 ], [ -73.933205, 40.61697 ], [ -73.933917, 40.616508 ], [ -73.93028, 40.613245 ], [ -73.92846, 40.611613 ], [ -73.927033, 40.612536 ], [ -73.92617, 40.61306 ], [ -73.924365, 40.611462 ], [ -73.922498, 40.609809 ], [ -73.919693, 40.607311 ], [ -73.919296, 40.606947 ], [ -73.91782, 40.606391 ], [ -73.917254, 40.606731 ], [ -73.914056, 40.608984 ], [ -73.912863, 40.611638 ], [ -73.911727, 40.614016 ], [ -73.909888, 40.615242 ], [ -73.911682, 40.616851 ], [ -73.91026, 40.61778 ], [ -73.908928, 40.618877 ], [ -73.910167, 40.619987 ], [ -73.910554, 40.620403 ], [ -73.909106, 40.621324 ], [ -73.908393, 40.621778 ], [ -73.906958, 40.622709 ], [ -73.905303, 40.62122 ], [ -73.90456, 40.621702 ], [ -73.902744, 40.620068 ], [ -73.901989, 40.620563 ], [ -73.900163, 40.621677 ], [ -73.898261, 40.622989 ], [ -73.90178, 40.624816 ], [ -73.90848, 40.627979 ], [ -73.916922, 40.631669 ], [ -73.918604, 40.632096 ] ] ] } },
{ "type": "Feature", "properties": { "NTAName": "Bedford-Stuyvesant (West)", "total_pop": 166231.0, "chinese_pop": 2924.0, "chinese_pct": 1.7589980208264404 }, "geometry": { "type": "Polygon", "coordinates": [ [ [ -73.9656, 40.691871 ], [ -73.965188, 40.689782 ], [ -73.96481, 40.688326 ], [ -73.962836, 40.688555 ], [ -73.962547, 40.687089 ], [ -73.963509, 40.686977 ], [ -73.965525, 40.686744 ], [ -73.965082, 40.684546 ], [ -73.964779, 40.68304 ], [ -73.964454, 40.681125 ], [ -73.961312, 40.680456 ], [ -73.961957, 40.678934 ], [ -73.962229, 40.678166 ], [ -73.962547, 40.677287 ], [ -73.962865, 40.676406 ], [ -73.963183, 40.675529 ], [ -73.960074, 40.674878 ], [ -73.956703, 40.674171 ], [ -73.953999, 40.673632 ], [ -73.952937, 40.673571 ], [ -73.952849, 40.674462 ], [ -73.952768, 40.675355 ], [ -73.950001, 40.675204 ], [ -73.94723, 40.675053 ], [ -73.947146, 40.675944 ], [ -73.947074, 40.676723 ], [ -73.946911, 40.678392 ], [ -73.944141, 40.678237 ], [ -73.943973, 40.680088 ], [ -73.943262, 40.680051 ], [ -73.940328, 40.67989 ], [ -73.938436, 40.679786 ], [ -73.934351, 40.679564 ], [ -73.934571, 40.680565 ], [ -73.934715, 40.681298 ], [ -73.934862, 40.682031 ], [ -73.935008, 40.682764 ], [ -73.935155, 40.683497 ], [ -73.9353, 40.684229 ], [ -73.935444, 40.684963 ], [ -73.93559, 40.685695 ], [ -73.935736, 40.686428 ], [ -73.935879, 40.68716 ], [ -73.936027, 40.687892 ], [ -73.936172, 40.688627 ], [ -73.936321, 40.689354 ], [ -73.936467, 40.69009 ], [ -73.936612, 40.690822 ], [ -73.936758, 40.691556 ], [ -73.936905, 40.692288 ], [ -73.937049, 40.693021 ], [ -73.937195, 40.693752 ], [ -73.937342, 40.694485 ], [ -73.937484, 40.695219 ], [ -73.937631, 40.695951 ], [ -73.937792, 40.69669 ], [ -73.938177, 40.698641 ], [ -73.938568, 40.698848 ], [ -73.938902, 40.699037 ], [ -73.941149, 40.700281 ], [ -73.941931, 40.700725 ], [ -73.942201, 40.700891 ], [ -73.944005, 40.701962 ], [ -73.94545, 40.70276 ], [ -73.945855, 40.702987 ], [ -73.947052, 40.703664 ], [ -73.949379, 40.702159 ], [ -73.951288, 40.700922 ], [ -73.952551, 40.702051 ], [ -73.95446, 40.700816 ], [ -73.953819, 40.700108 ], [ -73.957167, 40.699708 ], [ -73.957226, 40.7 ], [ -73.957457, 40.700822 ], [ -73.958071, 40.701398 ], [ -73.958689, 40.701953 ], [ -73.959889, 40.703032 ], [ -73.960341, 40.703437 ], [ -73.961452, 40.701663 ], [ -73.962179, 40.700221 ], [ -73.962839, 40.698039 ], [ -73.963709, 40.696588 ], [ -73.963624, 40.696341 ], [ -73.964508, 40.695926 ], [ -73.965156, 40.695972 ], [ -73.967416, 40.696028 ], [ -73.968406, 40.696047 ], [ -73.969399, 40.696093 ], [ -73.96881, 40.693121 ], [ -73.967844, 40.69323 ], [ -73.966881, 40.693341 ], [ -73.965906, 40.693433 ], [ -73.9656, 40.691871 ] ] ] } },
{ "type": "Feature", "properties": { "NTAName": "South Ozone Park", "total_pop": 149005.0, "chinese_pop": 2561.0, "chinese_pct": 1.7187342706620583 }, "geometry": { "type": "Polygon", "coordinates": [ [ [ -73.77383, 40.659651 ], [ -73.771448, 40.660635 ], [ -73.770957, 40.661198 ], [ -73.768591, 40.664018 ], [ -73.768305, 40.664468 ], [ -73.766754, 40.667433 ], [ -73.771545, 40.667963 ], [ -73.773425, 40.668028 ], [ -73.776164, 40.667867 ], [ -73.78062, 40.667526 ], [ -73.78941, 40.666841 ], [ -73.792174, 40.66704 ], [ -73.79155, 40.670207 ], [ -73.792438, 40.670328 ], [ -73.791652, 40.67349 ], [ -73.794726, 40.673761 ], [ -73.795935, 40.676597 ], [ -73.79727, 40.677195 ], [ -73.797535, 40.677739 ], [ -73.798215, 40.679097 ], [ -73.793695, 40.680187 ], [ -73.794635, 40.68211 ], [ -73.795491, 40.68386 ], [ -73.796368, 40.683612 ], [ -73.798286, 40.687524 ], [ -73.799135, 40.687182 ], [ -73.80057, 40.688198 ], [ -73.802787, 40.687529 ], [ -73.80415, 40.688388 ], [ -73.805046, 40.688982 ], [ -73.805687, 40.689421 ], [ -73.807044, 40.690348 ], [ -73.806425, 40.690874 ], [ -73.80724, 40.691432 ], [ -73.808902, 40.692564 ], [ -73.806243, 40.694741 ], [ -73.804891, 40.695852 ], [ -73.806645, 40.695452 ], [ -73.808243, 40.696393 ], [ -73.812084, 40.695303 ], [ -73.811897, 40.693962 ], [ -73.813719, 40.697153 ], [ -73.813943, 40.697147 ], [ -73.815316, 40.696822 ], [ -73.816174, 40.696583 ], [ -73.815709, 40.695638 ], [ -73.815121, 40.69444 ], [ -73.817823, 40.693669 ], [ -73.820643, 40.692868 ], [ -73.826594, 40.691179 ], [ -73.827181, 40.692378 ], [ -73.827972, 40.693992 ], [ -73.829668, 40.693517 ], [ -73.8313, 40.693058 ], [ -73.830526, 40.691431 ], [ -73.833104, 40.690828 ], [ -73.831852, 40.688293 ], [ -73.832743, 40.688042 ], [ -73.833726, 40.68776 ], [ -73.835151, 40.690598 ], [ -73.836044, 40.690353 ], [ -73.836346, 40.688928 ], [ -73.838106, 40.688433 ], [ -73.837278, 40.686747 ], [ -73.83906, 40.68624 ], [ -73.839923, 40.685995 ], [ -73.840769, 40.685754 ], [ -73.842175, 40.685354 ], [ -73.841196, 40.683351 ], [ -73.843231, 40.682775 ], [ -73.845186, 40.682254 ], [ -73.847868, 40.681487 ], [ -73.844724, 40.680707 ], [ -73.844928, 40.680274 ], [ -73.844383, 40.678773 ], [ -73.844055, 40.678054 ], [ -73.843837, 40.676744 ], [ -73.843643, 40.67605 ], [ -73.843356, 40.675049 ], [ -73.843329, 40.67374 ], [ -73.843397, 40.673099 ], [ -73.843277, 40.672114 ], [ -73.842572, 40.669284 ], [ -73.842429, 40.668784 ], [ -73.842266, 40.668272 ], [ -73.841652, 40.66597 ], [ -73.841254, 40.664212 ], [ -73.840404, 40.660833 ], [ -73.839725, 40.660951 ], [ -73.838959, 40.657551 ], [ -73.838554, 40.655892 ], [ -73.838034, 40.654253 ], [ -73.83763, 40.652508 ], [ -73.837227, 40.650916 ], [ -73.836813, 40.649249 ], [ -73.836331, 40.645321 ], [ -73.835664, 40.644058 ], [ -73.825337, 40.644248 ], [ -73.823052, 40.644485 ], [ -73.816295, 40.645964 ], [ -73.800561, 40.63919 ], [ -73.797257, 40.638008 ], [ -73.794514, 40.636453 ], [ -73.792353, 40.635914 ], [ -73.791308, 40.634532 ], [ -73.798123, 40.631318 ], [ -73.790793, 40.634282 ], [ -73.789427, 40.634263 ], [ -73.787331, 40.632517 ], [ -73.785708, 40.632095 ], [ -73.782645, 40.630248 ], [ -73.783466, 40.628118 ], [ -73.789186, 40.623007 ], [ -73.784932, 40.620469 ], [ -73.784194, 40.620892 ], [ -73.78091, 40.625621 ], [ -73.779327, 40.627336 ], [ -73.777505, 40.627778 ], [ -73.775381, 40.627056 ], [ -73.771728, 40.623585 ], [ -73.770821, 40.623283 ], [ -73.771688, 40.621036 ], [ -73.771098, 40.620005 ], [ -73.768553, 40.623155 ], [ -73.768761, 40.624352 ], [ -73.768709, 40.624386 ], [ -73.767425, 40.626606 ], [ -73.748001, 40.634631 ], [ -73.746264, 40.640487 ], [ -73.748897, 40.645165 ], [ -73.751616, 40.647235 ], [ -73.764388, 40.654558 ], [ -73.77383, 40.659651 ] ] ] } },
{ "type": "Feature", "properties": { "NTAName": "East New York-City Line", "total_pop": 101783.0, "chinese_pop": 1730.0, "chinese_pct": 1.6996944479922973 }, "geometry": { "type": "Polygon", "coordinates": [ [ [ -73.866295, 40.683189 ], [ -73.866598, 40.68527 ], [ -73.867018, 40.68683 ], [ -73.869084, 40.686322 ], [ -73.869909, 40.686116 ], [ -73.870704, 40.685918 ], [ -73.872739, 40.68541 ], [ -73.872187, 40.683649 ], [ -73.874105, 40.683104 ], [ -73.877867, 40.682039 ], [ -73.878362, 40.684009 ], [ -73.879075, 40.686882 ], [ -73.882203, 40.68536 ], [ -73.881645, 40.68327 ], [ -73.881168, 40.681354 ], [ -73.880609, 40.679111 ], [ -73.880505, 40.676766 ], [ -73.880199, 40.675525 ], [ -73.879882, 40.674255 ], [ -73.879568, 40.672987 ], [ -73.879254, 40.671732 ], [ -73.878871, 40.670195 ], [ -73.878489, 40.668655 ], [ -73.878378, 40.668234 ], [ -73.876953, 40.666259 ], [ -73.873688, 40.667665 ], [ -73.872841, 40.668032 ], [ -73.871875, 40.666764 ], [ -73.869485, 40.663546 ], [ -73.878592, 40.659701 ], [ -73.881826, 40.658308 ], [ -73.880813, 40.656945 ], [ -73.882511, 40.656213 ], [ -73.885681, 40.65485 ], [ -73.884653, 40.653451 ], [ -73.882213, 40.654498 ], [ -73.879733, 40.655563 ], [ -73.873384, 40.646821 ], [ -73.870893, 40.648807 ], [ -73.860483, 40.654659 ], [ -73.853617, 40.659735 ], [ -73.851127, 40.661513 ], [ -73.849505, 40.662441 ], [ -73.848813, 40.662804 ], [ -73.849417, 40.663567 ], [ -73.849918, 40.664627 ], [ -73.850338, 40.666323 ], [ -73.850721, 40.667861 ], [ -73.851098, 40.669412 ], [ -73.8481, 40.669831 ], [ -73.842266, 40.668272 ], [ -73.842429, 40.668784 ], [ -73.842572, 40.669284 ], [ -73.843211, 40.669319 ], [ -73.847414, 40.67063 ], [ -73.848478, 40.670917 ], [ -73.850965, 40.67172 ], [ -73.852838, 40.672279 ], [ -73.856487, 40.673377 ], [ -73.856465, 40.674719 ], [ -73.856871, 40.676455 ], [ -73.857669, 40.678739 ], [ -73.856801, 40.67951 ], [ -73.857793, 40.679456 ], [ -73.858786, 40.68063 ], [ -73.857907, 40.68088 ], [ -73.855353, 40.681607 ], [ -73.851979, 40.682564 ], [ -73.852801, 40.684253 ], [ -73.849369, 40.685227 ], [ -73.849947, 40.6864 ], [ -73.850571, 40.687661 ], [ -73.85231, 40.687166 ], [ -73.85484, 40.686446 ], [ -73.857375, 40.685723 ], [ -73.860477, 40.684843 ], [ -73.860805, 40.684741 ], [ -73.862123, 40.684375 ], [ -73.86387, 40.683878 ], [ -73.866295, 40.683189 ] ] ] } },
{ "type": "Feature", "properties": { "NTAName": "Westchester Square", "total_pop": 52053.0, "chinese_pop": 880.0, "chinese_pct": 1.6905845964689834 }, "geometry": { "type": "Polygon", "coordinates": [ [ [ -73.8563, 40.826757 ], [ -73.855972, 40.826064 ], [ -73.855646, 40.824633 ], [ -73.855312, 40.823192 ], [ -73.855136, 40.822436 ], [ -73.852078, 40.822847 ], [ -73.849018, 40.82326 ], [ -73.845955, 40.823671 ], [ -73.842898, 40.824083 ], [ -73.843917, 40.828447 ], [ -73.842812, 40.828637 ], [ -73.842385, 40.828688 ], [ -73.842028, 40.830508 ], [ -73.842279, 40.831267 ], [ -73.839332, 40.833554 ], [ -73.839323, 40.835768 ], [ -73.839604, 40.838275 ], [ -73.839364, 40.840878 ], [ -73.83763, 40.840293 ], [ -73.837664, 40.840935 ], [ -73.836868, 40.843473 ], [ -73.836693, 40.84364 ], [ -73.836177, 40.845917 ], [ -73.836069, 40.847165 ], [ -73.835801, 40.849677 ], [ -73.835041, 40.853127 ], [ -73.833906, 40.854468 ], [ -73.831575, 40.85538 ], [ -73.831291, 40.855434 ], [ -73.832821, 40.856124 ], [ -73.828521, 40.860746 ], [ -73.829609, 40.859889 ], [ -73.830172, 40.859634 ], [ -73.836819, 40.857277 ], [ -73.840972, 40.857949 ], [ -73.843295, 40.85829 ], [ -73.847397, 40.858683 ], [ -73.849309, 40.858718 ], [ -73.850282, 40.858657 ], [ -73.853109, 40.85841 ], [ -73.855907, 40.858168 ], [ -73.856638, 40.858119 ], [ -73.856097, 40.856941 ], [ -73.854697, 40.857065 ], [ -73.849359, 40.857497 ], [ -73.850096, 40.856347 ], [ -73.848288, 40.854731 ], [ -73.848003, 40.854291 ], [ -73.848214, 40.851091 ], [ -73.848613, 40.85108 ], [ -73.850499, 40.850696 ], [ -73.851368, 40.850304 ], [ -73.850345, 40.848993 ], [ -73.849073, 40.847062 ], [ -73.852191, 40.845656 ], [ -73.851152, 40.844322 ], [ -73.85221, 40.844264 ], [ -73.854014, 40.843639 ], [ -73.855741, 40.843143 ], [ -73.856863, 40.84353 ], [ -73.857484, 40.843794 ], [ -73.858654, 40.845286 ], [ -73.85944, 40.846659 ], [ -73.863451, 40.845778 ], [ -73.866119, 40.845223 ], [ -73.865167, 40.842466 ], [ -73.864107, 40.841675 ], [ -73.86358, 40.841278 ], [ -73.862674, 40.840409 ], [ -73.862437, 40.840174 ], [ -73.86094, 40.838926 ], [ -73.86069, 40.83851 ], [ -73.859831, 40.838817 ], [ -73.858957, 40.839149 ], [ -73.857752, 40.839838 ], [ -73.857664, 40.839883 ], [ -73.856325, 40.840315 ], [ -73.855144, 40.840507 ], [ -73.854151, 40.840617 ], [ -73.853877, 40.839741 ], [ -73.853488, 40.837676 ], [ -73.854458, 40.83757 ], [ -73.855447, 40.837463 ], [ -73.855125, 40.836049 ], [ -73.855858, 40.835897 ], [ -73.857531, 40.835175 ], [ -73.85813, 40.835002 ], [ -73.861012, 40.834597 ], [ -73.860906, 40.83399 ], [ -73.860851, 40.833614 ], [ -73.860344, 40.833294 ], [ -73.858853, 40.832673 ], [ -73.855977, 40.831831 ], [ -73.857323, 40.831822 ], [ -73.857157, 40.831102 ], [ -73.85699, 40.830385 ], [ -73.856822, 40.829665 ], [ -73.856656, 40.828945 ], [ -73.856491, 40.828225 ], [ -73.856328, 40.827508 ], [ -73.856151, 40.82677 ], [ -73.8563, 40.826757 ] ] ] } },
{ "type": "Feature", "properties": { "NTAName": "Jamaica", "total_pop": 128484.0, "chinese_pop": 2074.0, "chinese_pct": 1.6142087730768033 }, "geometry": { "type": "Polygon", "coordinates": [ [ [ -73.76944, 40.711977 ], [ -73.770395, 40.7134 ], [ -73.771921, 40.715685 ], [ -73.773571, 40.71512 ], [ -73.774248, 40.716517 ], [ -73.775197, 40.718461 ], [ -73.775511, 40.719094 ], [ -73.776801, 40.72176 ], [ -73.777385, 40.722442 ], [ -73.780361, 40.720527 ], [ -73.78499, 40.719972 ], [ -73.785053, 40.719584 ], [ -73.784346, 40.719676 ], [ -73.783798, 40.717918 ], [ -73.783141, 40.716434 ], [ -73.785019, 40.716159 ], [ -73.786621, 40.715325 ], [ -73.787288, 40.714655 ], [ -73.787448, 40.71368 ], [ -73.789405, 40.713418 ], [ -73.789264, 40.714704 ], [ -73.788785, 40.715258 ], [ -73.788417, 40.715763 ], [ -73.788356, 40.716137 ], [ -73.788349, 40.716516 ], [ -73.788412, 40.716894 ], [ -73.788546, 40.717259 ], [ -73.787892, 40.717705 ], [ -73.788841, 40.718736 ], [ -73.790896, 40.718876 ], [ -73.791263, 40.718669 ], [ -73.793621, 40.713975 ], [ -73.793214, 40.712608 ], [ -73.793903, 40.71237 ], [ -73.795825, 40.716267 ], [ -73.796475, 40.717592 ], [ -73.797963, 40.717162 ], [ -73.798055, 40.717431 ], [ -73.798096, 40.717543 ], [ -73.801922, 40.71655 ], [ -73.803178, 40.716351 ], [ -73.80278, 40.715024 ], [ -73.802544, 40.714611 ], [ -73.802111, 40.713926 ], [ -73.801384, 40.712674 ], [ -73.802593, 40.712539 ], [ -73.806457, 40.712056 ], [ -73.806654, 40.71295 ], [ -73.806929, 40.713643 ], [ -73.807422, 40.714325 ], [ -73.807774, 40.715716 ], [ -73.810221, 40.715707 ], [ -73.810196, 40.714283 ], [ -73.809834, 40.712812 ], [ -73.810555, 40.712626 ], [ -73.81243, 40.712645 ], [ -73.814262, 40.712672 ], [ -73.814432, 40.711568 ], [ -73.814198, 40.711037 ], [ -73.815594, 40.710689 ], [ -73.816416, 40.709865 ], [ -73.817798, 40.709342 ], [ -73.81915, 40.708428 ], [ -73.819459, 40.708396 ], [ -73.818313, 40.706164 ], [ -73.816477, 40.70245 ], [ -73.81686, 40.702444 ], [ -73.817544, 40.702657 ], [ -73.822459, 40.703656 ], [ -73.822112, 40.701847 ], [ -73.822505, 40.701757 ], [ -73.82125, 40.699699 ], [ -73.82631, 40.698258 ], [ -73.827528, 40.697918 ], [ -73.825832, 40.694448 ], [ -73.821069, 40.69578 ], [ -73.816174, 40.696583 ], [ -73.815709, 40.695638 ], [ -73.815121, 40.69444 ], [ -73.81452, 40.693215 ], [ -73.81621, 40.692732 ], [ -73.815228, 40.690733 ], [ -73.814384, 40.690972 ], [ -73.812718, 40.691408 ], [ -73.810749, 40.691917 ], [ -73.808017, 40.68706 ], [ -73.805287, 40.687982 ], [ -73.804836, 40.688225 ], [ -73.80415, 40.688388 ], [ -73.805046, 40.688982 ], [ -73.805687, 40.689421 ], [ -73.807044, 40.690348 ], [ -73.806425, 40.690874 ], [ -73.803818, 40.69308 ], [ -73.802113, 40.694544 ], [ -73.801196, 40.695337 ], [ -73.800936, 40.694425 ], [ -73.800188, 40.693589 ], [ -73.799239, 40.692866 ], [ -73.798823, 40.69248 ], [ -73.798031, 40.691621 ], [ -73.793635, 40.693471 ], [ -73.79213, 40.694116 ], [ -73.791005, 40.694595 ], [ -73.792163, 40.69618 ], [ -73.791247, 40.696565 ], [ -73.78964, 40.697246 ], [ -73.786901, 40.698386 ], [ -73.788387, 40.69972 ], [ -73.7832, 40.700699 ], [ -73.781656, 40.702598 ], [ -73.777842, 40.703217 ], [ -73.77691, 40.702525 ], [ -73.773957, 40.699806 ], [ -73.772308, 40.700572 ], [ -73.771355, 40.701244 ], [ -73.769939, 40.702136 ], [ -73.768377, 40.701413 ], [ -73.766991, 40.703141 ], [ -73.766573, 40.702752 ], [ -73.766792, 40.704009 ], [ -73.767014, 40.705268 ], [ -73.767344, 40.706636 ], [ -73.76826, 40.709526 ], [ -73.764353, 40.710495 ], [ -73.762549, 40.710916 ], [ -73.758102, 40.712005 ], [ -73.757182, 40.712213 ], [ -73.753607, 40.713071 ], [ -73.754037, 40.71388 ], [ -73.756068, 40.713504 ], [ -73.759222, 40.713473 ], [ -73.764019, 40.713318 ], [ -73.766051, 40.713282 ], [ -73.767422, 40.713088 ], [ -73.76944, 40.711977 ] ] ] } },
{ "type": "Feature", "properties": { "NTAName": "Crown Heights (North)", "total_pop": 116077.0, "chinese_pop": 1864.0, "chinese_pct": 1.6058306124382953 }, "geometry": { "type": "Polygon", "coordinates": [ [ [ -73.957974, 40.670657 ], [ -73.955269, 40.670125 ], [ -73.95327, 40.670007 ], [ -73.950502, 40.669856 ], [ -73.947731, 40.669705 ], [ -73.942196, 40.669403 ], [ -73.936657, 40.669101 ], [ -73.933888, 40.66895 ], [ -73.931119, 40.668798 ], [ -73.92835, 40.668647 ], [ -73.925598, 40.668496 ], [ -73.925539, 40.668493 ], [ -73.924772, 40.667487 ], [ -73.924389, 40.666385 ], [ -73.922753, 40.667098 ], [ -73.922632, 40.668373 ], [ -73.922544, 40.669276 ], [ -73.922467, 40.670117 ], [ -73.922384, 40.671009 ], [ -73.9223, 40.6719 ], [ -73.922215, 40.672792 ], [ -73.922132, 40.673684 ], [ -73.922049, 40.674574 ], [ -73.921901, 40.676131 ], [ -73.921816, 40.677019 ], [ -73.921646, 40.67887 ], [ -73.924593, 40.679032 ], [ -73.925266, 40.679073 ], [ -73.929058, 40.679277 ], [ -73.934351, 40.679564 ], [ -73.938436, 40.679786 ], [ -73.940328, 40.67989 ], [ -73.943262, 40.680051 ], [ -73.943973, 40.680088 ], [ -73.946274, 40.680213 ], [ -73.949557, 40.68039 ], [ -73.953371, 40.680641 ], [ -73.953516, 40.681383 ], [ -73.953662, 40.682115 ], [ -73.953954, 40.683581 ], [ -73.956112, 40.683333 ], [ -73.958841, 40.683018 ], [ -73.959785, 40.682909 ], [ -73.961671, 40.682691 ], [ -73.962107, 40.684891 ], [ -73.962547, 40.687089 ], [ -73.963509, 40.686977 ], [ -73.965525, 40.686744 ], [ -73.965082, 40.684546 ], [ -73.964779, 40.68304 ], [ -73.964454, 40.681125 ], [ -73.967477, 40.681754 ], [ -73.967678, 40.680955 ], [ -73.967954, 40.680189 ], [ -73.968227, 40.679422 ], [ -73.968542, 40.678543 ], [ -73.96886, 40.677665 ], [ -73.969178, 40.676785 ], [ -73.966296, 40.67618 ], [ -73.963331, 40.675561 ], [ -73.962954, 40.67359 ], [ -73.966942, 40.674416 ], [ -73.967191, 40.673694 ], [ -73.967486, 40.672878 ], [ -73.966297, 40.672677 ], [ -73.962622, 40.671629 ], [ -73.961338, 40.671352 ], [ -73.959047, 40.670882 ], [ -73.957974, 40.670657 ] ] ] } },
{ "type": "Feature", "properties": { "NTAName": "Spring Creek Park", "total_pop": 27987.0, "chinese_pop": 444.0, "chinese_pct": 1.5864508521813698 }, "geometry": { "type": "Polygon", "coordinates": [ [ [ -73.860676, 40.654868 ], [ -73.863815, 40.656029 ], [ -73.867181, 40.660452 ], [ -73.869156, 40.660119 ], [ -73.878117, 40.65626 ], [ -73.879733, 40.655563 ], [ -73.873384, 40.646821 ], [ -73.874892, 40.645095 ], [ -73.876082, 40.643293 ], [ -73.877848, 40.639904 ], [ -73.878497, 40.638575 ], [ -73.878814, 40.637942 ], [ -73.8763, 40.635192 ], [ -73.873957, 40.633773 ], [ -73.855021, 40.643098 ], [ -73.854938, 40.64265 ], [ -73.848338, 40.643521 ], [ -73.839999, 40.644143 ], [ -73.835664, 40.644058 ], [ -73.825337, 40.644248 ], [ -73.82641, 40.648261 ], [ -73.828392, 40.65603 ], [ -73.82987, 40.659967 ], [ -73.831781, 40.663674 ], [ -73.832705, 40.665406 ], [ -73.833312, 40.666759 ], [ -73.837242, 40.66736 ], [ -73.839279, 40.668202 ], [ -73.841174, 40.668507 ], [ -73.842429, 40.668784 ], [ -73.842572, 40.669284 ], [ -73.843211, 40.669319 ], [ -73.847414, 40.67063 ], [ -73.848478, 40.670917 ], [ -73.850965, 40.67172 ], [ -73.852838, 40.672279 ], [ -73.856487, 40.673377 ], [ -73.858252, 40.674136 ], [ -73.859283, 40.674453 ], [ -73.861318, 40.675021 ], [ -73.861064, 40.674343 ], [ -73.860389, 40.671269 ], [ -73.857633, 40.671656 ], [ -73.857282, 40.670312 ], [ -73.856847, 40.668603 ], [ -73.856425, 40.667033 ], [ -73.856063, 40.665511 ], [ -73.855685, 40.663867 ], [ -73.85843, 40.663453 ], [ -73.858025, 40.661721 ], [ -73.857615, 40.660119 ], [ -73.86036, 40.659646 ], [ -73.863171, 40.658277 ], [ -73.860676, 40.654868 ] ], [ [ -73.842266, 40.668272 ], [ -73.841652, 40.66597 ], [ -73.848813, 40.662804 ], [ -73.849417, 40.663567 ], [ -73.849918, 40.664627 ], [ -73.850338, 40.666323 ], [ -73.850721, 40.667861 ], [ -73.851098, 40.669412 ], [ -73.8481, 40.669831 ], [ -73.842266, 40.668272 ] ] ] } },
{ "type": "Feature", "properties": { "NTAName": "South Jamaica", "total_pop": 65806.0, "chinese_pop": 1014.0, "chinese_pct": 1.5408929276965626 }, "geometry": { "type": "Polygon", "coordinates": [ [ [ -73.783266, 40.689994 ], [ -73.780782, 40.69103 ], [ -73.779773, 40.689281 ], [ -73.777893, 40.689918 ], [ -73.776619, 40.688364 ], [ -73.775755, 40.687691 ], [ -73.773715, 40.689375 ], [ -73.774639, 40.691021 ], [ -73.769631, 40.692681 ], [ -73.772119, 40.693029 ], [ -73.777281, 40.692114 ], [ -73.777836, 40.694321 ], [ -73.776598, 40.695969 ], [ -73.776226, 40.696607 ], [ -73.77487, 40.698418 ], [ -73.773957, 40.699806 ], [ -73.772308, 40.700572 ], [ -73.775037, 40.705233 ], [ -73.775633, 40.705346 ], [ -73.775139, 40.706884 ], [ -73.77356, 40.707877 ], [ -73.768445, 40.709637 ], [ -73.771151, 40.710212 ], [ -73.771736, 40.710313 ], [ -73.773139, 40.709923 ], [ -73.774892, 40.709419 ], [ -73.776055, 40.709105 ], [ -73.778676, 40.708779 ], [ -73.779048, 40.70871 ], [ -73.78237, 40.708076 ], [ -73.78429, 40.707931 ], [ -73.785562, 40.707936 ], [ -73.787719, 40.707661 ], [ -73.78804, 40.707571 ], [ -73.78957, 40.707222 ], [ -73.78975, 40.707171 ], [ -73.790796, 40.70687 ], [ -73.791463, 40.706678 ], [ -73.792526, 40.70636 ], [ -73.794895, 40.705461 ], [ -73.793792, 40.704032 ], [ -73.79609, 40.703294 ], [ -73.797124, 40.703035 ], [ -73.79992, 40.702474 ], [ -73.802409, 40.701852 ], [ -73.798687, 40.699715 ], [ -73.799341, 40.699291 ], [ -73.801053, 40.698419 ], [ -73.802367, 40.697874 ], [ -73.804891, 40.695852 ], [ -73.806645, 40.695452 ], [ -73.808243, 40.696393 ], [ -73.812084, 40.695303 ], [ -73.811897, 40.693962 ], [ -73.810749, 40.691917 ], [ -73.808017, 40.68706 ], [ -73.806748, 40.684683 ], [ -73.805891, 40.682897 ], [ -73.805031, 40.681146 ], [ -73.798125, 40.683107 ], [ -73.796368, 40.683612 ], [ -73.795491, 40.68386 ], [ -73.794635, 40.68211 ], [ -73.793755, 40.68236 ], [ -73.79266, 40.682569 ], [ -73.792093, 40.680476 ], [ -73.788408, 40.681992 ], [ -73.789731, 40.683784 ], [ -73.792107, 40.687048 ], [ -73.790385, 40.687754 ], [ -73.790026, 40.687271 ], [ -73.786529, 40.685111 ], [ -73.784485, 40.68676 ], [ -73.784676, 40.687085 ], [ -73.784939, 40.687532 ], [ -73.782345, 40.688407 ], [ -73.783266, 40.689994 ] ] ] } },
{ "type": "Feature", "properties": { "NTAName": "Hollis", "total_pop": 55126.0, "chinese_pop": 837.0, "chinese_pct": 1.5183398033595763 }, "geometry": { "type": "Polygon", "coordinates": [ [ [ -73.775197, 40.718461 ], [ -73.775511, 40.719094 ], [ -73.776801, 40.72176 ], [ -73.777385, 40.722442 ], [ -73.780361, 40.720527 ], [ -73.78499, 40.719972 ], [ -73.785053, 40.719584 ], [ -73.784346, 40.719676 ], [ -73.783798, 40.717918 ], [ -73.783141, 40.716434 ], [ -73.781527, 40.716191 ], [ -73.781234, 40.714541 ], [ -73.780589, 40.713428 ], [ -73.779855, 40.711178 ], [ -73.779048, 40.70871 ], [ -73.78237, 40.708076 ], [ -73.78429, 40.707931 ], [ -73.785562, 40.707936 ], [ -73.787719, 40.707661 ], [ -73.78804, 40.707571 ], [ -73.78957, 40.707222 ], [ -73.78975, 40.707171 ], [ -73.790796, 40.70687 ], [ -73.791463, 40.706678 ], [ -73.792526, 40.70636 ], [ -73.794895, 40.705461 ], [ -73.793792, 40.704032 ], [ -73.792368, 40.702121 ], [ -73.791156, 40.702294 ], [ -73.789664, 40.70304 ], [ -73.78598, 40.704187 ], [ -73.784849, 40.704586 ], [ -73.782566, 40.705425 ], [ -73.780345, 40.705412 ], [ -73.777842, 40.703217 ], [ -73.77691, 40.702525 ], [ -73.773957, 40.699806 ], [ -73.772308, 40.700572 ], [ -73.775037, 40.705233 ], [ -73.775633, 40.705346 ], [ -73.775139, 40.706884 ], [ -73.77356, 40.707877 ], [ -73.768445, 40.709637 ], [ -73.76826, 40.709526 ], [ -73.767344, 40.706636 ], [ -73.767014, 40.705268 ], [ -73.766792, 40.704009 ], [ -73.766573, 40.702752 ], [ -73.766125, 40.702334 ], [ -73.765083, 40.701428 ], [ -73.764101, 40.700568 ], [ -73.763192, 40.6996 ], [ -73.762615, 40.698697 ], [ -73.758548, 40.699758 ], [ -73.759455, 40.70178 ], [ -73.760067, 40.703141 ], [ -73.757406, 40.703835 ], [ -73.756519, 40.704064 ], [ -73.754711, 40.704538 ], [ -73.752051, 40.705228 ], [ -73.750471, 40.70564 ], [ -73.748897, 40.704526 ], [ -73.746591, 40.705128 ], [ -73.747878, 40.706303 ], [ -73.749472, 40.7079 ], [ -73.748018, 40.708505 ], [ -73.746818, 40.709132 ], [ -73.747778, 40.711437 ], [ -73.749345, 40.715145 ], [ -73.749831, 40.716613 ], [ -73.750255, 40.717479 ], [ -73.751383, 40.718988 ], [ -73.752334, 40.720262 ], [ -73.753227, 40.721284 ], [ -73.755771, 40.72364 ], [ -73.754969, 40.72416 ], [ -73.755244, 40.724783 ], [ -73.756028, 40.725596 ], [ -73.75671, 40.726179 ], [ -73.75688, 40.726279 ], [ -73.759988, 40.725879 ], [ -73.760818, 40.725962 ], [ -73.7647, 40.726479 ], [ -73.766244, 40.726403 ], [ -73.765577, 40.725477 ], [ -73.764796, 40.724684 ], [ -73.765403, 40.724287 ], [ -73.764895, 40.722392 ], [ -73.766263, 40.72243 ], [ -73.767924, 40.721804 ], [ -73.768209, 40.721711 ], [ -73.770279, 40.721522 ], [ -73.770592, 40.721058 ], [ -73.771375, 40.720326 ], [ -73.771132, 40.71912 ], [ -73.771019, 40.717967 ], [ -73.772526, 40.717634 ], [ -73.774252, 40.718483 ], [ -73.775197, 40.718461 ] ] ] } },
{ "type": "Feature", "properties": { "NTAName": "Inwood Hill Park", "total_pop": 22101.0, "chinese_pop": 322.0, "chinese_pct": 1.4569476494276277 }, "geometry": { "type": "Polygon", "coordinates": [ [ [ -73.938354266404104, 40.874749163161106 ], [ -73.932521, 40.869914 ], [ -73.931277, 40.868844 ], [ -73.930919, 40.868571 ], [ -73.928722, 40.866743 ], [ -73.928057, 40.8662 ], [ -73.927269, 40.865535 ], [ -73.925005, 40.866336 ], [ -73.92311, 40.867016 ], [ -73.921214, 40.867693 ], [ -73.919754, 40.868114 ], [ -73.917044, 40.867026 ], [ -73.918943, 40.864463 ], [ -73.920276, 40.862606 ], [ -73.920611, 40.863113 ], [ -73.922495, 40.862413 ], [ -73.924742, 40.861594 ], [ -73.922958, 40.858914 ], [ -73.922867, 40.855872 ], [ -73.92216, 40.855607 ], [ -73.920958, 40.855112 ], [ -73.920005, 40.856679 ], [ -73.91929, 40.857475 ], [ -73.91434, 40.862521 ], [ -73.909804, 40.868282 ], [ -73.908605, 40.871678 ], [ -73.910485, 40.874015 ], [ -73.9152, 40.875581 ], [ -73.919808, 40.876577 ], [ -73.92163, 40.878321 ], [ -73.92095, 40.878585 ], [ -73.920402, 40.879032 ], [ -73.918725, 40.880123 ], [ -73.918331, 40.880485 ], [ -73.919221, 40.880768 ], [ -73.919967, 40.882399 ], [ -73.92023, 40.88271 ], [ -73.919807, 40.883939 ], [ -73.918761, 40.88557 ], [ -73.918696, 40.886885 ], [ -73.920956, 40.887288 ], [ -73.929421422075905, 40.889690133459702 ], [ -73.929821, 40.888682 ], [ -73.933786895522204, 40.882206616177001 ], [ -73.938354266404104, 40.874749163161106 ] ] ] } },
{ "type": "Feature", "properties": { "NTAName": "North & South Brother Islands", "total_pop": 6661.0, "chinese_pop": 95.0, "chinese_pct": 1.4262122804383726 }, "geometry": { "type": "Polygon", "coordinates": [ [ [ -73.892504, 40.801206 ], [ -73.895736, 40.802633 ], [ -73.902184, 40.804877 ], [ -73.903074, 40.80988 ], [ -73.906655, 40.807312 ], [ -73.908443, 40.806477 ], [ -73.909127, 40.806166 ], [ -73.90547, 40.803931 ], [ -73.906052, 40.803367 ], [ -73.908338, 40.804661 ], [ -73.913242, 40.799937 ], [ -73.925765, 40.805223 ], [ -73.926613, 40.804647 ], [ -73.928225, 40.80385 ], [ -73.92725, 40.802558 ], [ -73.925081, 40.802521 ], [ -73.923022, 40.802425 ], [ -73.921742, 40.801689 ], [ -73.919861, 40.799353 ], [ -73.913624, 40.796786 ], [ -73.912456, 40.796096 ], [ -73.899869, 40.792449 ], [ -73.892182, 40.790394 ], [ -73.89057, 40.790108 ], [ -73.888307, 40.787006 ], [ -73.885303, 40.786685 ], [ -73.878307, 40.785357 ], [ -73.876973, 40.785778 ], [ -73.873088, 40.785855 ], [ -73.871631, 40.786798 ], [ -73.870809, 40.787897 ], [ -73.870973, 40.789057 ], [ -73.870207, 40.790909 ], [ -73.867118, 40.793742 ], [ -73.872264, 40.794992 ], [ -73.892504, 40.801206 ] ] ] } },
{ "type": "Feature", "properties": { "NTAName": "Tottenville-Charleston", "total_pop": 40581.0, "chinese_pop": 567.0, "chinese_pct": 1.3972055888223553 }, "geometry": { "type": "Polygon", "coordinates": [ [ [ -74.250188, 40.496703 ], [ -74.246688, 40.496103 ], [ -74.239539177843099, 40.498865141576999 ], [ -74.236363409215599, 40.500092186028802 ], [ -74.23324, 40.501299 ], [ -74.232474895920006, 40.501373161578904 ], [ -74.226294434104105, 40.501972234068795 ], [ -74.221909068509802, 40.502397307787298 ], [ -74.219787, 40.502603 ], [ -74.210760565608695, 40.509237375970002 ], [ -74.210474, 40.509448 ], [ -74.199971648495406, 40.511718482777205 ], [ -74.199923, 40.511729 ], [ -74.196819297486897, 40.513284694634699 ], [ -74.182157, 40.520634 ], [ -74.177986, 40.519603 ], [ -74.177975167512997, 40.519607545634599 ], [ -74.179339, 40.522514 ], [ -74.183824, 40.520855 ], [ -74.186099, 40.523996 ], [ -74.191744, 40.531917 ], [ -74.199843, 40.527858 ], [ -74.201171, 40.526754 ], [ -74.201527, 40.526265 ], [ -74.202769, 40.525907 ], [ -74.205461, 40.525544 ], [ -74.209612, 40.525227 ], [ -74.210282, 40.524721 ], [ -74.211734, 40.524356 ], [ -74.214098, 40.524098 ], [ -74.21556, 40.523968 ], [ -74.21661, 40.528178 ], [ -74.216846, 40.528642 ], [ -74.217756, 40.531449 ], [ -74.218315, 40.535312 ], [ -74.2178, 40.53775 ], [ -74.217678, 40.540131 ], [ -74.217769, 40.541126 ], [ -74.214771, 40.541369 ], [ -74.212077, 40.541371 ], [ -74.207973, 40.541671 ], [ -74.20699, 40.541747 ], [ -74.205245, 40.541968 ], [ -74.2045, 40.541962 ], [ -74.202182, 40.542382 ], [ -74.197308, 40.543262 ], [ -74.199121, 40.546709 ], [ -74.200144, 40.548801 ], [ -74.203343, 40.556133 ], [ -74.200793, 40.556045 ], [ -74.199771, 40.55687 ], [ -74.197695, 40.558887 ], [ -74.192904, 40.562649 ], [ -74.190832, 40.562672 ], [ -74.189281, 40.563646 ], [ -74.187269, 40.564042 ], [ -74.185254, 40.564549 ], [ -74.18282, 40.565491 ], [ -74.181395, 40.565238 ], [ -74.177618, 40.563804 ], [ -74.179572, 40.571047 ], [ -74.184293, 40.572851 ], [ -74.189389, 40.572558 ], [ -74.189558, 40.57627 ], [ -74.190532, 40.576211 ], [ -74.190642, 40.576685 ], [ -74.191958, 40.576571 ], [ -74.197498, 40.578859 ], [ -74.200584, 40.579511 ], [ -74.204412, 40.58017 ], [ -74.206323347433596, 40.579892618626097 ], [ -74.206413122211501, 40.579519040983094 ], [ -74.2074652824152, 40.5751407118114 ], [ -74.208703704504401, 40.569987295495608 ], [ -74.210887, 40.560902 ], [ -74.211221167830502, 40.56057871586809 ], [ -74.213171900843804, 40.558691517366903 ], [ -74.213752921523195, 40.558129420274291 ], [ -74.215603623409706, 40.5563389949304 ], [ -74.216495746340897, 40.555475928048899 ], [ -74.216997, 40.554991 ], [ -74.217207846821495, 40.554991878162497 ], [ -74.217383172566699, 40.5549926083822 ], [ -74.229002, 40.555041 ], [ -74.235335453956097, 40.5511192159247 ], [ -74.247808, 40.543396 ], [ -74.247647324792993, 40.543075416468902 ], [ -74.245226767323402, 40.538245854552599 ], [ -74.2441961785606, 40.536189595900197 ], [ -74.241732, 40.531273 ], [ -74.241846579993094, 40.530245150061901 ], [ -74.242427680318798, 40.525032338316898 ], [ -74.242859764405608, 40.521156289890897 ], [ -74.242888, 40.520903 ], [ -74.247485856540905, 40.517619753756009 ], [ -74.247584242534401, 40.517549498096507 ], [ -74.248511002776098, 40.516887715360191 ], [ -74.252702, 40.513895 ], [ -74.253560265743602, 40.512376178873104 ], [ -74.256088, 40.507903 ], [ -74.256044250758805, 40.5077396694995 ], [ -74.256018386789606, 40.507643110681308 ], [ -74.255447037963705, 40.505510075064691 ], [ -74.254588, 40.502303 ], [ -74.250188, 40.496703 ] ] ] } },
{ "type": "Feature", "properties": { "NTAName": "Rockaway Beach-Arverne-Edgemere", "total_pop": 59189.0, "chinese_pop": 823.0, "chinese_pct": 1.3904610654006657 }, "geometry": { "type": "Polygon", "coordinates": [ [ [ -73.772374, 40.607295 ], [ -73.772374, 40.608452 ], [ -73.777321, 40.613078 ], [ -73.789058, 40.605621 ], [ -73.793652, 40.602623 ], [ -73.802469, 40.600967 ], [ -73.807512, 40.597862 ], [ -73.810285, 40.595073 ], [ -73.819835, 40.591897 ], [ -73.82733, 40.587801 ], [ -73.833507, 40.586706 ], [ -73.840704, 40.586087 ], [ -73.838752, 40.582629 ], [ -73.8372, 40.579812 ], [ -73.835531295468797, 40.57680943360581 ], [ -73.834408, 40.577201 ], [ -73.829496661288402, 40.578522255913605 ], [ -73.8210851044268, 40.580785145911399 ], [ -73.815495604296999, 40.582288841855501 ], [ -73.809865933052606, 40.5838033446948 ], [ -73.806834, 40.584619 ], [ -73.801434586431796, 40.585658064730993 ], [ -73.795594402719402, 40.586781951397903 ], [ -73.790890761849198, 40.587687121426896 ], [ -73.788487069208202, 40.588149688743897 ], [ -73.788440118385296, 40.58815872397399 ], [ -73.7857591786223, 40.588674644808499 ], [ -73.785302347374895, 40.58876255754781 ], [ -73.774928, 40.590759 ], [ -73.769643677806698, 40.590795556682295 ], [ -73.767535621142699, 40.590810140115202 ], [ -73.763757823458107, 40.590836274734691 ], [ -73.763871, 40.591751 ], [ -73.764402, 40.594572 ], [ -73.762778, 40.594757 ], [ -73.762156, 40.596085 ], [ -73.762357, 40.597229 ], [ -73.763335, 40.597823 ], [ -73.761288, 40.599549 ], [ -73.761658, 40.599973 ], [ -73.763361, 40.599105 ], [ -73.763868, 40.599727 ], [ -73.761639, 40.600782 ], [ -73.760598, 40.60181 ], [ -73.760401, 40.602433 ], [ -73.760838, 40.605272 ], [ -73.760953, 40.606452 ], [ -73.761345, 40.606541 ], [ -73.769497, 40.607109 ], [ -73.76992, 40.606596 ], [ -73.772374, 40.607295 ] ] ] } },
{ "type": "Feature", "properties": { "NTAName": "Riverdale-Spuyten Duyvil", "total_pop": 67376.0, "chinese_pop": 927.0, "chinese_pct": 1.3758608406554262 }, "geometry": { "type": "Polygon", "coordinates": [ [ [ -73.896634, 40.911324 ], [ -73.897253, 40.911655 ], [ -73.899505, 40.911978 ], [ -73.900697, 40.912381 ], [ -73.902454, 40.912979 ], [ -73.910516, 40.915282 ], [ -73.918317529127094, 40.917705209721703 ], [ -73.919432345260603, 40.914892533199698 ], [ -73.919935267617007, 40.913623662162003 ], [ -73.927120027462706, 40.895496542607802 ], [ -73.929421422075905, 40.889690133459702 ], [ -73.929821, 40.888682 ], [ -73.933786895522204, 40.882206616177001 ], [ -73.938354266404104, 40.874749163161106 ], [ -73.932521, 40.869914 ], [ -73.931277, 40.868844 ], [ -73.930919, 40.868571 ], [ -73.928722, 40.866743 ], [ -73.926233, 40.868506 ], [ -73.923821, 40.869018 ], [ -73.922145, 40.86915 ], [ -73.92133, 40.869571 ], [ -73.919255, 40.871008 ], [ -73.919458, 40.872249 ], [ -73.918459, 40.873022 ], [ -73.916278, 40.872116 ], [ -73.915056, 40.871603 ], [ -73.914009, 40.87116 ], [ -73.912269, 40.872518 ], [ -73.911435, 40.873297 ], [ -73.910485, 40.874015 ], [ -73.908605, 40.871678 ], [ -73.907104, 40.872978 ], [ -73.907, 40.873455 ], [ -73.907198, 40.876389 ], [ -73.906694, 40.876671 ], [ -73.903937, 40.880134 ], [ -73.90471, 40.880554 ], [ -73.90545, 40.880967 ], [ -73.906495, 40.881549 ], [ -73.907259, 40.88197 ], [ -73.908012, 40.8824 ], [ -73.904721, 40.885242 ], [ -73.904017, 40.884772 ], [ -73.902568, 40.883839 ], [ -73.901587, 40.883482 ], [ -73.901043, 40.884371 ], [ -73.900647, 40.885099 ], [ -73.89984, 40.886537 ], [ -73.896839, 40.885986 ], [ -73.894724, 40.885557 ], [ -73.894529, 40.885504 ], [ -73.891766, 40.88505 ], [ -73.889847, 40.884685 ], [ -73.887047, 40.884358 ], [ -73.885165, 40.883632 ], [ -73.88319, 40.883285 ], [ -73.882087, 40.883133 ], [ -73.881244, 40.88271 ], [ -73.879974, 40.884395 ], [ -73.877918, 40.887212 ], [ -73.880187, 40.892129 ], [ -73.880008, 40.895244 ], [ -73.87712, 40.895469 ], [ -73.876438, 40.896871 ], [ -73.875895, 40.897559 ], [ -73.87482, 40.898445 ], [ -73.871364, 40.900039 ], [ -73.868997, 40.901559 ], [ -73.868042, 40.902642 ], [ -73.867876, 40.902983 ], [ -73.872913, 40.904467 ], [ -73.877855, 40.905922 ], [ -73.878189, 40.905983 ], [ -73.87835, 40.905983 ], [ -73.880929, 40.90683 ], [ -73.882993, 40.907423 ], [ -73.885401, 40.907977 ], [ -73.886237, 40.908052 ], [ -73.891928, 40.909809 ], [ -73.896634, 40.911324 ] ] ] } },
{ "type": "Feature", "properties": { "NTAName": "Canarsie Park & Pier", "total_pop": 26700.0, "chinese_pop": 353.0, "chinese_pct": 1.3220973782771535 }, "geometry": { "type": "Polygon", "coordinates": [ [ [ -73.876082, 40.643293 ], [ -73.87729, 40.643842 ], [ -73.881481, 40.647601 ], [ -73.882413, 40.64844 ], [ -73.884113, 40.649956 ], [ -73.884806, 40.650765 ], [ -73.886282, 40.652756 ], [ -73.889994, 40.651138 ], [ -73.891252, 40.650026 ], [ -73.892551, 40.648911 ], [ -73.888901, 40.64563 ], [ -73.885253, 40.642357 ], [ -73.887386, 40.640981 ], [ -73.890328, 40.63908 ], [ -73.888507, 40.637446 ], [ -73.886646, 40.635775 ], [ -73.889695, 40.633802 ], [ -73.891557, 40.635475 ], [ -73.89476, 40.633405 ], [ -73.89686, 40.63205 ], [ -73.897629, 40.631553 ], [ -73.900513, 40.629688 ], [ -73.902388, 40.628599 ], [ -73.90652, 40.630458 ], [ -73.907351, 40.630831 ], [ -73.908943, 40.631617 ], [ -73.909597, 40.632205 ], [ -73.911437, 40.633857 ], [ -73.913198, 40.631934 ], [ -73.916224, 40.633606 ], [ -73.918604, 40.632096 ], [ -73.916922, 40.631669 ], [ -73.90848, 40.627979 ], [ -73.90178, 40.624816 ], [ -73.898261, 40.622989 ], [ -73.892306, 40.620556 ], [ -73.88239, 40.627542 ], [ -73.873957, 40.633773 ], [ -73.855021, 40.643098 ], [ -73.856148, 40.649198 ], [ -73.856537, 40.649916 ], [ -73.859755, 40.654104 ], [ -73.860483, 40.654659 ], [ -73.870893, 40.648807 ], [ -73.873384, 40.646821 ], [ -73.874892, 40.645095 ], [ -73.876082, 40.643293 ] ] ] } },
{ "type": "Feature", "properties": { "NTAName": "Canarsie", "total_pop": 129869.0, "chinese_pop": 1710.0, "chinese_pct": 1.3167114553896619 }, "geometry": { "type": "Polygon", "coordinates": [ [ [ -73.886282, 40.652756 ], [ -73.884653, 40.653451 ], [ -73.885681, 40.65485 ], [ -73.886689, 40.656205 ], [ -73.887786, 40.657683 ], [ -73.884582, 40.659061 ], [ -73.882912, 40.659781 ], [ -73.884131, 40.661433 ], [ -73.880892, 40.662834 ], [ -73.881856, 40.66415 ], [ -73.886814, 40.662014 ], [ -73.888385, 40.661338 ], [ -73.890015, 40.660636 ], [ -73.891649, 40.659933 ], [ -73.893279, 40.65923 ], [ -73.896167, 40.657974 ], [ -73.89611, 40.657754 ], [ -73.898807, 40.657407 ], [ -73.899041, 40.657372 ], [ -73.899967, 40.657285 ], [ -73.900303, 40.657263 ], [ -73.903173, 40.655301 ], [ -73.906916, 40.654732 ], [ -73.907856, 40.654589 ], [ -73.908558, 40.652096 ], [ -73.909335, 40.652809 ], [ -73.909726, 40.654313 ], [ -73.910679, 40.65418 ], [ -73.912329, 40.654135 ], [ -73.913744, 40.654169 ], [ -73.915226, 40.653039 ], [ -73.91737, 40.651654 ], [ -73.918137, 40.651158 ], [ -73.919962, 40.652789 ], [ -73.920773, 40.652554 ], [ -73.920581, 40.650707 ], [ -73.920467, 40.649654 ], [ -73.919976, 40.64503 ], [ -73.921916, 40.644909 ], [ -73.922117, 40.646796 ], [ -73.92305, 40.646739 ], [ -73.923249, 40.648599 ], [ -73.92612, 40.64842 ], [ -73.925922, 40.64656 ], [ -73.925721, 40.644674 ], [ -73.925382, 40.642384 ], [ -73.925743, 40.640014 ], [ -73.926082, 40.638163 ], [ -73.926146, 40.637568 ], [ -73.926788, 40.636108 ], [ -73.927448, 40.635259 ], [ -73.925706, 40.635367 ], [ -73.922832, 40.635543 ], [ -73.922587, 40.633209 ], [ -73.925456, 40.633028 ], [ -73.929836, 40.632756 ], [ -73.930312, 40.632726 ], [ -73.93027, 40.632313 ], [ -73.930054, 40.630389 ], [ -73.928114, 40.630506 ], [ -73.925205, 40.630689 ], [ -73.924239, 40.630749 ], [ -73.920418, 40.630904 ], [ -73.924005, 40.628567 ], [ -73.924298, 40.628386 ], [ -73.921119, 40.628586 ], [ -73.920869, 40.626251 ], [ -73.917995, 40.626458 ], [ -73.917694, 40.624103 ], [ -73.917515, 40.621941 ], [ -73.91747, 40.621513 ], [ -73.912071, 40.625088 ], [ -73.910797, 40.626376 ], [ -73.90848, 40.627979 ], [ -73.90178, 40.624816 ], [ -73.898261, 40.622989 ], [ -73.892306, 40.620556 ], [ -73.88239, 40.627542 ], [ -73.873957, 40.633773 ], [ -73.8763, 40.635192 ], [ -73.878814, 40.637942 ], [ -73.878497, 40.638575 ], [ -73.877848, 40.639904 ], [ -73.876082, 40.643293 ], [ -73.87729, 40.643842 ], [ -73.881481, 40.647601 ], [ -73.882413, 40.64844 ], [ -73.884113, 40.649956 ], [ -73.884806, 40.650765 ], [ -73.886282, 40.652756 ] ] ] } },
{ "type": "Feature", "properties": { "NTAName": "Washington Heights (South)", "total_pop": 119446.0, "chinese_pop": 1558.0, "chinese_pct": 1.3043551060730372 }, "geometry": { "type": "Polygon", "coordinates": [ [ [ -73.955660940789798, 40.844484734786199 ], [ -73.957715721336299, 40.839680521716801 ], [ -73.9586862157485, 40.837411441475197 ], [ -73.959971121733801, 40.834407246142398 ], [ -73.952247, 40.83128 ], [ -73.949688, 40.830244 ], [ -73.948139, 40.829599 ], [ -73.945292, 40.828401 ], [ -73.94438, 40.829651 ], [ -73.94298, 40.831568 ], [ -73.941368, 40.830891 ], [ -73.940346, 40.830458 ], [ -73.940167, 40.830383 ], [ -73.939343, 40.831612 ], [ -73.938683, 40.832801 ], [ -73.937957, 40.833454 ], [ -73.936496, 40.834569 ], [ -73.934402, 40.836054 ], [ -73.934705, 40.835626 ], [ -73.933006, 40.835679 ], [ -73.930606, 40.839679 ], [ -73.930406, 40.840279 ], [ -73.928159, 40.845492 ], [ -73.927296, 40.846557 ], [ -73.923904, 40.850488 ], [ -73.922978, 40.852022 ], [ -73.921405, 40.854358 ], [ -73.920958, 40.855112 ], [ -73.92216, 40.855607 ], [ -73.922867, 40.855872 ], [ -73.922958, 40.858914 ], [ -73.924742, 40.861594 ], [ -73.924877, 40.861541 ], [ -73.925175, 40.860309 ], [ -73.927266, 40.857929 ], [ -73.925192, 40.858029 ], [ -73.924692, 40.856642 ], [ -73.927695, 40.852488 ], [ -73.929147, 40.8531 ], [ -73.930539, 40.853685 ], [ -73.930996, 40.853062 ], [ -73.932228, 40.853582 ], [ -73.933705, 40.854169 ], [ -73.934627, 40.854501 ], [ -73.936038, 40.854915 ], [ -73.936355, 40.853821 ], [ -73.936545, 40.852611 ], [ -73.935716, 40.852339 ], [ -73.936661, 40.850448 ], [ -73.937365, 40.850645 ], [ -73.938284, 40.850909 ], [ -73.939236, 40.851179 ], [ -73.940285, 40.851322 ], [ -73.93954, 40.853486 ], [ -73.938652, 40.854677 ], [ -73.937953, 40.85557 ], [ -73.935606, 40.858863 ], [ -73.936287, 40.859275 ], [ -73.937789, 40.859812 ], [ -73.945840929906296, 40.862520569294396 ], [ -73.948335568293302, 40.858445735706511 ], [ -73.952565101198815, 40.851537061954502 ], [ -73.952829, 40.851106 ], [ -73.954162015980401, 40.847989320310901 ], [ -73.955660940789798, 40.844484734786199 ] ], [ [ -73.927695, 40.852488 ], [ -73.927477, 40.850694 ], [ -73.929777, 40.84815 ], [ -73.930621, 40.848481 ], [ -73.930013, 40.849314 ], [ -73.928659, 40.851184 ], [ -73.927695, 40.852488 ] ] ] } },
{ "type": "Feature", "properties": { "NTAName": "Harlem (North)", "total_pop": 116226.0, "chinese_pop": 1515.0, "chinese_pct": 1.3034949150792423 }, "geometry": { "type": "Polygon", "coordinates": [ [ [ -73.939018, 40.810856 ], [ -73.937408, 40.810176 ], [ -73.935819, 40.809503 ], [ -73.93424, 40.810846 ], [ -73.932605, 40.811517 ], [ -73.932401, 40.814151 ], [ -73.932327, 40.819503 ], [ -73.933059, 40.828156 ], [ -73.933459, 40.833184 ], [ -73.933144, 40.834815 ], [ -73.933006, 40.835679 ], [ -73.930606, 40.839679 ], [ -73.930406, 40.840279 ], [ -73.928159, 40.845492 ], [ -73.927296, 40.846557 ], [ -73.923904, 40.850488 ], [ -73.922978, 40.852022 ], [ -73.921405, 40.854358 ], [ -73.920958, 40.855112 ], [ -73.92216, 40.855607 ], [ -73.922867, 40.855872 ], [ -73.922958, 40.858914 ], [ -73.924742, 40.861594 ], [ -73.924877, 40.861541 ], [ -73.925175, 40.860309 ], [ -73.927266, 40.857929 ], [ -73.925192, 40.858029 ], [ -73.924692, 40.856642 ], [ -73.927695, 40.852488 ], [ -73.927477, 40.850694 ], [ -73.929777, 40.84815 ], [ -73.930621, 40.848481 ], [ -73.931393, 40.847428 ], [ -73.931851, 40.846803 ], [ -73.932325, 40.846154 ], [ -73.933233, 40.84491 ], [ -73.933716, 40.844247 ], [ -73.934671, 40.842958 ], [ -73.935567, 40.841713 ], [ -73.935079, 40.839267 ], [ -73.936691, 40.837193 ], [ -73.937383, 40.83569 ], [ -73.938037, 40.834286 ], [ -73.938492, 40.833843 ], [ -73.939155, 40.833278 ], [ -73.940368, 40.831468 ], [ -73.940346, 40.830458 ], [ -73.941368, 40.830891 ], [ -73.94298, 40.831568 ], [ -73.94438, 40.829651 ], [ -73.945292, 40.828401 ], [ -73.946203, 40.827154 ], [ -73.947117, 40.825904 ], [ -73.947604, 40.825233 ], [ -73.948099, 40.824563 ], [ -73.948553, 40.82394 ], [ -73.949006, 40.823315 ], [ -73.949465, 40.82269 ], [ -73.949921, 40.822073 ], [ -73.950829, 40.820829 ], [ -73.9522, 40.81895 ], [ -73.952721, 40.818236 ], [ -73.95319, 40.817595 ], [ -73.953562, 40.817083 ], [ -73.954089, 40.816361 ], [ -73.954547, 40.815737 ], [ -73.955001, 40.815112 ], [ -73.955707, 40.814144 ], [ -73.954081, 40.81228 ], [ -73.953544, 40.812051 ], [ -73.952101, 40.811442 ], [ -73.95068, 40.810843 ], [ -73.947839, 40.809641 ], [ -73.944994, 40.808446 ], [ -73.941771, 40.807089 ], [ -73.940861, 40.808334 ], [ -73.939949, 40.809582 ], [ -73.939018, 40.810856 ] ] ] } },
{ "type": "Feature", "properties": { "NTAName": "Hamilton Heights-Sugar Hill", "total_pop": 86163.0, "chinese_pop": 1104.0, "chinese_pct": 1.2812924341074476 }, "geometry": { "type": "Polygon", "coordinates": [ [ [ -73.962363690283397, 40.828813262339509 ], [ -73.963182, 40.8269 ], [ -73.963657546337004, 40.826298288308308 ], [ -73.965091811046506, 40.824483504390209 ], [ -73.958743, 40.82162 ], [ -73.958407, 40.821497 ], [ -73.957523, 40.821143 ], [ -73.955076, 40.820097 ], [ -73.955451, 40.819377 ], [ -73.952721, 40.818236 ], [ -73.9522, 40.81895 ], [ -73.950829, 40.820829 ], [ -73.949921, 40.822073 ], [ -73.948541, 40.821487 ], [ -73.948083, 40.822108 ], [ -73.946078, 40.821264 ], [ -73.945155, 40.820876 ], [ -73.943778, 40.820294 ], [ -73.943322, 40.820917 ], [ -73.942411, 40.822164 ], [ -73.941917, 40.822837 ], [ -73.941426, 40.823507 ], [ -73.940515, 40.824757 ], [ -73.939602, 40.826002 ], [ -73.937271, 40.829154 ], [ -73.93519, 40.828295 ], [ -73.934837, 40.828032 ], [ -73.934555, 40.828047 ], [ -73.933059, 40.828156 ], [ -73.933459, 40.833184 ], [ -73.933144, 40.834815 ], [ -73.933006, 40.835679 ], [ -73.930606, 40.839679 ], [ -73.930406, 40.840279 ], [ -73.928159, 40.845492 ], [ -73.927296, 40.846557 ], [ -73.923904, 40.850488 ], [ -73.922978, 40.852022 ], [ -73.921405, 40.854358 ], [ -73.920958, 40.855112 ], [ -73.92216, 40.855607 ], [ -73.922867, 40.855872 ], [ -73.922958, 40.858914 ], [ -73.924742, 40.861594 ], [ -73.924877, 40.861541 ], [ -73.925175, 40.860309 ], [ -73.927266, 40.857929 ], [ -73.925192, 40.858029 ], [ -73.924692, 40.856642 ], [ -73.927695, 40.852488 ], [ -73.927477, 40.850694 ], [ -73.929777, 40.84815 ], [ -73.930621, 40.848481 ], [ -73.931393, 40.847428 ], [ -73.931851, 40.846803 ], [ -73.932325, 40.846154 ], [ -73.933233, 40.84491 ], [ -73.933716, 40.844247 ], [ -73.934671, 40.842958 ], [ -73.935567, 40.841713 ], [ -73.935079, 40.839267 ], [ -73.936691, 40.837193 ], [ -73.937383, 40.83569 ], [ -73.938037, 40.834286 ], [ -73.938492, 40.833843 ], [ -73.939155, 40.833278 ], [ -73.94036, 40.833786 ], [ -73.941118, 40.834114 ], [ -73.941577, 40.833487 ], [ -73.944426, 40.834681 ], [ -73.945511, 40.835124 ], [ -73.949594, 40.83683 ], [ -73.957715721336299, 40.839680521716801 ], [ -73.9586862157485, 40.837411441475197 ], [ -73.959971121733801, 40.834407246142398 ], [ -73.961479276070904, 40.830881081370407 ], [ -73.962363690283397, 40.828813262339509 ] ] ] } },
{ "type": "Feature", "properties": { "NTAName": "Van Cortlandt Park", "total_pop": 43297.0, "chinese_pop": 542.0, "chinese_pct": 1.2518188327135831 }, "geometry": { "type": "Polygon", "coordinates": [ [ [ -73.909336, 40.881346 ], [ -73.908012, 40.8824 ], [ -73.904721, 40.885242 ], [ -73.904017, 40.884772 ], [ -73.902568, 40.883839 ], [ -73.901587, 40.883482 ], [ -73.901043, 40.884371 ], [ -73.900647, 40.885099 ], [ -73.89984, 40.886537 ], [ -73.896839, 40.885986 ], [ -73.898604, 40.884407 ], [ -73.901576, 40.880995 ], [ -73.900607, 40.880471 ], [ -73.89904, 40.881544 ], [ -73.899567, 40.879268 ], [ -73.899613, 40.878756 ], [ -73.898739, 40.878516 ], [ -73.898065, 40.878501 ], [ -73.896944, 40.879527 ], [ -73.896434, 40.881857 ], [ -73.894591, 40.88293 ], [ -73.892719, 40.882664 ], [ -73.89165, 40.882331 ], [ -73.888097, 40.882855 ], [ -73.886967, 40.882814 ], [ -73.887011, 40.882472 ], [ -73.885936, 40.880481 ], [ -73.885656, 40.87889 ], [ -73.885265, 40.879228 ], [ -73.88383, 40.880466 ], [ -73.883464, 40.880783 ], [ -73.882685, 40.880286 ], [ -73.881756, 40.880122 ], [ -73.880851, 40.879949 ], [ -73.878035, 40.879407 ], [ -73.877686, 40.878994 ], [ -73.877146, 40.879164 ], [ -73.876781, 40.880259 ], [ -73.878487, 40.881076 ], [ -73.878126, 40.882154 ], [ -73.875337, 40.881672 ], [ -73.874792, 40.880075 ], [ -73.874067, 40.880039 ], [ -73.871918, 40.880237 ], [ -73.87092, 40.880258 ], [ -73.869211, 40.883325 ], [ -73.867487, 40.888179 ], [ -73.863685, 40.894325 ], [ -73.863559, 40.895377 ], [ -73.864917, 40.89575 ], [ -73.866917, 40.896083 ], [ -73.867195, 40.897592 ], [ -73.867447, 40.898953 ], [ -73.865092, 40.899206 ], [ -73.863483, 40.899373 ], [ -73.86222, 40.898816 ], [ -73.861335, 40.90019 ], [ -73.861113, 40.897589 ], [ -73.859258, 40.900338 ], [ -73.859393, 40.900381 ], [ -73.862643, 40.901474 ], [ -73.864669, 40.901793 ], [ -73.865635, 40.902086 ], [ -73.867876, 40.902983 ], [ -73.872913, 40.904467 ], [ -73.877855, 40.905922 ], [ -73.878189, 40.905983 ], [ -73.87835, 40.905983 ], [ -73.880929, 40.90683 ], [ -73.882993, 40.907423 ], [ -73.885401, 40.907977 ], [ -73.886237, 40.908052 ], [ -73.891928, 40.909809 ], [ -73.896634, 40.911324 ], [ -73.897253, 40.911655 ], [ -73.899505, 40.911978 ], [ -73.899993, 40.912017 ], [ -73.899226, 40.911044 ], [ -73.899611, 40.909596 ], [ -73.900007, 40.908129 ], [ -73.900717, 40.905468 ], [ -73.900385, 40.903845 ], [ -73.90097, 40.903387 ], [ -73.90127, 40.903039 ], [ -73.901679, 40.902289 ], [ -73.901837, 40.901556 ], [ -73.901958, 40.901294 ], [ -73.90196, 40.900556 ], [ -73.901068, 40.898619 ], [ -73.902412, 40.896486 ], [ -73.905412, 40.894117 ], [ -73.905335, 40.893611 ], [ -73.901515, 40.893729 ], [ -73.90108, 40.893414 ], [ -73.902787, 40.890293 ], [ -73.902859, 40.889165 ], [ -73.903011, 40.888823 ], [ -73.903819, 40.887479 ], [ -73.904135, 40.887089 ], [ -73.907465, 40.884434 ], [ -73.90819, 40.882897 ], [ -73.908623, 40.882455 ], [ -73.909336, 40.881346 ] ] ] } },
{ "type": "Feature", "properties": { "NTAName": "Pelham Bay Park", "total_pop": 57732.0, "chinese_pop": 707.0, "chinese_pct": 1.224624125268482 }, "geometry": { "type": "Polygon", "coordinates": [ [ [ -73.831951, 40.879819 ], [ -73.830834, 40.878702 ], [ -73.829555, 40.878264 ], [ -73.828262, 40.878467 ], [ -73.828072, 40.877826 ], [ -73.828367, 40.876687 ], [ -73.826329, 40.875982 ], [ -73.825764, 40.876339 ], [ -73.824844, 40.875702 ], [ -73.824502, 40.875628 ], [ -73.824524, 40.874924 ], [ -73.824346, 40.872938 ], [ -73.824476, 40.872226 ], [ -73.825103, 40.871123 ], [ -73.825886, 40.870396 ], [ -73.826178, 40.869575 ], [ -73.825074, 40.869428 ], [ -73.822239, 40.868853 ], [ -73.82185, 40.868695 ], [ -73.821574, 40.868477 ], [ -73.821458, 40.868406 ], [ -73.824725, 40.864987 ], [ -73.826416, 40.863034 ], [ -73.828261, 40.860853 ], [ -73.828372, 40.860947 ], [ -73.829594, 40.862173 ], [ -73.831602, 40.862628 ], [ -73.836431, 40.865356 ], [ -73.836971, 40.865643 ], [ -73.836989, 40.865095 ], [ -73.840747, 40.865162 ], [ -73.840823, 40.862719 ], [ -73.840932, 40.859332 ], [ -73.840972, 40.857949 ], [ -73.836819, 40.857277 ], [ -73.836928, 40.857193 ], [ -73.835246, 40.856494 ], [ -73.839629, 40.85475 ], [ -73.84139, 40.853112 ], [ -73.84494, 40.84821 ], [ -73.844671, 40.845935 ], [ -73.84491, 40.845427 ], [ -73.841505, 40.841016 ], [ -73.842041, 40.840646 ], [ -73.841247, 40.840621 ], [ -73.839364, 40.840878 ], [ -73.83763, 40.840293 ], [ -73.837301, 40.840019 ], [ -73.835007, 40.838107 ], [ -73.831541, 40.839747 ], [ -73.829674, 40.840609 ], [ -73.827913, 40.841259 ], [ -73.826084, 40.841372 ], [ -73.825908, 40.838745 ], [ -73.825495, 40.835218 ], [ -73.826013, 40.834021 ], [ -73.825188, 40.834588 ], [ -73.823816, 40.83433 ], [ -73.822477, 40.834495 ], [ -73.819775, 40.835133 ], [ -73.818046, 40.835543 ], [ -73.817204, 40.83574 ], [ -73.815305102924697, 40.836258289887702 ], [ -73.814636535800105, 40.839066078303908 ], [ -73.813516780201297, 40.843768727721901 ], [ -73.813468933358607, 40.843969670612495 ], [ -73.81281, 40.846737 ], [ -73.815169054516304, 40.849123291835909 ], [ -73.815928, 40.849891 ], [ -73.816641, 40.853487 ], [ -73.8126, 40.854386 ], [ -73.8126, 40.8587 ], [ -73.812461244326698, 40.858705838247097 ], [ -73.811518518196294, 40.858745504143208 ], [ -73.808322, 40.85888 ], [ -73.807720435035705, 40.858819421648697 ], [ -73.807589085284405, 40.858806194563002 ], [ -73.805005557520602, 40.858546030056097 ], [ -73.804757, 40.858521 ], [ -73.80547, 40.855105 ], [ -73.803701863279102, 40.851968729710599 ], [ -73.801726, 40.848464 ], [ -73.800407294490896, 40.8482000172664 ], [ -73.800110788222995, 40.848140661682692 ], [ -73.799543, 40.848027 ], [ -73.797252, 40.852196 ], [ -73.794116240958303, 40.855259402328905 ], [ -73.793575, 40.856326 ], [ -73.790397934925295, 40.860374225002602 ], [ -73.791662117867403, 40.861855876640497 ], [ -73.793111, 40.863554 ], [ -73.791209, 40.868946 ], [ -73.78598, 40.869485 ], [ -73.783366, 40.871822 ], [ -73.783777544597996, 40.873742541457304 ], [ -73.784803, 40.878528 ], [ -73.783545225362104, 40.88103955634049 ], [ -73.783702, 40.881078 ], [ -73.793016, 40.883361 ], [ -73.819719, 40.890206 ], [ -73.823244, 40.891199 ], [ -73.822363, 40.88964 ], [ -73.824047, 40.889866 ], [ -73.827224, 40.890785 ], [ -73.827943, 40.890928 ], [ -73.833595, 40.892706 ], [ -73.837337, 40.893814 ], [ -73.836459, 40.891516 ], [ -73.835549, 40.889133 ], [ -73.834674, 40.889332 ], [ -73.834452, 40.889363 ], [ -73.829473, 40.889083 ], [ -73.828135, 40.888579 ], [ -73.82492, 40.88785 ], [ -73.824492, 40.887378 ], [ -73.82519, 40.886982 ], [ -73.827896, 40.885952 ], [ -73.830654, 40.884853 ], [ -73.833618, 40.884186 ], [ -73.834047, 40.88399 ], [ -73.834346, 40.88385 ], [ -73.836641, 40.88212 ], [ -73.838743, 40.881266 ], [ -73.837537, 40.87912 ], [ -73.835742, 40.879701 ], [ -73.834, 40.878388 ], [ -73.832451, 40.880216 ], [ -73.831951, 40.879819 ] ], [ [ -73.836693, 40.84364 ], [ -73.836177, 40.845917 ], [ -73.836069, 40.847165 ], [ -73.835801, 40.849677 ], [ -73.834001, 40.849561 ], [ -73.833105, 40.849479 ], [ -73.831309, 40.849308 ], [ -73.830542, 40.849218 ], [ -73.832235, 40.847022 ], [ -73.832499, 40.846848 ], [ -73.836693, 40.84364 ] ] ] } },
{ "type": "Feature", "properties": { "NTAName": "Highland Park-Cypress Hills Cemeteries (North)", "total_pop": 28934.0, "chinese_pop": 352.0, "chinese_pct": 1.216561830372572 }, "geometry": { "type": "Polygon", "coordinates": [ [ [ -73.905043, 40.693704 ], [ -73.906599, 40.69212 ], [ -73.908042, 40.690647 ], [ -73.907292, 40.690219 ], [ -73.906544, 40.689791 ], [ -73.905041, 40.688935 ], [ -73.904142, 40.688568 ], [ -73.901805, 40.690766 ], [ -73.901162, 40.687878 ], [ -73.896518, 40.682397 ], [ -73.896615, 40.682008 ], [ -73.897494, 40.680074 ], [ -73.897769, 40.679926 ], [ -73.900283, 40.679442 ], [ -73.902622, 40.680664 ], [ -73.904046, 40.67922 ], [ -73.903466, 40.678897 ], [ -73.900627, 40.677265 ], [ -73.89999, 40.6769 ], [ -73.896537, 40.678594 ], [ -73.893185, 40.680161 ], [ -73.892328, 40.680569 ], [ -73.889774, 40.681801 ], [ -73.888191, 40.682556 ], [ -73.886505, 40.683349 ], [ -73.882203, 40.68536 ], [ -73.879075, 40.686882 ], [ -73.876681, 40.688088 ], [ -73.874054, 40.689299 ], [ -73.872603, 40.689921 ], [ -73.870948, 40.690502 ], [ -73.870128, 40.690709 ], [ -73.868059, 40.691184 ], [ -73.868672, 40.693855 ], [ -73.868717, 40.694622 ], [ -73.866814, 40.695065 ], [ -73.864557, 40.69552 ], [ -73.863687, 40.695691 ], [ -73.862452, 40.695996 ], [ -73.860164, 40.696385 ], [ -73.858331, 40.696744 ], [ -73.852664, 40.697572 ], [ -73.852711, 40.698415 ], [ -73.853775, 40.69991 ], [ -73.854566, 40.700594 ], [ -73.854125, 40.700765 ], [ -73.850706, 40.700208 ], [ -73.84908, 40.698351 ], [ -73.848221, 40.698545 ], [ -73.847017, 40.698842 ], [ -73.845025, 40.699359 ], [ -73.842938, 40.700554 ], [ -73.841564, 40.701101 ], [ -73.83843, 40.703386 ], [ -73.836962, 40.704212 ], [ -73.838091, 40.706133 ], [ -73.837147, 40.707957 ], [ -73.839011, 40.708555 ], [ -73.843016, 40.709176 ], [ -73.84568, 40.70848 ], [ -73.849517, 40.708392 ], [ -73.851099, 40.707901 ], [ -73.854746, 40.706767 ], [ -73.854641, 40.70529 ], [ -73.853692, 40.704315 ], [ -73.852151, 40.702251 ], [ -73.855293, 40.702596 ], [ -73.855292, 40.701844 ], [ -73.856914, 40.701885 ], [ -73.857028, 40.70117 ], [ -73.858579, 40.701238 ], [ -73.85815, 40.702898 ], [ -73.858288, 40.702911 ], [ -73.863254, 40.703392 ], [ -73.863794, 40.703334 ], [ -73.864269, 40.706686 ], [ -73.866131, 40.706656 ], [ -73.869015, 40.70677 ], [ -73.86911, 40.707089 ], [ -73.871538, 40.707046 ], [ -73.874918, 40.706816 ], [ -73.87722, 40.706687 ], [ -73.881232, 40.706372 ], [ -73.880878, 40.706193 ], [ -73.880288, 40.704814 ], [ -73.879167, 40.702076 ], [ -73.880498, 40.701969 ], [ -73.883747, 40.701705 ], [ -73.88607, 40.701508 ], [ -73.887401, 40.701401 ], [ -73.888862, 40.701276 ], [ -73.888823, 40.699506 ], [ -73.888189, 40.69886 ], [ -73.890198, 40.698346 ], [ -73.891106, 40.698138 ], [ -73.892886, 40.69774 ], [ -73.893249, 40.700183 ], [ -73.893349, 40.700891 ], [ -73.89384, 40.70086 ], [ -73.894202, 40.700507 ], [ -73.89578, 40.698511 ], [ -73.895585, 40.697128 ], [ -73.896772, 40.696799 ], [ -73.898382, 40.696136 ], [ -73.898886, 40.69539 ], [ -73.900503, 40.696739 ], [ -73.901219, 40.697171 ], [ -73.905043, 40.693704 ] ] ] } },
{ "type": "Feature", "properties": { "NTAName": "Ferry Point Park-St. Raymond Cemetery", "total_pop": 23886.0, "chinese_pop": 287.0, "chinese_pct": 1.2015406514276146 }, "geometry": { "type": "Polygon", "coordinates": [ [ [ -73.828189, 40.832951 ], [ -73.828356, 40.833284 ], [ -73.829233, 40.834449 ], [ -73.83224, 40.83527 ], [ -73.833806, 40.836643 ], [ -73.835007, 40.838107 ], [ -73.837301, 40.840019 ], [ -73.83763, 40.840293 ], [ -73.839364, 40.840878 ], [ -73.839604, 40.838275 ], [ -73.839323, 40.835768 ], [ -73.839332, 40.833554 ], [ -73.842279, 40.831267 ], [ -73.842028, 40.830508 ], [ -73.842385, 40.828688 ], [ -73.842812, 40.828637 ], [ -73.843917, 40.828447 ], [ -73.842898, 40.824083 ], [ -73.845955, 40.823671 ], [ -73.849018, 40.82326 ], [ -73.84852, 40.821123 ], [ -73.848341, 40.820363 ], [ -73.848008, 40.818932 ], [ -73.847539, 40.816905 ], [ -73.844486, 40.817315 ], [ -73.843995, 40.817246 ], [ -73.845743, 40.813896 ], [ -73.846097, 40.813079 ], [ -73.846387, 40.811625 ], [ -73.843134, 40.811603 ], [ -73.845117, 40.806299 ], [ -73.846654, 40.801024 ], [ -73.844076, 40.801023 ], [ -73.835409, 40.802199 ], [ -73.830676, 40.803108 ], [ -73.827583, 40.803936 ], [ -73.823438, 40.80481 ], [ -73.817418, 40.80579 ], [ -73.811299, 40.805397 ], [ -73.813125, 40.813292 ], [ -73.814353, 40.813422 ], [ -73.813622, 40.814762 ], [ -73.814075, 40.816402 ], [ -73.816371, 40.817595 ], [ -73.81545, 40.817703 ], [ -73.815972, 40.819492 ], [ -73.818085, 40.820482 ], [ -73.818889, 40.821855 ], [ -73.81914, 40.822347 ], [ -73.820689, 40.825305 ], [ -73.821676, 40.826202 ], [ -73.823579, 40.827867 ], [ -73.825294, 40.829689 ], [ -73.828189, 40.832951 ] ] ] } },
{ "type": "Feature", "properties": { "NTAName": "Castle Hill-Unionport", "total_pop": 81287.0, "chinese_pop": 976.0, "chinese_pct": 1.2006839962109561 }, "geometry": { "type": "Polygon", "coordinates": [ [ [ -73.8363, 40.828369 ], [ -73.833607, 40.829582 ], [ -73.83191, 40.830645 ], [ -73.828189, 40.832951 ], [ -73.828356, 40.833284 ], [ -73.829233, 40.834449 ], [ -73.83224, 40.83527 ], [ -73.833806, 40.836643 ], [ -73.835007, 40.838107 ], [ -73.837301, 40.840019 ], [ -73.83763, 40.840293 ], [ -73.839364, 40.840878 ], [ -73.841247, 40.840621 ], [ -73.842041, 40.840646 ], [ -73.843611, 40.839348 ], [ -73.844581, 40.838536 ], [ -73.847316, 40.836264 ], [ -73.848781, 40.837271 ], [ -73.850011, 40.838115 ], [ -73.850678, 40.838575 ], [ -73.851683, 40.839261 ], [ -73.852914, 40.840086 ], [ -73.853035, 40.840735 ], [ -73.854151, 40.840617 ], [ -73.853877, 40.839741 ], [ -73.853488, 40.837676 ], [ -73.854458, 40.83757 ], [ -73.855447, 40.837463 ], [ -73.855125, 40.836049 ], [ -73.855858, 40.835897 ], [ -73.857531, 40.835175 ], [ -73.85813, 40.835002 ], [ -73.861012, 40.834597 ], [ -73.861115, 40.83552 ], [ -73.860525, 40.837424 ], [ -73.859966, 40.837779 ], [ -73.86069, 40.83851 ], [ -73.86094, 40.838926 ], [ -73.862437, 40.840174 ], [ -73.862674, 40.840409 ], [ -73.86358, 40.841278 ], [ -73.864465, 40.841088 ], [ -73.863938, 40.840045 ], [ -73.863555, 40.837865 ], [ -73.863156, 40.835531 ], [ -73.862837, 40.833688 ], [ -73.866806, 40.834837 ], [ -73.869033, 40.835486 ], [ -73.869994, 40.83565 ], [ -73.871102, 40.835755 ], [ -73.8709, 40.834645 ], [ -73.870375, 40.832405 ], [ -73.870007, 40.83082 ], [ -73.86815, 40.83136 ], [ -73.866355, 40.831874 ], [ -73.863657, 40.832652 ], [ -73.863135, 40.830305 ], [ -73.862642, 40.82817 ], [ -73.861717, 40.828296 ], [ -73.860674, 40.828419 ], [ -73.859703, 40.826277 ], [ -73.861207, 40.826087 ], [ -73.862166, 40.825966 ], [ -73.86491, 40.825596 ], [ -73.867703, 40.825201 ], [ -73.867613, 40.824818 ], [ -73.869499, 40.824565 ], [ -73.867765, 40.822992 ], [ -73.867019, 40.822303 ], [ -73.865746, 40.821012 ], [ -73.86298, 40.821384 ], [ -73.862029, 40.821509 ], [ -73.861531, 40.819379 ], [ -73.862464, 40.819247 ], [ -73.861982, 40.817135 ], [ -73.861482, 40.815029 ], [ -73.859717, 40.815269 ], [ -73.85772, 40.813362 ], [ -73.857156, 40.812824 ], [ -73.856133, 40.811415 ], [ -73.855618, 40.810608 ], [ -73.855312, 40.809329 ], [ -73.854417, 40.80578 ], [ -73.85653, 40.804794 ], [ -73.855256, 40.804608 ], [ -73.854632, 40.799724 ], [ -73.853072, 40.800113 ], [ -73.846654, 40.801024 ], [ -73.844076, 40.801023 ], [ -73.835409, 40.802199 ], [ -73.830676, 40.803108 ], [ -73.827583, 40.803936 ], [ -73.823438, 40.80481 ], [ -73.826345, 40.811196 ], [ -73.828298, 40.814811 ], [ -73.827509, 40.81517 ], [ -73.824081, 40.816351 ], [ -73.82319, 40.816673 ], [ -73.825369, 40.820212 ], [ -73.826717, 40.821819 ], [ -73.828329, 40.82104 ], [ -73.829459, 40.822377 ], [ -73.827882, 40.823176 ], [ -73.824638, 40.824766 ], [ -73.831106, 40.826819 ], [ -73.835336, 40.828192 ], [ -73.8363, 40.828369 ] ] ] } },
{ "type": "Feature", "properties": { "NTAName": "Far Rockaway-Bayswater", "total_pop": 75774.0, "chinese_pop": 908.0, "chinese_pct": 1.198300208514794 }, "geometry": { "type": "Polygon", "coordinates": [ [ [ -73.788440118385296, 40.58815872397399 ], [ -73.7857591786223, 40.588674644808499 ], [ -73.785302347374895, 40.58876255754781 ], [ -73.774928, 40.590759 ], [ -73.769643677806698, 40.590795556682295 ], [ -73.767535621142699, 40.590810140115202 ], [ -73.763757823458107, 40.590836274734691 ], [ -73.763622288472007, 40.590837212359098 ], [ -73.756028216284506, 40.590889747778903 ], [ -73.755269, 40.590895 ], [ -73.755266524050398, 40.590862400834602 ], [ -73.7548889533319, 40.585891180683994 ], [ -73.752371, 40.587965 ], [ -73.747749, 40.591503 ], [ -73.744469, 40.592904 ], [ -73.74338, 40.592847 ], [ -73.743237, 40.592839 ], [ -73.737185, 40.592965 ], [ -73.737421, 40.593458 ], [ -73.737977, 40.594543 ], [ -73.738463, 40.595866 ], [ -73.738405, 40.598187 ], [ -73.738358, 40.60266 ], [ -73.740571, 40.60488 ], [ -73.743551, 40.607452 ], [ -73.744451, 40.610169 ], [ -73.745492, 40.611805 ], [ -73.746942, 40.611775 ], [ -73.747495, 40.611888 ], [ -73.74912, 40.611794 ], [ -73.750088, 40.611641 ], [ -73.753458, 40.61052 ], [ -73.754732, 40.610405 ], [ -73.757235, 40.610993 ], [ -73.75891, 40.611206 ], [ -73.760021, 40.611349 ], [ -73.763454, 40.61369 ], [ -73.765244, 40.614942 ], [ -73.766719, 40.615004 ], [ -73.768253, 40.614878 ], [ -73.772268, 40.615136 ], [ -73.777321, 40.613078 ], [ -73.772374, 40.608452 ], [ -73.772374, 40.607295 ], [ -73.772607, 40.60296 ], [ -73.771156, 40.598298 ], [ -73.77305, 40.597876 ], [ -73.775455, 40.601651 ], [ -73.778266, 40.598165 ], [ -73.779752, 40.597276 ], [ -73.779683, 40.596693 ], [ -73.781952, 40.596457 ], [ -73.781836, 40.595267 ], [ -73.783612, 40.595145 ], [ -73.784545, 40.595076 ], [ -73.786265, 40.594955 ], [ -73.787044, 40.594911 ], [ -73.789133, 40.594044 ], [ -73.788996, 40.592411 ], [ -73.788440118385296, 40.58815872397399 ] ] ] } },
{ "type": "Feature", "properties": { "NTAName": "Port Richmond", "total_pop": 54935.0, "chinese_pop": 654.0, "chinese_pct": 1.1904978611085828 }, "geometry": { "type": "MultiPolygon", "coordinates": [ [ [ [ -74.161255, 40.64179 ], [ -74.159192, 40.641448 ], [ -74.157552, 40.643239 ], [ -74.157993789266598, 40.643840193347195 ], [ -74.158583, 40.644642 ], [ -74.1606047857872, 40.645431021175497 ], [ -74.161704, 40.64586 ], [ -74.161255, 40.64179 ] ] ], [ [ [ -74.146145, 40.62493 ], [ -74.147054, 40.622971 ], [ -74.148227, 40.621502 ], [ -74.151983, 40.61753 ], [ -74.152496, 40.616556 ], [ -74.153689, 40.612322 ], [ -74.149969, 40.60954 ], [ -74.146969, 40.610151 ], [ -74.146035, 40.617013 ], [ -74.145124, 40.616966 ], [ -74.142337, 40.616608 ], [ -74.139822, 40.6163 ], [ -74.139238, 40.61852 ], [ -74.138737, 40.620374 ], [ -74.137171, 40.620129 ], [ -74.135131, 40.619806 ], [ -74.135395, 40.618827 ], [ -74.134021, 40.61861 ], [ -74.134258, 40.617738 ], [ -74.131224, 40.617265 ], [ -74.130992, 40.615362 ], [ -74.130736, 40.612797 ], [ -74.130719, 40.612558 ], [ -74.128382, 40.612642 ], [ -74.122557, 40.613076 ], [ -74.122647, 40.614631 ], [ -74.123281, 40.616003 ], [ -74.123576, 40.61668 ], [ -74.123621, 40.618059 ], [ -74.123491, 40.618502 ], [ -74.123391, 40.619167 ], [ -74.123736, 40.620971 ], [ -74.123998, 40.621625 ], [ -74.124024, 40.621702 ], [ -74.124266, 40.622304 ], [ -74.124603, 40.623342 ], [ -74.125133, 40.627102 ], [ -74.122162, 40.627477 ], [ -74.121257, 40.627823 ], [ -74.120129, 40.626536 ], [ -74.117877, 40.624834 ], [ -74.117127, 40.624533 ], [ -74.113309, 40.623042 ], [ -74.116143, 40.628702 ], [ -74.11619, 40.628941 ], [ -74.113359, 40.629282 ], [ -74.111227, 40.629685 ], [ -74.109299, 40.63004 ], [ -74.108113, 40.630256 ], [ -74.105768, 40.630569 ], [ -74.106537, 40.634702 ], [ -74.107337, 40.63854 ], [ -74.105422, 40.638899 ], [ -74.106547, 40.644242 ], [ -74.107421808649406, 40.644624988149999 ], [ -74.110690550933697, 40.644004236521901 ], [ -74.112294089414206, 40.643699715994998 ], [ -74.120186, 40.642201 ], [ -74.120568259557203, 40.6421623508271 ], [ -74.120959324146796, 40.642122811402501 ], [ -74.121039198432399, 40.642114735541391 ], [ -74.129277009453205, 40.641281833978802 ], [ -74.133704604229095, 40.6408341725068 ], [ -74.136417325226901, 40.640559897028496 ], [ -74.142319524240406, 40.639963142530391 ], [ -74.143047902137994, 40.639889498319803 ], [ -74.148861213446693, 40.639301731003897 ], [ -74.152973, 40.638886 ], [ -74.154499431152303, 40.639179953716102 ], [ -74.160242435191606, 40.640285917373106 ], [ -74.160192, 40.640211 ], [ -74.160311, 40.633788 ], [ -74.156117, 40.63412 ], [ -74.155036, 40.634084 ], [ -74.153268, 40.634173 ], [ -74.15186, 40.634179 ], [ -74.152612, 40.629135 ], [ -74.153134, 40.625597 ], [ -74.148768, 40.625104 ], [ -74.146145, 40.62493 ] ] ] ] } },
{ "type": "Feature", "properties": { "NTAName": "Shirley Chisholm State Park", "total_pop": 15917.0, "chinese_pop": 189.0, "chinese_pct": 1.1874096877552303 }, "geometry": { "type": "Polygon", "coordinates": [ [ [ -73.886282, 40.652756 ], [ -73.889994, 40.651138 ], [ -73.891252, 40.650026 ], [ -73.889587, 40.648111 ], [ -73.880739, 40.639613 ], [ -73.878814, 40.637942 ], [ -73.8763, 40.635192 ], [ -73.873957, 40.633773 ], [ -73.855021, 40.643098 ], [ -73.856148, 40.649198 ], [ -73.856537, 40.649916 ], [ -73.859755, 40.654104 ], [ -73.860483, 40.654659 ], [ -73.860676, 40.654868 ], [ -73.863815, 40.656029 ], [ -73.867181, 40.660452 ], [ -73.869156, 40.660119 ], [ -73.878117, 40.65626 ], [ -73.879733, 40.655563 ], [ -73.882213, 40.654498 ], [ -73.884653, 40.653451 ], [ -73.886282, 40.652756 ] ] ] } },
{ "type": "Feature", "properties": { "NTAName": "Flatbush", "total_pop": 116337.0, "chinese_pop": 1308.0, "chinese_pct": 1.124319863843833 }, "geometry": { "type": "Polygon", "coordinates": [ [ [ -73.971397, 40.648258 ], [ -73.971211, 40.64762 ], [ -73.970841, 40.646378 ], [ -73.970546, 40.645317 ], [ -73.970089, 40.643746 ], [ -73.969484, 40.64169 ], [ -73.969399, 40.641383 ], [ -73.968791, 40.639256 ], [ -73.967917, 40.63965 ], [ -73.967044, 40.64004 ], [ -73.966174, 40.640431 ], [ -73.96443, 40.641214 ], [ -73.963557, 40.64161 ], [ -73.963186, 40.639672 ], [ -73.962282, 40.640101 ], [ -73.961386, 40.640525 ], [ -73.960502, 40.64094 ], [ -73.959377, 40.641471 ], [ -73.958966, 40.639305 ], [ -73.9584, 40.636327 ], [ -73.959525, 40.635786 ], [ -73.960409, 40.63536 ], [ -73.959898, 40.632668 ], [ -73.959445, 40.630277 ], [ -73.958994, 40.627886 ], [ -73.958053, 40.627972 ], [ -73.956847, 40.62812 ], [ -73.955812, 40.628234 ], [ -73.954885, 40.628336 ], [ -73.951106, 40.62875 ], [ -73.950177, 40.628852 ], [ -73.947327, 40.629166 ], [ -73.946327, 40.629277 ], [ -73.945401, 40.629378 ], [ -73.944155, 40.629508 ], [ -73.943409, 40.62956 ], [ -73.941509, 40.629678 ], [ -73.939605, 40.629795 ], [ -73.936767, 40.629973 ], [ -73.937013, 40.632304 ], [ -73.937593, 40.632268 ], [ -73.940788, 40.632076 ], [ -73.944629, 40.631838 ], [ -73.944881, 40.634177 ], [ -73.945123, 40.636448 ], [ -73.94615, 40.636385 ], [ -73.948015, 40.636267 ], [ -73.948265, 40.638607 ], [ -73.948414, 40.639987 ], [ -73.947443, 40.640048 ], [ -73.94779, 40.643305 ], [ -73.948761, 40.643245 ], [ -73.951652, 40.643066 ], [ -73.951785, 40.644305 ], [ -73.951854, 40.644954 ], [ -73.95205, 40.646771 ], [ -73.952189, 40.648021 ], [ -73.952363, 40.649669 ], [ -73.952469, 40.65067 ], [ -73.952563, 40.651546 ], [ -73.952664, 40.65249 ], [ -73.952824, 40.653978 ], [ -73.952959, 40.65525 ], [ -73.953048, 40.656081 ], [ -73.956388, 40.655875 ], [ -73.956478, 40.656711 ], [ -73.956558, 40.657454 ], [ -73.956649, 40.658306 ], [ -73.960426, 40.658072 ], [ -73.960484, 40.65841 ], [ -73.960622, 40.660205 ], [ -73.960662, 40.660947 ], [ -73.962005, 40.66067 ], [ -73.962814, 40.660504 ], [ -73.962884, 40.662622 ], [ -73.962429, 40.663125 ], [ -73.960956, 40.663285 ], [ -73.961258, 40.664802 ], [ -73.961806, 40.667681 ], [ -73.962194, 40.669641 ], [ -73.962622, 40.671629 ], [ -73.966297, 40.672677 ], [ -73.967486, 40.672878 ], [ -73.968924, 40.672938 ], [ -73.969247, 40.672743 ], [ -73.970039, 40.67268 ], [ -73.970409, 40.672617 ], [ -73.971325, 40.671248 ], [ -73.97282, 40.669427 ], [ -73.973323, 40.668825 ], [ -73.974331, 40.667621 ], [ -73.975337, 40.666419 ], [ -73.976334, 40.665214 ], [ -73.977343, 40.664012 ], [ -73.978349, 40.662799 ], [ -73.979654, 40.661241 ], [ -73.980171, 40.661155 ], [ -73.980061, 40.660791 ], [ -73.977511, 40.659863 ], [ -73.974482, 40.658339 ], [ -73.973792, 40.656392 ], [ -73.973555, 40.655644 ], [ -73.973051, 40.653913 ], [ -73.972683, 40.652639 ], [ -73.97262, 40.650835 ], [ -73.972082, 40.650635 ], [ -73.971397, 40.648258 ] ] ] } },
{ "type": "Feature", "properties": { "NTAName": "Breezy Point-Belle Harbor-Rockaway Park-Broad Channel", "total_pop": 29526.0, "chinese_pop": 319.0, "chinese_pct": 1.0804037119826593 }, "geometry": { "type": "Polygon", "coordinates": [ [ [ -73.886292, 40.573505 ], [ -73.890518, 40.572705 ], [ -73.903871, 40.571619 ], [ -73.92807, 40.567786 ], [ -73.92984, 40.563825 ], [ -73.935412546179606, 40.562886943694203 ], [ -73.936954809589395, 40.557654054302802 ], [ -73.937068, 40.55727 ], [ -73.940247, 40.554582 ], [ -73.940573712483996, 40.543483273001101 ], [ -73.940591, 40.542896 ], [ -73.917774, 40.55285 ], [ -73.905141, 40.556401 ], [ -73.901016066057394, 40.556853256813099 ], [ -73.89623, 40.557378 ], [ -73.882370720573903, 40.560844991662201 ], [ -73.879321648447601, 40.561607737495798 ], [ -73.879202815844806, 40.561637464268109 ], [ -73.878681, 40.561768 ], [ -73.872586517435295, 40.563892458460508 ], [ -73.862972095360902, 40.567243922690899 ], [ -73.857042828710206, 40.569310789002699 ], [ -73.847049767419094, 40.572794242008008 ], [ -73.843804160675504, 40.573925618894002 ], [ -73.8414012986091, 40.574763225793703 ], [ -73.838919016482606, 40.575628517507802 ], [ -73.837040319494406, 40.576283407183702 ], [ -73.835531295468797, 40.57680943360581 ], [ -73.834408, 40.577201 ], [ -73.829496661288402, 40.578522255913605 ], [ -73.8210851044268, 40.580785145911399 ], [ -73.815495604296999, 40.582288841855501 ], [ -73.81599, 40.583698 ], [ -73.817229, 40.585687 ], [ -73.8177, 40.586484 ], [ -73.818913, 40.587576 ], [ -73.819133, 40.588048 ], [ -73.819312, 40.589307 ], [ -73.819576, 40.590975 ], [ -73.819835, 40.591897 ], [ -73.810285, 40.595073 ], [ -73.807512, 40.597862 ], [ -73.802469, 40.600967 ], [ -73.793652, 40.602623 ], [ -73.789058, 40.605621 ], [ -73.777321, 40.613078 ], [ -73.772268, 40.615136 ], [ -73.768253, 40.614878 ], [ -73.766719, 40.615004 ], [ -73.767459, 40.620511 ], [ -73.767571, 40.621477 ], [ -73.768553, 40.623155 ], [ -73.771098, 40.620005 ], [ -73.771688, 40.621036 ], [ -73.770821, 40.623283 ], [ -73.771728, 40.623585 ], [ -73.775381, 40.627056 ], [ -73.777505, 40.627778 ], [ -73.779327, 40.627336 ], [ -73.78091, 40.625621 ], [ -73.784194, 40.620892 ], [ -73.784932, 40.620469 ], [ -73.789186, 40.623007 ], [ -73.783466, 40.628118 ], [ -73.782645, 40.630248 ], [ -73.785708, 40.632095 ], [ -73.787331, 40.632517 ], [ -73.789427, 40.634263 ], [ -73.790793, 40.634282 ], [ -73.798123, 40.631318 ], [ -73.791308, 40.634532 ], [ -73.792353, 40.635914 ], [ -73.794514, 40.636453 ], [ -73.797257, 40.638008 ], [ -73.800561, 40.63919 ], [ -73.816295, 40.645964 ], [ -73.823052, 40.644485 ], [ -73.825337, 40.644248 ], [ -73.835664, 40.644058 ], [ -73.839999, 40.644143 ], [ -73.848338, 40.643521 ], [ -73.837652, 40.63284 ], [ -73.836238, 40.631111 ], [ -73.833041, 40.628261 ], [ -73.833422, 40.626782 ], [ -73.834008, 40.614425 ], [ -73.834283, 40.609186 ], [ -73.834463, 40.607193 ], [ -73.835876, 40.605637 ], [ -73.842017, 40.598313 ], [ -73.844437, 40.595855 ], [ -73.84668, 40.593209 ], [ -73.849852, 40.588669 ], [ -73.854937, 40.585974 ], [ -73.859492, 40.583938 ], [ -73.866005, 40.581001 ], [ -73.86751, 40.580229 ], [ -73.869232, 40.579342 ], [ -73.871418, 40.578535 ], [ -73.879222, 40.574656 ], [ -73.885069, 40.573749 ], [ -73.886292, 40.573505 ] ] ] } },
{ "type": "Feature", "properties": { "NTAName": "Middle Village Cemetery", "total_pop": 13312.0, "chinese_pop": 143.0, "chinese_pct": 1.07421875 }, "geometry": { "type": "Polygon", "coordinates": [ [ [ -73.88722, 40.713982 ], [ -73.887179, 40.714756 ], [ -73.887446, 40.715177 ], [ -73.887916, 40.715806 ], [ -73.889534, 40.717616 ], [ -73.890535, 40.718702 ], [ -73.892838, 40.716006 ], [ -73.894235, 40.717924 ], [ -73.892735, 40.719129 ], [ -73.894714, 40.721821 ], [ -73.894268, 40.723142 ], [ -73.895824, 40.723899 ], [ -73.900106, 40.723296 ], [ -73.899816, 40.721237 ], [ -73.897369, 40.720482 ], [ -73.900626, 40.719764 ], [ -73.900339, 40.71802 ], [ -73.898348, 40.719198 ], [ -73.897268, 40.718147 ], [ -73.899018, 40.717382 ], [ -73.897502, 40.716384 ], [ -73.896285, 40.714818 ], [ -73.895538, 40.713804 ], [ -73.895025, 40.712478 ], [ -73.900184, 40.712681 ], [ -73.900596, 40.712697 ], [ -73.899855, 40.711265 ], [ -73.899709, 40.710981 ], [ -73.899356, 40.710323 ], [ -73.898453, 40.70904 ], [ -73.898003, 40.708401 ], [ -73.897563, 40.707759 ], [ -73.897231, 40.707091 ], [ -73.89694, 40.706499 ], [ -73.896331, 40.705274 ], [ -73.894486, 40.705734 ], [ -73.891813, 40.706398 ], [ -73.891333, 40.705088 ], [ -73.89248, 40.703365 ], [ -73.893131, 40.702567 ], [ -73.892744, 40.701851 ], [ -73.891053, 40.703816 ], [ -73.889843, 40.704972 ], [ -73.889119, 40.705599 ], [ -73.888263, 40.70581 ], [ -73.886528, 40.706225 ], [ -73.885549, 40.706155 ], [ -73.884595, 40.70379 ], [ -73.883747, 40.701705 ], [ -73.880498, 40.701969 ], [ -73.879167, 40.702076 ], [ -73.880288, 40.704814 ], [ -73.880878, 40.706193 ], [ -73.881232, 40.706372 ], [ -73.87722, 40.706687 ], [ -73.874918, 40.706816 ], [ -73.873748, 40.707509 ], [ -73.874896, 40.709685 ], [ -73.875353, 40.711015 ], [ -73.875478, 40.71312 ], [ -73.878292, 40.712831 ], [ -73.880207, 40.715244 ], [ -73.880563, 40.714321 ], [ -73.882345, 40.714145 ], [ -73.884208, 40.71395 ], [ -73.88722, 40.713982 ] ] ] } },
{ "type": "Feature", "properties": { "NTAName": "Parkchester", "total_pop": 67712.0, "chinese_pop": 711.0, "chinese_pct": 1.0500354442344044 }, "geometry": { "type": "Polygon", "coordinates": [ [ [ -73.873561, 40.839794 ], [ -73.872843, 40.839758 ], [ -73.871206, 40.839675 ], [ -73.870261, 40.839594 ], [ -73.869208, 40.8396 ], [ -73.867406, 40.840305 ], [ -73.867248, 40.840344 ], [ -73.866682, 40.839236 ], [ -73.866385, 40.837587 ], [ -73.865472, 40.837676 ], [ -73.865074, 40.835342 ], [ -73.865979, 40.835205 ], [ -73.866806, 40.834837 ], [ -73.869033, 40.835486 ], [ -73.869994, 40.83565 ], [ -73.871102, 40.835755 ], [ -73.8709, 40.834645 ], [ -73.870375, 40.832405 ], [ -73.870007, 40.83082 ], [ -73.86815, 40.83136 ], [ -73.866355, 40.831874 ], [ -73.863657, 40.832652 ], [ -73.863135, 40.830305 ], [ -73.862642, 40.82817 ], [ -73.861717, 40.828296 ], [ -73.860674, 40.828419 ], [ -73.85962, 40.828548 ], [ -73.860261, 40.829947 ], [ -73.85699, 40.830385 ], [ -73.857157, 40.831102 ], [ -73.857323, 40.831822 ], [ -73.855977, 40.831831 ], [ -73.854744, 40.831477 ], [ -73.852934, 40.830932 ], [ -73.851224, 40.830414 ], [ -73.850632, 40.830233 ], [ -73.848749, 40.829651 ], [ -73.847261, 40.829313 ], [ -73.847318, 40.829533 ], [ -73.847812, 40.831622 ], [ -73.847979, 40.832339 ], [ -73.848147, 40.83306 ], [ -73.848486, 40.834525 ], [ -73.849559, 40.834409 ], [ -73.847316, 40.836264 ], [ -73.848781, 40.837271 ], [ -73.850011, 40.838115 ], [ -73.850678, 40.838575 ], [ -73.850041, 40.839094 ], [ -73.84984, 40.838958 ], [ -73.847798, 40.840697 ], [ -73.848986, 40.8416 ], [ -73.850523, 40.84279 ], [ -73.849992, 40.842852 ], [ -73.848546, 40.843007 ], [ -73.848069, 40.843072 ], [ -73.846235, 40.84449 ], [ -73.847347, 40.845503 ], [ -73.847885, 40.845989 ], [ -73.849073, 40.847062 ], [ -73.852191, 40.845656 ], [ -73.851152, 40.844322 ], [ -73.85221, 40.844264 ], [ -73.854014, 40.843639 ], [ -73.855741, 40.843143 ], [ -73.856863, 40.84353 ], [ -73.857484, 40.843794 ], [ -73.858654, 40.845286 ], [ -73.85944, 40.846659 ], [ -73.863451, 40.845778 ], [ -73.866119, 40.845223 ], [ -73.865167, 40.842466 ], [ -73.865911, 40.843197 ], [ -73.867297, 40.842919 ], [ -73.868892, 40.84441 ], [ -73.870301, 40.843549 ], [ -73.870995, 40.843112 ], [ -73.872253, 40.841601 ], [ -73.872808, 40.840869 ], [ -73.873268, 40.84022 ], [ -73.873561, 40.839794 ] ] ] } },
{ "type": "Feature", "properties": { "NTAName": "Prospect Lefferts Gardens-Wingate", "total_pop": 94967.0, "chinese_pop": 902.0, "chinese_pct": 0.94980361599292373 }, "geometry": { "type": "Polygon", "coordinates": [ [ [ -73.962622, 40.671629 ], [ -73.966297, 40.672677 ], [ -73.967486, 40.672878 ], [ -73.968924, 40.672938 ], [ -73.969247, 40.672743 ], [ -73.970039, 40.67268 ], [ -73.970409, 40.672617 ], [ -73.971325, 40.671248 ], [ -73.97282, 40.669427 ], [ -73.973323, 40.668825 ], [ -73.974331, 40.667621 ], [ -73.975337, 40.666419 ], [ -73.976334, 40.665214 ], [ -73.977343, 40.664012 ], [ -73.978349, 40.662799 ], [ -73.979654, 40.661241 ], [ -73.980171, 40.661155 ], [ -73.980061, 40.660791 ], [ -73.977511, 40.659863 ], [ -73.974482, 40.658339 ], [ -73.973792, 40.656392 ], [ -73.973555, 40.655644 ], [ -73.973051, 40.653913 ], [ -73.972683, 40.652639 ], [ -73.97262, 40.650835 ], [ -73.972082, 40.650635 ], [ -73.971397, 40.648258 ], [ -73.968793, 40.649249 ], [ -73.967028, 40.649948 ], [ -73.964654, 40.650887 ], [ -73.965242, 40.651742 ], [ -73.965751, 40.6525 ], [ -73.966213, 40.653189 ], [ -73.9619, 40.654871 ], [ -73.961759, 40.654071 ], [ -73.961597, 40.653173 ], [ -73.961407, 40.65217 ], [ -73.959329, 40.652928 ], [ -73.959696, 40.654839 ], [ -73.9563, 40.655049 ], [ -73.956388, 40.655875 ], [ -73.953048, 40.656081 ], [ -73.952959, 40.65525 ], [ -73.952824, 40.653978 ], [ -73.952664, 40.65249 ], [ -73.952563, 40.651546 ], [ -73.952469, 40.65067 ], [ -73.949571, 40.650807 ], [ -73.949669, 40.651698 ], [ -73.949769, 40.652642 ], [ -73.94993, 40.65415 ], [ -73.950066, 40.655423 ], [ -73.947159, 40.655594 ], [ -73.942401, 40.655885 ], [ -73.940532, 40.656002 ], [ -73.938593, 40.656123 ], [ -73.938454, 40.654858 ], [ -73.93829, 40.653327 ], [ -73.938081, 40.651376 ], [ -73.936175, 40.651469 ], [ -73.934268, 40.651563 ], [ -73.934483, 40.653563 ], [ -73.935416, 40.653505 ], [ -73.935578, 40.655039 ], [ -73.935718, 40.656303 ], [ -73.934784, 40.656361 ], [ -73.932847, 40.656478 ], [ -73.931907, 40.656537 ], [ -73.930903, 40.65661 ], [ -73.927995, 40.656802 ], [ -73.928172, 40.658478 ], [ -73.929143, 40.658418 ], [ -73.929387, 40.660715 ], [ -73.931325, 40.660594 ], [ -73.931406, 40.661331 ], [ -73.931579, 40.66323 ], [ -73.931607, 40.663557 ], [ -73.930685, 40.66362 ], [ -73.929874, 40.66399 ], [ -73.929403, 40.664199 ], [ -73.928544, 40.664574 ], [ -73.928683, 40.665086 ], [ -73.931455, 40.665234 ], [ -73.934224, 40.665378 ], [ -73.936984, 40.665536 ], [ -73.937074, 40.664644 ], [ -73.939845, 40.664794 ], [ -73.942613, 40.664947 ], [ -73.945381, 40.665099 ], [ -73.948151, 40.665248 ], [ -73.948067, 40.666139 ], [ -73.947984, 40.667031 ], [ -73.947899, 40.667922 ], [ -73.947818, 40.668784 ], [ -73.947731, 40.669705 ], [ -73.950502, 40.669856 ], [ -73.95327, 40.670007 ], [ -73.955269, 40.670125 ], [ -73.957974, 40.670657 ], [ -73.959047, 40.670882 ], [ -73.961338, 40.671352 ], [ -73.962622, 40.671629 ] ] ] } },
{ "type": "Feature", "properties": { "NTAName": "Spring Creek-Starrett City", "total_pop": 38838.0, "chinese_pop": 364.0, "chinese_pct": 0.93722642772542353 }, "geometry": { "type": "Polygon", "coordinates": [ [ [ -73.880739, 40.639613 ], [ -73.878814, 40.637942 ], [ -73.8763, 40.635192 ], [ -73.873957, 40.633773 ], [ -73.855021, 40.643098 ], [ -73.856148, 40.649198 ], [ -73.856537, 40.649916 ], [ -73.859755, 40.654104 ], [ -73.860483, 40.654659 ], [ -73.860676, 40.654868 ], [ -73.863171, 40.658277 ], [ -73.86036, 40.659646 ], [ -73.857615, 40.660119 ], [ -73.858025, 40.661721 ], [ -73.85843, 40.663453 ], [ -73.855685, 40.663867 ], [ -73.856063, 40.665511 ], [ -73.856425, 40.667033 ], [ -73.856847, 40.668603 ], [ -73.857282, 40.670312 ], [ -73.862845, 40.669522 ], [ -73.86242, 40.667783 ], [ -73.862042, 40.666253 ], [ -73.867518, 40.665473 ], [ -73.86788, 40.666996 ], [ -73.86833, 40.668728 ], [ -73.870112, 40.668014 ], [ -73.871875, 40.666764 ], [ -73.869485, 40.663546 ], [ -73.878592, 40.659701 ], [ -73.881826, 40.658308 ], [ -73.880813, 40.656945 ], [ -73.882511, 40.656213 ], [ -73.885681, 40.65485 ], [ -73.886689, 40.656205 ], [ -73.887786, 40.657683 ], [ -73.884582, 40.659061 ], [ -73.882912, 40.659781 ], [ -73.884131, 40.661433 ], [ -73.880892, 40.662834 ], [ -73.881856, 40.66415 ], [ -73.886814, 40.662014 ], [ -73.888385, 40.661338 ], [ -73.890015, 40.660636 ], [ -73.891649, 40.659933 ], [ -73.893279, 40.65923 ], [ -73.896167, 40.657974 ], [ -73.89611, 40.657754 ], [ -73.895382, 40.65772 ], [ -73.893547, 40.655202 ], [ -73.89761, 40.653454 ], [ -73.895861, 40.651881 ], [ -73.897943, 40.650515 ], [ -73.896345, 40.649027 ], [ -73.897832, 40.64807 ], [ -73.896162, 40.646571 ], [ -73.894679, 40.64753 ], [ -73.892551, 40.648911 ], [ -73.888901, 40.64563 ], [ -73.885253, 40.642357 ], [ -73.887386, 40.640981 ], [ -73.885565, 40.639347 ], [ -73.883718, 40.63768 ], [ -73.881574, 40.639052 ], [ -73.880739, 40.639613 ] ] ] } },
{ "type": "Feature", "properties": { "NTAName": "Crown Heights (South)", "total_pop": 88240.0, "chinese_pop": 816.0, "chinese_pct": 0.92475067996373517 }, "geometry": { "type": "Polygon", "coordinates": [ [ [ -73.953019, 40.672681 ], [ -73.952937, 40.673571 ], [ -73.953999, 40.673632 ], [ -73.956703, 40.674171 ], [ -73.960074, 40.674878 ], [ -73.963183, 40.675529 ], [ -73.963331, 40.675561 ], [ -73.962954, 40.67359 ], [ -73.966942, 40.674416 ], [ -73.967191, 40.673694 ], [ -73.967486, 40.672878 ], [ -73.968924, 40.672938 ], [ -73.969247, 40.672743 ], [ -73.970039, 40.67268 ], [ -73.970409, 40.672617 ], [ -73.971325, 40.671248 ], [ -73.97282, 40.669427 ], [ -73.973323, 40.668825 ], [ -73.974331, 40.667621 ], [ -73.975337, 40.666419 ], [ -73.976334, 40.665214 ], [ -73.977343, 40.664012 ], [ -73.978349, 40.662799 ], [ -73.979654, 40.661241 ], [ -73.980171, 40.661155 ], [ -73.980061, 40.660791 ], [ -73.977511, 40.659863 ], [ -73.974482, 40.658339 ], [ -73.973792, 40.656392 ], [ -73.973555, 40.655644 ], [ -73.973051, 40.653913 ], [ -73.972683, 40.652639 ], [ -73.97262, 40.650835 ], [ -73.972082, 40.650635 ], [ -73.971397, 40.648258 ], [ -73.968793, 40.649249 ], [ -73.967028, 40.649948 ], [ -73.964654, 40.650887 ], [ -73.965242, 40.651742 ], [ -73.965751, 40.6525 ], [ -73.966213, 40.653189 ], [ -73.9619, 40.654871 ], [ -73.962814, 40.660504 ], [ -73.962005, 40.66067 ], [ -73.960662, 40.660947 ], [ -73.96077, 40.661734 ], [ -73.957044, 40.661965 ], [ -73.9537, 40.662174 ], [ -73.95081, 40.662354 ], [ -73.947914, 40.662533 ], [ -73.945613, 40.662676 ], [ -73.942829, 40.662847 ], [ -73.940029, 40.663021 ], [ -73.937264, 40.663192 ], [ -73.934553, 40.663362 ], [ -73.931607, 40.663557 ], [ -73.930685, 40.66362 ], [ -73.929874, 40.66399 ], [ -73.929403, 40.664199 ], [ -73.928544, 40.664574 ], [ -73.928228, 40.66471 ], [ -73.92638, 40.665515 ], [ -73.924389, 40.666385 ], [ -73.924772, 40.667487 ], [ -73.925539, 40.668493 ], [ -73.925598, 40.668496 ], [ -73.92835, 40.668647 ], [ -73.928181, 40.67043 ], [ -73.928098, 40.671321 ], [ -73.930868, 40.671474 ], [ -73.933635, 40.671626 ], [ -73.936406, 40.671774 ], [ -73.93649, 40.670886 ], [ -73.936569, 40.670041 ], [ -73.939337, 40.670192 ], [ -73.942106, 40.670342 ], [ -73.944872, 40.670504 ], [ -73.947642, 40.670664 ], [ -73.94748, 40.67238 ], [ -73.950251, 40.67253 ], [ -73.953019, 40.672681 ] ] ] } },
{ "type": "Feature", "properties": { "NTAName": "Inwood", "total_pop": 42921.0, "chinese_pop": 388.0, "chinese_pct": 0.90398639360685906 }, "geometry": { "type": "Polygon", "coordinates": [ [ [ -73.927269, 40.865535 ], [ -73.926011, 40.863575 ], [ -73.925373, 40.862582 ], [ -73.924742, 40.861594 ], [ -73.924877, 40.861541 ], [ -73.925175, 40.860309 ], [ -73.927266, 40.857929 ], [ -73.925192, 40.858029 ], [ -73.924692, 40.856642 ], [ -73.927695, 40.852488 ], [ -73.927477, 40.850694 ], [ -73.929777, 40.84815 ], [ -73.930621, 40.848481 ], [ -73.931393, 40.847428 ], [ -73.931851, 40.846803 ], [ -73.932325, 40.846154 ], [ -73.933233, 40.84491 ], [ -73.933716, 40.844247 ], [ -73.934671, 40.842958 ], [ -73.935567, 40.841713 ], [ -73.935079, 40.839267 ], [ -73.936691, 40.837193 ], [ -73.937383, 40.83569 ], [ -73.938037, 40.834286 ], [ -73.938492, 40.833843 ], [ -73.939155, 40.833278 ], [ -73.940368, 40.831468 ], [ -73.940346, 40.830458 ], [ -73.940167, 40.830383 ], [ -73.939343, 40.831612 ], [ -73.938683, 40.832801 ], [ -73.937957, 40.833454 ], [ -73.936496, 40.834569 ], [ -73.934402, 40.836054 ], [ -73.934705, 40.835626 ], [ -73.933006, 40.835679 ], [ -73.930606, 40.839679 ], [ -73.930406, 40.840279 ], [ -73.928159, 40.845492 ], [ -73.927296, 40.846557 ], [ -73.923904, 40.850488 ], [ -73.922978, 40.852022 ], [ -73.921405, 40.854358 ], [ -73.920958, 40.855112 ], [ -73.920005, 40.856679 ], [ -73.91929, 40.857475 ], [ -73.91434, 40.862521 ], [ -73.909804, 40.868282 ], [ -73.908605, 40.871678 ], [ -73.910485, 40.874015 ], [ -73.9152, 40.875581 ], [ -73.919808, 40.876577 ], [ -73.92163, 40.878321 ], [ -73.922602, 40.878779 ], [ -73.924974, 40.879144 ], [ -73.933786895522204, 40.882206616177001 ], [ -73.938354266404104, 40.874749163161106 ], [ -73.932521, 40.869914 ], [ -73.931277, 40.868844 ], [ -73.930919, 40.868571 ], [ -73.928722, 40.866743 ], [ -73.928057, 40.8662 ], [ -73.927269, 40.865535 ] ] ] } },
{ "type": "Feature", "properties": { "NTAName": "Kingsbridge-Marble Hill", "total_pop": 67281.0, "chinese_pop": 608.0, "chinese_pct": 0.90367265647062311 }, "geometry": { "type": "Polygon", "coordinates": [ [ [ -73.922958, 40.858914 ], [ -73.922867, 40.855872 ], [ -73.92216, 40.855607 ], [ -73.920958, 40.855112 ], [ -73.920005, 40.856679 ], [ -73.91929, 40.857475 ], [ -73.91434, 40.862521 ], [ -73.909804, 40.868282 ], [ -73.908605, 40.871678 ], [ -73.907104, 40.872978 ], [ -73.907, 40.873455 ], [ -73.906162, 40.873243 ], [ -73.905714, 40.873138 ], [ -73.904662, 40.872645 ], [ -73.904459, 40.872423 ], [ -73.904397, 40.870348 ], [ -73.903794, 40.869617 ], [ -73.90265, 40.870585 ], [ -73.90242, 40.871106 ], [ -73.902146, 40.872502 ], [ -73.901748, 40.873675 ], [ -73.901375, 40.874826 ], [ -73.900054, 40.876184 ], [ -73.89958, 40.876608 ], [ -73.898065, 40.878501 ], [ -73.896944, 40.879527 ], [ -73.896434, 40.881857 ], [ -73.894591, 40.88293 ], [ -73.892719, 40.882664 ], [ -73.893128, 40.883679 ], [ -73.894031, 40.884967 ], [ -73.894529, 40.885504 ], [ -73.891766, 40.88505 ], [ -73.889847, 40.884685 ], [ -73.887047, 40.884358 ], [ -73.885165, 40.883632 ], [ -73.88319, 40.883285 ], [ -73.882087, 40.883133 ], [ -73.881244, 40.88271 ], [ -73.879974, 40.884395 ], [ -73.877918, 40.887212 ], [ -73.880187, 40.892129 ], [ -73.880008, 40.895244 ], [ -73.87712, 40.895469 ], [ -73.876438, 40.896871 ], [ -73.875895, 40.897559 ], [ -73.87482, 40.898445 ], [ -73.871364, 40.900039 ], [ -73.868997, 40.901559 ], [ -73.868042, 40.902642 ], [ -73.867876, 40.902983 ], [ -73.872913, 40.904467 ], [ -73.877855, 40.905922 ], [ -73.878189, 40.905983 ], [ -73.87835, 40.905983 ], [ -73.880929, 40.90683 ], [ -73.882993, 40.907423 ], [ -73.885401, 40.907977 ], [ -73.886237, 40.908052 ], [ -73.891928, 40.909809 ], [ -73.896634, 40.911324 ], [ -73.896596, 40.909628 ], [ -73.896546, 40.907507 ], [ -73.896411, 40.904505 ], [ -73.896409, 40.902961 ], [ -73.897035, 40.900288 ], [ -73.899824, 40.901042 ], [ -73.901958, 40.901294 ], [ -73.90575, 40.90058 ], [ -73.907463, 40.899394 ], [ -73.908101, 40.898092 ], [ -73.9085, 40.893586 ], [ -73.908531, 40.890909 ], [ -73.909064, 40.889508 ], [ -73.908418, 40.889122 ], [ -73.909297, 40.88847 ], [ -73.909982, 40.885658 ], [ -73.910426, 40.88347 ], [ -73.911725, 40.880739 ], [ -73.912018, 40.880824 ], [ -73.913758, 40.881556 ], [ -73.913102, 40.882811 ], [ -73.915166, 40.883473 ], [ -73.914527, 40.88453 ], [ -73.914892, 40.884625 ], [ -73.918253, 40.880728 ], [ -73.919221, 40.880768 ], [ -73.918331, 40.880485 ], [ -73.918725, 40.880123 ], [ -73.920402, 40.879032 ], [ -73.92095, 40.878585 ], [ -73.92163, 40.878321 ], [ -73.922602, 40.878779 ], [ -73.924974, 40.879144 ], [ -73.933786895522204, 40.882206616177001 ], [ -73.938354266404104, 40.874749163161106 ], [ -73.932521, 40.869914 ], [ -73.931277, 40.868844 ], [ -73.930919, 40.868571 ], [ -73.928722, 40.866743 ], [ -73.926233, 40.868506 ], [ -73.923821, 40.869018 ], [ -73.922145, 40.86915 ], [ -73.92133, 40.869571 ], [ -73.919255, 40.871008 ], [ -73.919458, 40.872249 ], [ -73.918459, 40.873022 ], [ -73.916278, 40.872116 ], [ -73.915056, 40.871603 ], [ -73.914009, 40.87116 ], [ -73.915183, 40.869551 ], [ -73.917044, 40.867026 ], [ -73.918943, 40.864463 ], [ -73.920276, 40.862606 ], [ -73.920611, 40.863113 ], [ -73.922495, 40.862413 ], [ -73.924742, 40.861594 ], [ -73.922958, 40.858914 ] ] ] } },
{ "type": "Feature", "properties": { "NTAName": "East Flatbush-Erasmus", "total_pop": 94636.0, "chinese_pop": 838.0, "chinese_pct": 0.88549811910900722 }, "geometry": { "type": "Polygon", "coordinates": [ [ [ -73.943965, 40.643543 ], [ -73.942029, 40.643664 ], [ -73.940159, 40.64378 ], [ -73.937284, 40.643958 ], [ -73.937383, 40.644905 ], [ -73.932614, 40.645245 ], [ -73.932921, 40.647997 ], [ -73.933957, 40.648726 ], [ -73.935858, 40.648662 ], [ -73.936175, 40.651469 ], [ -73.938081, 40.651376 ], [ -73.93829, 40.653327 ], [ -73.938454, 40.654858 ], [ -73.938593, 40.656123 ], [ -73.935718, 40.656303 ], [ -73.934784, 40.656361 ], [ -73.932847, 40.656478 ], [ -73.931907, 40.656537 ], [ -73.930903, 40.65661 ], [ -73.931083, 40.658296 ], [ -73.93209, 40.658235 ], [ -73.933996, 40.658119 ], [ -73.936864, 40.657942 ], [ -73.939615, 40.657768 ], [ -73.939734, 40.660074 ], [ -73.94255, 40.659892 ], [ -73.942314, 40.657609 ], [ -73.947354, 40.65728 ], [ -73.947522, 40.658876 ], [ -73.947601, 40.659586 ], [ -73.947676, 40.660297 ], [ -73.947914, 40.662533 ], [ -73.95081, 40.662354 ], [ -73.950724, 40.661569 ], [ -73.950644, 40.660827 ], [ -73.950569, 40.660117 ], [ -73.950493, 40.659405 ], [ -73.956725, 40.659017 ], [ -73.956649, 40.658306 ], [ -73.960426, 40.658072 ], [ -73.960243, 40.657232 ], [ -73.960073, 40.656486 ], [ -73.959861, 40.655635 ], [ -73.959696, 40.654839 ], [ -73.959329, 40.652928 ], [ -73.961407, 40.65217 ], [ -73.96302, 40.651532 ], [ -73.962186, 40.649789 ], [ -73.963075, 40.64944 ], [ -73.961935, 40.648511 ], [ -73.961672, 40.647115 ], [ -73.961214, 40.644723 ], [ -73.960016, 40.644853 ], [ -73.958022, 40.64507 ], [ -73.957919, 40.644143 ], [ -73.957637, 40.642689 ], [ -73.955638, 40.640504 ], [ -73.954043, 40.638878 ], [ -73.953743, 40.638566 ], [ -73.9536, 40.638422 ], [ -73.951101, 40.636073 ], [ -73.949919, 40.636152 ], [ -73.948015, 40.636267 ], [ -73.948265, 40.638607 ], [ -73.946449, 40.63872 ], [ -73.945373, 40.638787 ], [ -73.942503, 40.638965 ], [ -73.942651, 40.640344 ], [ -73.94372, 40.641242 ], [ -73.943965, 40.643543 ] ] ] } },
{ "type": "Feature", "properties": { "NTAName": "Jamaica Bay (East)", "total_pop": 5471.0, "chinese_pop": 48.0, "chinese_pct": 0.87735331749223178 }, "geometry": { "type": "Polygon", "coordinates": [ [ [ -73.887051, 40.61632 ], [ -73.884456, 40.60944 ], [ -73.871418, 40.578535 ], [ -73.869232, 40.579342 ], [ -73.86751, 40.580229 ], [ -73.866005, 40.581001 ], [ -73.859492, 40.583938 ], [ -73.854937, 40.585974 ], [ -73.840704, 40.586087 ], [ -73.833507, 40.586706 ], [ -73.82733, 40.587801 ], [ -73.819835, 40.591897 ], [ -73.810285, 40.595073 ], [ -73.807512, 40.597862 ], [ -73.802469, 40.600967 ], [ -73.793652, 40.602623 ], [ -73.789058, 40.605621 ], [ -73.777321, 40.613078 ], [ -73.772374, 40.608452 ], [ -73.772374, 40.607295 ], [ -73.76992, 40.606596 ], [ -73.769497, 40.607109 ], [ -73.761345, 40.606541 ], [ -73.760953, 40.606452 ], [ -73.759824, 40.609647 ], [ -73.759736, 40.610155 ], [ -73.75891, 40.611206 ], [ -73.760021, 40.611349 ], [ -73.763454, 40.61369 ], [ -73.765244, 40.614942 ], [ -73.766719, 40.615004 ], [ -73.767459, 40.620511 ], [ -73.767571, 40.621477 ], [ -73.768553, 40.623155 ], [ -73.768761, 40.624352 ], [ -73.768709, 40.624386 ], [ -73.767425, 40.626606 ], [ -73.748001, 40.634631 ], [ -73.746264, 40.640487 ], [ -73.748897, 40.645165 ], [ -73.751616, 40.647235 ], [ -73.764388, 40.654558 ], [ -73.77383, 40.659651 ], [ -73.780791, 40.662332 ], [ -73.785053, 40.663443 ], [ -73.79509, 40.66489 ], [ -73.802162, 40.66525 ], [ -73.808177, 40.664525 ], [ -73.813337, 40.662806 ], [ -73.823008, 40.663836 ], [ -73.826832, 40.663709 ], [ -73.831742, 40.665182 ], [ -73.832705, 40.665406 ], [ -73.831781, 40.663674 ], [ -73.82987, 40.659967 ], [ -73.828392, 40.65603 ], [ -73.82641, 40.648261 ], [ -73.825337, 40.644248 ], [ -73.835664, 40.644058 ], [ -73.839999, 40.644143 ], [ -73.848338, 40.643521 ], [ -73.854938, 40.64265 ], [ -73.855021, 40.643098 ], [ -73.873957, 40.633773 ], [ -73.88239, 40.627542 ], [ -73.892306, 40.620556 ], [ -73.887051, 40.61632 ] ] ] } },
{ "type": "Feature", "properties": { "NTAName": "Pelham Gardens", "total_pop": 57352.0, "chinese_pop": 490.0, "chinese_pct": 0.85437299483888973 }, "geometry": { "type": "Polygon", "coordinates": [ [ [ -73.844671, 40.845935 ], [ -73.84491, 40.845427 ], [ -73.841505, 40.841016 ], [ -73.842041, 40.840646 ], [ -73.841247, 40.840621 ], [ -73.839364, 40.840878 ], [ -73.83763, 40.840293 ], [ -73.837664, 40.840935 ], [ -73.836868, 40.843473 ], [ -73.836693, 40.84364 ], [ -73.836177, 40.845917 ], [ -73.836069, 40.847165 ], [ -73.835801, 40.849677 ], [ -73.835041, 40.853127 ], [ -73.833906, 40.854468 ], [ -73.831575, 40.85538 ], [ -73.831291, 40.855434 ], [ -73.832821, 40.856124 ], [ -73.828521, 40.860746 ], [ -73.828372, 40.860947 ], [ -73.828261, 40.860853 ], [ -73.826416, 40.863034 ], [ -73.824725, 40.864987 ], [ -73.821458, 40.868406 ], [ -73.821574, 40.868477 ], [ -73.82185, 40.868695 ], [ -73.822239, 40.868853 ], [ -73.825074, 40.869428 ], [ -73.826178, 40.869575 ], [ -73.825886, 40.870396 ], [ -73.827698, 40.870953 ], [ -73.828278, 40.871012 ], [ -73.827459, 40.872753 ], [ -73.828208, 40.873017 ], [ -73.827259, 40.874264 ], [ -73.82821, 40.874928 ], [ -73.828476, 40.874465 ], [ -73.830132, 40.87533 ], [ -73.832076, 40.875665 ], [ -73.832696, 40.875812 ], [ -73.834439, 40.874876 ], [ -73.834881, 40.875505 ], [ -73.834881, 40.874429 ], [ -73.834013, 40.871172 ], [ -73.83273, 40.868457 ], [ -73.83316, 40.86832 ], [ -73.835658, 40.867513 ], [ -73.837402, 40.871109 ], [ -73.837461, 40.873223 ], [ -73.839248, 40.876619 ], [ -73.838148, 40.876954 ], [ -73.839438, 40.877446 ], [ -73.842395, 40.878751 ], [ -73.843241, 40.879109 ], [ -73.845461, 40.877347 ], [ -73.846368, 40.877035 ], [ -73.847298, 40.876733 ], [ -73.848166, 40.876452 ], [ -73.849884, 40.875875 ], [ -73.850689, 40.875487 ], [ -73.851201, 40.875154 ], [ -73.854446, 40.876183 ], [ -73.856877, 40.876766 ], [ -73.859752, 40.876861 ], [ -73.860512, 40.875494 ], [ -73.861135, 40.874477 ], [ -73.861321, 40.873123 ], [ -73.861379, 40.871336 ], [ -73.861433, 40.869603 ], [ -73.861498, 40.867782 ], [ -73.861562, 40.86555 ], [ -73.861645, 40.863106 ], [ -73.861707, 40.861242 ], [ -73.861756, 40.859645 ], [ -73.861791, 40.857983 ], [ -73.856638, 40.858119 ], [ -73.855907, 40.858168 ], [ -73.853109, 40.85841 ], [ -73.850282, 40.858657 ], [ -73.849309, 40.858718 ], [ -73.847397, 40.858683 ], [ -73.843295, 40.85829 ], [ -73.840972, 40.857949 ], [ -73.836819, 40.857277 ], [ -73.836928, 40.857193 ], [ -73.835246, 40.856494 ], [ -73.839629, 40.85475 ], [ -73.84139, 40.853112 ], [ -73.84494, 40.84821 ], [ -73.844671, 40.845935 ] ] ] } },
{ "type": "Feature", "properties": { "NTAName": "Pelham Parkway-Van Nest", "total_pop": 63247.0, "chinese_pop": 507.0, "chinese_pct": 0.80161904912485971 }, "geometry": { "type": "Polygon", "coordinates": [ [ [ -73.873799, 40.835968 ], [ -73.871102, 40.835755 ], [ -73.869994, 40.83565 ], [ -73.869033, 40.835486 ], [ -73.866806, 40.834837 ], [ -73.865979, 40.835205 ], [ -73.865074, 40.835342 ], [ -73.865472, 40.837676 ], [ -73.866385, 40.837587 ], [ -73.866682, 40.839236 ], [ -73.867248, 40.840344 ], [ -73.866361, 40.840592 ], [ -73.864465, 40.841088 ], [ -73.86358, 40.841278 ], [ -73.861762, 40.841513 ], [ -73.856916, 40.842062 ], [ -73.855465, 40.842227 ], [ -73.853335, 40.84247 ], [ -73.851208, 40.842715 ], [ -73.850523, 40.84279 ], [ -73.849992, 40.842852 ], [ -73.848546, 40.843007 ], [ -73.848069, 40.843072 ], [ -73.846235, 40.84449 ], [ -73.847347, 40.845503 ], [ -73.847885, 40.845989 ], [ -73.849073, 40.847062 ], [ -73.852191, 40.845656 ], [ -73.851152, 40.844322 ], [ -73.85221, 40.844264 ], [ -73.854014, 40.843639 ], [ -73.856064, 40.84642 ], [ -73.857086, 40.847729 ], [ -73.858617, 40.849687 ], [ -73.860121, 40.851627 ], [ -73.856895, 40.85308 ], [ -73.854408, 40.8542 ], [ -73.855351, 40.855433 ], [ -73.856097, 40.856941 ], [ -73.856638, 40.858119 ], [ -73.861791, 40.857983 ], [ -73.861756, 40.859645 ], [ -73.861707, 40.861242 ], [ -73.861645, 40.863106 ], [ -73.861562, 40.86555 ], [ -73.86352, 40.865508 ], [ -73.864461, 40.865489 ], [ -73.86736, 40.865429 ], [ -73.867422, 40.863213 ], [ -73.867486, 40.861346 ], [ -73.868496, 40.861363 ], [ -73.869436, 40.861382 ], [ -73.870579, 40.861405 ], [ -73.870462, 40.863272 ], [ -73.870419, 40.865363 ], [ -73.870455, 40.866633 ], [ -73.870492, 40.867951 ], [ -73.870537, 40.869674 ], [ -73.870562, 40.871511 ], [ -73.870377, 40.873285 ], [ -73.870313, 40.875341 ], [ -73.869435, 40.878129 ], [ -73.870944, 40.878511 ], [ -73.871605, 40.876922 ], [ -73.872553, 40.875175 ], [ -73.874367, 40.872701 ], [ -73.876292, 40.870526 ], [ -73.87986, 40.868274 ], [ -73.883079, 40.866593 ], [ -73.882689, 40.866152 ], [ -73.883279, 40.865726 ], [ -73.883617, 40.865453 ], [ -73.883858, 40.865191 ], [ -73.883934, 40.86495 ], [ -73.880515, 40.860346 ], [ -73.880764, 40.856992 ], [ -73.880714, 40.856798 ], [ -73.881668, 40.853348 ], [ -73.882003, 40.852189 ], [ -73.882322, 40.851061 ], [ -73.882883, 40.849074 ], [ -73.883109, 40.848273 ], [ -73.882844, 40.847818 ], [ -73.881056, 40.846594 ], [ -73.880477, 40.846197 ], [ -73.879194, 40.845321 ], [ -73.878007, 40.844484 ], [ -73.877314, 40.844007 ], [ -73.878171, 40.842625 ], [ -73.876856, 40.84223 ], [ -73.878364, 40.839997 ], [ -73.877914, 40.839971 ], [ -73.877415, 40.839988 ], [ -73.875613, 40.839902 ], [ -73.873561, 40.839794 ], [ -73.872843, 40.839758 ], [ -73.873229, 40.838156 ], [ -73.873659, 40.836905 ], [ -73.873943, 40.83598 ], [ -73.873799, 40.835968 ] ] ] } },
{ "type": "Feature", "properties": { "NTAName": "Ocean Hill", "total_pop": 99468.0, "chinese_pop": 774.0, "chinese_pct": 0.77813970322113646 }, "geometry": { "type": "Polygon", "coordinates": [ [ [ -73.929058, 40.679277 ], [ -73.930199, 40.678026 ], [ -73.930322, 40.677485 ], [ -73.930457, 40.675818 ], [ -73.930615, 40.674147 ], [ -73.92784, 40.673996 ], [ -73.925082, 40.673844 ], [ -73.925122, 40.673399 ], [ -73.925161, 40.672954 ], [ -73.925245, 40.672062 ], [ -73.925328, 40.671169 ], [ -73.925413, 40.670279 ], [ -73.925598, 40.668496 ], [ -73.925539, 40.668493 ], [ -73.924772, 40.667487 ], [ -73.924389, 40.666385 ], [ -73.922879, 40.664952 ], [ -73.922099, 40.664251 ], [ -73.921655, 40.663843 ], [ -73.920972, 40.663953 ], [ -73.920049, 40.664089 ], [ -73.919097, 40.66423 ], [ -73.918141, 40.664373 ], [ -73.917221, 40.66451 ], [ -73.916267, 40.664654 ], [ -73.917306, 40.668708 ], [ -73.917482, 40.669393 ], [ -73.917135, 40.669543 ], [ -73.914873, 40.670533 ], [ -73.914039, 40.670897 ], [ -73.911336, 40.672077 ], [ -73.911066, 40.670955 ], [ -73.910742, 40.669685 ], [ -73.910416, 40.668415 ], [ -73.91009, 40.667154 ], [ -73.906355, 40.667708 ], [ -73.906673, 40.668974 ], [ -73.906998, 40.670241 ], [ -73.907337, 40.671506 ], [ -73.907877, 40.673567 ], [ -73.903475, 40.675507 ], [ -73.902289, 40.670936 ], [ -73.901982, 40.66967 ], [ -73.900183, 40.669939 ], [ -73.898341, 40.670212 ], [ -73.895544, 40.670626 ], [ -73.894556, 40.67077 ], [ -73.892711, 40.671046 ], [ -73.893028, 40.672315 ], [ -73.893352, 40.673582 ], [ -73.89367, 40.674822 ], [ -73.895499, 40.674551 ], [ -73.897485, 40.674255 ], [ -73.899307, 40.673982 ], [ -73.89999, 40.6769 ], [ -73.896537, 40.678594 ], [ -73.893185, 40.680161 ], [ -73.893733, 40.680854 ], [ -73.894312, 40.681566 ], [ -73.891975, 40.682743 ], [ -73.892523, 40.683424 ], [ -73.8942, 40.685309 ], [ -73.896518, 40.682397 ], [ -73.896615, 40.682008 ], [ -73.897494, 40.680074 ], [ -73.897769, 40.679926 ], [ -73.900283, 40.679442 ], [ -73.902622, 40.680664 ], [ -73.902822, 40.682353 ], [ -73.903903, 40.682946 ], [ -73.905433, 40.68366 ], [ -73.904494, 40.686299 ], [ -73.905343, 40.68682 ], [ -73.905738, 40.68704 ], [ -73.907183, 40.685561 ], [ -73.909439, 40.686845 ], [ -73.910189, 40.687271 ], [ -73.91094, 40.687699 ], [ -73.911692, 40.688125 ], [ -73.912443, 40.688553 ], [ -73.913194, 40.68898 ], [ -73.914642, 40.687507 ], [ -73.916899, 40.68879 ], [ -73.919153, 40.690076 ], [ -73.919906, 40.690499 ], [ -73.920657, 40.690927 ], [ -73.92223, 40.691823 ], [ -73.923644, 40.690399 ], [ -73.924392, 40.690831 ], [ -73.924127, 40.690005 ], [ -73.923979, 40.689275 ], [ -73.923834, 40.688541 ], [ -73.923689, 40.687811 ], [ -73.923542, 40.687076 ], [ -73.923396, 40.686345 ], [ -73.923252, 40.685612 ], [ -73.923104, 40.68488 ], [ -73.922959, 40.684148 ], [ -73.922814, 40.683415 ], [ -73.926095, 40.683038 ], [ -73.929009, 40.682703 ], [ -73.928727, 40.681237 ], [ -73.928555, 40.68005 ], [ -73.929058, 40.679277 ] ] ] } },
{ "type": "Feature", "properties": { "NTAName": "Lincoln Terrace Park", "total_pop": 20001.0, "chinese_pop": 151.0, "chinese_pct": 0.75496225188740562 }, "geometry": { "type": "Polygon", "coordinates": [ [ [ -73.931455, 40.665234 ], [ -73.934224, 40.665378 ], [ -73.936984, 40.665536 ], [ -73.937074, 40.664644 ], [ -73.937264, 40.663192 ], [ -73.934553, 40.663362 ], [ -73.931607, 40.663557 ], [ -73.930685, 40.66362 ], [ -73.929874, 40.66399 ], [ -73.929403, 40.664199 ], [ -73.928544, 40.664574 ], [ -73.928228, 40.66471 ], [ -73.92638, 40.665515 ], [ -73.924389, 40.666385 ], [ -73.922753, 40.667098 ], [ -73.922632, 40.668373 ], [ -73.922544, 40.669276 ], [ -73.922467, 40.670117 ], [ -73.922384, 40.671009 ], [ -73.9223, 40.6719 ], [ -73.922215, 40.672792 ], [ -73.922132, 40.673684 ], [ -73.925082, 40.673844 ], [ -73.925122, 40.673399 ], [ -73.925161, 40.672954 ], [ -73.925245, 40.672062 ], [ -73.925328, 40.671169 ], [ -73.928098, 40.671321 ], [ -73.930868, 40.671474 ], [ -73.930952, 40.670583 ], [ -73.931119, 40.668798 ], [ -73.931291, 40.667015 ], [ -73.931381, 40.666126 ], [ -73.931455, 40.665234 ] ] ] } },
{ "type": "Feature", "properties": { "NTAName": "St. Albans", "total_pop": 103769.0, "chinese_pop": 779.0, "chinese_pct": 0.75070589482408046 }, "geometry": { "type": "Polygon", "coordinates": [ [ [ -73.782345, 40.688407 ], [ -73.781487, 40.688697 ], [ -73.779668, 40.685377 ], [ -73.776998, 40.686283 ], [ -73.776324, 40.685217 ], [ -73.775012, 40.684276 ], [ -73.773499, 40.683482 ], [ -73.772203, 40.68161 ], [ -73.772322, 40.681491 ], [ -73.773565, 40.680964 ], [ -73.7747, 40.680487 ], [ -73.771988, 40.678798 ], [ -73.769241, 40.677089 ], [ -73.765616, 40.674779 ], [ -73.763805, 40.67377 ], [ -73.764546, 40.671512 ], [ -73.76466, 40.671318 ], [ -73.770997, 40.67091 ], [ -73.771178, 40.672531 ], [ -73.773717, 40.672145 ], [ -73.774496, 40.671828 ], [ -73.771545, 40.667963 ], [ -73.766754, 40.667433 ], [ -73.761871, 40.666929 ], [ -73.757631, 40.666451 ], [ -73.757317, 40.66704 ], [ -73.756437, 40.669666 ], [ -73.756464, 40.671684 ], [ -73.756362, 40.672429 ], [ -73.758572, 40.672637 ], [ -73.758596, 40.672748 ], [ -73.758738, 40.672881 ], [ -73.760315, 40.67511 ], [ -73.758008, 40.676081 ], [ -73.756108, 40.675955 ], [ -73.755762, 40.675886 ], [ -73.755657, 40.676157 ], [ -73.755494, 40.67663 ], [ -73.755235, 40.677288 ], [ -73.754179, 40.678844 ], [ -73.753238, 40.680117 ], [ -73.752255, 40.679986 ], [ -73.749095, 40.678957 ], [ -73.745608, 40.677886 ], [ -73.745831, 40.679341 ], [ -73.74458, 40.681591 ], [ -73.743268, 40.68392 ], [ -73.740948, 40.683232 ], [ -73.740381, 40.684123 ], [ -73.739737, 40.683531 ], [ -73.735822, 40.682255 ], [ -73.735132, 40.683557 ], [ -73.73396, 40.685639 ], [ -73.737442, 40.686701 ], [ -73.741229, 40.687493 ], [ -73.74745, 40.689351 ], [ -73.74722, 40.689715 ], [ -73.746243, 40.691279 ], [ -73.745105, 40.692783 ], [ -73.739223, 40.691048 ], [ -73.738319, 40.692782 ], [ -73.737517, 40.694318 ], [ -73.738401, 40.694596 ], [ -73.740136, 40.695139 ], [ -73.741865, 40.695684 ], [ -73.743593, 40.696215 ], [ -73.742327, 40.699526 ], [ -73.741395, 40.70133 ], [ -73.740777, 40.70268 ], [ -73.7405, 40.703435 ], [ -73.741093, 40.703481 ], [ -73.743307, 40.70296 ], [ -73.744134, 40.702742 ], [ -73.74531, 40.70395 ], [ -73.746591, 40.705128 ], [ -73.747878, 40.706303 ], [ -73.749472, 40.7079 ], [ -73.748018, 40.708505 ], [ -73.746818, 40.709132 ], [ -73.747778, 40.711437 ], [ -73.749345, 40.715145 ], [ -73.754037, 40.71388 ], [ -73.756068, 40.713504 ], [ -73.759222, 40.713473 ], [ -73.764019, 40.713318 ], [ -73.766051, 40.713282 ], [ -73.767422, 40.713088 ], [ -73.76944, 40.711977 ], [ -73.770651, 40.710826 ], [ -73.771736, 40.710313 ], [ -73.773139, 40.709923 ], [ -73.774892, 40.709419 ], [ -73.776055, 40.709105 ], [ -73.778676, 40.708779 ], [ -73.779048, 40.70871 ], [ -73.78237, 40.708076 ], [ -73.78429, 40.707931 ], [ -73.785562, 40.707936 ], [ -73.787719, 40.707661 ], [ -73.78804, 40.707571 ], [ -73.78957, 40.707222 ], [ -73.78975, 40.707171 ], [ -73.790796, 40.70687 ], [ -73.791463, 40.706678 ], [ -73.792526, 40.70636 ], [ -73.794895, 40.705461 ], [ -73.793792, 40.704032 ], [ -73.792368, 40.702121 ], [ -73.791156, 40.702294 ], [ -73.789664, 40.70304 ], [ -73.78598, 40.704187 ], [ -73.784849, 40.704586 ], [ -73.782566, 40.705425 ], [ -73.780345, 40.705412 ], [ -73.777842, 40.703217 ], [ -73.781656, 40.702598 ], [ -73.7832, 40.700699 ], [ -73.788387, 40.69972 ], [ -73.786901, 40.698386 ], [ -73.784762, 40.697473 ], [ -73.784554, 40.697329 ], [ -73.782771, 40.695995 ], [ -73.78211, 40.695237 ], [ -73.781464, 40.69447 ], [ -73.780237, 40.692972 ], [ -73.777893, 40.689918 ], [ -73.779773, 40.689281 ], [ -73.780782, 40.69103 ], [ -73.783266, 40.689994 ], [ -73.782345, 40.688407 ] ], [ [ -73.757182, 40.712213 ], [ -73.756037, 40.709456 ], [ -73.758718, 40.708811 ], [ -73.761406, 40.708163 ], [ -73.762549, 40.710916 ], [ -73.758102, 40.712005 ], [ -73.757182, 40.712213 ] ] ] } },
{ "type": "Feature", "properties": { "NTAName": "Highbridge Park", "total_pop": 93091.0, "chinese_pop": 685.0, "chinese_pct": 0.73583912515710437 }, "geometry": { "type": "Polygon", "coordinates": [ [ [ -73.942013, 40.84281 ], [ -73.939334, 40.841681 ], [ -73.937929, 40.841087 ], [ -73.936464, 40.840482 ], [ -73.937332, 40.839294 ], [ -73.938343, 40.837909 ], [ -73.939827, 40.838498 ], [ -73.940102, 40.836945 ], [ -73.939888, 40.835794 ], [ -73.939775, 40.835183 ], [ -73.940049, 40.834491 ], [ -73.94036, 40.833786 ], [ -73.941118, 40.834114 ], [ -73.941577, 40.833487 ], [ -73.942032, 40.832865 ], [ -73.942499, 40.832241 ], [ -73.94298, 40.831568 ], [ -73.941368, 40.830891 ], [ -73.940346, 40.830458 ], [ -73.940167, 40.830383 ], [ -73.938588, 40.829717 ], [ -73.937271, 40.829154 ], [ -73.93519, 40.828295 ], [ -73.934837, 40.828032 ], [ -73.934555, 40.828047 ], [ -73.933059, 40.828156 ], [ -73.933459, 40.833184 ], [ -73.933144, 40.834815 ], [ -73.933006, 40.835679 ], [ -73.930606, 40.839679 ], [ -73.930406, 40.840279 ], [ -73.928159, 40.845492 ], [ -73.927296, 40.846557 ], [ -73.923904, 40.850488 ], [ -73.922978, 40.852022 ], [ -73.921405, 40.854358 ], [ -73.920958, 40.855112 ], [ -73.920005, 40.856679 ], [ -73.91929, 40.857475 ], [ -73.91434, 40.862521 ], [ -73.909804, 40.868282 ], [ -73.908605, 40.871678 ], [ -73.910485, 40.874015 ], [ -73.911435, 40.873297 ], [ -73.912269, 40.872518 ], [ -73.914009, 40.87116 ], [ -73.915183, 40.869551 ], [ -73.917044, 40.867026 ], [ -73.918943, 40.864463 ], [ -73.920276, 40.862606 ], [ -73.920611, 40.863113 ], [ -73.92125, 40.864112 ], [ -73.921884, 40.8651 ], [ -73.922498, 40.866064 ], [ -73.92311, 40.867016 ], [ -73.925005, 40.866336 ], [ -73.927269, 40.865535 ], [ -73.926011, 40.863575 ], [ -73.927766, 40.862926 ], [ -73.928599, 40.862614 ], [ -73.929694, 40.862215 ], [ -73.930003, 40.862103 ], [ -73.930174, 40.861649 ], [ -73.931313, 40.859328 ], [ -73.931818, 40.858271 ], [ -73.932631, 40.856716 ], [ -73.931475, 40.856851 ], [ -73.929726, 40.857379 ], [ -73.928233, 40.857168 ], [ -73.928266, 40.856808 ], [ -73.928411, 40.856606 ], [ -73.928716, 40.856182 ], [ -73.929644, 40.854908 ], [ -73.930539, 40.853685 ], [ -73.930996, 40.853062 ], [ -73.931495, 40.85238 ], [ -73.932433, 40.851095 ], [ -73.932861, 40.850506 ], [ -73.934239, 40.848626 ], [ -73.934693, 40.847999 ], [ -73.935172, 40.847358 ], [ -73.936078, 40.846105 ], [ -73.937518, 40.844137 ], [ -73.937982, 40.843501 ], [ -73.939025, 40.843942 ], [ -73.938855, 40.844679 ], [ -73.940518, 40.845369 ], [ -73.941142, 40.844049 ], [ -73.942013, 40.84281 ] ] ] } },
{ "type": "Feature", "properties": { "NTAName": "Allerton", "total_pop": 48119.0, "chinese_pop": 353.0, "chinese_pct": 0.73359795506972292 }, "geometry": { "type": "Polygon", "coordinates": [ [ [ -73.866297, 40.873212 ], [ -73.865209, 40.871407 ], [ -73.867159, 40.871442 ], [ -73.868258, 40.871462 ], [ -73.870562, 40.871511 ], [ -73.870377, 40.873285 ], [ -73.870313, 40.875341 ], [ -73.869435, 40.878129 ], [ -73.870944, 40.878511 ], [ -73.871605, 40.876922 ], [ -73.872553, 40.875175 ], [ -73.874367, 40.872701 ], [ -73.876292, 40.870526 ], [ -73.87986, 40.868274 ], [ -73.883079, 40.866593 ], [ -73.882689, 40.866152 ], [ -73.883279, 40.865726 ], [ -73.883617, 40.865453 ], [ -73.883858, 40.865191 ], [ -73.883934, 40.86495 ], [ -73.880515, 40.860346 ], [ -73.880764, 40.856992 ], [ -73.880714, 40.856798 ], [ -73.881668, 40.853348 ], [ -73.882003, 40.852189 ], [ -73.882322, 40.851061 ], [ -73.882883, 40.849074 ], [ -73.883109, 40.848273 ], [ -73.882844, 40.847818 ], [ -73.881056, 40.846594 ], [ -73.880477, 40.846197 ], [ -73.879194, 40.845321 ], [ -73.878007, 40.844484 ], [ -73.877314, 40.844007 ], [ -73.878171, 40.842625 ], [ -73.876856, 40.84223 ], [ -73.874591, 40.841521 ], [ -73.872081, 40.843721 ], [ -73.868926, 40.848151 ], [ -73.869209, 40.849239 ], [ -73.868235, 40.850913 ], [ -73.868609, 40.852088 ], [ -73.869377, 40.854266 ], [ -73.869815, 40.855484 ], [ -73.869889, 40.855971 ], [ -73.868383, 40.857812 ], [ -73.867588, 40.85783 ], [ -73.866583, 40.857856 ], [ -73.864671, 40.857906 ], [ -73.861791, 40.857983 ], [ -73.856638, 40.858119 ], [ -73.855907, 40.858168 ], [ -73.853109, 40.85841 ], [ -73.853568, 40.861088 ], [ -73.852032, 40.862919 ], [ -73.852961, 40.862948 ], [ -73.852891, 40.865388 ], [ -73.855781, 40.86544 ], [ -73.858673, 40.865495 ], [ -73.858602, 40.867734 ], [ -73.858571, 40.868571 ], [ -73.858541, 40.869551 ], [ -73.858488, 40.871284 ], [ -73.856614, 40.87125 ], [ -73.856513, 40.874218 ], [ -73.858029, 40.874704 ], [ -73.860512, 40.875494 ], [ -73.86213, 40.876011 ], [ -73.86462, 40.876804 ], [ -73.864975, 40.87493 ], [ -73.865294, 40.873335 ], [ -73.866297, 40.873212 ] ] ] } },
{ "type": "Feature", "properties": { "NTAName": "John F. Kennedy International Airport", "total_pop": 22555.0, "chinese_pop": 165.0, "chinese_pct": 0.73154511194857019 }, "geometry": { "type": "Polygon", "coordinates": [ [ [ -73.854937, 40.585974 ], [ -73.840704, 40.586087 ], [ -73.833507, 40.586706 ], [ -73.82733, 40.587801 ], [ -73.819835, 40.591897 ], [ -73.810285, 40.595073 ], [ -73.807512, 40.597862 ], [ -73.802469, 40.600967 ], [ -73.793652, 40.602623 ], [ -73.789058, 40.605621 ], [ -73.777321, 40.613078 ], [ -73.772268, 40.615136 ], [ -73.768253, 40.614878 ], [ -73.766719, 40.615004 ], [ -73.767459, 40.620511 ], [ -73.767571, 40.621477 ], [ -73.768553, 40.623155 ], [ -73.768761, 40.624352 ], [ -73.768709, 40.624386 ], [ -73.767425, 40.626606 ], [ -73.748001, 40.634631 ], [ -73.746022, 40.635212 ], [ -73.744177, 40.637356 ], [ -73.742361, 40.638093 ], [ -73.74127, 40.637257 ], [ -73.74265, 40.635045 ], [ -73.73996, 40.635144 ], [ -73.739471, 40.635706 ], [ -73.742283, 40.640121 ], [ -73.741428, 40.640502 ], [ -73.741437, 40.646889 ], [ -73.739045, 40.648201 ], [ -73.736735, 40.6491 ], [ -73.738565, 40.652355 ], [ -73.739376, 40.653796 ], [ -73.740193, 40.655257 ], [ -73.741532, 40.657359 ], [ -73.743, 40.657263 ], [ -73.74506, 40.657407 ], [ -73.744874, 40.656145 ], [ -73.743287, 40.656135 ], [ -73.743325, 40.652538 ], [ -73.746549, 40.652554 ], [ -73.748405, 40.652663 ], [ -73.751539, 40.654295 ], [ -73.758373, 40.6576 ], [ -73.760074, 40.657844 ], [ -73.759821, 40.659349 ], [ -73.760868, 40.66146 ], [ -73.759328, 40.66357 ], [ -73.759106, 40.663674 ], [ -73.757631, 40.666451 ], [ -73.761871, 40.666929 ], [ -73.766754, 40.667433 ], [ -73.771545, 40.667963 ], [ -73.773425, 40.668028 ], [ -73.776164, 40.667867 ], [ -73.78062, 40.667526 ], [ -73.78941, 40.666841 ], [ -73.792174, 40.66704 ], [ -73.79323, 40.667074 ], [ -73.793934, 40.667001 ], [ -73.797111, 40.666946 ], [ -73.799083, 40.666546 ], [ -73.80166, 40.666756 ], [ -73.804491, 40.666862 ], [ -73.805452, 40.666896 ], [ -73.812417, 40.667111 ], [ -73.813198, 40.667253 ], [ -73.814295, 40.666805 ], [ -73.816614, 40.665944 ], [ -73.819526, 40.66549 ], [ -73.822278, 40.66612 ], [ -73.828079, 40.66609 ], [ -73.831021, 40.666209 ], [ -73.833312, 40.666759 ], [ -73.837242, 40.66736 ], [ -73.839279, 40.668202 ], [ -73.841174, 40.668507 ], [ -73.842429, 40.668784 ], [ -73.842266, 40.668272 ], [ -73.841652, 40.66597 ], [ -73.841254, 40.664212 ], [ -73.840404, 40.660833 ], [ -73.839725, 40.660951 ], [ -73.838959, 40.657551 ], [ -73.838554, 40.655892 ], [ -73.838034, 40.654253 ], [ -73.83763, 40.652508 ], [ -73.837227, 40.650916 ], [ -73.836813, 40.649249 ], [ -73.836331, 40.645321 ], [ -73.835664, 40.644058 ], [ -73.839999, 40.644143 ], [ -73.848338, 40.643521 ], [ -73.837652, 40.63284 ], [ -73.836238, 40.631111 ], [ -73.833041, 40.628261 ], [ -73.833422, 40.626782 ], [ -73.834008, 40.614425 ], [ -73.834283, 40.609186 ], [ -73.834463, 40.607193 ], [ -73.835876, 40.605637 ], [ -73.842017, 40.598313 ], [ -73.844437, 40.595855 ], [ -73.84668, 40.593209 ], [ -73.849852, 40.588669 ], [ -73.854937, 40.585974 ] ], [ [ -73.834201, 40.596657 ], [ -73.83159, 40.597942 ], [ -73.828345, 40.597646 ], [ -73.826048, 40.599461 ], [ -73.8243, 40.598332 ], [ -73.82441, 40.600342 ], [ -73.822945, 40.602583 ], [ -73.822483, 40.605583 ], [ -73.820032, 40.608924 ], [ -73.819952, 40.611006 ], [ -73.82086, 40.612265 ], [ -73.820473, 40.610195 ], [ -73.821631, 40.608496 ], [ -73.8241, 40.61232 ], [ -73.823998, 40.612512 ], [ -73.821658, 40.614909 ], [ -73.820941, 40.615237 ], [ -73.820177, 40.615181 ], [ -73.817571, 40.614163 ], [ -73.816527, 40.614947 ], [ -73.814796, 40.613194 ], [ -73.816156, 40.612942 ], [ -73.814771, 40.608851 ], [ -73.815082, 40.607284 ], [ -73.818311, 40.60134 ], [ -73.818491, 40.59939 ], [ -73.821358, 40.594691 ], [ -73.824803, 40.595083 ], [ -73.832326, 40.594619 ], [ -73.833815, 40.594947 ], [ -73.834201, 40.596657 ] ] ] } },
{ "type": "Feature", "properties": { "NTAName": "Brownsville", "total_pop": 88473.0, "chinese_pop": 609.0, "chinese_pct": 0.68834559696178499 }, "geometry": { "type": "Polygon", "coordinates": [ [ [ -73.925598, 40.668496 ], [ -73.92835, 40.668647 ], [ -73.928525, 40.666866 ], [ -73.928598, 40.66597 ], [ -73.928683, 40.665086 ], [ -73.928544, 40.664574 ], [ -73.928228, 40.66471 ], [ -73.92638, 40.665515 ], [ -73.924549, 40.663862 ], [ -73.922728, 40.662231 ], [ -73.920909, 40.660599 ], [ -73.920082, 40.659858 ], [ -73.919089, 40.658966 ], [ -73.91727, 40.657333 ], [ -73.918147, 40.656766 ], [ -73.916332, 40.655132 ], [ -73.915307, 40.654222 ], [ -73.913744, 40.654169 ], [ -73.915226, 40.653039 ], [ -73.913407, 40.651407 ], [ -73.911823, 40.649984 ], [ -73.909449, 40.651522 ], [ -73.908681, 40.650717 ], [ -73.907615, 40.649896 ], [ -73.9058, 40.648265 ], [ -73.903982, 40.646629 ], [ -73.900892, 40.648641 ], [ -73.897943, 40.650515 ], [ -73.895861, 40.651881 ], [ -73.89761, 40.653454 ], [ -73.893547, 40.655202 ], [ -73.895382, 40.65772 ], [ -73.89611, 40.657754 ], [ -73.896167, 40.657974 ], [ -73.896975, 40.661135 ], [ -73.897896, 40.660999 ], [ -73.89829, 40.662534 ], [ -73.89868, 40.664062 ], [ -73.899076, 40.665608 ], [ -73.897233, 40.665878 ], [ -73.897633, 40.667419 ], [ -73.89802, 40.668958 ], [ -73.898341, 40.670212 ], [ -73.895544, 40.670626 ], [ -73.894556, 40.67077 ], [ -73.892711, 40.671046 ], [ -73.893028, 40.672315 ], [ -73.893352, 40.673582 ], [ -73.89367, 40.674822 ], [ -73.895499, 40.674551 ], [ -73.897485, 40.674255 ], [ -73.899307, 40.673982 ], [ -73.89999, 40.6769 ], [ -73.900792, 40.676572 ], [ -73.902535, 40.675884 ], [ -73.903463, 40.676016 ], [ -73.90524, 40.676145 ], [ -73.907125, 40.676248 ], [ -73.908088, 40.67619 ], [ -73.908195, 40.675379 ], [ -73.90831, 40.674605 ], [ -73.909157, 40.674653 ], [ -73.911075, 40.674757 ], [ -73.911152, 40.673979 ], [ -73.911224, 40.673152 ], [ -73.914004, 40.67324 ], [ -73.916773, 40.67339 ], [ -73.919541, 40.673542 ], [ -73.922132, 40.673684 ], [ -73.925082, 40.673844 ], [ -73.925122, 40.673399 ], [ -73.925161, 40.672954 ], [ -73.925245, 40.672062 ], [ -73.925328, 40.671169 ], [ -73.925413, 40.670279 ], [ -73.925598, 40.668496 ] ] ] } },
{ "type": "Feature", "properties": { "NTAName": "Norwood", "total_pop": 72025.0, "chinese_pop": 469.0, "chinese_pct": 0.65116279069767447 }, "geometry": { "type": "Polygon", "coordinates": [ [ [ -73.863559, 40.895377 ], [ -73.864917, 40.89575 ], [ -73.866917, 40.896083 ], [ -73.870487, 40.89664 ], [ -73.874806, 40.895726 ], [ -73.87712, 40.895469 ], [ -73.876438, 40.896871 ], [ -73.875895, 40.897559 ], [ -73.87482, 40.898445 ], [ -73.871364, 40.900039 ], [ -73.868997, 40.901559 ], [ -73.868042, 40.902642 ], [ -73.867876, 40.902983 ], [ -73.872913, 40.904467 ], [ -73.877855, 40.905922 ], [ -73.878189, 40.905983 ], [ -73.87835, 40.905983 ], [ -73.880929, 40.90683 ], [ -73.882993, 40.907423 ], [ -73.885401, 40.907977 ], [ -73.886237, 40.908052 ], [ -73.891928, 40.909809 ], [ -73.896634, 40.911324 ], [ -73.896596, 40.909628 ], [ -73.896546, 40.907507 ], [ -73.896411, 40.904505 ], [ -73.896409, 40.902961 ], [ -73.897035, 40.900288 ], [ -73.897183, 40.899347 ], [ -73.896707, 40.895805 ], [ -73.896458, 40.893706 ], [ -73.89794, 40.89049 ], [ -73.89984, 40.886537 ], [ -73.896839, 40.885986 ], [ -73.894724, 40.885557 ], [ -73.894529, 40.885504 ], [ -73.894031, 40.884967 ], [ -73.893128, 40.883679 ], [ -73.892719, 40.882664 ], [ -73.894591, 40.88293 ], [ -73.896434, 40.881857 ], [ -73.896944, 40.879527 ], [ -73.898065, 40.878501 ], [ -73.89958, 40.876608 ], [ -73.900054, 40.876184 ], [ -73.900476, 40.874949 ], [ -73.900316, 40.874426 ], [ -73.898433, 40.873742 ], [ -73.8978, 40.871682 ], [ -73.89779, 40.870857 ], [ -73.898918, 40.869658 ], [ -73.896561, 40.868565 ], [ -73.896037, 40.86923 ], [ -73.89485, 40.870451 ], [ -73.893914, 40.870969 ], [ -73.893071, 40.871396 ], [ -73.890987, 40.871764 ], [ -73.889804, 40.872401 ], [ -73.889372, 40.873382 ], [ -73.887851, 40.872121 ], [ -73.886916, 40.871344 ], [ -73.886229, 40.870778 ], [ -73.885517, 40.870185 ], [ -73.884965, 40.869538 ], [ -73.884709, 40.868705 ], [ -73.884239, 40.868006 ], [ -73.883625, 40.867258 ], [ -73.884429, 40.866801 ], [ -73.88514, 40.866383 ], [ -73.885937, 40.865924 ], [ -73.886833, 40.86539 ], [ -73.888122, 40.864255 ], [ -73.888896, 40.864754 ], [ -73.890161, 40.863477 ], [ -73.891815, 40.861817 ], [ -73.891447, 40.861634 ], [ -73.890887, 40.861345 ], [ -73.890438, 40.861119 ], [ -73.886785, 40.859197 ], [ -73.885166, 40.858378 ], [ -73.884408, 40.85812 ], [ -73.883522, 40.857999 ], [ -73.88183, 40.857455 ], [ -73.880764, 40.856992 ], [ -73.880714, 40.856798 ], [ -73.881668, 40.853348 ], [ -73.882003, 40.852189 ], [ -73.882322, 40.851061 ], [ -73.882883, 40.849074 ], [ -73.883109, 40.848273 ], [ -73.882844, 40.847818 ], [ -73.881056, 40.846594 ], [ -73.880477, 40.846197 ], [ -73.879194, 40.845321 ], [ -73.878007, 40.844484 ], [ -73.877314, 40.844007 ], [ -73.878171, 40.842625 ], [ -73.876856, 40.84223 ], [ -73.874591, 40.841521 ], [ -73.872081, 40.843721 ], [ -73.868926, 40.848151 ], [ -73.869209, 40.849239 ], [ -73.868235, 40.850913 ], [ -73.868609, 40.852088 ], [ -73.869377, 40.854266 ], [ -73.869815, 40.855484 ], [ -73.869889, 40.855971 ], [ -73.868383, 40.857812 ], [ -73.870849, 40.857291 ], [ -73.870884, 40.858895 ], [ -73.870579, 40.861405 ], [ -73.870462, 40.863272 ], [ -73.870419, 40.865363 ], [ -73.870455, 40.866633 ], [ -73.870492, 40.867951 ], [ -73.870537, 40.869674 ], [ -73.870562, 40.871511 ], [ -73.870377, 40.873285 ], [ -73.870313, 40.875341 ], [ -73.869435, 40.878129 ], [ -73.868846, 40.878586 ], [ -73.868119, 40.880062 ], [ -73.867053, 40.882255 ], [ -73.865982, 40.884391 ], [ -73.866248, 40.884931 ], [ -73.86538, 40.886884 ], [ -73.8646, 40.8883 ], [ -73.863863, 40.88975 ], [ -73.862652, 40.891822 ], [ -73.86136, 40.894663 ], [ -73.862875, 40.895154 ], [ -73.863559, 40.895377 ] ] ] } },
{ "type": "Feature", "properties": { "NTAName": "East New York (North)", "total_pop": 89176.0, "chinese_pop": 571.0, "chinese_pct": 0.64030680900690773 }, "geometry": { "type": "Polygon", "coordinates": [ [ [ -73.876565, 40.68018 ], [ -73.877339, 40.680055 ], [ -73.876096, 40.680456 ], [ -73.874871, 40.68082 ], [ -73.873604, 40.681121 ], [ -73.873276, 40.679921 ], [ -73.8712, 40.680222 ], [ -73.87157, 40.681686 ], [ -73.872187, 40.683649 ], [ -73.874105, 40.683104 ], [ -73.877867, 40.682039 ], [ -73.878362, 40.684009 ], [ -73.879075, 40.686882 ], [ -73.882203, 40.68536 ], [ -73.881645, 40.68327 ], [ -73.881168, 40.681354 ], [ -73.883031, 40.681085 ], [ -73.884893, 40.680811 ], [ -73.885815, 40.680674 ], [ -73.886303, 40.682589 ], [ -73.886505, 40.683349 ], [ -73.888191, 40.682556 ], [ -73.889774, 40.681801 ], [ -73.892328, 40.680569 ], [ -73.893185, 40.680161 ], [ -73.893733, 40.680854 ], [ -73.894312, 40.681566 ], [ -73.891975, 40.682743 ], [ -73.892523, 40.683424 ], [ -73.8942, 40.685309 ], [ -73.896518, 40.682397 ], [ -73.896615, 40.682008 ], [ -73.897494, 40.680074 ], [ -73.897769, 40.679926 ], [ -73.900283, 40.679442 ], [ -73.902622, 40.680664 ], [ -73.904046, 40.67922 ], [ -73.904791, 40.679641 ], [ -73.905493, 40.680037 ], [ -73.907833, 40.678116 ], [ -73.908088, 40.67619 ], [ -73.908195, 40.675379 ], [ -73.90831, 40.674605 ], [ -73.909157, 40.674653 ], [ -73.911075, 40.674757 ], [ -73.911152, 40.673979 ], [ -73.911224, 40.673152 ], [ -73.91123, 40.673079 ], [ -73.909255, 40.672948 ], [ -73.907877, 40.673567 ], [ -73.907337, 40.671506 ], [ -73.906998, 40.670241 ], [ -73.906673, 40.668974 ], [ -73.906355, 40.667708 ], [ -73.905971, 40.666181 ], [ -73.905578, 40.664659 ], [ -73.905173, 40.663106 ], [ -73.902376, 40.663517 ], [ -73.901451, 40.663659 ], [ -73.900417, 40.663806 ], [ -73.900851, 40.665346 ], [ -73.899076, 40.665608 ], [ -73.897233, 40.665878 ], [ -73.896316, 40.666019 ], [ -73.894439, 40.666297 ], [ -73.893446, 40.666446 ], [ -73.892526, 40.666581 ], [ -73.890694, 40.666852 ], [ -73.88977, 40.66699 ], [ -73.888889, 40.66712 ], [ -73.886183, 40.667521 ], [ -73.883597, 40.667905 ], [ -73.882782, 40.668026 ], [ -73.878489, 40.668655 ], [ -73.878378, 40.668234 ], [ -73.876953, 40.666259 ], [ -73.873688, 40.667665 ], [ -73.872841, 40.668032 ], [ -73.871875, 40.666764 ], [ -73.870112, 40.668014 ], [ -73.870562, 40.669798 ], [ -73.870943, 40.671335 ], [ -73.871303, 40.672858 ], [ -73.869447, 40.673143 ], [ -73.869752, 40.674404 ], [ -73.870073, 40.675671 ], [ -73.870387, 40.676939 ], [ -73.870439, 40.677218 ], [ -73.872587, 40.677866 ], [ -73.875177, 40.68008 ], [ -73.876565, 40.68018 ] ] ] } },
{ "type": "Feature", "properties": { "NTAName": "Wakefield-Woodlawn", "total_pop": 57921.0, "chinese_pop": 349.0, "chinese_pct": 0.60254484556551158 }, "geometry": { "type": "Polygon", "coordinates": [ [ [ -73.89984, 40.886537 ], [ -73.896839, 40.885986 ], [ -73.894724, 40.885557 ], [ -73.894529, 40.885504 ], [ -73.891766, 40.88505 ], [ -73.889847, 40.884685 ], [ -73.887047, 40.884358 ], [ -73.885165, 40.883632 ], [ -73.88319, 40.883285 ], [ -73.882087, 40.883133 ], [ -73.881244, 40.88271 ], [ -73.879974, 40.884395 ], [ -73.877918, 40.887212 ], [ -73.880187, 40.892129 ], [ -73.880008, 40.895244 ], [ -73.87712, 40.895469 ], [ -73.874806, 40.895726 ], [ -73.870487, 40.89664 ], [ -73.866917, 40.896083 ], [ -73.864917, 40.89575 ], [ -73.863559, 40.895377 ], [ -73.863685, 40.894325 ], [ -73.867487, 40.888179 ], [ -73.869211, 40.883325 ], [ -73.87092, 40.880258 ], [ -73.870241, 40.88023 ], [ -73.870944, 40.878511 ], [ -73.869435, 40.878129 ], [ -73.868846, 40.878586 ], [ -73.868119, 40.880062 ], [ -73.867053, 40.882255 ], [ -73.865982, 40.884391 ], [ -73.866248, 40.884931 ], [ -73.86538, 40.886884 ], [ -73.8646, 40.8883 ], [ -73.863863, 40.88975 ], [ -73.862652, 40.891822 ], [ -73.861788, 40.89155 ], [ -73.85991, 40.890948 ], [ -73.858908, 40.890632 ], [ -73.85603, 40.889713 ], [ -73.853153, 40.8888 ], [ -73.850271, 40.887881 ], [ -73.847444, 40.886978 ], [ -73.847049, 40.887672 ], [ -73.843765, 40.888168 ], [ -73.841941, 40.888418 ], [ -73.841053, 40.888553 ], [ -73.839773, 40.888738 ], [ -73.838227, 40.888644 ], [ -73.836434, 40.888935 ], [ -73.835549, 40.889133 ], [ -73.836459, 40.891516 ], [ -73.837337, 40.893814 ], [ -73.838407, 40.894061 ], [ -73.838985, 40.895602 ], [ -73.839655, 40.897249 ], [ -73.839649, 40.897891 ], [ -73.839149, 40.899061 ], [ -73.840999, 40.902812 ], [ -73.841386, 40.904174 ], [ -73.842374, 40.904166 ], [ -73.844702, 40.904183 ], [ -73.84532, 40.905582 ], [ -73.847071, 40.906173 ], [ -73.848683, 40.906743 ], [ -73.850225, 40.907368 ], [ -73.851506, 40.906645 ], [ -73.85279, 40.907073 ], [ -73.851123, 40.910009 ], [ -73.852678, 40.909899 ], [ -73.854881, 40.908217 ], [ -73.854104, 40.906679 ], [ -73.856324, 40.906166 ], [ -73.857199, 40.902878 ], [ -73.859604, 40.902178 ], [ -73.859393, 40.900381 ], [ -73.862643, 40.901474 ], [ -73.864669, 40.901793 ], [ -73.865635, 40.902086 ], [ -73.867876, 40.902983 ], [ -73.872913, 40.904467 ], [ -73.877855, 40.905922 ], [ -73.878189, 40.905983 ], [ -73.87835, 40.905983 ], [ -73.880929, 40.90683 ], [ -73.882993, 40.907423 ], [ -73.885401, 40.907977 ], [ -73.886237, 40.908052 ], [ -73.891928, 40.909809 ], [ -73.896634, 40.911324 ], [ -73.896596, 40.909628 ], [ -73.896546, 40.907507 ], [ -73.896411, 40.904505 ], [ -73.896409, 40.902961 ], [ -73.897035, 40.900288 ], [ -73.897183, 40.899347 ], [ -73.896707, 40.895805 ], [ -73.896458, 40.893706 ], [ -73.89794, 40.89049 ], [ -73.89984, 40.886537 ] ] ] } },
{ "type": "Feature", "properties": { "NTAName": "The Evergreens Cemetery", "total_pop": 15331.0, "chinese_pop": 92.0, "chinese_pct": 0.60009131824408068 }, "geometry": { "type": "Polygon", "coordinates": [ [ [ -73.907292, 40.690219 ], [ -73.908742, 40.688745 ], [ -73.910189, 40.687271 ], [ -73.909439, 40.686845 ], [ -73.910887, 40.685369 ], [ -73.912273, 40.683935 ], [ -73.911512, 40.683505 ], [ -73.909275, 40.682235 ], [ -73.90886, 40.681994 ], [ -73.908517, 40.681804 ], [ -73.907018, 40.680948 ], [ -73.905493, 40.680037 ], [ -73.904791, 40.679641 ], [ -73.904046, 40.67922 ], [ -73.903466, 40.678897 ], [ -73.900627, 40.677265 ], [ -73.89999, 40.6769 ], [ -73.896537, 40.678594 ], [ -73.893185, 40.680161 ], [ -73.893733, 40.680854 ], [ -73.894312, 40.681566 ], [ -73.891975, 40.682743 ], [ -73.892523, 40.683424 ], [ -73.89014, 40.685005 ], [ -73.889607, 40.684214 ], [ -73.884517, 40.686691 ], [ -73.883777, 40.687863 ], [ -73.879616, 40.691106 ], [ -73.874021, 40.694191 ], [ -73.868917, 40.69515 ], [ -73.870708, 40.697697 ], [ -73.869314, 40.699355 ], [ -73.869156, 40.702893 ], [ -73.869819, 40.702838 ], [ -73.870733, 40.702762 ], [ -73.871648, 40.702687 ], [ -73.875431, 40.702374 ], [ -73.876398, 40.702294 ], [ -73.876228, 40.701727 ], [ -73.881054, 40.699774 ], [ -73.882697, 40.700718 ], [ -73.885842, 40.699965 ], [ -73.887713, 40.699678 ], [ -73.888189, 40.69886 ], [ -73.887921, 40.697999 ], [ -73.88688, 40.696652 ], [ -73.886488, 40.696439 ], [ -73.888286, 40.695237 ], [ -73.891957, 40.694411 ], [ -73.892452, 40.695226 ], [ -73.895426, 40.694171 ], [ -73.893981, 40.693076 ], [ -73.893263, 40.692203 ], [ -73.896955, 40.69192 ], [ -73.897366, 40.694119 ], [ -73.90003, 40.693437 ], [ -73.901291, 40.692303 ], [ -73.901241, 40.691438 ], [ -73.902073, 40.691999 ], [ -73.904288, 40.693278 ], [ -73.905043, 40.693704 ], [ -73.906599, 40.69212 ], [ -73.908042, 40.690647 ], [ -73.907292, 40.690219 ] ] ] } },
{ "type": "Feature", "properties": { "NTAName": "Baisley Park", "total_pop": 84180.0, "chinese_pop": 489.0, "chinese_pct": 0.5808980755523877 }, "geometry": { "type": "Polygon", "coordinates": [ [ [ -73.807143, 40.667669 ], [ -73.805452, 40.666896 ], [ -73.804491, 40.666862 ], [ -73.80166, 40.666756 ], [ -73.802162, 40.66525 ], [ -73.79509, 40.66489 ], [ -73.785053, 40.663443 ], [ -73.780791, 40.662332 ], [ -73.77383, 40.659651 ], [ -73.771448, 40.660635 ], [ -73.770957, 40.661198 ], [ -73.768591, 40.664018 ], [ -73.768305, 40.664468 ], [ -73.766754, 40.667433 ], [ -73.771545, 40.667963 ], [ -73.774496, 40.671828 ], [ -73.775672, 40.673387 ], [ -73.773571, 40.676449 ], [ -73.771988, 40.678798 ], [ -73.7747, 40.680487 ], [ -73.773565, 40.680964 ], [ -73.772322, 40.681491 ], [ -73.772203, 40.68161 ], [ -73.770143, 40.683111 ], [ -73.769742, 40.683778 ], [ -73.769676, 40.684328 ], [ -73.769556, 40.685139 ], [ -73.765085, 40.688992 ], [ -73.765046, 40.690146 ], [ -73.7662, 40.692183 ], [ -73.768134, 40.692455 ], [ -73.769631, 40.692681 ], [ -73.772119, 40.693029 ], [ -73.777281, 40.692114 ], [ -73.777836, 40.694321 ], [ -73.779441, 40.693645 ], [ -73.780237, 40.692972 ], [ -73.781464, 40.69447 ], [ -73.78211, 40.695237 ], [ -73.782771, 40.695995 ], [ -73.783933, 40.695494 ], [ -73.787312, 40.69406 ], [ -73.788931, 40.693398 ], [ -73.792384, 40.691921 ], [ -73.794807, 40.690894 ], [ -73.796647, 40.68985 ], [ -73.798031, 40.691621 ], [ -73.798823, 40.69248 ], [ -73.800864, 40.690987 ], [ -73.803565, 40.690242 ], [ -73.805046, 40.688982 ], [ -73.80415, 40.688388 ], [ -73.804836, 40.688225 ], [ -73.805287, 40.687982 ], [ -73.808017, 40.68706 ], [ -73.806748, 40.684683 ], [ -73.805891, 40.682897 ], [ -73.805031, 40.681146 ], [ -73.804235, 40.679416 ], [ -73.803356, 40.677644 ], [ -73.808101, 40.676297 ], [ -73.809992, 40.67576 ], [ -73.809782, 40.675108 ], [ -73.808536, 40.674996 ], [ -73.806197, 40.674784 ], [ -73.806453, 40.670729 ], [ -73.806789, 40.669244 ], [ -73.807143, 40.667669 ] ] ] } },
{ "type": "Feature", "properties": { "NTAName": "Bronx Park", "total_pop": 71431.0, "chinese_pop": 394.0, "chinese_pct": 0.55158124623762794 }, "geometry": { "type": "Polygon", "coordinates": [ [ [ -73.867053, 40.882255 ], [ -73.865982, 40.884391 ], [ -73.866248, 40.884931 ], [ -73.86538, 40.886884 ], [ -73.8646, 40.8883 ], [ -73.863863, 40.88975 ], [ -73.862652, 40.891822 ], [ -73.86136, 40.894663 ], [ -73.862875, 40.895154 ], [ -73.863559, 40.895377 ], [ -73.863685, 40.894325 ], [ -73.867487, 40.888179 ], [ -73.869211, 40.883325 ], [ -73.87092, 40.880258 ], [ -73.871918, 40.880237 ], [ -73.874067, 40.880039 ], [ -73.874792, 40.880075 ], [ -73.875337, 40.881672 ], [ -73.878126, 40.882154 ], [ -73.878487, 40.881076 ], [ -73.876781, 40.880259 ], [ -73.875956, 40.879865 ], [ -73.874387, 40.879055 ], [ -73.875268, 40.87714 ], [ -73.876491, 40.875499 ], [ -73.877514, 40.874139 ], [ -73.87923, 40.873672 ], [ -73.880693, 40.872891 ], [ -73.88247, 40.872128 ], [ -73.88222, 40.871227 ], [ -73.881976, 40.870387 ], [ -73.881469, 40.868573 ], [ -73.881841, 40.86837 ], [ -73.883625, 40.867258 ], [ -73.884429, 40.866801 ], [ -73.88514, 40.866383 ], [ -73.885937, 40.865924 ], [ -73.886833, 40.86539 ], [ -73.888122, 40.864255 ], [ -73.888896, 40.864754 ], [ -73.890161, 40.863477 ], [ -73.891815, 40.861817 ], [ -73.891447, 40.861634 ], [ -73.890887, 40.861345 ], [ -73.890438, 40.861119 ], [ -73.886785, 40.859197 ], [ -73.885166, 40.858378 ], [ -73.884408, 40.85812 ], [ -73.883522, 40.857999 ], [ -73.88183, 40.857455 ], [ -73.881911, 40.857315 ], [ -73.882519, 40.856112 ], [ -73.883628, 40.853909 ], [ -73.884715, 40.851759 ], [ -73.886436, 40.850309 ], [ -73.885815, 40.849931 ], [ -73.884802, 40.849309 ], [ -73.883778, 40.848682 ], [ -73.885603, 40.846543 ], [ -73.887233, 40.844636 ], [ -73.888319, 40.845179 ], [ -73.889017, 40.84437 ], [ -73.886843, 40.843298 ], [ -73.88566, 40.84271 ], [ -73.885298, 40.842536 ], [ -73.882787, 40.841295 ], [ -73.881511, 40.840665 ], [ -73.880163, 40.839998 ], [ -73.87866, 40.84002 ], [ -73.878364, 40.839997 ], [ -73.877914, 40.839971 ], [ -73.877415, 40.839988 ], [ -73.875613, 40.839902 ], [ -73.873561, 40.839794 ], [ -73.873268, 40.84022 ], [ -73.872808, 40.840869 ], [ -73.872253, 40.841601 ], [ -73.870995, 40.843112 ], [ -73.870301, 40.843549 ], [ -73.868892, 40.84441 ], [ -73.868019, 40.844841 ], [ -73.868927, 40.846882 ], [ -73.868355, 40.84708 ], [ -73.867714, 40.847279 ], [ -73.866947, 40.847502 ], [ -73.866343, 40.84759 ], [ -73.864244, 40.847981 ], [ -73.862509, 40.848362 ], [ -73.862789, 40.849238 ], [ -73.86304, 40.850611 ], [ -73.865221, 40.850178 ], [ -73.865651, 40.850335 ], [ -73.866142, 40.850536 ], [ -73.867801, 40.851589 ], [ -73.86777, 40.852414 ], [ -73.867703, 40.854493 ], [ -73.867645, 40.856624 ], [ -73.867588, 40.85783 ], [ -73.867595, 40.858989 ], [ -73.867486, 40.861346 ], [ -73.867422, 40.863213 ], [ -73.86736, 40.865429 ], [ -73.868369, 40.865408 ], [ -73.869127, 40.865394 ], [ -73.870419, 40.865363 ], [ -73.870455, 40.866633 ], [ -73.870492, 40.867951 ], [ -73.870537, 40.869674 ], [ -73.870562, 40.871511 ], [ -73.868258, 40.871462 ], [ -73.868208, 40.873235 ], [ -73.86813, 40.875305 ], [ -73.86805, 40.877799 ], [ -73.866271, 40.877327 ], [ -73.865237, 40.879148 ], [ -73.865176, 40.879277 ], [ -73.864466, 40.880545 ], [ -73.86395, 40.881434 ], [ -73.865347, 40.881784 ], [ -73.867053, 40.882255 ] ] ] } },
{ "type": "Feature", "properties": { "NTAName": "Claremont Park", "total_pop": 21762.0, "chinese_pop": 114.0, "chinese_pct": 0.52384891094568509 }, "geometry": { "type": "Polygon", "coordinates": [ [ [ -73.909547, 40.843045 ], [ -73.910454, 40.843117 ], [ -73.910968, 40.843136 ], [ -73.911927, 40.843267 ], [ -73.912698, 40.84093 ], [ -73.913137, 40.839814 ], [ -73.913755, 40.838743 ], [ -73.912708, 40.83836 ], [ -73.91139, 40.837866 ], [ -73.9129, 40.835297 ], [ -73.912057, 40.835013 ], [ -73.910342, 40.834431 ], [ -73.909574, 40.834188 ], [ -73.908691, 40.833938 ], [ -73.907402, 40.836232 ], [ -73.906906, 40.837023 ], [ -73.905979, 40.838505 ], [ -73.905383, 40.839769 ], [ -73.904545, 40.839498 ], [ -73.902647, 40.838874 ], [ -73.901744, 40.83846 ], [ -73.899968, 40.837655 ], [ -73.899031, 40.839331 ], [ -73.89827, 40.84068 ], [ -73.901118, 40.841599 ], [ -73.902292, 40.841981 ], [ -73.901958, 40.842556 ], [ -73.904937, 40.843375 ], [ -73.904851, 40.844726 ], [ -73.906653, 40.844849 ], [ -73.907548, 40.844908 ], [ -73.909361, 40.845006 ], [ -73.909463, 40.843779 ], [ -73.909547, 40.843045 ] ] ] } },
{ "type": "Feature", "properties": { "NTAName": "Woodlawn Cemetery", "total_pop": 17556.0, "chinese_pop": 89.0, "chinese_pct": 0.50694919115971748 }, "geometry": { "type": "Polygon", "coordinates": [ [ [ -73.862875, 40.895154 ], [ -73.861113, 40.897589 ], [ -73.861335, 40.90019 ], [ -73.86222, 40.898816 ], [ -73.863483, 40.899373 ], [ -73.865092, 40.899206 ], [ -73.867447, 40.898953 ], [ -73.868042, 40.902642 ], [ -73.867876, 40.902983 ], [ -73.872913, 40.904467 ], [ -73.877855, 40.905922 ], [ -73.878189, 40.905983 ], [ -73.87835, 40.905983 ], [ -73.880929, 40.90683 ], [ -73.882993, 40.907423 ], [ -73.885401, 40.907977 ], [ -73.886237, 40.908052 ], [ -73.891928, 40.909809 ], [ -73.896634, 40.911324 ], [ -73.896596, 40.909628 ], [ -73.896546, 40.907507 ], [ -73.896411, 40.904505 ], [ -73.896409, 40.902961 ], [ -73.897035, 40.900288 ], [ -73.897183, 40.899347 ], [ -73.896707, 40.895805 ], [ -73.896458, 40.893706 ], [ -73.89794, 40.89049 ], [ -73.89984, 40.886537 ], [ -73.896839, 40.885986 ], [ -73.894724, 40.885557 ], [ -73.894529, 40.885504 ], [ -73.891766, 40.88505 ], [ -73.889847, 40.884685 ], [ -73.887047, 40.884358 ], [ -73.885165, 40.883632 ], [ -73.88319, 40.883285 ], [ -73.882087, 40.883133 ], [ -73.881244, 40.88271 ], [ -73.880456, 40.88222 ], [ -73.879353, 40.881507 ], [ -73.878487, 40.881076 ], [ -73.876781, 40.880259 ], [ -73.875956, 40.879865 ], [ -73.874387, 40.879055 ], [ -73.873483, 40.878855 ], [ -73.872545, 40.878746 ], [ -73.870944, 40.878511 ], [ -73.869435, 40.878129 ], [ -73.868846, 40.878586 ], [ -73.868119, 40.880062 ], [ -73.867053, 40.882255 ], [ -73.865982, 40.884391 ], [ -73.866248, 40.884931 ], [ -73.86538, 40.886884 ], [ -73.8646, 40.8883 ], [ -73.863863, 40.88975 ], [ -73.862652, 40.891822 ], [ -73.86136, 40.894663 ], [ -73.862875, 40.895154 ] ] ] } },
{ "type": "Feature", "properties": { "NTAName": "Eastchester-Edenwald-Baychester", "total_pop": 111292.0, "chinese_pop": 538.0, "chinese_pct": 0.48341300363009021 }, "geometry": { "type": "Polygon", "coordinates": [ [ [ -73.836971, 40.865643 ], [ -73.836989, 40.865095 ], [ -73.840747, 40.865162 ], [ -73.840823, 40.862719 ], [ -73.840932, 40.859332 ], [ -73.840972, 40.857949 ], [ -73.836819, 40.857277 ], [ -73.830172, 40.859634 ], [ -73.829609, 40.859889 ], [ -73.828521, 40.860746 ], [ -73.828372, 40.860947 ], [ -73.828261, 40.860853 ], [ -73.826416, 40.863034 ], [ -73.824725, 40.864987 ], [ -73.821458, 40.868406 ], [ -73.821164, 40.868583 ], [ -73.820873, 40.868907 ], [ -73.816341, 40.8661 ], [ -73.816752, 40.864544 ], [ -73.817557, 40.863588 ], [ -73.815464, 40.86254 ], [ -73.812325, 40.860686 ], [ -73.811518518196294, 40.858745504143208 ], [ -73.808322, 40.85888 ], [ -73.807720435035705, 40.858819421648697 ], [ -73.807589085284405, 40.858806194563002 ], [ -73.805005557520602, 40.858546030056097 ], [ -73.804757, 40.858521 ], [ -73.80547, 40.855105 ], [ -73.803701863279102, 40.851968729710599 ], [ -73.801726, 40.848464 ], [ -73.800407294490896, 40.8482000172664 ], [ -73.800110788222995, 40.848140661682692 ], [ -73.799543, 40.848027 ], [ -73.797252, 40.852196 ], [ -73.794116240958303, 40.855259402328905 ], [ -73.793575, 40.856326 ], [ -73.790397934925295, 40.860374225002602 ], [ -73.791662117867403, 40.861855876640497 ], [ -73.793111, 40.863554 ], [ -73.791209, 40.868946 ], [ -73.78598, 40.869485 ], [ -73.783366, 40.871822 ], [ -73.783777544597996, 40.873742541457304 ], [ -73.784803, 40.878528 ], [ -73.783545225362104, 40.88103955634049 ], [ -73.783702, 40.881078 ], [ -73.793016, 40.883361 ], [ -73.819719, 40.890206 ], [ -73.823244, 40.891199 ], [ -73.822363, 40.88964 ], [ -73.824047, 40.889866 ], [ -73.827224, 40.890785 ], [ -73.827943, 40.890928 ], [ -73.833595, 40.892706 ], [ -73.837337, 40.893814 ], [ -73.838407, 40.894061 ], [ -73.838985, 40.895602 ], [ -73.839655, 40.897249 ], [ -73.839649, 40.897891 ], [ -73.84248, 40.897267 ], [ -73.844165, 40.896896 ], [ -73.845105, 40.89669 ], [ -73.846875, 40.8963 ], [ -73.848629, 40.895914 ], [ -73.852155, 40.895137 ], [ -73.853136, 40.894922 ], [ -73.853262, 40.894699 ], [ -73.854492, 40.892479 ], [ -73.851829, 40.89163 ], [ -73.851981, 40.890922 ], [ -73.853153, 40.8888 ], [ -73.854323, 40.886682 ], [ -73.855104, 40.885271 ], [ -73.855884, 40.883861 ], [ -73.857056, 40.881745 ], [ -73.8586, 40.878954 ], [ -73.859278, 40.877728 ], [ -73.859752, 40.876861 ], [ -73.860512, 40.875494 ], [ -73.858029, 40.874704 ], [ -73.856513, 40.874218 ], [ -73.856614, 40.87125 ], [ -73.855572, 40.871222 ], [ -73.855707, 40.867678 ], [ -73.855781, 40.86544 ], [ -73.852891, 40.865388 ], [ -73.850084, 40.865335 ], [ -73.85006, 40.865736 ], [ -73.850003, 40.867575 ], [ -73.849961, 40.869392 ], [ -73.849927, 40.871329 ], [ -73.848914, 40.871566 ], [ -73.848597, 40.87167 ], [ -73.846408, 40.870555 ], [ -73.84609, 40.87039 ], [ -73.845173, 40.869915 ], [ -73.843586, 40.869088 ], [ -73.842406, 40.868475 ], [ -73.841224, 40.867858 ], [ -73.836971, 40.865643 ] ], [ [ -73.825886, 40.870396 ], [ -73.827698, 40.870953 ], [ -73.828278, 40.871012 ], [ -73.827459, 40.872753 ], [ -73.828208, 40.873017 ], [ -73.827259, 40.874264 ], [ -73.82821, 40.874928 ], [ -73.828476, 40.874465 ], [ -73.830132, 40.87533 ], [ -73.829785, 40.876119 ], [ -73.828892, 40.875803 ], [ -73.828772, 40.876004 ], [ -73.828367, 40.876687 ], [ -73.826329, 40.875982 ], [ -73.825764, 40.876339 ], [ -73.824844, 40.875702 ], [ -73.824502, 40.875628 ], [ -73.824524, 40.874924 ], [ -73.824346, 40.872938 ], [ -73.824476, 40.872226 ], [ -73.825103, 40.871123 ], [ -73.825886, 40.870396 ] ] ] } },
{ "type": "Feature", "properties": { "NTAName": "Cambria Heights", "total_pop": 47810.0, "chinese_pop": 229.0, "chinese_pct": 0.47897929303492998 }, "geometry": { "type": "Polygon", "coordinates": [ [ [ -73.725996, 40.686932 ], [ -73.726258, 40.690611 ], [ -73.726503, 40.696886 ], [ -73.726762, 40.702768 ], [ -73.726781, 40.703145 ], [ -73.726895, 40.7058 ], [ -73.727047, 40.709497 ], [ -73.726971, 40.710715 ], [ -73.729379, 40.711628 ], [ -73.729982, 40.710364 ], [ -73.735539, 40.71186 ], [ -73.736455, 40.712042 ], [ -73.740847, 40.710632 ], [ -73.742141, 40.710248 ], [ -73.743345, 40.709986 ], [ -73.744858, 40.70967 ], [ -73.746818, 40.709132 ], [ -73.748018, 40.708505 ], [ -73.749472, 40.7079 ], [ -73.747878, 40.706303 ], [ -73.746591, 40.705128 ], [ -73.748897, 40.704526 ], [ -73.750471, 40.70564 ], [ -73.74925, 40.702928 ], [ -73.74773, 40.699553 ], [ -73.74619, 40.696119 ], [ -73.748633, 40.695445 ], [ -73.749144, 40.695301 ], [ -73.751299, 40.69471 ], [ -73.751703, 40.694597 ], [ -73.753958, 40.693971 ], [ -73.75423, 40.693897 ], [ -73.75484, 40.693728 ], [ -73.755082, 40.69366 ], [ -73.75381, 40.690975 ], [ -73.756413, 40.69012 ], [ -73.757097, 40.691649 ], [ -73.758788, 40.691179 ], [ -73.758124, 40.689537 ], [ -73.756887, 40.688005 ], [ -73.756106, 40.686762 ], [ -73.76073, 40.685098 ], [ -73.760426, 40.683387 ], [ -73.760459, 40.683263 ], [ -73.758881, 40.681243 ], [ -73.753969, 40.684533 ], [ -73.753308, 40.685021 ], [ -73.75097, 40.684202 ], [ -73.750017, 40.685891 ], [ -73.748286, 40.685275 ], [ -73.745846, 40.684781 ], [ -73.743268, 40.68392 ], [ -73.740948, 40.683232 ], [ -73.740381, 40.684123 ], [ -73.739737, 40.683531 ], [ -73.735822, 40.682255 ], [ -73.735132, 40.683557 ], [ -73.73396, 40.685639 ], [ -73.727183, 40.683597 ], [ -73.728102, 40.681766 ], [ -73.729506, 40.680056 ], [ -73.730473, 40.679348 ], [ -73.731874, 40.677569 ], [ -73.733032, 40.676495 ], [ -73.733842, 40.675463 ], [ -73.735059, 40.67399 ], [ -73.733507, 40.67359 ], [ -73.730641, 40.673982 ], [ -73.729533, 40.674157 ], [ -73.727542, 40.67416 ], [ -73.726543, 40.676487 ], [ -73.726198, 40.677381 ], [ -73.725841, 40.678753 ], [ -73.72563, 40.679588 ], [ -73.725861, 40.683223 ], [ -73.725821, 40.68395 ], [ -73.725926, 40.686225 ], [ -73.725996, 40.686932 ] ] ] } },
{ "type": "Feature", "properties": { "NTAName": "Soundview-Bruckner-Bronx River", "total_pop": 102625.0, "chinese_pop": 470.0, "chinese_pct": 0.45797807551766145 }, "geometry": { "type": "Polygon", "coordinates": [ [ [ -73.86358, 40.841278 ], [ -73.864107, 40.841675 ], [ -73.865167, 40.842466 ], [ -73.865911, 40.843197 ], [ -73.867297, 40.842919 ], [ -73.868892, 40.84441 ], [ -73.870301, 40.843549 ], [ -73.870995, 40.843112 ], [ -73.872253, 40.841601 ], [ -73.872808, 40.840869 ], [ -73.873268, 40.84022 ], [ -73.873561, 40.839794 ], [ -73.875613, 40.839902 ], [ -73.877415, 40.839988 ], [ -73.877914, 40.839971 ], [ -73.878364, 40.839997 ], [ -73.87866, 40.84002 ], [ -73.880163, 40.839998 ], [ -73.880514, 40.839237 ], [ -73.88172, 40.837954 ], [ -73.882006, 40.83746 ], [ -73.882222, 40.835463 ], [ -73.883505, 40.833904 ], [ -73.884394, 40.834211 ], [ -73.886111, 40.834806 ], [ -73.886963, 40.835096 ], [ -73.888742, 40.835707 ], [ -73.890714, 40.832409 ], [ -73.891737, 40.832664 ], [ -73.892685, 40.832344 ], [ -73.89336, 40.830152 ], [ -73.892886, 40.830148 ], [ -73.890873, 40.830136 ], [ -73.889912, 40.830124 ], [ -73.888054, 40.829503 ], [ -73.887613, 40.829337 ], [ -73.88605, 40.828085 ], [ -73.886092, 40.827695 ], [ -73.886613, 40.825329 ], [ -73.887074, 40.823307 ], [ -73.88797, 40.82226 ], [ -73.889301, 40.821432 ], [ -73.889646, 40.821205 ], [ -73.890824, 40.820307 ], [ -73.889167, 40.818618 ], [ -73.887996, 40.816664 ], [ -73.886161, 40.81693 ], [ -73.885239, 40.81707 ], [ -73.88338, 40.817351 ], [ -73.881408, 40.817993 ], [ -73.880981, 40.818238 ], [ -73.87797, 40.816152 ], [ -73.871303, 40.813954 ], [ -73.866484, 40.805901 ], [ -73.862224, 40.810031 ], [ -73.86115, 40.811421 ], [ -73.864431, 40.813269 ], [ -73.865218, 40.814529 ], [ -73.866756, 40.814311 ], [ -73.868936, 40.815142 ], [ -73.868653, 40.816218 ], [ -73.869495, 40.816102 ], [ -73.869998, 40.818242 ], [ -73.870501, 40.820364 ], [ -73.871515, 40.824715 ], [ -73.869499, 40.824565 ], [ -73.867613, 40.824818 ], [ -73.867703, 40.825201 ], [ -73.86491, 40.825596 ], [ -73.862166, 40.825966 ], [ -73.861207, 40.826087 ], [ -73.859703, 40.826277 ], [ -73.8563, 40.826757 ], [ -73.856151, 40.82677 ], [ -73.856328, 40.827508 ], [ -73.856491, 40.828225 ], [ -73.856656, 40.828945 ], [ -73.856822, 40.829665 ], [ -73.85699, 40.830385 ], [ -73.857157, 40.831102 ], [ -73.857323, 40.831822 ], [ -73.855977, 40.831831 ], [ -73.858853, 40.832673 ], [ -73.860344, 40.833294 ], [ -73.860851, 40.833614 ], [ -73.860906, 40.83399 ], [ -73.861012, 40.834597 ], [ -73.861115, 40.83552 ], [ -73.860525, 40.837424 ], [ -73.859966, 40.837779 ], [ -73.86069, 40.83851 ], [ -73.86094, 40.838926 ], [ -73.862437, 40.840174 ], [ -73.862674, 40.840409 ], [ -73.86358, 40.841278 ] ] ] } },
{ "type": "Feature", "properties": { "NTAName": "East New York-New Lots", "total_pop": 107830.0, "chinese_pop": 471.0, "chinese_pct": 0.43679866456459238 }, "geometry": { "type": "Polygon", "coordinates": [ [ [ -73.908681, 40.650717 ], [ -73.907615, 40.649896 ], [ -73.90929, 40.648817 ], [ -73.910716, 40.647888 ], [ -73.908899, 40.646256 ], [ -73.907084, 40.644623 ], [ -73.905655, 40.645549 ], [ -73.903982, 40.646629 ], [ -73.900892, 40.648641 ], [ -73.897943, 40.650515 ], [ -73.896345, 40.649027 ], [ -73.897832, 40.64807 ], [ -73.896162, 40.646571 ], [ -73.894679, 40.64753 ], [ -73.892551, 40.648911 ], [ -73.891252, 40.650026 ], [ -73.889994, 40.651138 ], [ -73.886282, 40.652756 ], [ -73.884653, 40.653451 ], [ -73.882213, 40.654498 ], [ -73.879733, 40.655563 ], [ -73.878117, 40.65626 ], [ -73.869156, 40.660119 ], [ -73.867181, 40.660452 ], [ -73.863815, 40.656029 ], [ -73.860676, 40.654868 ], [ -73.863171, 40.658277 ], [ -73.86036, 40.659646 ], [ -73.857615, 40.660119 ], [ -73.858025, 40.661721 ], [ -73.85843, 40.663453 ], [ -73.855685, 40.663867 ], [ -73.856063, 40.665511 ], [ -73.856425, 40.667033 ], [ -73.856847, 40.668603 ], [ -73.857282, 40.670312 ], [ -73.862845, 40.669522 ], [ -73.86242, 40.667783 ], [ -73.862042, 40.666253 ], [ -73.867518, 40.665473 ], [ -73.86788, 40.666996 ], [ -73.86833, 40.668728 ], [ -73.870112, 40.668014 ], [ -73.870562, 40.669798 ], [ -73.870943, 40.671335 ], [ -73.871303, 40.672858 ], [ -73.873719, 40.672511 ], [ -73.874624, 40.672389 ], [ -73.874957, 40.673651 ], [ -73.875275, 40.674918 ], [ -73.87896, 40.674384 ], [ -73.879882, 40.674255 ], [ -73.879568, 40.672987 ], [ -73.881392, 40.672723 ], [ -73.883074, 40.672475 ], [ -73.883889, 40.672355 ], [ -73.885517, 40.672113 ], [ -73.887289, 40.671848 ], [ -73.888192, 40.671715 ], [ -73.889096, 40.671582 ], [ -73.890878, 40.671318 ], [ -73.892711, 40.671046 ], [ -73.894556, 40.67077 ], [ -73.895544, 40.670626 ], [ -73.898341, 40.670212 ], [ -73.900183, 40.669939 ], [ -73.901982, 40.66967 ], [ -73.901668, 40.668413 ], [ -73.902626, 40.668273 ], [ -73.903573, 40.668128 ], [ -73.904464, 40.667988 ], [ -73.906355, 40.667708 ], [ -73.905971, 40.666181 ], [ -73.905578, 40.664659 ], [ -73.905173, 40.663106 ], [ -73.902376, 40.663517 ], [ -73.901451, 40.663659 ], [ -73.901053, 40.662125 ], [ -73.900661, 40.660587 ], [ -73.90158, 40.660451 ], [ -73.904385, 40.660034 ], [ -73.90627, 40.659754 ], [ -73.907191, 40.659619 ], [ -73.906795, 40.658084 ], [ -73.906369, 40.656412 ], [ -73.907307, 40.656273 ], [ -73.908245, 40.656133 ], [ -73.910123, 40.655852 ], [ -73.909726, 40.654313 ], [ -73.910679, 40.65418 ], [ -73.912329, 40.654135 ], [ -73.913744, 40.654169 ], [ -73.915226, 40.653039 ], [ -73.913407, 40.651407 ], [ -73.911823, 40.649984 ], [ -73.909449, 40.651522 ], [ -73.908681, 40.650717 ] ] ] } },
{ "type": "Feature", "properties": { "NTAName": "Highbridge", "total_pop": 59943.0, "chinese_pop": 253.0, "chinese_pct": 0.42206763091603688 }, "geometry": { "type": "Polygon", "coordinates": [ [ [ -73.940346, 40.830458 ], [ -73.940167, 40.830383 ], [ -73.938588, 40.829717 ], [ -73.937271, 40.829154 ], [ -73.93519, 40.828295 ], [ -73.934837, 40.828032 ], [ -73.934555, 40.828047 ], [ -73.933059, 40.828156 ], [ -73.932327, 40.819503 ], [ -73.932401, 40.814151 ], [ -73.930276, 40.813256 ], [ -73.928857, 40.81488 ], [ -73.927313, 40.81856 ], [ -73.926644, 40.819998 ], [ -73.925746, 40.821175 ], [ -73.925153, 40.821904 ], [ -73.923473, 40.825425 ], [ -73.923062, 40.826096 ], [ -73.922669, 40.826854 ], [ -73.924047, 40.827244 ], [ -73.925927, 40.827812 ], [ -73.924261, 40.830681 ], [ -73.922217, 40.834163 ], [ -73.92318, 40.834517 ], [ -73.922372, 40.836109 ], [ -73.920125, 40.837588 ], [ -73.919696, 40.837872 ], [ -73.918592, 40.838982 ], [ -73.917683, 40.840225 ], [ -73.916184, 40.842335 ], [ -73.917955, 40.843102 ], [ -73.917564, 40.843587 ], [ -73.917402, 40.845036 ], [ -73.918479, 40.844973 ], [ -73.922633, 40.844727 ], [ -73.922547, 40.845022 ], [ -73.922518, 40.84511 ], [ -73.921044, 40.84652 ], [ -73.920542, 40.846894 ], [ -73.921345, 40.84718 ], [ -73.919371, 40.849621 ], [ -73.920319, 40.849804 ], [ -73.921282, 40.849992 ], [ -73.922288, 40.850277 ], [ -73.92242, 40.850123 ], [ -73.923904, 40.850488 ], [ -73.922978, 40.852022 ], [ -73.921405, 40.854358 ], [ -73.920958, 40.855112 ], [ -73.92216, 40.855607 ], [ -73.922867, 40.855872 ], [ -73.922958, 40.858914 ], [ -73.924742, 40.861594 ], [ -73.924877, 40.861541 ], [ -73.925175, 40.860309 ], [ -73.927266, 40.857929 ], [ -73.925192, 40.858029 ], [ -73.924692, 40.856642 ], [ -73.927695, 40.852488 ], [ -73.927477, 40.850694 ], [ -73.929777, 40.84815 ], [ -73.930621, 40.848481 ], [ -73.931393, 40.847428 ], [ -73.931851, 40.846803 ], [ -73.932325, 40.846154 ], [ -73.933233, 40.84491 ], [ -73.933716, 40.844247 ], [ -73.934671, 40.842958 ], [ -73.935567, 40.841713 ], [ -73.935079, 40.839267 ], [ -73.936691, 40.837193 ], [ -73.937383, 40.83569 ], [ -73.938037, 40.834286 ], [ -73.938492, 40.833843 ], [ -73.939155, 40.833278 ], [ -73.940368, 40.831468 ], [ -73.940346, 40.830458 ] ] ] } },
{ "type": "Feature", "properties": { "NTAName": "Hunts Point", "total_pop": 50975.0, "chinese_pop": 215.0, "chinese_pct": 0.42177538008827858 }, "geometry": { "type": "Polygon", "coordinates": [ [ [ -73.903074, 40.80988 ], [ -73.906655, 40.807312 ], [ -73.908443, 40.806477 ], [ -73.909127, 40.806166 ], [ -73.90547, 40.803931 ], [ -73.906052, 40.803367 ], [ -73.908338, 40.804661 ], [ -73.913242, 40.799937 ], [ -73.925765, 40.805223 ], [ -73.926613, 40.804647 ], [ -73.928225, 40.80385 ], [ -73.92725, 40.802558 ], [ -73.925081, 40.802521 ], [ -73.923022, 40.802425 ], [ -73.921742, 40.801689 ], [ -73.919861, 40.799353 ], [ -73.913624, 40.796786 ], [ -73.912456, 40.796096 ], [ -73.899869, 40.792449 ], [ -73.892504, 40.801206 ], [ -73.872264, 40.794992 ], [ -73.867118, 40.793742 ], [ -73.863147, 40.797497 ], [ -73.862965, 40.79767 ], [ -73.866484, 40.805901 ], [ -73.862224, 40.810031 ], [ -73.86115, 40.811421 ], [ -73.864431, 40.813269 ], [ -73.865218, 40.814529 ], [ -73.866756, 40.814311 ], [ -73.868936, 40.815142 ], [ -73.868653, 40.816218 ], [ -73.869495, 40.816102 ], [ -73.869998, 40.818242 ], [ -73.870501, 40.820364 ], [ -73.871515, 40.824715 ], [ -73.872506, 40.824591 ], [ -73.873554, 40.82441 ], [ -73.875285, 40.824208 ], [ -73.876213, 40.824084 ], [ -73.877136, 40.823958 ], [ -73.878064, 40.823834 ], [ -73.87993, 40.823641 ], [ -73.884411, 40.82297 ], [ -73.884531, 40.825647 ], [ -73.883832, 40.828271 ], [ -73.883887, 40.829809 ], [ -73.885452, 40.830504 ], [ -73.885661, 40.830477 ], [ -73.887229, 40.831201 ], [ -73.888936, 40.831798 ], [ -73.889791, 40.83209 ], [ -73.890714, 40.832409 ], [ -73.891737, 40.832664 ], [ -73.892685, 40.832344 ], [ -73.89336, 40.830152 ], [ -73.892886, 40.830148 ], [ -73.890873, 40.830136 ], [ -73.889912, 40.830124 ], [ -73.888054, 40.829503 ], [ -73.887613, 40.829337 ], [ -73.88605, 40.828085 ], [ -73.886092, 40.827695 ], [ -73.886613, 40.825329 ], [ -73.888711, 40.825181 ], [ -73.88965, 40.825136 ], [ -73.890586, 40.825082 ], [ -73.89139, 40.824941 ], [ -73.892005, 40.824723 ], [ -73.8932, 40.824008 ], [ -73.893901, 40.823643 ], [ -73.895861, 40.822631 ], [ -73.896878, 40.822118 ], [ -73.897864, 40.821598 ], [ -73.898985, 40.821038 ], [ -73.89986, 40.820563 ], [ -73.901602, 40.819695 ], [ -73.901668, 40.819534 ], [ -73.902579, 40.81737 ], [ -73.90301, 40.816318 ], [ -73.90347, 40.815075 ], [ -73.903804, 40.814132 ], [ -73.904183, 40.813087 ], [ -73.904466, 40.812282 ], [ -73.90418, 40.812125 ], [ -73.903417, 40.811507 ], [ -73.903074, 40.80988 ] ] ] } },
{ "type": "Feature", "properties": { "NTAName": "Mott Haven-Port Morris", "total_pop": 109741.0, "chinese_pop": 451.0, "chinese_pct": 0.41096764199342084 }, "geometry": { "type": "Polygon", "coordinates": [ [ [ -73.915991, 40.817211 ], [ -73.917119, 40.817512 ], [ -73.918899, 40.817967 ], [ -73.922118, 40.818796 ], [ -73.921784, 40.819527 ], [ -73.921478, 40.8202 ], [ -73.920665, 40.821837 ], [ -73.920063, 40.822667 ], [ -73.919474, 40.823728 ], [ -73.919339, 40.823973 ], [ -73.918459, 40.825574 ], [ -73.920258, 40.826153 ], [ -73.921152, 40.826398 ], [ -73.921739, 40.82564 ], [ -73.922274, 40.82497 ], [ -73.923073, 40.823624 ], [ -73.924644, 40.821021 ], [ -73.925746, 40.821175 ], [ -73.925153, 40.821904 ], [ -73.923473, 40.825425 ], [ -73.923062, 40.826096 ], [ -73.922669, 40.826854 ], [ -73.924047, 40.827244 ], [ -73.925927, 40.827812 ], [ -73.92663, 40.826608 ], [ -73.927153, 40.825724 ], [ -73.929752, 40.826585 ], [ -73.930735, 40.82701 ], [ -73.930872, 40.828113 ], [ -73.930956, 40.828335 ], [ -73.933059, 40.828156 ], [ -73.932327, 40.819503 ], [ -73.933823, 40.819491 ], [ -73.934475, 40.819697 ], [ -73.934128, 40.817734 ], [ -73.935756, 40.815326 ], [ -73.93621, 40.814674 ], [ -73.936688, 40.814044 ], [ -73.937635, 40.812748 ], [ -73.938593, 40.811435 ], [ -73.939018, 40.810856 ], [ -73.937408, 40.810176 ], [ -73.935819, 40.809503 ], [ -73.937636, 40.806975 ], [ -73.938544, 40.80573 ], [ -73.935326, 40.804371 ], [ -73.93631, 40.803024 ], [ -73.934062, 40.802077 ], [ -73.931773, 40.800979 ], [ -73.931969, 40.800711 ], [ -73.933516, 40.798594 ], [ -73.933991, 40.797932 ], [ -73.931743, 40.796988 ], [ -73.929777, 40.796156 ], [ -73.929256, 40.795867 ], [ -73.927257, 40.794876 ], [ -73.928373, 40.792845 ], [ -73.92651, 40.790868 ], [ -73.930162, 40.791306 ], [ -73.931788, 40.790173 ], [ -73.936239, 40.785687 ], [ -73.935433, 40.783249 ], [ -73.930619, 40.782246 ], [ -73.927708, 40.780964 ], [ -73.925745, 40.778405 ], [ -73.924816, 40.778758 ], [ -73.920999, 40.781749 ], [ -73.919965, 40.782635 ], [ -73.91909, 40.783368 ], [ -73.917171, 40.784193 ], [ -73.915344, 40.786116 ], [ -73.912069, 40.789339 ], [ -73.910296, 40.790657 ], [ -73.910673, 40.793116 ], [ -73.912456, 40.796096 ], [ -73.899869, 40.792449 ], [ -73.892504, 40.801206 ], [ -73.872264, 40.794992 ], [ -73.867118, 40.793742 ], [ -73.863147, 40.797497 ], [ -73.87163, 40.801926 ], [ -73.877478, 40.805826 ], [ -73.879357, 40.805658 ], [ -73.880413, 40.809393 ], [ -73.882025, 40.81083 ], [ -73.890036, 40.809629 ], [ -73.890526, 40.811512 ], [ -73.890975, 40.813213 ], [ -73.894986, 40.815581 ], [ -73.895158, 40.815683 ], [ -73.895428, 40.815845 ], [ -73.89685, 40.81446 ], [ -73.898448, 40.813177 ], [ -73.899341, 40.813489 ], [ -73.899728, 40.81429 ], [ -73.90012, 40.815084 ], [ -73.900506, 40.815879 ], [ -73.900721, 40.816764 ], [ -73.902579, 40.81737 ], [ -73.901668, 40.819534 ], [ -73.901602, 40.819695 ], [ -73.905313, 40.817925 ], [ -73.906305, 40.817371 ], [ -73.907589, 40.816596 ], [ -73.908225, 40.816203 ], [ -73.909132, 40.815941 ], [ -73.90991, 40.815936 ], [ -73.911025, 40.815977 ], [ -73.911942, 40.816047 ], [ -73.911381, 40.817373 ], [ -73.910612, 40.819224 ], [ -73.909909, 40.821241 ], [ -73.908418, 40.822181 ], [ -73.9107, 40.822324 ], [ -73.911745, 40.822107 ], [ -73.91352, 40.819542 ], [ -73.914031, 40.818956 ], [ -73.914472, 40.818507 ], [ -73.915991, 40.817211 ] ] ] } },
{ "type": "Feature", "properties": { "NTAName": "East Flatbush-Remsen Village", "total_pop": 76459.0, "chinese_pop": 312.0, "chinese_pct": 0.40806183706300103 }, "geometry": { "type": "Polygon", "coordinates": [ [ [ -73.92561, 40.652446 ], [ -73.923666, 40.652538 ], [ -73.922849, 40.652463 ], [ -73.923585, 40.65052 ], [ -73.922519, 40.650587 ], [ -73.922312, 40.648658 ], [ -73.923249, 40.648599 ], [ -73.92612, 40.64842 ], [ -73.925922, 40.64656 ], [ -73.925721, 40.644674 ], [ -73.925382, 40.642384 ], [ -73.923565, 40.642499 ], [ -73.923327, 40.6399 ], [ -73.921609, 40.641687 ], [ -73.919729, 40.642725 ], [ -73.919951, 40.644707 ], [ -73.916937, 40.646683 ], [ -73.911823, 40.649984 ], [ -73.909449, 40.651522 ], [ -73.908558, 40.652096 ], [ -73.907856, 40.654589 ], [ -73.906916, 40.654732 ], [ -73.903173, 40.655301 ], [ -73.900303, 40.657263 ], [ -73.900755, 40.65723 ], [ -73.903564, 40.656826 ], [ -73.90545, 40.656547 ], [ -73.906369, 40.656412 ], [ -73.906795, 40.658084 ], [ -73.907191, 40.659619 ], [ -73.907585, 40.661156 ], [ -73.908524, 40.661014 ], [ -73.90892, 40.662554 ], [ -73.909857, 40.662412 ], [ -73.911727, 40.662135 ], [ -73.911335, 40.660597 ], [ -73.912292, 40.660455 ], [ -73.91321, 40.660319 ], [ -73.914131, 40.660181 ], [ -73.914526, 40.661722 ], [ -73.916434, 40.661432 ], [ -73.91683, 40.662973 ], [ -73.915875, 40.663116 ], [ -73.916267, 40.664654 ], [ -73.917306, 40.668708 ], [ -73.917482, 40.669393 ], [ -73.918382, 40.669002 ], [ -73.919231, 40.668631 ], [ -73.920039, 40.668282 ], [ -73.92102, 40.667852 ], [ -73.921872, 40.667481 ], [ -73.922753, 40.667098 ], [ -73.922632, 40.668373 ], [ -73.922544, 40.669276 ], [ -73.922467, 40.670117 ], [ -73.922384, 40.671009 ], [ -73.9223, 40.6719 ], [ -73.922215, 40.672792 ], [ -73.922132, 40.673684 ], [ -73.925082, 40.673844 ], [ -73.925122, 40.673399 ], [ -73.925161, 40.672954 ], [ -73.925245, 40.672062 ], [ -73.925328, 40.671169 ], [ -73.925413, 40.670279 ], [ -73.925598, 40.668496 ], [ -73.92835, 40.668647 ], [ -73.928525, 40.666866 ], [ -73.928598, 40.66597 ], [ -73.928683, 40.665086 ], [ -73.931455, 40.665234 ], [ -73.934224, 40.665378 ], [ -73.936984, 40.665536 ], [ -73.937074, 40.664644 ], [ -73.937264, 40.663192 ], [ -73.934553, 40.663362 ], [ -73.931607, 40.663557 ], [ -73.930685, 40.66362 ], [ -73.928282, 40.661447 ], [ -73.926464, 40.659814 ], [ -73.928193, 40.660177 ], [ -73.928172, 40.658478 ], [ -73.927995, 40.656802 ], [ -73.927856, 40.655516 ], [ -73.927694, 40.653985 ], [ -73.927514, 40.652318 ], [ -73.926547, 40.652392 ], [ -73.92561, 40.652446 ] ] ] } },
{ "type": "Feature", "properties": { "NTAName": "Yankee Stadium-Macombs Dam Park", "total_pop": 44102.0, "chinese_pop": 178.0, "chinese_pct": 0.40360981361389509 }, "geometry": { "type": "Polygon", "coordinates": [ [ [ -73.932327, 40.819503 ], [ -73.932401, 40.814151 ], [ -73.930276, 40.813256 ], [ -73.928857, 40.81488 ], [ -73.927313, 40.81856 ], [ -73.926644, 40.819998 ], [ -73.925746, 40.821175 ], [ -73.925153, 40.821904 ], [ -73.923473, 40.825425 ], [ -73.923062, 40.826096 ], [ -73.922669, 40.826854 ], [ -73.921742, 40.8286 ], [ -73.921171, 40.829628 ], [ -73.920461, 40.830915 ], [ -73.919856, 40.831949 ], [ -73.919029, 40.83309 ], [ -73.918389, 40.833809 ], [ -73.917706, 40.83451 ], [ -73.916467, 40.835778 ], [ -73.918412, 40.83644 ], [ -73.920479, 40.83714 ], [ -73.920125, 40.837588 ], [ -73.922372, 40.836109 ], [ -73.922216, 40.837986 ], [ -73.923231, 40.83816 ], [ -73.923707, 40.838202 ], [ -73.926191, 40.838512 ], [ -73.927092, 40.838625 ], [ -73.928139, 40.838771 ], [ -73.928659, 40.839802 ], [ -73.930406, 40.840279 ], [ -73.930606, 40.839679 ], [ -73.933006, 40.835679 ], [ -73.933144, 40.834815 ], [ -73.933459, 40.833184 ], [ -73.933059, 40.828156 ], [ -73.932327, 40.819503 ] ] ] } },
{ "type": "Feature", "properties": { "NTAName": "Soundview-Clason Point", "total_pop": 57405.0, "chinese_pop": 231.0, "chinese_pct": 0.40240397177946174 }, "geometry": { "type": "Polygon", "coordinates": [ [ [ -73.872506, 40.824591 ], [ -73.873554, 40.82441 ], [ -73.872991, 40.822302 ], [ -73.872468, 40.820151 ], [ -73.876126, 40.81963 ], [ -73.877844, 40.819418 ], [ -73.879769, 40.819181 ], [ -73.880546, 40.818468 ], [ -73.880981, 40.818238 ], [ -73.87797, 40.816152 ], [ -73.871303, 40.813954 ], [ -73.866484, 40.805901 ], [ -73.862965, 40.79767 ], [ -73.854632, 40.799724 ], [ -73.853072, 40.800113 ], [ -73.846654, 40.801024 ], [ -73.844076, 40.801023 ], [ -73.835409, 40.802199 ], [ -73.830676, 40.803108 ], [ -73.831833, 40.804939 ], [ -73.834499, 40.805015 ], [ -73.837984, 40.806226 ], [ -73.840426, 40.811873 ], [ -73.83998, 40.816391 ], [ -73.836961, 40.816341 ], [ -73.836734, 40.817822 ], [ -73.836032, 40.817856 ], [ -73.83602, 40.82376 ], [ -73.836838, 40.828464 ], [ -73.837575, 40.828972 ], [ -73.842385, 40.828688 ], [ -73.842812, 40.828637 ], [ -73.843917, 40.828447 ], [ -73.845255, 40.828463 ], [ -73.846999, 40.828 ], [ -73.85003, 40.827596 ], [ -73.856151, 40.82677 ], [ -73.856328, 40.827508 ], [ -73.856491, 40.828225 ], [ -73.856656, 40.828945 ], [ -73.856822, 40.829665 ], [ -73.85699, 40.830385 ], [ -73.860261, 40.829947 ], [ -73.85962, 40.828548 ], [ -73.860674, 40.828419 ], [ -73.861717, 40.828296 ], [ -73.862642, 40.82817 ], [ -73.86542, 40.827802 ], [ -73.868223, 40.827426 ], [ -73.870115, 40.827171 ], [ -73.871037, 40.827053 ], [ -73.872723, 40.826819 ], [ -73.872506, 40.824591 ] ], [ [ -73.849018, 40.82326 ], [ -73.84852, 40.821123 ], [ -73.848341, 40.820363 ], [ -73.848008, 40.818932 ], [ -73.847539, 40.816905 ], [ -73.848588, 40.816765 ], [ -73.849574, 40.816634 ], [ -73.850599, 40.816498 ], [ -73.85108, 40.818618 ], [ -73.85158, 40.820711 ], [ -73.851751, 40.821441 ], [ -73.852078, 40.822847 ], [ -73.849018, 40.82326 ] ] ] } },
{ "type": "Feature", "properties": { "NTAName": "Rosedale", "total_pop": 51678.0, "chinese_pop": 198.0, "chinese_pct": 0.38314176245210724 }, "geometry": { "type": "Polygon", "coordinates": [ [ [ -73.760074, 40.657844 ], [ -73.761181, 40.658014 ], [ -73.76175, 40.65633 ], [ -73.764388, 40.654558 ], [ -73.77383, 40.659651 ], [ -73.780791, 40.662332 ], [ -73.785053, 40.663443 ], [ -73.79509, 40.66489 ], [ -73.802162, 40.66525 ], [ -73.808177, 40.664525 ], [ -73.813337, 40.662806 ], [ -73.823008, 40.663836 ], [ -73.826832, 40.663709 ], [ -73.831742, 40.665182 ], [ -73.832705, 40.665406 ], [ -73.831781, 40.663674 ], [ -73.82987, 40.659967 ], [ -73.828392, 40.65603 ], [ -73.82641, 40.648261 ], [ -73.825337, 40.644248 ], [ -73.823052, 40.644485 ], [ -73.816295, 40.645964 ], [ -73.800561, 40.63919 ], [ -73.797257, 40.638008 ], [ -73.794514, 40.636453 ], [ -73.792353, 40.635914 ], [ -73.791308, 40.634532 ], [ -73.798123, 40.631318 ], [ -73.790793, 40.634282 ], [ -73.789427, 40.634263 ], [ -73.787331, 40.632517 ], [ -73.785708, 40.632095 ], [ -73.782645, 40.630248 ], [ -73.783466, 40.628118 ], [ -73.789186, 40.623007 ], [ -73.784932, 40.620469 ], [ -73.784194, 40.620892 ], [ -73.78091, 40.625621 ], [ -73.779327, 40.627336 ], [ -73.777505, 40.627778 ], [ -73.775381, 40.627056 ], [ -73.771728, 40.623585 ], [ -73.770821, 40.623283 ], [ -73.771688, 40.621036 ], [ -73.771098, 40.620005 ], [ -73.768553, 40.623155 ], [ -73.768761, 40.624352 ], [ -73.768709, 40.624386 ], [ -73.767425, 40.626606 ], [ -73.748001, 40.634631 ], [ -73.746022, 40.635212 ], [ -73.744177, 40.637356 ], [ -73.742361, 40.638093 ], [ -73.74127, 40.637257 ], [ -73.74265, 40.635045 ], [ -73.73996, 40.635144 ], [ -73.739471, 40.635706 ], [ -73.742283, 40.640121 ], [ -73.741428, 40.640502 ], [ -73.741437, 40.646889 ], [ -73.739045, 40.648201 ], [ -73.736735, 40.6491 ], [ -73.735135, 40.649732 ], [ -73.734388, 40.649821 ], [ -73.732208, 40.650091 ], [ -73.729739, 40.650558 ], [ -73.72853, 40.650973 ], [ -73.725248, 40.652193 ], [ -73.724874, 40.653447 ], [ -73.724787, 40.654001 ], [ -73.726444, 40.659162 ], [ -73.727592, 40.661094 ], [ -73.727814, 40.663224 ], [ -73.727763, 40.663985 ], [ -73.727954, 40.665344 ], [ -73.728272, 40.66644 ], [ -73.728222, 40.667314 ], [ -73.728264, 40.668073 ], [ -73.728, 40.670112 ], [ -73.727542, 40.67416 ], [ -73.726543, 40.676487 ], [ -73.726198, 40.677381 ], [ -73.725841, 40.678753 ], [ -73.72563, 40.679588 ], [ -73.725861, 40.683223 ], [ -73.725821, 40.68395 ], [ -73.725926, 40.686225 ], [ -73.725996, 40.686932 ], [ -73.726787, 40.687274 ], [ -73.732239, 40.688937 ], [ -73.733091, 40.687303 ], [ -73.73396, 40.685639 ], [ -73.735132, 40.683557 ], [ -73.735822, 40.682255 ], [ -73.73377, 40.68103 ], [ -73.734033, 40.680365 ], [ -73.734992, 40.678506 ], [ -73.735853, 40.678771 ], [ -73.738546, 40.679627 ], [ -73.741991, 40.680751 ], [ -73.743245, 40.678504 ], [ -73.744884, 40.675756 ], [ -73.746473, 40.676298 ], [ -73.747436, 40.674613 ], [ -73.74876, 40.673026 ], [ -73.748957, 40.672706 ], [ -73.74981, 40.671342 ], [ -73.750772, 40.669796 ], [ -73.750862, 40.669651 ], [ -73.744737, 40.667431 ], [ -73.745366, 40.666404 ], [ -73.746086, 40.6664 ], [ -73.750714, 40.666427 ], [ -73.751759, 40.666395 ], [ -73.755262, 40.666395 ], [ -73.755925, 40.666388 ], [ -73.757631, 40.666451 ], [ -73.759106, 40.663674 ], [ -73.755404, 40.662313 ], [ -73.752115, 40.661075 ], [ -73.7526, 40.660325 ], [ -73.751753, 40.660003 ], [ -73.748325, 40.658717 ], [ -73.747824, 40.658641 ], [ -73.748581, 40.657587 ], [ -73.753963, 40.658206 ], [ -73.759336, 40.659322 ], [ -73.759821, 40.659349 ], [ -73.760074, 40.657844 ] ] ] } },
{ "type": "Feature", "properties": { "NTAName": "Bedford Park", "total_pop": 121034.0, "chinese_pop": 451.0, "chinese_pct": 0.37262256886494705 }, "geometry": { "type": "Polygon", "coordinates": [ [ [ -73.883625, 40.867258 ], [ -73.883079, 40.866593 ], [ -73.87986, 40.868274 ], [ -73.876292, 40.870526 ], [ -73.874367, 40.872701 ], [ -73.874938, 40.872959 ], [ -73.875885, 40.873411 ], [ -73.876684, 40.873792 ], [ -73.877514, 40.874139 ], [ -73.87923, 40.873672 ], [ -73.879455, 40.874976 ], [ -73.87956, 40.87573 ], [ -73.87973, 40.876865 ], [ -73.879579, 40.877827 ], [ -73.877686, 40.878994 ], [ -73.877146, 40.879164 ], [ -73.876781, 40.880259 ], [ -73.878487, 40.881076 ], [ -73.879353, 40.881507 ], [ -73.880456, 40.88222 ], [ -73.881244, 40.88271 ], [ -73.882087, 40.883133 ], [ -73.88319, 40.883285 ], [ -73.885165, 40.883632 ], [ -73.887047, 40.884358 ], [ -73.889847, 40.884685 ], [ -73.891766, 40.88505 ], [ -73.894529, 40.885504 ], [ -73.894724, 40.885557 ], [ -73.896839, 40.885986 ], [ -73.898604, 40.884407 ], [ -73.901576, 40.880995 ], [ -73.90381, 40.878546 ], [ -73.904708, 40.876562 ], [ -73.906162, 40.873243 ], [ -73.905714, 40.873138 ], [ -73.904662, 40.872645 ], [ -73.904459, 40.872423 ], [ -73.904397, 40.870348 ], [ -73.903794, 40.869617 ], [ -73.90265, 40.870585 ], [ -73.901523, 40.870393 ], [ -73.900606, 40.870233 ], [ -73.899686, 40.870041 ], [ -73.898918, 40.869658 ], [ -73.899644, 40.868468 ], [ -73.899565, 40.868257 ], [ -73.899536, 40.868104 ], [ -73.89953, 40.867881 ], [ -73.899976, 40.867986 ], [ -73.90114, 40.86828 ], [ -73.902074, 40.866997 ], [ -73.903322, 40.865311 ], [ -73.901945, 40.864553 ], [ -73.902518, 40.863798 ], [ -73.903319, 40.862735 ], [ -73.902293, 40.862717 ], [ -73.90108, 40.862756 ], [ -73.900276, 40.863788 ], [ -73.898873, 40.865584 ], [ -73.897403, 40.867474 ], [ -73.896313, 40.867038 ], [ -73.895443, 40.866602 ], [ -73.894376, 40.866067 ], [ -73.894922, 40.86535 ], [ -73.895777, 40.864227 ], [ -73.897068, 40.862534 ], [ -73.895884, 40.862258 ], [ -73.894825, 40.862065 ], [ -73.893559, 40.861926 ], [ -73.892852, 40.861833 ], [ -73.891815, 40.861817 ], [ -73.890161, 40.863477 ], [ -73.888896, 40.864754 ], [ -73.888122, 40.864255 ], [ -73.886833, 40.86539 ], [ -73.885937, 40.865924 ], [ -73.88514, 40.866383 ], [ -73.884429, 40.866801 ], [ -73.883625, 40.867258 ] ] ] } },
{ "type": "Feature", "properties": { "NTAName": "Kingsbridge Heights-Van Cortlandt Village", "total_pop": 63129.0, "chinese_pop": 223.0, "chinese_pct": 0.35324494289470765 }, "geometry": { "type": "Polygon", "coordinates": [ [ [ -73.896561, 40.868565 ], [ -73.896037, 40.86923 ], [ -73.89485, 40.870451 ], [ -73.893914, 40.870969 ], [ -73.893071, 40.871396 ], [ -73.890987, 40.871764 ], [ -73.889804, 40.872401 ], [ -73.889372, 40.873382 ], [ -73.888557, 40.875197 ], [ -73.88807, 40.876271 ], [ -73.887736, 40.877034 ], [ -73.885656, 40.87889 ], [ -73.885936, 40.880481 ], [ -73.887011, 40.882472 ], [ -73.886967, 40.882814 ], [ -73.88703, 40.883889 ], [ -73.887047, 40.884358 ], [ -73.885165, 40.883632 ], [ -73.88319, 40.883285 ], [ -73.882087, 40.883133 ], [ -73.881244, 40.88271 ], [ -73.879974, 40.884395 ], [ -73.877918, 40.887212 ], [ -73.880187, 40.892129 ], [ -73.880008, 40.895244 ], [ -73.87712, 40.895469 ], [ -73.876438, 40.896871 ], [ -73.875895, 40.897559 ], [ -73.87482, 40.898445 ], [ -73.871364, 40.900039 ], [ -73.868997, 40.901559 ], [ -73.868042, 40.902642 ], [ -73.867876, 40.902983 ], [ -73.872913, 40.904467 ], [ -73.877855, 40.905922 ], [ -73.878189, 40.905983 ], [ -73.87835, 40.905983 ], [ -73.880929, 40.90683 ], [ -73.882993, 40.907423 ], [ -73.885401, 40.907977 ], [ -73.886237, 40.908052 ], [ -73.891928, 40.909809 ], [ -73.896634, 40.911324 ], [ -73.896596, 40.909628 ], [ -73.896546, 40.907507 ], [ -73.896411, 40.904505 ], [ -73.896409, 40.902961 ], [ -73.897035, 40.900288 ], [ -73.897183, 40.899347 ], [ -73.896707, 40.895805 ], [ -73.896458, 40.893706 ], [ -73.89794, 40.89049 ], [ -73.89984, 40.886537 ], [ -73.900647, 40.885099 ], [ -73.901043, 40.884371 ], [ -73.901587, 40.883482 ], [ -73.902822, 40.881687 ], [ -73.903937, 40.880134 ], [ -73.906694, 40.876671 ], [ -73.907198, 40.876389 ], [ -73.907, 40.873455 ], [ -73.907104, 40.872978 ], [ -73.908605, 40.871678 ], [ -73.909804, 40.868282 ], [ -73.91434, 40.862521 ], [ -73.910756, 40.861651 ], [ -73.90904, 40.862679 ], [ -73.907586, 40.862816 ], [ -73.906159, 40.862779 ], [ -73.904934, 40.862749 ], [ -73.904038, 40.862741 ], [ -73.903319, 40.862735 ], [ -73.902293, 40.862717 ], [ -73.90108, 40.862756 ], [ -73.900276, 40.863788 ], [ -73.898873, 40.865584 ], [ -73.897403, 40.867474 ], [ -73.896561, 40.868565 ] ] ] } },
{ "type": "Feature", "properties": { "NTAName": "Co-op City", "total_pop": 54968.0, "chinese_pop": 182.0, "chinese_pct": 0.33110173191675157 }, "geometry": { "type": "Polygon", "coordinates": [ [ [ -73.811518518196294, 40.858745504143208 ], [ -73.808322, 40.85888 ], [ -73.807720435035705, 40.858819421648697 ], [ -73.807589085284405, 40.858806194563002 ], [ -73.805005557520602, 40.858546030056097 ], [ -73.804757, 40.858521 ], [ -73.80547, 40.855105 ], [ -73.803701863279102, 40.851968729710599 ], [ -73.801726, 40.848464 ], [ -73.800407294490896, 40.8482000172664 ], [ -73.800110788222995, 40.848140661682692 ], [ -73.799543, 40.848027 ], [ -73.797252, 40.852196 ], [ -73.794116240958303, 40.855259402328905 ], [ -73.793575, 40.856326 ], [ -73.790397934925295, 40.860374225002602 ], [ -73.791662117867403, 40.861855876640497 ], [ -73.793111, 40.863554 ], [ -73.791209, 40.868946 ], [ -73.78598, 40.869485 ], [ -73.783366, 40.871822 ], [ -73.783777544597996, 40.873742541457304 ], [ -73.784803, 40.878528 ], [ -73.783545225362104, 40.88103955634049 ], [ -73.783702, 40.881078 ], [ -73.793016, 40.883361 ], [ -73.793702, 40.882897 ], [ -73.799251, 40.88463 ], [ -73.805551, 40.885932 ], [ -73.807578, 40.885773 ], [ -73.813129, 40.886722 ], [ -73.81936, 40.885726 ], [ -73.819814, 40.885574 ], [ -73.820774, 40.88671 ], [ -73.823752, 40.887832 ], [ -73.824492, 40.887378 ], [ -73.82519, 40.886982 ], [ -73.827896, 40.885952 ], [ -73.830654, 40.884853 ], [ -73.833618, 40.884186 ], [ -73.834047, 40.88399 ], [ -73.834346, 40.88385 ], [ -73.836641, 40.88212 ], [ -73.838743, 40.881266 ], [ -73.841277, 40.880317 ], [ -73.842015, 40.879872 ], [ -73.843241, 40.879109 ], [ -73.842395, 40.878751 ], [ -73.839438, 40.877446 ], [ -73.838148, 40.876954 ], [ -73.839248, 40.876619 ], [ -73.837461, 40.873223 ], [ -73.837402, 40.871109 ], [ -73.838235, 40.870839 ], [ -73.839068, 40.870569 ], [ -73.842635, 40.869414 ], [ -73.843586, 40.869088 ], [ -73.842406, 40.868475 ], [ -73.841224, 40.867858 ], [ -73.836971, 40.865643 ], [ -73.836989, 40.865095 ], [ -73.840747, 40.865162 ], [ -73.840823, 40.862719 ], [ -73.840932, 40.859332 ], [ -73.840972, 40.857949 ], [ -73.836819, 40.857277 ], [ -73.830172, 40.859634 ], [ -73.829609, 40.859889 ], [ -73.828521, 40.860746 ], [ -73.832821, 40.856124 ], [ -73.831291, 40.855434 ], [ -73.828602, 40.855718 ], [ -73.827355, 40.85283 ], [ -73.827185, 40.851711 ], [ -73.827997, 40.848624 ], [ -73.826883, 40.846903 ], [ -73.826113, 40.845339 ], [ -73.826241, 40.842994 ], [ -73.82518, 40.8427 ], [ -73.825079, 40.844304 ], [ -73.824957, 40.846105 ], [ -73.822038, 40.84769 ], [ -73.820484, 40.848501 ], [ -73.820141, 40.84802 ], [ -73.816312, 40.848551 ], [ -73.815674, 40.848855 ], [ -73.815169054516304, 40.849123291835909 ], [ -73.815928, 40.849891 ], [ -73.816641, 40.853487 ], [ -73.8126, 40.854386 ], [ -73.8126, 40.8587 ], [ -73.812461244326698, 40.858705838247097 ], [ -73.811518518196294, 40.858745504143208 ] ] ] } },
{ "type": "Feature", "properties": { "NTAName": "Mount Eden-Claremont (West)", "total_pop": 109728.0, "chinese_pop": 354.0, "chinese_pct": 0.32261592300962377 }, "geometry": { "type": "Polygon", "coordinates": [ [ [ -73.928159, 40.845492 ], [ -73.923967, 40.844795 ], [ -73.92354, 40.844457 ], [ -73.923597, 40.84424 ], [ -73.923815, 40.842886 ], [ -73.924848, 40.841495 ], [ -73.925268, 40.840176 ], [ -73.926191, 40.838512 ], [ -73.927092, 40.838625 ], [ -73.928139, 40.838771 ], [ -73.928082, 40.837261 ], [ -73.92926, 40.836094 ], [ -73.928684, 40.835895 ], [ -73.926994, 40.835332 ], [ -73.926136, 40.835052 ], [ -73.925265, 40.834774 ], [ -73.924394, 40.834484 ], [ -73.923967, 40.835082 ], [ -73.922372, 40.836109 ], [ -73.92318, 40.834517 ], [ -73.922217, 40.834163 ], [ -73.921223, 40.833833 ], [ -73.920365, 40.833543 ], [ -73.919029, 40.83309 ], [ -73.918389, 40.833809 ], [ -73.917706, 40.83451 ], [ -73.916467, 40.835778 ], [ -73.915871, 40.836393 ], [ -73.914817, 40.83599 ], [ -73.913793, 40.8356 ], [ -73.9129, 40.835297 ], [ -73.913844, 40.833694 ], [ -73.911285, 40.832829 ], [ -73.912395, 40.830936 ], [ -73.911384, 40.830988 ], [ -73.91049, 40.830737 ], [ -73.909621, 40.832281 ], [ -73.908691, 40.833938 ], [ -73.907402, 40.836232 ], [ -73.906906, 40.837023 ], [ -73.905979, 40.838505 ], [ -73.905383, 40.839769 ], [ -73.904545, 40.839498 ], [ -73.902647, 40.838874 ], [ -73.901744, 40.83846 ], [ -73.899968, 40.837655 ], [ -73.899031, 40.839331 ], [ -73.89827, 40.84068 ], [ -73.896639, 40.8435 ], [ -73.895367, 40.842895 ], [ -73.894809, 40.843761 ], [ -73.901304, 40.844477 ], [ -73.899671, 40.847438 ], [ -73.900963, 40.847697 ], [ -73.901955, 40.848059 ], [ -73.903739, 40.847328 ], [ -73.904621, 40.847392 ], [ -73.905522, 40.847488 ], [ -73.906323, 40.847579 ], [ -73.907487, 40.847804 ], [ -73.908582, 40.848023 ], [ -73.909749, 40.848256 ], [ -73.910674, 40.848438 ], [ -73.91168, 40.848639 ], [ -73.910582, 40.850182 ], [ -73.909215, 40.851801 ], [ -73.910777, 40.851939 ], [ -73.911844, 40.851445 ], [ -73.912212, 40.850781 ], [ -73.912875, 40.850125 ], [ -73.913968, 40.848609 ], [ -73.914426, 40.847964 ], [ -73.915267, 40.846812 ], [ -73.917028, 40.846398 ], [ -73.917421, 40.846344 ], [ -73.919184, 40.846098 ], [ -73.919705, 40.846112 ], [ -73.921044, 40.84652 ], [ -73.920542, 40.846894 ], [ -73.921345, 40.84718 ], [ -73.919371, 40.849621 ], [ -73.920319, 40.849804 ], [ -73.921282, 40.849992 ], [ -73.922288, 40.850277 ], [ -73.92242, 40.850123 ], [ -73.923904, 40.850488 ], [ -73.927296, 40.846557 ], [ -73.928159, 40.845492 ] ] ] } },
{ "type": "Feature", "properties": { "NTAName": "Concourse-Concourse Village", "total_pop": 150399.0, "chinese_pop": 483.0, "chinese_pct": 0.32114575229888498 }, "geometry": { "type": "Polygon", "coordinates": [ [ [ -73.940167, 40.830383 ], [ -73.938588, 40.829717 ], [ -73.937271, 40.829154 ], [ -73.939602, 40.826002 ], [ -73.939351, 40.825898 ], [ -73.936787, 40.824811 ], [ -73.93722, 40.824188 ], [ -73.937673, 40.823566 ], [ -73.938129, 40.822934 ], [ -73.935335, 40.821749 ], [ -73.935745, 40.821106 ], [ -73.936227, 40.820438 ], [ -73.934475, 40.819697 ], [ -73.934128, 40.817734 ], [ -73.935756, 40.815326 ], [ -73.93621, 40.814674 ], [ -73.936688, 40.814044 ], [ -73.937635, 40.812748 ], [ -73.938593, 40.811435 ], [ -73.939018, 40.810856 ], [ -73.937408, 40.810176 ], [ -73.935819, 40.809503 ], [ -73.93424, 40.810846 ], [ -73.932605, 40.811517 ], [ -73.932477, 40.808864 ], [ -73.931801, 40.807876 ], [ -73.930938, 40.808253 ], [ -73.929219, 40.809564 ], [ -73.928135, 40.809622 ], [ -73.927121, 40.810949 ], [ -73.926443, 40.811507 ], [ -73.924683, 40.812384 ], [ -73.922875, 40.813315 ], [ -73.922088, 40.813731 ], [ -73.920482, 40.814564 ], [ -73.923093, 40.816698 ], [ -73.924, 40.815439 ], [ -73.926627, 40.816119 ], [ -73.925185, 40.818013 ], [ -73.924025, 40.819285 ], [ -73.922652, 40.820494 ], [ -73.921948, 40.821032 ], [ -73.920665, 40.821837 ], [ -73.92034, 40.822095 ], [ -73.91937, 40.822718 ], [ -73.918337, 40.823385 ], [ -73.916773, 40.824387 ], [ -73.916216, 40.823468 ], [ -73.914506, 40.822942 ], [ -73.911745, 40.822107 ], [ -73.9107, 40.822324 ], [ -73.908418, 40.822181 ], [ -73.907741, 40.823815 ], [ -73.908709, 40.824067 ], [ -73.908461, 40.824624 ], [ -73.906571, 40.829452 ], [ -73.905531, 40.829104 ], [ -73.904506, 40.830625 ], [ -73.903435, 40.832216 ], [ -73.905029, 40.83274 ], [ -73.905915, 40.833055 ], [ -73.907085, 40.833417 ], [ -73.908691, 40.833938 ], [ -73.907402, 40.836232 ], [ -73.906906, 40.837023 ], [ -73.905979, 40.838505 ], [ -73.905383, 40.839769 ], [ -73.905607, 40.839844 ], [ -73.906943, 40.838106 ], [ -73.90798, 40.837178 ], [ -73.909164, 40.836982 ], [ -73.909458, 40.837057 ], [ -73.910595, 40.837503 ], [ -73.91139, 40.837866 ], [ -73.912708, 40.83836 ], [ -73.913755, 40.838743 ], [ -73.915088, 40.839225 ], [ -73.91594, 40.839552 ], [ -73.916783, 40.839881 ], [ -73.917683, 40.840225 ], [ -73.916184, 40.842335 ], [ -73.917955, 40.843102 ], [ -73.919783, 40.840876 ], [ -73.921357, 40.840189 ], [ -73.92164, 40.838888 ], [ -73.922216, 40.837986 ], [ -73.923231, 40.83816 ], [ -73.923707, 40.838202 ], [ -73.926191, 40.838512 ], [ -73.927092, 40.838625 ], [ -73.928139, 40.838771 ], [ -73.928082, 40.837261 ], [ -73.92926, 40.836094 ], [ -73.928684, 40.835895 ], [ -73.926994, 40.835332 ], [ -73.926136, 40.835052 ], [ -73.925265, 40.834774 ], [ -73.924394, 40.834484 ], [ -73.925364, 40.832625 ], [ -73.926611, 40.833022 ], [ -73.927008, 40.833917 ], [ -73.92938, 40.83467 ], [ -73.930355, 40.834505 ], [ -73.933144, 40.834815 ], [ -73.933006, 40.835679 ], [ -73.934705, 40.835626 ], [ -73.934402, 40.836054 ], [ -73.936496, 40.834569 ], [ -73.937957, 40.833454 ], [ -73.938683, 40.832801 ], [ -73.939343, 40.831612 ], [ -73.940167, 40.830383 ] ] ] } },
{ "type": "Feature", "properties": { "NTAName": "University Heights (South)-Morris Heights", "total_pop": 93303.0, "chinese_pop": 298.0, "chinese_pct": 0.31938951587837472 }, "geometry": { "type": "Polygon", "coordinates": [ [ [ -73.922818, 40.844262 ], [ -73.922633, 40.844727 ], [ -73.918479, 40.844973 ], [ -73.917402, 40.845036 ], [ -73.916726, 40.84505 ], [ -73.914199, 40.845115 ], [ -73.912364, 40.847683 ], [ -73.911973, 40.84823 ], [ -73.91168, 40.848639 ], [ -73.910582, 40.850182 ], [ -73.909215, 40.851801 ], [ -73.908418, 40.852644 ], [ -73.907333, 40.853816 ], [ -73.90557, 40.855787 ], [ -73.904727, 40.85537 ], [ -73.903951, 40.854974 ], [ -73.902779, 40.856734 ], [ -73.901913, 40.858094 ], [ -73.900788, 40.859977 ], [ -73.899618, 40.862159 ], [ -73.90108, 40.862756 ], [ -73.902293, 40.862717 ], [ -73.903319, 40.862735 ], [ -73.904038, 40.862741 ], [ -73.904934, 40.862749 ], [ -73.906159, 40.862779 ], [ -73.907586, 40.862816 ], [ -73.90904, 40.862679 ], [ -73.910756, 40.861651 ], [ -73.91434, 40.862521 ], [ -73.909804, 40.868282 ], [ -73.908605, 40.871678 ], [ -73.910485, 40.874015 ], [ -73.911435, 40.873297 ], [ -73.912269, 40.872518 ], [ -73.914009, 40.87116 ], [ -73.915183, 40.869551 ], [ -73.917044, 40.867026 ], [ -73.918943, 40.864463 ], [ -73.920276, 40.862606 ], [ -73.920611, 40.863113 ], [ -73.922495, 40.862413 ], [ -73.924742, 40.861594 ], [ -73.924877, 40.861541 ], [ -73.925175, 40.860309 ], [ -73.927266, 40.857929 ], [ -73.925192, 40.858029 ], [ -73.924692, 40.856642 ], [ -73.927695, 40.852488 ], [ -73.927477, 40.850694 ], [ -73.929777, 40.84815 ], [ -73.930621, 40.848481 ], [ -73.931393, 40.847428 ], [ -73.931851, 40.846803 ], [ -73.932325, 40.846154 ], [ -73.933233, 40.84491 ], [ -73.933716, 40.844247 ], [ -73.934671, 40.842958 ], [ -73.935567, 40.841713 ], [ -73.935079, 40.839267 ], [ -73.936691, 40.837193 ], [ -73.937383, 40.83569 ], [ -73.938037, 40.834286 ], [ -73.938492, 40.833843 ], [ -73.939155, 40.833278 ], [ -73.940368, 40.831468 ], [ -73.940346, 40.830458 ], [ -73.940167, 40.830383 ], [ -73.939343, 40.831612 ], [ -73.938683, 40.832801 ], [ -73.937957, 40.833454 ], [ -73.936496, 40.834569 ], [ -73.934402, 40.836054 ], [ -73.934705, 40.835626 ], [ -73.933006, 40.835679 ], [ -73.930606, 40.839679 ], [ -73.930406, 40.840279 ], [ -73.928659, 40.839802 ], [ -73.928139, 40.838771 ], [ -73.927092, 40.838625 ], [ -73.926191, 40.838512 ], [ -73.923707, 40.838202 ], [ -73.923231, 40.83816 ], [ -73.922216, 40.837986 ], [ -73.92164, 40.838888 ], [ -73.921357, 40.840189 ], [ -73.921495, 40.840349 ], [ -73.921945, 40.841045 ], [ -73.922422, 40.841837 ], [ -73.922921, 40.843327 ], [ -73.922818, 40.844262 ] ] ] } },
{ "type": "Feature", "properties": { "NTAName": "Crotona Park East", "total_pop": 67580.0, "chinese_pop": 209.0, "chinese_pct": 0.30926309559041137 }, "geometry": { "type": "Polygon", "coordinates": [ [ [ -73.880981, 40.818238 ], [ -73.880546, 40.818468 ], [ -73.879769, 40.819181 ], [ -73.877844, 40.819418 ], [ -73.876126, 40.81963 ], [ -73.872468, 40.820151 ], [ -73.872991, 40.822302 ], [ -73.873554, 40.82441 ], [ -73.875285, 40.824208 ], [ -73.876213, 40.824084 ], [ -73.877136, 40.823958 ], [ -73.878064, 40.823834 ], [ -73.87993, 40.823641 ], [ -73.880427, 40.82578 ], [ -73.881046, 40.828432 ], [ -73.880112, 40.828511 ], [ -73.878235, 40.82866 ], [ -73.877299, 40.828742 ], [ -73.876402, 40.828977 ], [ -73.875507, 40.829234 ], [ -73.876067, 40.831638 ], [ -73.876993, 40.831515 ], [ -73.878845, 40.831265 ], [ -73.879769, 40.831139 ], [ -73.881724, 40.831287 ], [ -73.882354, 40.831505 ], [ -73.879983, 40.83468 ], [ -73.879252, 40.834424 ], [ -73.877968, 40.835615 ], [ -73.876937, 40.836137 ], [ -73.875887, 40.836164 ], [ -73.875207, 40.836109 ], [ -73.873943, 40.83598 ], [ -73.873659, 40.836905 ], [ -73.873229, 40.838156 ], [ -73.872843, 40.839758 ], [ -73.873561, 40.839794 ], [ -73.875613, 40.839902 ], [ -73.877415, 40.839988 ], [ -73.877914, 40.839971 ], [ -73.878364, 40.839997 ], [ -73.87866, 40.84002 ], [ -73.880163, 40.839998 ], [ -73.881511, 40.840665 ], [ -73.882787, 40.841295 ], [ -73.885298, 40.842536 ], [ -73.88566, 40.84271 ], [ -73.886843, 40.843298 ], [ -73.889017, 40.84437 ], [ -73.890554, 40.842678 ], [ -73.891502, 40.841699 ], [ -73.892169, 40.84105 ], [ -73.894101, 40.84219 ], [ -73.895367, 40.842895 ], [ -73.896639, 40.8435 ], [ -73.89827, 40.84068 ], [ -73.899031, 40.839331 ], [ -73.899968, 40.837655 ], [ -73.901212, 40.835498 ], [ -73.898453, 40.834721 ], [ -73.898999, 40.833892 ], [ -73.899449, 40.833218 ], [ -73.900742, 40.831269 ], [ -73.900252, 40.831195 ], [ -73.902275, 40.829637 ], [ -73.900428, 40.829151 ], [ -73.897945, 40.828522 ], [ -73.898205, 40.827889 ], [ -73.895603, 40.828316 ], [ -73.895292, 40.828143 ], [ -73.894836, 40.82624 ], [ -73.892933, 40.826787 ], [ -73.891913, 40.826794 ], [ -73.890905, 40.826788 ], [ -73.88885, 40.826768 ], [ -73.887895, 40.826743 ], [ -73.89139, 40.824941 ], [ -73.892005, 40.824723 ], [ -73.891615, 40.820985 ], [ -73.890824, 40.820307 ], [ -73.889167, 40.818618 ], [ -73.887996, 40.816664 ], [ -73.886161, 40.81693 ], [ -73.885239, 40.81707 ], [ -73.88338, 40.817351 ], [ -73.881408, 40.817993 ], [ -73.880981, 40.818238 ] ] ] } },
{ "type": "Feature", "properties": { "NTAName": "East Flatbush-Farragut", "total_pop": 59823.0, "chinese_pop": 175.0, "chinese_pct": 0.29252962907243035 }, "geometry": { "type": "Polygon", "coordinates": [ [ [ -73.925721, 40.644674 ], [ -73.925922, 40.64656 ], [ -73.92612, 40.64842 ], [ -73.92709, 40.648361 ], [ -73.929999, 40.648181 ], [ -73.931938, 40.648063 ], [ -73.932921, 40.647997 ], [ -73.933957, 40.648726 ], [ -73.935858, 40.648662 ], [ -73.938749, 40.648971 ], [ -73.938895, 40.64957 ], [ -73.942631, 40.649339 ], [ -73.942826, 40.65111 ], [ -73.9438, 40.651106 ], [ -73.945706, 40.651006 ], [ -73.946674, 40.650948 ], [ -73.94626, 40.647006 ], [ -73.947241, 40.646964 ], [ -73.949152, 40.646886 ], [ -73.95205, 40.646771 ], [ -73.951854, 40.644954 ], [ -73.951785, 40.644305 ], [ -73.951652, 40.643066 ], [ -73.951406, 40.640767 ], [ -73.951158, 40.638428 ], [ -73.952133, 40.638423 ], [ -73.9536, 40.638422 ], [ -73.951101, 40.636073 ], [ -73.949449, 40.634508 ], [ -73.948819, 40.633902 ], [ -73.946479, 40.631708 ], [ -73.945617, 40.631778 ], [ -73.944629, 40.631838 ], [ -73.940788, 40.632076 ], [ -73.937593, 40.632268 ], [ -73.937013, 40.632304 ], [ -73.937267, 40.634651 ], [ -73.934395, 40.634827 ], [ -73.933427, 40.634884 ], [ -73.9325, 40.634947 ], [ -73.931531, 40.635006 ], [ -73.927448, 40.635259 ], [ -73.925706, 40.635367 ], [ -73.922832, 40.635543 ], [ -73.921017, 40.636528 ], [ -73.919172, 40.63747 ], [ -73.91929, 40.638596 ], [ -73.919462, 40.640239 ], [ -73.919556, 40.641185 ], [ -73.919729, 40.642725 ], [ -73.921609, 40.641687 ], [ -73.923327, 40.6399 ], [ -73.923565, 40.642499 ], [ -73.925382, 40.642384 ], [ -73.925721, 40.644674 ] ] ] } },
{ "type": "Feature", "properties": { "NTAName": "Fordham Heights", "total_pop": 85918.0, "chinese_pop": 248.0, "chinese_pct": 0.28864731488163131 }, "geometry": { "type": "Polygon", "coordinates": [ [ [ -73.903322, 40.865311 ], [ -73.901945, 40.864553 ], [ -73.902518, 40.863798 ], [ -73.903319, 40.862735 ], [ -73.904038, 40.862741 ], [ -73.904934, 40.862749 ], [ -73.907773, 40.859608 ], [ -73.90981, 40.857348 ], [ -73.910413, 40.855729 ], [ -73.911196, 40.854822 ], [ -73.910072, 40.854469 ], [ -73.90943, 40.85396 ], [ -73.908501, 40.853817 ], [ -73.907333, 40.853816 ], [ -73.908418, 40.852644 ], [ -73.909215, 40.851801 ], [ -73.908411, 40.851319 ], [ -73.906993, 40.850371 ], [ -73.90605, 40.851401 ], [ -73.904752, 40.852826 ], [ -73.903768, 40.853913 ], [ -73.902988, 40.854773 ], [ -73.90186, 40.854586 ], [ -73.902718, 40.853522 ], [ -73.903681, 40.852389 ], [ -73.904674, 40.851101 ], [ -73.905133, 40.85053 ], [ -73.905999, 40.849392 ], [ -73.906059, 40.849321 ], [ -73.903281, 40.848692 ], [ -73.902801, 40.850066 ], [ -73.902822, 40.850733 ], [ -73.90279, 40.851799 ], [ -73.901696, 40.853142 ], [ -73.901247, 40.854477 ], [ -73.900852, 40.855937 ], [ -73.900779, 40.856047 ], [ -73.899672, 40.855669 ], [ -73.898776, 40.855364 ], [ -73.899317, 40.85407 ], [ -73.900003, 40.852517 ], [ -73.900442, 40.851077 ], [ -73.900694, 40.850253 ], [ -73.900949, 40.848425 ], [ -73.902102, 40.848319 ], [ -73.901955, 40.848059 ], [ -73.900963, 40.847697 ], [ -73.899671, 40.847438 ], [ -73.898086, 40.850213 ], [ -73.897087, 40.851969 ], [ -73.895609, 40.854571 ], [ -73.89644, 40.854908 ], [ -73.895263, 40.856743 ], [ -73.893885, 40.85882 ], [ -73.893808, 40.858942 ], [ -73.893215, 40.859874 ], [ -73.891447, 40.861634 ], [ -73.890887, 40.861345 ], [ -73.890438, 40.861119 ], [ -73.886785, 40.859197 ], [ -73.885166, 40.858378 ], [ -73.884408, 40.85812 ], [ -73.883522, 40.857999 ], [ -73.88183, 40.857455 ], [ -73.880764, 40.856992 ], [ -73.880515, 40.860346 ], [ -73.883934, 40.86495 ], [ -73.883858, 40.865191 ], [ -73.883617, 40.865453 ], [ -73.883279, 40.865726 ], [ -73.882689, 40.866152 ], [ -73.883079, 40.866593 ], [ -73.883625, 40.867258 ], [ -73.884429, 40.866801 ], [ -73.88514, 40.866383 ], [ -73.885937, 40.865924 ], [ -73.886833, 40.86539 ], [ -73.888122, 40.864255 ], [ -73.888896, 40.864754 ], [ -73.890161, 40.863477 ], [ -73.891312, 40.864132 ], [ -73.892132, 40.864633 ], [ -73.89276, 40.865021 ], [ -73.893299, 40.865294 ], [ -73.894376, 40.866067 ], [ -73.895443, 40.866602 ], [ -73.896313, 40.867038 ], [ -73.897403, 40.867474 ], [ -73.896561, 40.868565 ], [ -73.898918, 40.869658 ], [ -73.899644, 40.868468 ], [ -73.899565, 40.868257 ], [ -73.899536, 40.868104 ], [ -73.89953, 40.867881 ], [ -73.899976, 40.867986 ], [ -73.90114, 40.86828 ], [ -73.902074, 40.866997 ], [ -73.903322, 40.865311 ] ] ] } },
{ "type": "Feature", "properties": { "NTAName": "University Heights (North)-Fordham", "total_pop": 136053.0, "chinese_pop": 384.0, "chinese_pct": 0.28224294943882167 }, "geometry": { "type": "Polygon", "coordinates": [ [ [ -73.900939, 40.857759 ], [ -73.899949, 40.85742 ], [ -73.898832, 40.859305 ], [ -73.897358, 40.858763 ], [ -73.896425, 40.860997 ], [ -73.895884, 40.862258 ], [ -73.894825, 40.862065 ], [ -73.893559, 40.861926 ], [ -73.892852, 40.861833 ], [ -73.891815, 40.861817 ], [ -73.891447, 40.861634 ], [ -73.890887, 40.861345 ], [ -73.890438, 40.861119 ], [ -73.886785, 40.859197 ], [ -73.885166, 40.858378 ], [ -73.884408, 40.85812 ], [ -73.883522, 40.857999 ], [ -73.88183, 40.857455 ], [ -73.880764, 40.856992 ], [ -73.880515, 40.860346 ], [ -73.883934, 40.86495 ], [ -73.883858, 40.865191 ], [ -73.883617, 40.865453 ], [ -73.883279, 40.865726 ], [ -73.882689, 40.866152 ], [ -73.883079, 40.866593 ], [ -73.883625, 40.867258 ], [ -73.884429, 40.866801 ], [ -73.88514, 40.866383 ], [ -73.885937, 40.865924 ], [ -73.886461, 40.866634 ], [ -73.886907, 40.867228 ], [ -73.888314, 40.868547 ], [ -73.889128, 40.869063 ], [ -73.889892, 40.869522 ], [ -73.890976, 40.870159 ], [ -73.891737, 40.869511 ], [ -73.892421, 40.868624 ], [ -73.892996, 40.867882 ], [ -73.894153, 40.868386 ], [ -73.894963, 40.868749 ], [ -73.896037, 40.86923 ], [ -73.89485, 40.870451 ], [ -73.893914, 40.870969 ], [ -73.893071, 40.871396 ], [ -73.890987, 40.871764 ], [ -73.889804, 40.872401 ], [ -73.889372, 40.873382 ], [ -73.888557, 40.875197 ], [ -73.88807, 40.876271 ], [ -73.887736, 40.877034 ], [ -73.885656, 40.87889 ], [ -73.885936, 40.880481 ], [ -73.887011, 40.882472 ], [ -73.886967, 40.882814 ], [ -73.888097, 40.882855 ], [ -73.89165, 40.882331 ], [ -73.892719, 40.882664 ], [ -73.894591, 40.88293 ], [ -73.896434, 40.881857 ], [ -73.896944, 40.879527 ], [ -73.898065, 40.878501 ], [ -73.89958, 40.876608 ], [ -73.900612, 40.877307 ], [ -73.902646, 40.876584 ], [ -73.903131, 40.875842 ], [ -73.903946, 40.876258 ], [ -73.904708, 40.876562 ], [ -73.90381, 40.878546 ], [ -73.901576, 40.880995 ], [ -73.898604, 40.884407 ], [ -73.896839, 40.885986 ], [ -73.89984, 40.886537 ], [ -73.900647, 40.885099 ], [ -73.901043, 40.884371 ], [ -73.901587, 40.883482 ], [ -73.902822, 40.881687 ], [ -73.903937, 40.880134 ], [ -73.906694, 40.876671 ], [ -73.907198, 40.876389 ], [ -73.908554, 40.877712 ], [ -73.909505, 40.878878 ], [ -73.91031, 40.879047 ], [ -73.911405, 40.879278 ], [ -73.9152, 40.875581 ], [ -73.910485, 40.874015 ], [ -73.911435, 40.873297 ], [ -73.912269, 40.872518 ], [ -73.914009, 40.87116 ], [ -73.915183, 40.869551 ], [ -73.917044, 40.867026 ], [ -73.918943, 40.864463 ], [ -73.920276, 40.862606 ], [ -73.920611, 40.863113 ], [ -73.922495, 40.862413 ], [ -73.924742, 40.861594 ], [ -73.922958, 40.858914 ], [ -73.922867, 40.855872 ], [ -73.92216, 40.855607 ], [ -73.920958, 40.855112 ], [ -73.921405, 40.854358 ], [ -73.919595, 40.853339 ], [ -73.918615, 40.852844 ], [ -73.918167, 40.852983 ], [ -73.916935, 40.854609 ], [ -73.91619, 40.854582 ], [ -73.915448, 40.856498 ], [ -73.910413, 40.855729 ], [ -73.911196, 40.854822 ], [ -73.910072, 40.854469 ], [ -73.90943, 40.85396 ], [ -73.908501, 40.853817 ], [ -73.907333, 40.853816 ], [ -73.90557, 40.855787 ], [ -73.904727, 40.85537 ], [ -73.903951, 40.854974 ], [ -73.902779, 40.856734 ], [ -73.901913, 40.858094 ], [ -73.900939, 40.857759 ] ] ] } },
{ "type": "Feature", "properties": { "NTAName": "Springfield Gardens (North)-Rochdale Village", "total_pop": 66736.0, "chinese_pop": 188.0, "chinese_pct": 0.28170702469431791 }, "geometry": { "type": "Polygon", "coordinates": [ [ [ -73.755657, 40.676157 ], [ -73.755494, 40.67663 ], [ -73.755235, 40.677288 ], [ -73.754179, 40.678844 ], [ -73.753238, 40.680117 ], [ -73.751724, 40.682377 ], [ -73.75147, 40.683023 ], [ -73.75097, 40.684202 ], [ -73.753308, 40.685021 ], [ -73.753969, 40.684533 ], [ -73.758881, 40.681243 ], [ -73.760459, 40.683263 ], [ -73.760426, 40.683387 ], [ -73.76073, 40.685098 ], [ -73.761174, 40.686451 ], [ -73.761954, 40.688235 ], [ -73.762203, 40.690226 ], [ -73.762385, 40.691668 ], [ -73.765394, 40.692065 ], [ -73.7662, 40.692183 ], [ -73.768134, 40.692455 ], [ -73.769631, 40.692681 ], [ -73.774639, 40.691021 ], [ -73.773715, 40.689375 ], [ -73.775755, 40.687691 ], [ -73.776619, 40.688364 ], [ -73.777958, 40.687911 ], [ -73.776998, 40.686283 ], [ -73.779668, 40.685377 ], [ -73.780957, 40.684941 ], [ -73.783016, 40.684277 ], [ -73.784676, 40.68372 ], [ -73.784977, 40.684152 ], [ -73.786529, 40.685111 ], [ -73.78613, 40.682989 ], [ -73.788408, 40.681992 ], [ -73.787455, 40.680683 ], [ -73.787288, 40.679317 ], [ -73.786833, 40.677287 ], [ -73.786981, 40.675122 ], [ -73.787709, 40.674946 ], [ -73.78989, 40.675202 ], [ -73.791128, 40.677773 ], [ -73.794044, 40.676813 ], [ -73.795935, 40.676597 ], [ -73.794726, 40.673761 ], [ -73.791652, 40.67349 ], [ -73.792438, 40.670328 ], [ -73.79155, 40.670207 ], [ -73.792174, 40.66704 ], [ -73.79323, 40.667074 ], [ -73.793934, 40.667001 ], [ -73.797111, 40.666946 ], [ -73.799083, 40.666546 ], [ -73.80166, 40.666756 ], [ -73.802162, 40.66525 ], [ -73.79509, 40.66489 ], [ -73.785053, 40.663443 ], [ -73.780791, 40.662332 ], [ -73.77383, 40.659651 ], [ -73.764388, 40.654558 ], [ -73.76175, 40.65633 ], [ -73.761181, 40.658014 ], [ -73.760074, 40.657844 ], [ -73.759821, 40.659349 ], [ -73.760868, 40.66146 ], [ -73.759328, 40.66357 ], [ -73.759106, 40.663674 ], [ -73.757631, 40.666451 ], [ -73.755925, 40.666388 ], [ -73.755262, 40.666395 ], [ -73.753772, 40.668721 ], [ -73.752788, 40.670366 ], [ -73.750862, 40.669651 ], [ -73.750772, 40.669796 ], [ -73.75456, 40.674651 ], [ -73.755657, 40.676157 ] ] ] } },
{ "type": "Feature", "properties": { "NTAName": "Belmont", "total_pop": 103608.0, "chinese_pop": 290.0, "chinese_pct": 0.27990116593313258 }, "geometry": { "type": "Polygon", "coordinates": [ [ [ -73.885815, 40.849931 ], [ -73.884802, 40.849309 ], [ -73.883778, 40.848682 ], [ -73.885603, 40.846543 ], [ -73.887233, 40.844636 ], [ -73.888319, 40.845179 ], [ -73.889017, 40.84437 ], [ -73.886843, 40.843298 ], [ -73.88566, 40.84271 ], [ -73.885298, 40.842536 ], [ -73.882787, 40.841295 ], [ -73.881416, 40.842847 ], [ -73.880461, 40.843909 ], [ -73.879761, 40.844681 ], [ -73.879194, 40.845321 ], [ -73.878007, 40.844484 ], [ -73.877314, 40.844007 ], [ -73.878171, 40.842625 ], [ -73.876856, 40.84223 ], [ -73.874591, 40.841521 ], [ -73.872081, 40.843721 ], [ -73.868926, 40.848151 ], [ -73.869209, 40.849239 ], [ -73.868235, 40.850913 ], [ -73.868609, 40.852088 ], [ -73.869377, 40.854266 ], [ -73.869815, 40.855484 ], [ -73.869889, 40.855971 ], [ -73.868383, 40.857812 ], [ -73.870849, 40.857291 ], [ -73.870884, 40.858895 ], [ -73.870579, 40.861405 ], [ -73.870462, 40.863272 ], [ -73.870419, 40.865363 ], [ -73.870455, 40.866633 ], [ -73.870492, 40.867951 ], [ -73.870537, 40.869674 ], [ -73.870562, 40.871511 ], [ -73.870377, 40.873285 ], [ -73.870313, 40.875341 ], [ -73.869435, 40.878129 ], [ -73.870944, 40.878511 ], [ -73.871605, 40.876922 ], [ -73.872553, 40.875175 ], [ -73.874367, 40.872701 ], [ -73.874938, 40.872959 ], [ -73.875885, 40.873411 ], [ -73.876684, 40.873792 ], [ -73.877514, 40.874139 ], [ -73.87923, 40.873672 ], [ -73.880693, 40.872891 ], [ -73.88247, 40.872128 ], [ -73.882957, 40.873052 ], [ -73.884497, 40.871984 ], [ -73.886229, 40.870778 ], [ -73.886916, 40.871344 ], [ -73.887851, 40.872121 ], [ -73.888673, 40.871497 ], [ -73.890422, 40.870491 ], [ -73.890976, 40.870159 ], [ -73.889892, 40.869522 ], [ -73.889128, 40.869063 ], [ -73.888314, 40.868547 ], [ -73.88974, 40.867235 ], [ -73.89036, 40.866613 ], [ -73.892132, 40.864633 ], [ -73.89276, 40.865021 ], [ -73.893299, 40.865294 ], [ -73.894376, 40.866067 ], [ -73.894922, 40.86535 ], [ -73.895777, 40.864227 ], [ -73.897068, 40.862534 ], [ -73.895884, 40.862258 ], [ -73.896425, 40.860997 ], [ -73.897358, 40.858763 ], [ -73.896363, 40.858376 ], [ -73.897307, 40.85651 ], [ -73.898165, 40.855146 ], [ -73.898635, 40.853907 ], [ -73.897099, 40.855172 ], [ -73.89644, 40.854908 ], [ -73.895609, 40.854571 ], [ -73.897087, 40.851969 ], [ -73.898086, 40.850213 ], [ -73.899671, 40.847438 ], [ -73.901304, 40.844477 ], [ -73.894809, 40.843761 ], [ -73.893985, 40.844704 ], [ -73.892901, 40.846269 ], [ -73.891125, 40.84541 ], [ -73.889965, 40.846793 ], [ -73.888837, 40.848134 ], [ -73.888155, 40.848929 ], [ -73.886436, 40.850309 ], [ -73.885815, 40.849931 ] ] ] } },
{ "type": "Feature", "properties": { "NTAName": "East Flatbush-Rugby", "total_pop": 83105.0, "chinese_pop": 211.0, "chinese_pct": 0.25389567414716319 }, "geometry": { "type": "Polygon", "coordinates": [ [ [ -73.945988, 40.644534 ], [ -73.945869, 40.643424 ], [ -73.943965, 40.643543 ], [ -73.942029, 40.643664 ], [ -73.940159, 40.64378 ], [ -73.937284, 40.643958 ], [ -73.933478, 40.644192 ], [ -73.929599, 40.644433 ], [ -73.929355, 40.642134 ], [ -73.929106, 40.639795 ], [ -73.925743, 40.640014 ], [ -73.926082, 40.638163 ], [ -73.926146, 40.637568 ], [ -73.926788, 40.636108 ], [ -73.927448, 40.635259 ], [ -73.925706, 40.635367 ], [ -73.922832, 40.635543 ], [ -73.921017, 40.636528 ], [ -73.919172, 40.63747 ], [ -73.91929, 40.638596 ], [ -73.919462, 40.640239 ], [ -73.919556, 40.641185 ], [ -73.91893, 40.640585 ], [ -73.917402, 40.641517 ], [ -73.916621, 40.641948 ], [ -73.915925, 40.642384 ], [ -73.913755, 40.643778 ], [ -73.912915, 40.644177 ], [ -73.912756, 40.646328 ], [ -73.912427, 40.646773 ], [ -73.910716, 40.647888 ], [ -73.90929, 40.648817 ], [ -73.907615, 40.649896 ], [ -73.908681, 40.650717 ], [ -73.909449, 40.651522 ], [ -73.911823, 40.649984 ], [ -73.916937, 40.646683 ], [ -73.918515, 40.648106 ], [ -73.917801, 40.648568 ], [ -73.91632, 40.649527 ], [ -73.918137, 40.651158 ], [ -73.91737, 40.651654 ], [ -73.915226, 40.653039 ], [ -73.913744, 40.654169 ], [ -73.915307, 40.654222 ], [ -73.916332, 40.655132 ], [ -73.918147, 40.656766 ], [ -73.91727, 40.657333 ], [ -73.919089, 40.658966 ], [ -73.920082, 40.659858 ], [ -73.920909, 40.660599 ], [ -73.923216, 40.659107 ], [ -73.925034, 40.660737 ], [ -73.926854, 40.662371 ], [ -73.926139, 40.662832 ], [ -73.928228, 40.66471 ], [ -73.928544, 40.664574 ], [ -73.928683, 40.665086 ], [ -73.931455, 40.665234 ], [ -73.934224, 40.665378 ], [ -73.936984, 40.665536 ], [ -73.937074, 40.664644 ], [ -73.937264, 40.663192 ], [ -73.937111, 40.660236 ], [ -73.936864, 40.657942 ], [ -73.939615, 40.657768 ], [ -73.939734, 40.660074 ], [ -73.94255, 40.659892 ], [ -73.942314, 40.657609 ], [ -73.947354, 40.65728 ], [ -73.947159, 40.655594 ], [ -73.947032, 40.654339 ], [ -73.946066, 40.65441 ], [ -73.945905, 40.652855 ], [ -73.945706, 40.651006 ], [ -73.946674, 40.650948 ], [ -73.94626, 40.647006 ], [ -73.946073, 40.645312 ], [ -73.945988, 40.644534 ] ] ] } },
{ "type": "Feature", "properties": { "NTAName": "Crotona Park", "total_pop": 28215.0, "chinese_pop": 71.0, "chinese_pct": 0.25163919900762005 }, "geometry": { "type": "Polygon", "coordinates": [ [ [ -73.904937, 40.843375 ], [ -73.905, 40.842535 ], [ -73.905032, 40.842263 ], [ -73.905312, 40.840455 ], [ -73.905607, 40.839844 ], [ -73.905383, 40.839769 ], [ -73.905979, 40.838505 ], [ -73.906906, 40.837023 ], [ -73.907402, 40.836232 ], [ -73.905784, 40.835724 ], [ -73.904634, 40.835336 ], [ -73.901856, 40.834622 ], [ -73.903435, 40.832216 ], [ -73.904506, 40.830625 ], [ -73.903731, 40.830382 ], [ -73.902275, 40.829637 ], [ -73.900252, 40.831195 ], [ -73.900742, 40.831269 ], [ -73.899449, 40.833218 ], [ -73.898999, 40.833892 ], [ -73.898453, 40.834721 ], [ -73.896966, 40.834343 ], [ -73.896369, 40.83351 ], [ -73.896473, 40.833047 ], [ -73.896692, 40.831966 ], [ -73.897172, 40.830368 ], [ -73.896696, 40.830414 ], [ -73.894692, 40.830619 ], [ -73.89336, 40.830152 ], [ -73.892685, 40.832344 ], [ -73.891737, 40.832664 ], [ -73.890714, 40.832409 ], [ -73.888742, 40.835707 ], [ -73.887759, 40.837368 ], [ -73.8877, 40.837434 ], [ -73.887289, 40.838135 ], [ -73.886598, 40.839279 ], [ -73.886185, 40.840105 ], [ -73.888523, 40.841483 ], [ -73.890554, 40.842678 ], [ -73.892907, 40.843416 ], [ -73.894809, 40.843761 ], [ -73.901304, 40.844477 ], [ -73.904851, 40.844726 ], [ -73.904937, 40.843375 ] ] ] } },
{ "type": "Feature", "properties": { "NTAName": "Mount Hope", "total_pop": 94164.0, "chinese_pop": 230.0, "chinese_pct": 0.24425470455800516 }, "geometry": { "type": "Polygon", "coordinates": [ [ [ -73.901913, 40.858094 ], [ -73.900788, 40.859977 ], [ -73.899618, 40.862159 ], [ -73.90108, 40.862756 ], [ -73.901614, 40.862139 ], [ -73.902545, 40.860578 ], [ -73.903514, 40.860918 ], [ -73.904366, 40.861218 ], [ -73.904934, 40.860289 ], [ -73.904081, 40.859988 ], [ -73.904868, 40.858693 ], [ -73.906798, 40.859374 ], [ -73.907071, 40.859362 ], [ -73.907773, 40.859608 ], [ -73.90981, 40.857348 ], [ -73.910413, 40.855729 ], [ -73.911196, 40.854822 ], [ -73.912273, 40.853759 ], [ -73.912488, 40.853387 ], [ -73.914873, 40.851047 ], [ -73.915452, 40.850494 ], [ -73.914156, 40.849968 ], [ -73.912875, 40.850125 ], [ -73.913968, 40.848609 ], [ -73.914426, 40.847964 ], [ -73.915267, 40.846812 ], [ -73.917028, 40.846398 ], [ -73.917421, 40.846344 ], [ -73.917402, 40.845036 ], [ -73.916726, 40.84505 ], [ -73.914199, 40.845115 ], [ -73.913192, 40.845116 ], [ -73.912001, 40.845087 ], [ -73.911143, 40.845063 ], [ -73.909361, 40.845006 ], [ -73.907548, 40.844908 ], [ -73.906653, 40.844849 ], [ -73.904851, 40.844726 ], [ -73.901304, 40.844477 ], [ -73.894809, 40.843761 ], [ -73.893985, 40.844704 ], [ -73.892901, 40.846269 ], [ -73.893374, 40.846401 ], [ -73.893844, 40.846489 ], [ -73.896177, 40.846659 ], [ -73.89557, 40.847802 ], [ -73.894946, 40.849104 ], [ -73.894073, 40.850713 ], [ -73.894788, 40.851082 ], [ -73.894318, 40.851891 ], [ -73.893071, 40.85325 ], [ -73.893984, 40.854247 ], [ -73.895609, 40.854571 ], [ -73.894776, 40.85593 ], [ -73.892993, 40.858386 ], [ -73.892257, 40.85941 ], [ -73.890887, 40.861345 ], [ -73.891447, 40.861634 ], [ -73.893215, 40.859874 ], [ -73.893808, 40.858942 ], [ -73.894694, 40.859426 ], [ -73.89574, 40.858139 ], [ -73.896363, 40.858376 ], [ -73.897358, 40.858763 ], [ -73.898832, 40.859305 ], [ -73.899949, 40.85742 ], [ -73.900939, 40.857759 ], [ -73.901913, 40.858094 ] ] ] } },
{ "type": "Feature", "properties": { "NTAName": "Springfield Gardens (South)-Brookville", "total_pop": 59743.0, "chinese_pop": 132.0, "chinese_pct": 0.22094638702442126 }, "geometry": { "type": "Polygon", "coordinates": [ [ [ -73.792438, 40.670328 ], [ -73.796005, 40.670848 ], [ -73.798218, 40.671327 ], [ -73.798966, 40.671419 ], [ -73.801255, 40.67126 ], [ -73.801221, 40.669108 ], [ -73.80166, 40.666756 ], [ -73.802162, 40.66525 ], [ -73.808177, 40.664525 ], [ -73.813337, 40.662806 ], [ -73.823008, 40.663836 ], [ -73.826832, 40.663709 ], [ -73.831742, 40.665182 ], [ -73.832705, 40.665406 ], [ -73.831781, 40.663674 ], [ -73.82987, 40.659967 ], [ -73.828392, 40.65603 ], [ -73.82641, 40.648261 ], [ -73.825337, 40.644248 ], [ -73.823052, 40.644485 ], [ -73.816295, 40.645964 ], [ -73.800561, 40.63919 ], [ -73.797257, 40.638008 ], [ -73.794514, 40.636453 ], [ -73.792353, 40.635914 ], [ -73.791308, 40.634532 ], [ -73.798123, 40.631318 ], [ -73.790793, 40.634282 ], [ -73.789427, 40.634263 ], [ -73.787331, 40.632517 ], [ -73.785708, 40.632095 ], [ -73.782645, 40.630248 ], [ -73.783466, 40.628118 ], [ -73.789186, 40.623007 ], [ -73.784932, 40.620469 ], [ -73.784194, 40.620892 ], [ -73.78091, 40.625621 ], [ -73.779327, 40.627336 ], [ -73.777505, 40.627778 ], [ -73.775381, 40.627056 ], [ -73.771728, 40.623585 ], [ -73.770821, 40.623283 ], [ -73.771688, 40.621036 ], [ -73.771098, 40.620005 ], [ -73.768553, 40.623155 ], [ -73.768761, 40.624352 ], [ -73.768709, 40.624386 ], [ -73.767425, 40.626606 ], [ -73.748001, 40.634631 ], [ -73.746022, 40.635212 ], [ -73.744177, 40.637356 ], [ -73.742361, 40.638093 ], [ -73.74127, 40.637257 ], [ -73.74265, 40.635045 ], [ -73.73996, 40.635144 ], [ -73.739471, 40.635706 ], [ -73.742283, 40.640121 ], [ -73.741428, 40.640502 ], [ -73.741437, 40.646889 ], [ -73.739045, 40.648201 ], [ -73.736735, 40.6491 ], [ -73.738565, 40.652355 ], [ -73.739376, 40.653796 ], [ -73.740193, 40.655257 ], [ -73.741532, 40.657359 ], [ -73.743, 40.657263 ], [ -73.74506, 40.657407 ], [ -73.744956, 40.65817 ], [ -73.742976, 40.660285 ], [ -73.740281, 40.659094 ], [ -73.738142, 40.658154 ], [ -73.737672, 40.658771 ], [ -73.737203, 40.659389 ], [ -73.736266, 40.660626 ], [ -73.737079, 40.660982 ], [ -73.735157, 40.662361 ], [ -73.736177, 40.663491 ], [ -73.732965, 40.665356 ], [ -73.729849, 40.665348 ], [ -73.729807, 40.666432 ], [ -73.728272, 40.66644 ], [ -73.728222, 40.667314 ], [ -73.728264, 40.668073 ], [ -73.728, 40.670112 ], [ -73.727542, 40.67416 ], [ -73.729533, 40.674157 ], [ -73.730641, 40.673982 ], [ -73.733507, 40.67359 ], [ -73.735059, 40.67399 ], [ -73.736249, 40.672631 ], [ -73.737184, 40.67091 ], [ -73.737758, 40.670058 ], [ -73.738501, 40.669285 ], [ -73.74876, 40.673026 ], [ -73.748957, 40.672706 ], [ -73.74981, 40.671342 ], [ -73.750772, 40.669796 ], [ -73.75456, 40.674651 ], [ -73.755657, 40.676157 ], [ -73.755762, 40.675886 ], [ -73.756108, 40.675955 ], [ -73.758008, 40.676081 ], [ -73.760315, 40.67511 ], [ -73.761149, 40.674764 ], [ -73.763677, 40.674746 ], [ -73.763805, 40.67377 ], [ -73.764546, 40.671512 ], [ -73.76466, 40.671318 ], [ -73.770997, 40.67091 ], [ -73.771178, 40.672531 ], [ -73.773717, 40.672145 ], [ -73.774496, 40.671828 ], [ -73.775672, 40.673387 ], [ -73.777138, 40.675315 ], [ -73.779478, 40.678365 ], [ -73.781572, 40.676901 ], [ -73.783042, 40.675844 ], [ -73.783763, 40.675316 ], [ -73.785767, 40.672396 ], [ -73.786868, 40.672824 ], [ -73.788085, 40.67301 ], [ -73.790474, 40.673391 ], [ -73.791652, 40.67349 ], [ -73.792438, 40.670328 ] ] ] } },
{ "type": "Feature", "properties": { "NTAName": "Longwood", "total_pop": 86757.0, "chinese_pop": 173.0, "chinese_pct": 0.19940754060191107 }, "geometry": { "type": "Polygon", "coordinates": [ [ [ -73.902275, 40.829637 ], [ -73.903461, 40.828533 ], [ -73.903852, 40.828194 ], [ -73.90508, 40.827114 ], [ -73.904293, 40.82692 ], [ -73.904922, 40.825287 ], [ -73.905732, 40.823337 ], [ -73.906457, 40.821715 ], [ -73.905659, 40.821557 ], [ -73.906997, 40.81834 ], [ -73.905313, 40.817925 ], [ -73.906305, 40.817371 ], [ -73.907589, 40.816596 ], [ -73.908225, 40.816203 ], [ -73.90808, 40.816033 ], [ -73.906238, 40.815661 ], [ -73.907245, 40.812855 ], [ -73.90633, 40.812667 ], [ -73.906852, 40.811209 ], [ -73.907839, 40.808206 ], [ -73.908443, 40.806477 ], [ -73.909127, 40.806166 ], [ -73.90547, 40.803931 ], [ -73.906052, 40.803367 ], [ -73.908338, 40.804661 ], [ -73.913242, 40.799937 ], [ -73.925765, 40.805223 ], [ -73.926613, 40.804647 ], [ -73.928225, 40.80385 ], [ -73.92725, 40.802558 ], [ -73.925081, 40.802521 ], [ -73.923022, 40.802425 ], [ -73.921742, 40.801689 ], [ -73.919861, 40.799353 ], [ -73.913624, 40.796786 ], [ -73.91141, 40.796686 ], [ -73.904584, 40.803111 ], [ -73.902612, 40.804426 ], [ -73.902184, 40.804877 ], [ -73.895736, 40.802633 ], [ -73.892504, 40.801206 ], [ -73.872264, 40.794992 ], [ -73.867118, 40.793742 ], [ -73.863147, 40.797497 ], [ -73.87163, 40.801926 ], [ -73.877478, 40.805826 ], [ -73.879357, 40.805658 ], [ -73.880413, 40.809393 ], [ -73.882025, 40.81083 ], [ -73.890036, 40.809629 ], [ -73.890526, 40.811512 ], [ -73.890975, 40.813213 ], [ -73.894986, 40.815581 ], [ -73.895158, 40.815683 ], [ -73.895428, 40.815845 ], [ -73.893323, 40.817878 ], [ -73.890824, 40.820307 ], [ -73.889167, 40.818618 ], [ -73.887996, 40.816664 ], [ -73.886161, 40.81693 ], [ -73.885239, 40.81707 ], [ -73.88338, 40.817351 ], [ -73.881408, 40.817993 ], [ -73.880981, 40.818238 ], [ -73.882639, 40.819648 ], [ -73.883788, 40.821933 ], [ -73.884411, 40.82297 ], [ -73.884531, 40.825647 ], [ -73.883832, 40.828271 ], [ -73.883887, 40.829809 ], [ -73.885452, 40.830504 ], [ -73.885661, 40.830477 ], [ -73.887229, 40.831201 ], [ -73.888936, 40.831798 ], [ -73.889791, 40.83209 ], [ -73.890714, 40.832409 ], [ -73.891737, 40.832664 ], [ -73.892685, 40.832344 ], [ -73.89336, 40.830152 ], [ -73.894692, 40.830619 ], [ -73.896696, 40.830414 ], [ -73.897172, 40.830368 ], [ -73.896692, 40.831966 ], [ -73.896473, 40.833047 ], [ -73.896369, 40.83351 ], [ -73.896966, 40.834343 ], [ -73.898453, 40.834721 ], [ -73.898999, 40.833892 ], [ -73.899449, 40.833218 ], [ -73.900742, 40.831269 ], [ -73.900252, 40.831195 ], [ -73.902275, 40.829637 ] ] ] } },
{ "type": "Feature", "properties": { "NTAName": "Soundview Park", "total_pop": 29634.0, "chinese_pop": 59.0, "chinese_pct": 0.19909563339407438 }, "geometry": { "type": "Polygon", "coordinates": [ [ [ -73.861482, 40.815029 ], [ -73.861982, 40.817135 ], [ -73.862464, 40.819247 ], [ -73.864314, 40.818999 ], [ -73.864511, 40.819847 ], [ -73.865746, 40.821012 ], [ -73.867019, 40.822303 ], [ -73.867765, 40.822992 ], [ -73.869499, 40.824565 ], [ -73.867613, 40.824818 ], [ -73.867703, 40.825201 ], [ -73.86491, 40.825596 ], [ -73.862166, 40.825966 ], [ -73.861207, 40.826087 ], [ -73.859703, 40.826277 ], [ -73.860674, 40.828419 ], [ -73.861717, 40.828296 ], [ -73.862642, 40.82817 ], [ -73.86542, 40.827802 ], [ -73.868223, 40.827426 ], [ -73.870115, 40.827171 ], [ -73.871037, 40.827053 ], [ -73.872723, 40.826819 ], [ -73.87302, 40.829366 ], [ -73.873193, 40.829905 ], [ -73.874547, 40.829522 ], [ -73.875507, 40.829234 ], [ -73.876402, 40.828977 ], [ -73.875802, 40.826402 ], [ -73.875285, 40.824208 ], [ -73.876213, 40.824084 ], [ -73.877136, 40.823958 ], [ -73.878064, 40.823834 ], [ -73.87993, 40.823641 ], [ -73.884411, 40.82297 ], [ -73.883788, 40.821933 ], [ -73.882639, 40.819648 ], [ -73.880981, 40.818238 ], [ -73.881408, 40.817993 ], [ -73.88338, 40.817351 ], [ -73.882183, 40.816421 ], [ -73.880413, 40.809393 ], [ -73.879357, 40.805658 ], [ -73.877478, 40.805826 ], [ -73.87163, 40.801926 ], [ -73.863147, 40.797497 ], [ -73.862965, 40.79767 ], [ -73.854632, 40.799724 ], [ -73.855256, 40.804608 ], [ -73.85653, 40.804794 ], [ -73.854417, 40.80578 ], [ -73.855312, 40.809329 ], [ -73.855618, 40.810608 ], [ -73.856133, 40.811415 ], [ -73.857156, 40.812824 ], [ -73.85772, 40.813362 ], [ -73.859717, 40.815269 ], [ -73.861482, 40.815029 ] ] ] } },
{ "type": "Feature", "properties": { "NTAName": "Williamsbridge-Olinville", "total_pop": 100519.0, "chinese_pop": 178.0, "chinese_pct": 0.17708094987017381 }, "geometry": { "type": "Polygon", "coordinates": [ [ [ -73.856614, 40.87125 ], [ -73.855572, 40.871222 ], [ -73.855707, 40.867678 ], [ -73.855781, 40.86544 ], [ -73.852891, 40.865388 ], [ -73.850084, 40.865335 ], [ -73.85006, 40.865736 ], [ -73.850003, 40.867575 ], [ -73.849961, 40.869392 ], [ -73.849927, 40.871329 ], [ -73.848914, 40.871566 ], [ -73.848597, 40.87167 ], [ -73.846408, 40.870555 ], [ -73.84609, 40.87039 ], [ -73.846891, 40.872218 ], [ -73.846022, 40.87249 ], [ -73.846923, 40.874154 ], [ -73.848166, 40.876452 ], [ -73.847298, 40.876733 ], [ -73.846368, 40.877035 ], [ -73.845461, 40.877347 ], [ -73.843241, 40.879109 ], [ -73.844773, 40.879756 ], [ -73.844263, 40.88042 ], [ -73.846576, 40.882211 ], [ -73.846067, 40.882901 ], [ -73.849278, 40.884242 ], [ -73.847444, 40.886978 ], [ -73.847049, 40.887672 ], [ -73.845906, 40.889741 ], [ -73.848742, 40.890648 ], [ -73.850691, 40.891303 ], [ -73.851829, 40.89163 ], [ -73.854492, 40.892479 ], [ -73.855664, 40.892853 ], [ -73.857368, 40.893394 ], [ -73.856956, 40.894168 ], [ -73.856561, 40.894873 ], [ -73.85616, 40.895597 ], [ -73.855249, 40.897252 ], [ -73.854299, 40.89845 ], [ -73.856997, 40.899504 ], [ -73.858626, 40.900136 ], [ -73.859258, 40.900338 ], [ -73.861113, 40.897589 ], [ -73.861335, 40.90019 ], [ -73.86222, 40.898816 ], [ -73.863483, 40.899373 ], [ -73.865092, 40.899206 ], [ -73.867447, 40.898953 ], [ -73.867195, 40.897592 ], [ -73.866917, 40.896083 ], [ -73.870487, 40.89664 ], [ -73.874806, 40.895726 ], [ -73.87712, 40.895469 ], [ -73.880008, 40.895244 ], [ -73.880187, 40.892129 ], [ -73.877918, 40.887212 ], [ -73.877607, 40.884523 ], [ -73.877729, 40.883454 ], [ -73.878126, 40.882154 ], [ -73.878487, 40.881076 ], [ -73.876781, 40.880259 ], [ -73.875956, 40.879865 ], [ -73.874387, 40.879055 ], [ -73.873483, 40.878855 ], [ -73.872545, 40.878746 ], [ -73.870944, 40.878511 ], [ -73.871605, 40.876922 ], [ -73.872553, 40.875175 ], [ -73.874367, 40.872701 ], [ -73.876292, 40.870526 ], [ -73.87986, 40.868274 ], [ -73.883079, 40.866593 ], [ -73.882689, 40.866152 ], [ -73.883279, 40.865726 ], [ -73.883617, 40.865453 ], [ -73.883858, 40.865191 ], [ -73.883934, 40.86495 ], [ -73.880515, 40.860346 ], [ -73.880764, 40.856992 ], [ -73.880714, 40.856798 ], [ -73.881668, 40.853348 ], [ -73.882003, 40.852189 ], [ -73.882322, 40.851061 ], [ -73.882883, 40.849074 ], [ -73.883109, 40.848273 ], [ -73.882844, 40.847818 ], [ -73.881056, 40.846594 ], [ -73.880477, 40.846197 ], [ -73.879194, 40.845321 ], [ -73.878007, 40.844484 ], [ -73.877314, 40.844007 ], [ -73.878171, 40.842625 ], [ -73.876856, 40.84223 ], [ -73.874591, 40.841521 ], [ -73.872081, 40.843721 ], [ -73.868926, 40.848151 ], [ -73.869209, 40.849239 ], [ -73.868235, 40.850913 ], [ -73.868609, 40.852088 ], [ -73.869377, 40.854266 ], [ -73.869815, 40.855484 ], [ -73.869889, 40.855971 ], [ -73.868383, 40.857812 ], [ -73.870849, 40.857291 ], [ -73.870884, 40.858895 ], [ -73.870579, 40.861405 ], [ -73.870462, 40.863272 ], [ -73.870419, 40.865363 ], [ -73.870455, 40.866633 ], [ -73.870492, 40.867951 ], [ -73.870537, 40.869674 ], [ -73.867222, 40.869695 ], [ -73.866205, 40.869694 ], [ -73.864326, 40.869656 ], [ -73.864266, 40.871389 ], [ -73.863332, 40.871375 ], [ -73.861379, 40.871336 ], [ -73.858488, 40.871284 ], [ -73.856614, 40.87125 ] ] ] } },
{ "type": "Feature", "properties": { "NTAName": "Laurelton", "total_pop": 60294.0, "chinese_pop": 106.0, "chinese_pct": 0.17580522108335822 }, "geometry": { "type": "Polygon", "coordinates": [ [ [ -73.74745, 40.689351 ], [ -73.74722, 40.689715 ], [ -73.748687, 40.689281 ], [ -73.749789, 40.690604 ], [ -73.750411, 40.691917 ], [ -73.751703, 40.694597 ], [ -73.753958, 40.693971 ], [ -73.75423, 40.693897 ], [ -73.75484, 40.693728 ], [ -73.755082, 40.69366 ], [ -73.75381, 40.690975 ], [ -73.756413, 40.69012 ], [ -73.757097, 40.691649 ], [ -73.758788, 40.691179 ], [ -73.758124, 40.689537 ], [ -73.756887, 40.688005 ], [ -73.756106, 40.686762 ], [ -73.76073, 40.685098 ], [ -73.760426, 40.683387 ], [ -73.760459, 40.683263 ], [ -73.760612, 40.682775 ], [ -73.760945, 40.681799 ], [ -73.76161, 40.679738 ], [ -73.761832, 40.679053 ], [ -73.76343, 40.676319 ], [ -73.763677, 40.674746 ], [ -73.763805, 40.67377 ], [ -73.764546, 40.671512 ], [ -73.76466, 40.671318 ], [ -73.770997, 40.67091 ], [ -73.771178, 40.672531 ], [ -73.773717, 40.672145 ], [ -73.774496, 40.671828 ], [ -73.771545, 40.667963 ], [ -73.766754, 40.667433 ], [ -73.761871, 40.666929 ], [ -73.757631, 40.666451 ], [ -73.759106, 40.663674 ], [ -73.755404, 40.662313 ], [ -73.752115, 40.661075 ], [ -73.7526, 40.660325 ], [ -73.751753, 40.660003 ], [ -73.748325, 40.658717 ], [ -73.747824, 40.658641 ], [ -73.746927, 40.658999 ], [ -73.746838, 40.660752 ], [ -73.744875, 40.66369 ], [ -73.742819, 40.665306 ], [ -73.73955, 40.665256 ], [ -73.739371, 40.665452 ], [ -73.738559, 40.666397 ], [ -73.736256, 40.666277 ], [ -73.734837, 40.666575 ], [ -73.73192, 40.666556 ], [ -73.729807, 40.666432 ], [ -73.728272, 40.66644 ], [ -73.728222, 40.667314 ], [ -73.728264, 40.668073 ], [ -73.728, 40.670112 ], [ -73.727542, 40.67416 ], [ -73.726543, 40.676487 ], [ -73.726198, 40.677381 ], [ -73.725841, 40.678753 ], [ -73.72563, 40.679588 ], [ -73.725861, 40.683223 ], [ -73.725821, 40.68395 ], [ -73.725926, 40.686225 ], [ -73.725996, 40.686932 ], [ -73.726787, 40.687274 ], [ -73.732239, 40.688937 ], [ -73.733107, 40.6892 ], [ -73.739223, 40.691048 ], [ -73.740077, 40.689416 ], [ -73.741041, 40.68779 ], [ -73.741229, 40.687493 ], [ -73.74745, 40.689351 ] ] ] } },
{ "type": "Feature", "properties": { "NTAName": "Holy Cross Cemetery", "total_pop": 13034.0, "chinese_pop": 22.0, "chinese_pct": 0.16878932023937393 }, "geometry": { "type": "Polygon", "coordinates": [ [ [ -73.936175, 40.651469 ], [ -73.938081, 40.651376 ], [ -73.939051, 40.651326 ], [ -73.940025, 40.651276 ], [ -73.941891, 40.651169 ], [ -73.942826, 40.65111 ], [ -73.9438, 40.651106 ], [ -73.945706, 40.651006 ], [ -73.946674, 40.650948 ], [ -73.94626, 40.647006 ], [ -73.946073, 40.645312 ], [ -73.945988, 40.644534 ], [ -73.945869, 40.643424 ], [ -73.943965, 40.643543 ], [ -73.942029, 40.643664 ], [ -73.940159, 40.64378 ], [ -73.937284, 40.643958 ], [ -73.933478, 40.644192 ], [ -73.929599, 40.644433 ], [ -73.929803, 40.64632 ], [ -73.929999, 40.648181 ], [ -73.930206, 40.650109 ], [ -73.930381, 40.651734 ], [ -73.931392, 40.65169 ], [ -73.932325, 40.651648 ], [ -73.934268, 40.651563 ], [ -73.936175, 40.651469 ] ] ] } },
{ "type": "Feature", "properties": { "NTAName": "Melrose", "total_pop": 89294.0, "chinese_pop": 149.0, "chinese_pct": 0.16686451497301052 }, "geometry": { "type": "Polygon", "coordinates": [ [ [ -73.918459, 40.825574 ], [ -73.920258, 40.826153 ], [ -73.921152, 40.826398 ], [ -73.921739, 40.82564 ], [ -73.922274, 40.82497 ], [ -73.923073, 40.823624 ], [ -73.924644, 40.821021 ], [ -73.925746, 40.821175 ], [ -73.926644, 40.819998 ], [ -73.927313, 40.81856 ], [ -73.928857, 40.81488 ], [ -73.930276, 40.813256 ], [ -73.932401, 40.814151 ], [ -73.932605, 40.811517 ], [ -73.932477, 40.808864 ], [ -73.931801, 40.807876 ], [ -73.930938, 40.808253 ], [ -73.929219, 40.809564 ], [ -73.928135, 40.809622 ], [ -73.927121, 40.810949 ], [ -73.926443, 40.811507 ], [ -73.924683, 40.812384 ], [ -73.922875, 40.813315 ], [ -73.922088, 40.813731 ], [ -73.920482, 40.814564 ], [ -73.920349, 40.814629 ], [ -73.919467, 40.815074 ], [ -73.917625, 40.816055 ], [ -73.916771, 40.815699 ], [ -73.914954, 40.814937 ], [ -73.912954, 40.814269 ], [ -73.911812, 40.813883 ], [ -73.910948, 40.813621 ], [ -73.910019, 40.813432 ], [ -73.909075, 40.813233 ], [ -73.907245, 40.812855 ], [ -73.90633, 40.812667 ], [ -73.905413, 40.812476 ], [ -73.904466, 40.812282 ], [ -73.90418, 40.812125 ], [ -73.903417, 40.811507 ], [ -73.903074, 40.80988 ], [ -73.898448, 40.813177 ], [ -73.899341, 40.813489 ], [ -73.899728, 40.81429 ], [ -73.90012, 40.815084 ], [ -73.900506, 40.815879 ], [ -73.900721, 40.816764 ], [ -73.902579, 40.81737 ], [ -73.901668, 40.819534 ], [ -73.901602, 40.819695 ], [ -73.89986, 40.820563 ], [ -73.898985, 40.821038 ], [ -73.897864, 40.821598 ], [ -73.896878, 40.822118 ], [ -73.895861, 40.822631 ], [ -73.893901, 40.823643 ], [ -73.8932, 40.824008 ], [ -73.894871, 40.823937 ], [ -73.895847, 40.823892 ], [ -73.896861, 40.823848 ], [ -73.898874, 40.82385 ], [ -73.899799, 40.824058 ], [ -73.901176, 40.824389 ], [ -73.902331, 40.824666 ], [ -73.904922, 40.825287 ], [ -73.904293, 40.82692 ], [ -73.90508, 40.827114 ], [ -73.903852, 40.828194 ], [ -73.903461, 40.828533 ], [ -73.902275, 40.829637 ], [ -73.903731, 40.830382 ], [ -73.904506, 40.830625 ], [ -73.905531, 40.829104 ], [ -73.906571, 40.829452 ], [ -73.908461, 40.824624 ], [ -73.908709, 40.824067 ], [ -73.91131, 40.824849 ], [ -73.913512, 40.824805 ], [ -73.915451, 40.825748 ], [ -73.91461, 40.826295 ], [ -73.913631, 40.826924 ], [ -73.912962, 40.82816 ], [ -73.914722, 40.82873 ], [ -73.91641, 40.82929 ], [ -73.916906, 40.828389 ], [ -73.917533, 40.82725 ], [ -73.918459, 40.825574 ] ] ] } },
{ "type": "Feature", "properties": { "NTAName": "West Farms", "total_pop": 57373.0, "chinese_pop": 85.0, "chinese_pct": 0.14815331253377023 }, "geometry": { "type": "Polygon", "coordinates": [ [ [ -73.890554, 40.842678 ], [ -73.888523, 40.841483 ], [ -73.886185, 40.840105 ], [ -73.886598, 40.839279 ], [ -73.887289, 40.838135 ], [ -73.8877, 40.837434 ], [ -73.887759, 40.837368 ], [ -73.888742, 40.835707 ], [ -73.890714, 40.832409 ], [ -73.889791, 40.83209 ], [ -73.888936, 40.831798 ], [ -73.887229, 40.831201 ], [ -73.885661, 40.830477 ], [ -73.885452, 40.830504 ], [ -73.883887, 40.829809 ], [ -73.882354, 40.831505 ], [ -73.879983, 40.83468 ], [ -73.879252, 40.834424 ], [ -73.87772, 40.833868 ], [ -73.877432, 40.83376 ], [ -73.876594, 40.833882 ], [ -73.876067, 40.831638 ], [ -73.875507, 40.829234 ], [ -73.874547, 40.829522 ], [ -73.873193, 40.829905 ], [ -73.873694, 40.831964 ], [ -73.873841, 40.832549 ], [ -73.873954, 40.834237 ], [ -73.873799, 40.835968 ], [ -73.871102, 40.835755 ], [ -73.869994, 40.83565 ], [ -73.869033, 40.835486 ], [ -73.866806, 40.834837 ], [ -73.865979, 40.835205 ], [ -73.865074, 40.835342 ], [ -73.865472, 40.837676 ], [ -73.866385, 40.837587 ], [ -73.866682, 40.839236 ], [ -73.867248, 40.840344 ], [ -73.866361, 40.840592 ], [ -73.864465, 40.841088 ], [ -73.86358, 40.841278 ], [ -73.864107, 40.841675 ], [ -73.865167, 40.842466 ], [ -73.866119, 40.845223 ], [ -73.866947, 40.847502 ], [ -73.866343, 40.84759 ], [ -73.864244, 40.847981 ], [ -73.862509, 40.848362 ], [ -73.862789, 40.849238 ], [ -73.86304, 40.850611 ], [ -73.865221, 40.850178 ], [ -73.865651, 40.850335 ], [ -73.866142, 40.850536 ], [ -73.867801, 40.851589 ], [ -73.868609, 40.852088 ], [ -73.869377, 40.854266 ], [ -73.869815, 40.855484 ], [ -73.869889, 40.855971 ], [ -73.868383, 40.857812 ], [ -73.870849, 40.857291 ], [ -73.870884, 40.858895 ], [ -73.870579, 40.861405 ], [ -73.870462, 40.863272 ], [ -73.870419, 40.865363 ], [ -73.870455, 40.866633 ], [ -73.870492, 40.867951 ], [ -73.870537, 40.869674 ], [ -73.870562, 40.871511 ], [ -73.870377, 40.873285 ], [ -73.870313, 40.875341 ], [ -73.869435, 40.878129 ], [ -73.870944, 40.878511 ], [ -73.871605, 40.876922 ], [ -73.872553, 40.875175 ], [ -73.874367, 40.872701 ], [ -73.876292, 40.870526 ], [ -73.87986, 40.868274 ], [ -73.883079, 40.866593 ], [ -73.882689, 40.866152 ], [ -73.883279, 40.865726 ], [ -73.883617, 40.865453 ], [ -73.883858, 40.865191 ], [ -73.883934, 40.86495 ], [ -73.880515, 40.860346 ], [ -73.880764, 40.856992 ], [ -73.880714, 40.856798 ], [ -73.881668, 40.853348 ], [ -73.882003, 40.852189 ], [ -73.882322, 40.851061 ], [ -73.882883, 40.849074 ], [ -73.883109, 40.848273 ], [ -73.883778, 40.848682 ], [ -73.885603, 40.846543 ], [ -73.887233, 40.844636 ], [ -73.888319, 40.845179 ], [ -73.889017, 40.84437 ], [ -73.890554, 40.842678 ] ] ] } },
{ "type": "Feature", "properties": { "NTAName": "Montefiore Cemetery", "total_pop": 14839.0, "chinese_pop": 21.0, "chinese_pct": 0.14151897028101623 }, "geometry": { "type": "Polygon", "coordinates": [ [ [ -73.741229, 40.687493 ], [ -73.74745, 40.689351 ], [ -73.74722, 40.689715 ], [ -73.748687, 40.689281 ], [ -73.749789, 40.690604 ], [ -73.750411, 40.691917 ], [ -73.751703, 40.694597 ], [ -73.753958, 40.693971 ], [ -73.75423, 40.693897 ], [ -73.75484, 40.693728 ], [ -73.755082, 40.69366 ], [ -73.75381, 40.690975 ], [ -73.756413, 40.69012 ], [ -73.757097, 40.691649 ], [ -73.758788, 40.691179 ], [ -73.758124, 40.689537 ], [ -73.756887, 40.688005 ], [ -73.756106, 40.686762 ], [ -73.76073, 40.685098 ], [ -73.760426, 40.683387 ], [ -73.760459, 40.683263 ], [ -73.758881, 40.681243 ], [ -73.753969, 40.684533 ], [ -73.753308, 40.685021 ], [ -73.75097, 40.684202 ], [ -73.75147, 40.683023 ], [ -73.751724, 40.682377 ], [ -73.753238, 40.680117 ], [ -73.752255, 40.679986 ], [ -73.749095, 40.678957 ], [ -73.745608, 40.677886 ], [ -73.745831, 40.679341 ], [ -73.74458, 40.681591 ], [ -73.743268, 40.68392 ], [ -73.740948, 40.683232 ], [ -73.740381, 40.684123 ], [ -73.739737, 40.683531 ], [ -73.735822, 40.682255 ], [ -73.73377, 40.68103 ], [ -73.734033, 40.680365 ], [ -73.734992, 40.678506 ], [ -73.731874, 40.677569 ], [ -73.730473, 40.679348 ], [ -73.729506, 40.680056 ], [ -73.728102, 40.681766 ], [ -73.727183, 40.683597 ], [ -73.73396, 40.685639 ], [ -73.733091, 40.687303 ], [ -73.732239, 40.688937 ], [ -73.733107, 40.6892 ], [ -73.739223, 40.691048 ], [ -73.740077, 40.689416 ], [ -73.741041, 40.68779 ], [ -73.741229, 40.687493 ] ] ] } },
{ "type": "Feature", "properties": { "NTAName": "Claremont Village-Claremont (East)", "total_pop": 46518.0, "chinese_pop": 49.0, "chinese_pct": 0.1053355690270433 }, "geometry": { "type": "Polygon", "coordinates": [ [ [ -73.909547, 40.843045 ], [ -73.909628, 40.842396 ], [ -73.90891, 40.838376 ], [ -73.909458, 40.837057 ], [ -73.910595, 40.837503 ], [ -73.91139, 40.837866 ], [ -73.9129, 40.835297 ], [ -73.913844, 40.833694 ], [ -73.911285, 40.832829 ], [ -73.912395, 40.830936 ], [ -73.911384, 40.830988 ], [ -73.91049, 40.830737 ], [ -73.909713, 40.83047 ], [ -73.90896, 40.830226 ], [ -73.906571, 40.829452 ], [ -73.905531, 40.829104 ], [ -73.904506, 40.830625 ], [ -73.903435, 40.832216 ], [ -73.901856, 40.834622 ], [ -73.901212, 40.835498 ], [ -73.898453, 40.834721 ], [ -73.896966, 40.834343 ], [ -73.893946, 40.836431 ], [ -73.891481, 40.836687 ], [ -73.890601, 40.836898 ], [ -73.888741, 40.837968 ], [ -73.888412, 40.838553 ], [ -73.887289, 40.838135 ], [ -73.886598, 40.839279 ], [ -73.888138, 40.839862 ], [ -73.888691, 40.839158 ], [ -73.890174, 40.839874 ], [ -73.892169, 40.84105 ], [ -73.891502, 40.841699 ], [ -73.890554, 40.842678 ], [ -73.892907, 40.843416 ], [ -73.894809, 40.843761 ], [ -73.893985, 40.844704 ], [ -73.892901, 40.846269 ], [ -73.893374, 40.846401 ], [ -73.893844, 40.846489 ], [ -73.896177, 40.846659 ], [ -73.89557, 40.847802 ], [ -73.894946, 40.849104 ], [ -73.894073, 40.850713 ], [ -73.894788, 40.851082 ], [ -73.894318, 40.851891 ], [ -73.893071, 40.85325 ], [ -73.893984, 40.854247 ], [ -73.895609, 40.854571 ], [ -73.897087, 40.851969 ], [ -73.898086, 40.850213 ], [ -73.899671, 40.847438 ], [ -73.900963, 40.847697 ], [ -73.901955, 40.848059 ], [ -73.903739, 40.847328 ], [ -73.904621, 40.847392 ], [ -73.904851, 40.844726 ], [ -73.906653, 40.844849 ], [ -73.907548, 40.844908 ], [ -73.909361, 40.845006 ], [ -73.909463, 40.843779 ], [ -73.909547, 40.843045 ] ] ] } },
{ "type": "Feature", "properties": { "NTAName": "Jacob Riis Park-Fort Tilden-Breezy Point Tip", "total_pop": 6068.0, "chinese_pop": 5.0, "chinese_pct": 0.082399472643375077 }, "geometry": { "type": "Polygon", "coordinates": [ [ [ -73.92984, 40.563825 ], [ -73.935412546179606, 40.562886943694203 ], [ -73.936954809589395, 40.557654054302802 ], [ -73.937068, 40.55727 ], [ -73.940247, 40.554582 ], [ -73.940573712483996, 40.543483273001101 ], [ -73.940591, 40.542896 ], [ -73.917774, 40.55285 ], [ -73.905141, 40.556401 ], [ -73.901016066057394, 40.556853256813099 ], [ -73.89623, 40.557378 ], [ -73.882370720573903, 40.560844991662201 ], [ -73.879321648447601, 40.561607737495798 ], [ -73.879202815844806, 40.561637464268109 ], [ -73.878681, 40.561768 ], [ -73.872586517435295, 40.563892458460508 ], [ -73.862972095360902, 40.567243922690899 ], [ -73.857042828710206, 40.569310789002699 ], [ -73.858393, 40.571695 ], [ -73.85891, 40.572579 ], [ -73.859815, 40.574212 ], [ -73.854849, 40.575878 ], [ -73.856839, 40.579257 ], [ -73.859492, 40.583938 ], [ -73.866005, 40.581001 ], [ -73.86751, 40.580229 ], [ -73.869232, 40.579342 ], [ -73.871418, 40.578535 ], [ -73.879222, 40.574656 ], [ -73.885069, 40.573749 ], [ -73.886292, 40.573505 ], [ -73.890518, 40.572705 ], [ -73.903871, 40.571619 ], [ -73.92807, 40.567786 ], [ -73.92984, 40.563825 ] ] ] } },
{ "type": "Feature", "properties": { "NTAName": "Morrisania", "total_pop": 94107.0, "chinese_pop": 27.0, "chinese_pct": 0.02869074564060059 }, "geometry": { "type": "Polygon", "coordinates": [ [ [ -73.92034, 40.822095 ], [ -73.919178, 40.82177 ], [ -73.917417, 40.821277 ], [ -73.917713, 40.820647 ], [ -73.915902, 40.820175 ], [ -73.914264, 40.819747 ], [ -73.91352, 40.819542 ], [ -73.914031, 40.818956 ], [ -73.914472, 40.818507 ], [ -73.915991, 40.817211 ], [ -73.917625, 40.816055 ], [ -73.916771, 40.815699 ], [ -73.914954, 40.814937 ], [ -73.912954, 40.814269 ], [ -73.911942, 40.816047 ], [ -73.911381, 40.817373 ], [ -73.910612, 40.819224 ], [ -73.909909, 40.821241 ], [ -73.908418, 40.822181 ], [ -73.906457, 40.821715 ], [ -73.905659, 40.821557 ], [ -73.906997, 40.81834 ], [ -73.905313, 40.817925 ], [ -73.901602, 40.819695 ], [ -73.89986, 40.820563 ], [ -73.898985, 40.821038 ], [ -73.897864, 40.821598 ], [ -73.896878, 40.822118 ], [ -73.895861, 40.822631 ], [ -73.893901, 40.823643 ], [ -73.8932, 40.824008 ], [ -73.894871, 40.823937 ], [ -73.894836, 40.82624 ], [ -73.892933, 40.826787 ], [ -73.891913, 40.826794 ], [ -73.890905, 40.826788 ], [ -73.890873, 40.830136 ], [ -73.892886, 40.830148 ], [ -73.89336, 40.830152 ], [ -73.892685, 40.832344 ], [ -73.891737, 40.832664 ], [ -73.892158, 40.833645 ], [ -73.890823, 40.835809 ], [ -73.891387, 40.835758 ], [ -73.891481, 40.836687 ], [ -73.890601, 40.836898 ], [ -73.888741, 40.837968 ], [ -73.888412, 40.838553 ], [ -73.887289, 40.838135 ], [ -73.886598, 40.839279 ], [ -73.888138, 40.839862 ], [ -73.888691, 40.839158 ], [ -73.890174, 40.839874 ], [ -73.892169, 40.84105 ], [ -73.894101, 40.84219 ], [ -73.895367, 40.842895 ], [ -73.896639, 40.8435 ], [ -73.89827, 40.84068 ], [ -73.899031, 40.839331 ], [ -73.899968, 40.837655 ], [ -73.901744, 40.83846 ], [ -73.902647, 40.838874 ], [ -73.904545, 40.839498 ], [ -73.905383, 40.839769 ], [ -73.905979, 40.838505 ], [ -73.906906, 40.837023 ], [ -73.907402, 40.836232 ], [ -73.908691, 40.833938 ], [ -73.909621, 40.832281 ], [ -73.91049, 40.830737 ], [ -73.911384, 40.830988 ], [ -73.912255, 40.829419 ], [ -73.912962, 40.82816 ], [ -73.914722, 40.82873 ], [ -73.91641, 40.82929 ], [ -73.916906, 40.828389 ], [ -73.917533, 40.82725 ], [ -73.918459, 40.825574 ], [ -73.919339, 40.823973 ], [ -73.919474, 40.823728 ], [ -73.920063, 40.822667 ], [ -73.920665, 40.821837 ], [ -73.92034, 40.822095 ] ] ] } },
{ "type": "Feature", "properties": { "NTAName": "Tremont", "total_pop": 74821.0, "chinese_pop": 0.0, "chinese_pct": 0.0 }, "geometry": { "type": "Polygon", "coordinates": [ [ [ -73.890438, 40.861119 ], [ -73.890887, 40.861345 ], [ -73.891447, 40.861634 ], [ -73.893215, 40.859874 ], [ -73.893808, 40.858942 ], [ -73.893885, 40.85882 ], [ -73.895263, 40.856743 ], [ -73.89644, 40.854908 ], [ -73.897099, 40.855172 ], [ -73.898635, 40.853907 ], [ -73.898165, 40.855146 ], [ -73.898776, 40.855364 ], [ -73.899317, 40.85407 ], [ -73.900003, 40.852517 ], [ -73.900442, 40.851077 ], [ -73.900694, 40.850253 ], [ -73.900949, 40.848425 ], [ -73.902102, 40.848319 ], [ -73.901955, 40.848059 ], [ -73.903739, 40.847328 ], [ -73.904621, 40.847392 ], [ -73.904851, 40.844726 ], [ -73.904937, 40.843375 ], [ -73.901958, 40.842556 ], [ -73.902292, 40.841981 ], [ -73.901118, 40.841599 ], [ -73.89827, 40.84068 ], [ -73.899031, 40.839331 ], [ -73.899968, 40.837655 ], [ -73.901212, 40.835498 ], [ -73.898453, 40.834721 ], [ -73.896966, 40.834343 ], [ -73.893946, 40.836431 ], [ -73.891481, 40.836687 ], [ -73.890601, 40.836898 ], [ -73.888741, 40.837968 ], [ -73.888412, 40.838553 ], [ -73.887289, 40.838135 ], [ -73.886598, 40.839279 ], [ -73.886185, 40.840105 ], [ -73.88566, 40.84271 ], [ -73.885298, 40.842536 ], [ -73.882787, 40.841295 ], [ -73.881416, 40.842847 ], [ -73.880461, 40.843909 ], [ -73.879761, 40.844681 ], [ -73.879194, 40.845321 ], [ -73.880477, 40.846197 ], [ -73.881056, 40.846594 ], [ -73.882844, 40.847818 ], [ -73.883109, 40.848273 ], [ -73.882883, 40.849074 ], [ -73.882322, 40.851061 ], [ -73.882003, 40.852189 ], [ -73.881668, 40.853348 ], [ -73.880714, 40.856798 ], [ -73.880764, 40.856992 ], [ -73.88183, 40.857455 ], [ -73.881911, 40.857315 ], [ -73.882519, 40.856112 ], [ -73.883628, 40.853909 ], [ -73.884461, 40.854152 ], [ -73.885421, 40.854498 ], [ -73.886186, 40.85487 ], [ -73.886873, 40.855202 ], [ -73.887568, 40.855556 ], [ -73.888449, 40.856024 ], [ -73.887702, 40.856875 ], [ -73.887632, 40.858226 ], [ -73.886785, 40.859197 ], [ -73.890438, 40.861119 ] ] ] } },
{ "type": "Feature", "properties": { "NTAName": "Hart Island", "total_pop": 0.0, "chinese_pop": 0.0, "chinese_pct": null }, "geometry": { "type": "Polygon", "coordinates": [ [ [ -73.773434, 40.852032 ], [ -73.772349, 40.847421 ], [ -73.771969925614897, 40.847033504858501 ], [ -73.769648, 40.84466 ], [ -73.767179, 40.844866 ], [ -73.769414, 40.848149 ], [ -73.769236584406002, 40.848884155353403 ], [ -73.7687303070946, 40.8509820119586 ], [ -73.768043, 40.85383 ], [ -73.7662834427055, 40.854797282663505 ], [ -73.765258, 40.855361 ], [ -73.768867, 40.858341 ], [ -73.770552, 40.86033 ], [ -73.772442895165398, 40.859736949576096 ], [ -73.773361, 40.859449 ], [ -73.773434, 40.852032 ] ] ] } },
{ "type": "Feature", "properties": { "NTAName": "Jamaica Bay (West)", "total_pop": 0.0, "chinese_pop": 0.0, "chinese_pct": null }, "geometry": { "type": "Polygon", "coordinates": [ [ [ -73.848338, 40.643521 ], [ -73.854938, 40.64265 ], [ -73.855021, 40.643098 ], [ -73.873957, 40.633773 ], [ -73.88239, 40.627542 ], [ -73.892306, 40.620556 ], [ -73.887051, 40.61632 ], [ -73.884456, 40.60944 ], [ -73.871418, 40.578535 ], [ -73.869232, 40.579342 ], [ -73.86751, 40.580229 ], [ -73.866005, 40.581001 ], [ -73.859492, 40.583938 ], [ -73.854937, 40.585974 ], [ -73.840704, 40.586087 ], [ -73.833507, 40.586706 ], [ -73.82733, 40.587801 ], [ -73.819835, 40.591897 ], [ -73.810285, 40.595073 ], [ -73.807512, 40.597862 ], [ -73.802469, 40.600967 ], [ -73.793652, 40.602623 ], [ -73.789058, 40.605621 ], [ -73.777321, 40.613078 ], [ -73.772268, 40.615136 ], [ -73.768253, 40.614878 ], [ -73.766719, 40.615004 ], [ -73.767459, 40.620511 ], [ -73.767571, 40.621477 ], [ -73.768553, 40.623155 ], [ -73.771098, 40.620005 ], [ -73.771688, 40.621036 ], [ -73.770821, 40.623283 ], [ -73.771728, 40.623585 ], [ -73.775381, 40.627056 ], [ -73.777505, 40.627778 ], [ -73.779327, 40.627336 ], [ -73.78091, 40.625621 ], [ -73.784194, 40.620892 ], [ -73.784932, 40.620469 ], [ -73.789186, 40.623007 ], [ -73.783466, 40.628118 ], [ -73.782645, 40.630248 ], [ -73.785708, 40.632095 ], [ -73.787331, 40.632517 ], [ -73.789427, 40.634263 ], [ -73.790793, 40.634282 ], [ -73.798123, 40.631318 ], [ -73.791308, 40.634532 ], [ -73.792353, 40.635914 ], [ -73.794514, 40.636453 ], [ -73.797257, 40.638008 ], [ -73.800561, 40.63919 ], [ -73.816295, 40.645964 ], [ -73.823052, 40.644485 ], [ -73.825337, 40.644248 ], [ -73.835664, 40.644058 ], [ -73.839999, 40.644143 ], [ -73.848338, 40.643521 ] ], [ [ -73.834201, 40.596657 ], [ -73.83159, 40.597942 ], [ -73.828345, 40.597646 ], [ -73.826048, 40.599461 ], [ -73.8243, 40.598332 ], [ -73.82441, 40.600342 ], [ -73.822945, 40.602583 ], [ -73.822483, 40.605583 ], [ -73.820032, 40.608924 ], [ -73.819952, 40.611006 ], [ -73.82086, 40.612265 ], [ -73.820473, 40.610195 ], [ -73.821631, 40.608496 ], [ -73.8241, 40.61232 ], [ -73.823998, 40.612512 ], [ -73.821658, 40.614909 ], [ -73.820941, 40.615237 ], [ -73.820177, 40.615181 ], [ -73.817571, 40.614163 ], [ -73.816527, 40.614947 ], [ -73.814796, 40.613194 ], [ -73.816156, 40.612942 ], [ -73.814771, 40.608851 ], [ -73.815082, 40.607284 ], [ -73.818311, 40.60134 ], [ -73.818491, 40.59939 ], [ -73.821358, 40.594691 ], [ -73.824803, 40.595083 ], [ -73.832326, 40.594619 ], [ -73.833815, 40.594947 ], [ -73.834201, 40.596657 ] ] ] } },
{ "type": "Feature", "properties": { "NTAName": null, "total_pop": 0.0, "chinese_pop": 0.0, "chinese_pct": null }, "geometry": { "type": "Polygon", "coordinates": [ [ [ -73.935412546179606, 40.562886943694203 ], [ -73.92984, 40.563825 ], [ -73.92807, 40.567786 ], [ -73.929387, 40.572613 ], [ -73.932645801992393, 40.572274488138902 ], [ -73.934269543237093, 40.566765145001298 ], [ -73.935412546179606, 40.562886943694203 ] ] ] } }
]
}
