{
"type": "FeatureCollection",
"name": "nta_chinese_pct",
"crs": { "type": "name", "properties": { "name": "urn:ogc:def:crs:EPSG::4269" } },
"features": [
{ "type": "Feature", "properties": { "NTAName": "Allerton", "total_pop": 9915.0, "chinese_pop": 239.0, "chinese_pct": 2.4104891578416541 }, "geometry": { "type": "Polygon", "coordinates": [ [ [ -73.864671, 40.857906 ], [ -73.861791, 40.857983 ], [ -73.861756, 40.859645 ], [ -73.861707, 40.861242 ], [ -73.861645, 40.863106 ], [ -73.861562, 40.86555 ], [ -73.861498, 40.867782 ], [ -73.861433, 40.869603 ], [ -73.861379, 40.871336 ], [ -73.863332, 40.871375 ], [ -73.864266, 40.871389 ], [ -73.864326, 40.869656 ], [ -73.864385, 40.867839 ], [ -73.864461, 40.865489 ], [ -73.864533, 40.863162 ], [ -73.864594, 40.861294 ], [ -73.864631, 40.859609 ], [ -73.864671, 40.857906 ] ] ] } },
{ "type": "Feature", "properties": { "NTAName": "Astoria (Central)", "total_pop": 3862.0, "chinese_pop": 107.0, "chinese_pct": 2.7705851890212325 }, "geometry": { "type": "Polygon", "coordinates": [ [ [ -73.928556, 40.766714 ], [ -73.926438, 40.765733 ], [ -73.925061, 40.765097 ], [ -73.924253, 40.764725 ], [ -73.923539, 40.765604 ], [ -73.922189, 40.767267 ], [ -73.923525, 40.767893 ], [ -73.925076, 40.768619 ], [ -73.926473, 40.769271 ], [ -73.92715, 40.768442 ], [ -73.927821, 40.767616 ], [ -73.928556, 40.766714 ] ] ] } },
{ "type": "Feature", "properties": { "NTAName": "Astoria (East)-Woodside (North)", "total_pop": 9453.0, "chinese_pop": 440.0, "chinese_pct": 4.6546070030678095 }, "geometry": { "type": "MultiPolygon", "coordinates": [ [ [ [ -73.908908, 40.763229 ], [ -73.90651, 40.762109 ], [ -73.905245, 40.763687 ], [ -73.904512, 40.764589 ], [ -73.905312, 40.764965 ], [ -73.906911, 40.765711 ], [ -73.908492, 40.766452 ], [ -73.910505, 40.763979 ], [ -73.908908, 40.763229 ] ] ], [ [ [ -73.916294, 40.760945 ], [ -73.915493, 40.760568 ], [ -73.914696, 40.760188 ], [ -73.916604, 40.757848 ], [ -73.915806, 40.757473 ], [ -73.915007, 40.757098 ], [ -73.913411, 40.756348 ], [ -73.912611, 40.755971 ], [ -73.912397, 40.756236 ], [ -73.910684, 40.758319 ], [ -73.909885, 40.757946 ], [ -73.907794, 40.760518 ], [ -73.909391, 40.761264 ], [ -73.910192, 40.761638 ], [ -73.911799, 40.76239 ], [ -73.912599, 40.762766 ], [ -73.913397, 40.76314 ], [ -73.914992, 40.763892 ], [ -73.917089, 40.76132 ], [ -73.916294, 40.760945 ] ] ] ] } },
{ "type": "Feature", "properties": { "NTAName": "Astoria (North)-Ditmars-Steinway", "total_pop": 26776.0, "chinese_pop": 569.0, "chinese_pct": 2.125037346877801 }, "geometry": { "type": "Polygon", "coordinates": [ [ [ -73.910147, 40.77915 ], [ -73.912383, 40.77731 ], [ -73.914548, 40.775548 ], [ -73.917077, 40.773475 ], [ -73.915395, 40.77229 ], [ -73.91431, 40.771523 ], [ -73.912893, 40.770521 ], [ -73.911673, 40.769645 ], [ -73.910241, 40.769427 ], [ -73.908217, 40.771085 ], [ -73.907494, 40.770572 ], [ -73.90533, 40.769038 ], [ -73.903191, 40.770825 ], [ -73.902476, 40.77032 ], [ -73.899616, 40.768304 ], [ -73.89522, 40.771904 ], [ -73.895008, 40.772078 ], [ -73.89289, 40.773808 ], [ -73.893407, 40.774028 ], [ -73.896565, 40.776247 ], [ -73.894232, 40.778154 ], [ -73.89637, 40.779668 ], [ -73.89779, 40.780728 ], [ -73.900167, 40.778779 ], [ -73.903793, 40.777957 ], [ -73.906304, 40.779729 ], [ -73.908671, 40.781401 ], [ -73.910043, 40.78237 ], [ -73.912428, 40.784053 ], [ -73.913807, 40.785026 ], [ -73.915236, 40.786041 ], [ -73.916565, 40.784493 ], [ -73.917107, 40.784057 ], [ -73.915974, 40.783262 ], [ -73.915734, 40.783088 ], [ -73.914595, 40.782283 ], [ -73.913588, 40.781578 ], [ -73.912211, 40.780606 ], [ -73.910835, 40.779635 ], [ -73.910147, 40.77915 ] ] ] } },
{ "type": "Feature", "properties": { "NTAName": "Auburndale", "total_pop": 6857.0, "chinese_pop": 2262.0, "chinese_pct": 32.988187253901124 }, "geometry": { "type": "Polygon", "coordinates": [ [ [ -73.789218, 40.755716 ], [ -73.789002, 40.753609 ], [ -73.788887, 40.752034 ], [ -73.788671, 40.75139 ], [ -73.787844, 40.749691 ], [ -73.787003, 40.747908 ], [ -73.786354, 40.746537 ], [ -73.783674, 40.747274 ], [ -73.7828, 40.747507 ], [ -73.778312, 40.748745 ], [ -73.779806, 40.751895 ], [ -73.780532, 40.753329 ], [ -73.782125, 40.755339 ], [ -73.782481, 40.755997 ], [ -73.783392, 40.757758 ], [ -73.785168, 40.761433 ], [ -73.788068, 40.761205 ], [ -73.79076, 40.760986 ], [ -73.790315, 40.757823 ], [ -73.789428, 40.757848 ], [ -73.789218, 40.755716 ] ] ] } },
{ "type": "Feature", "properties": { "NTAName": "Baisley Park", "total_pop": 10155.0, "chinese_pop": 0.0, "chinese_pct": 0.0 }, "geometry": { "type": "MultiPolygon", "coordinates": [ [ [ [ -73.784977, 40.684152 ], [ -73.784676, 40.68372 ], [ -73.783016, 40.684277 ], [ -73.780957, 40.684941 ], [ -73.779668, 40.685377 ], [ -73.781487, 40.688697 ], [ -73.782345, 40.688407 ], [ -73.784939, 40.687532 ], [ -73.784676, 40.687085 ], [ -73.784485, 40.68676 ], [ -73.786529, 40.685111 ], [ -73.784977, 40.684152 ] ] ], [ [ [ -73.797535, 40.677739 ], [ -73.79727, 40.677195 ], [ -73.795935, 40.676597 ], [ -73.794726, 40.673761 ], [ -73.791652, 40.67349 ], [ -73.790474, 40.673391 ], [ -73.788085, 40.67301 ], [ -73.786868, 40.672824 ], [ -73.788864, 40.673913 ], [ -73.78989, 40.675202 ], [ -73.787709, 40.674946 ], [ -73.786981, 40.675122 ], [ -73.786833, 40.677287 ], [ -73.787288, 40.679317 ], [ -73.787455, 40.680683 ], [ -73.788408, 40.681992 ], [ -73.792093, 40.680476 ], [ -73.79266, 40.682569 ], [ -73.793755, 40.68236 ], [ -73.794635, 40.68211 ], [ -73.793695, 40.680187 ], [ -73.798215, 40.679097 ], [ -73.797535, 40.677739 ] ] ] ] } },
{ "type": "Feature", "properties": { "NTAName": "Bay Ridge", "total_pop": 43511.0, "chinese_pop": 3357.0, "chinese_pct": 7.7152903863390865 }, "geometry": { "type": "Polygon", "coordinates": [ [ [ -74.023235, 40.635318 ], [ -74.02291, 40.636108 ], [ -74.025472, 40.63714 ], [ -74.025666, 40.636667 ], [ -74.028279, 40.637468 ], [ -74.028658, 40.636546 ], [ -74.031268, 40.637357 ], [ -74.031826, 40.635993 ], [ -74.032037, 40.635475 ], [ -74.032317, 40.634791 ], [ -74.032593, 40.63411 ], [ -74.033155, 40.632735 ], [ -74.030473, 40.632099 ], [ -74.030764, 40.631392 ], [ -74.03136, 40.629931 ], [ -74.031957, 40.628471 ], [ -74.032256, 40.627741 ], [ -74.026856, 40.626459 ], [ -74.027139, 40.625762 ], [ -74.027153, 40.625727 ], [ -74.029871, 40.626374 ], [ -74.032555, 40.62701 ], [ -74.033108, 40.625647 ], [ -74.033389, 40.624968 ], [ -74.033742, 40.624099 ], [ -74.034043, 40.623363 ], [ -74.034323, 40.622683 ], [ -74.034601, 40.622001 ], [ -74.034886, 40.62132 ], [ -74.035437, 40.619956 ], [ -74.038095, 40.620585 ], [ -74.040475, 40.62079 ], [ -74.041399105960295, 40.620571094013201 ], [ -74.041004213061896, 40.618904063857904 ], [ -74.040971041910495, 40.618764032700298 ], [ -74.040565747158809, 40.617053091390297 ], [ -74.040247207531905, 40.6157083845955 ], [ -74.038364, 40.616513 ], [ -74.037975, 40.615859 ], [ -74.035682, 40.616671 ], [ -74.035925, 40.617055 ], [ -74.033866, 40.616594 ], [ -74.031515, 40.61533 ], [ -74.030485, 40.616518 ], [ -74.029302, 40.617896 ], [ -74.028205, 40.619173 ], [ -74.029564, 40.619833 ], [ -74.028924, 40.621404 ], [ -74.02835, 40.622799 ], [ -74.026214, 40.621491 ], [ -74.025345, 40.622859 ], [ -74.02475, 40.624321 ], [ -74.022389, 40.622896 ], [ -74.021794, 40.624355 ], [ -74.021495, 40.625084 ], [ -74.021194, 40.625816 ], [ -74.019632, 40.624879 ], [ -74.020064, 40.624285 ], [ -74.018879, 40.624303 ], [ -74.017842, 40.626591 ], [ -74.018639, 40.627071 ], [ -74.018961, 40.626296 ], [ -74.022959, 40.628701 ], [ -74.025361, 40.630109 ], [ -74.025071, 40.630814 ], [ -74.02452, 40.632167 ], [ -74.022024, 40.630988 ], [ -74.01955, 40.629855 ], [ -74.019259, 40.63056 ], [ -74.018895, 40.631444 ], [ -74.01853, 40.632334 ], [ -74.018245, 40.633034 ], [ -74.020722, 40.634169 ], [ -74.023235, 40.635318 ] ] ] } },
{ "type": "Feature", "properties": { "NTAName": "Bayside", "total_pop": 5398.0, "chinese_pop": 1180.0, "chinese_pct": 21.859948128936644 }, "geometry": { "type": "MultiPolygon", "coordinates": [ [ [ [ -73.774687, 40.768792 ], [ -73.773402, 40.766312 ], [ -73.773606, 40.76478 ], [ -73.772882, 40.763412 ], [ -73.770769, 40.763193 ], [ -73.768347, 40.76343 ], [ -73.767807, 40.764847 ], [ -73.76813, 40.765966 ], [ -73.769406, 40.767079 ], [ -73.769849, 40.768602 ], [ -73.770169, 40.769738 ], [ -73.770639, 40.769645 ], [ -73.773761, 40.768975 ], [ -73.774687, 40.768792 ] ] ], [ [ [ -73.76767, 40.756907 ], [ -73.767148, 40.75565 ], [ -73.76615, 40.755746 ], [ -73.764569, 40.753508 ], [ -73.765596, 40.753216 ], [ -73.764598, 40.752596 ], [ -73.763869, 40.752222 ], [ -73.761485, 40.75174 ], [ -73.75944, 40.752403 ], [ -73.759931, 40.752745 ], [ -73.760802, 40.754548 ], [ -73.761927, 40.755773 ], [ -73.761997, 40.758102 ], [ -73.762395, 40.759497 ], [ -73.763337, 40.759294 ], [ -73.764242, 40.759104 ], [ -73.768276, 40.758261 ], [ -73.76767, 40.756907 ] ] ] ] } },
{ "type": "Feature", "properties": { "NTAName": "Bedford Park", "total_pop": 7352.0, "chinese_pop": 61.0, "chinese_pct": 0.82970620239390636 }, "geometry": { "type": "Polygon", "coordinates": [ [ [ -73.893071, 40.871396 ], [ -73.893914, 40.870969 ], [ -73.89485, 40.870451 ], [ -73.896037, 40.86923 ], [ -73.894963, 40.868749 ], [ -73.894153, 40.868386 ], [ -73.892996, 40.867882 ], [ -73.892421, 40.868624 ], [ -73.891737, 40.869511 ], [ -73.890976, 40.870159 ], [ -73.890422, 40.870491 ], [ -73.888673, 40.871497 ], [ -73.887851, 40.872121 ], [ -73.889372, 40.873382 ], [ -73.889804, 40.872401 ], [ -73.890987, 40.871764 ], [ -73.893071, 40.871396 ] ] ] } },
{ "type": "Feature", "properties": { "NTAName": "Bedford-Stuyvesant (East)", "total_pop": 26081.0, "chinese_pop": 288.0, "chinese_pct": 1.1042521375714121 }, "geometry": { "type": "Polygon", "coordinates": [ [ [ -73.934862, 40.682031 ], [ -73.934715, 40.681298 ], [ -73.934571, 40.680565 ], [ -73.934351, 40.679564 ], [ -73.929058, 40.679277 ], [ -73.928555, 40.68005 ], [ -73.928727, 40.681237 ], [ -73.929009, 40.682703 ], [ -73.926095, 40.683038 ], [ -73.922814, 40.683415 ], [ -73.922959, 40.684148 ], [ -73.923104, 40.68488 ], [ -73.923252, 40.685612 ], [ -73.923396, 40.686345 ], [ -73.923542, 40.687076 ], [ -73.923689, 40.687811 ], [ -73.923834, 40.688541 ], [ -73.923979, 40.689275 ], [ -73.93018, 40.688565 ], [ -73.930325, 40.689298 ], [ -73.93047, 40.690031 ], [ -73.930616, 40.690762 ], [ -73.93076, 40.691495 ], [ -73.930907, 40.692228 ], [ -73.936758, 40.691556 ], [ -73.936612, 40.690822 ], [ -73.936467, 40.69009 ], [ -73.936321, 40.689354 ], [ -73.936172, 40.688627 ], [ -73.936027, 40.687892 ], [ -73.935879, 40.68716 ], [ -73.935736, 40.686428 ], [ -73.93559, 40.685695 ], [ -73.935444, 40.684963 ], [ -73.9353, 40.684229 ], [ -73.935155, 40.683497 ], [ -73.935008, 40.682764 ], [ -73.934862, 40.682031 ] ] ] } },
{ "type": "Feature", "properties": { "NTAName": "Bedford-Stuyvesant (West)", "total_pop": 24024.0, "chinese_pop": 552.0, "chinese_pct": 2.2977022977022976 }, "geometry": { "type": "Polygon", "coordinates": [ [ [ -73.955826, 40.692993 ], [ -73.95541, 40.690908 ], [ -73.955122, 40.689444 ], [ -73.954829, 40.687977 ], [ -73.954684, 40.687245 ], [ -73.954538, 40.686512 ], [ -73.954393, 40.68578 ], [ -73.954246, 40.685047 ], [ -73.953954, 40.683581 ], [ -73.953662, 40.682115 ], [ -73.953516, 40.681383 ], [ -73.953371, 40.680641 ], [ -73.949557, 40.68039 ], [ -73.946274, 40.680213 ], [ -73.946437, 40.681449 ], [ -73.94658, 40.682181 ], [ -73.946727, 40.682914 ], [ -73.946873, 40.683646 ], [ -73.947017, 40.68438 ], [ -73.947165, 40.685113 ], [ -73.94731, 40.685846 ], [ -73.947456, 40.686578 ], [ -73.947602, 40.687311 ], [ -73.947748, 40.688044 ], [ -73.947893, 40.688776 ], [ -73.948185, 40.690242 ], [ -73.948331, 40.690974 ], [ -73.948622, 40.69244 ], [ -73.948914, 40.693905 ], [ -73.94906, 40.694637 ], [ -73.949207, 40.695378 ], [ -73.952489, 40.695004 ], [ -73.953414, 40.694893 ], [ -73.955197, 40.694688 ], [ -73.956143, 40.694579 ], [ -73.955826, 40.692993 ] ] ] } },
{ "type": "Feature", "properties": { "NTAName": "Bellerose", "total_pop": 2297.0, "chinese_pop": 202.0, "chinese_pct": 8.7940792337831954 }, "geometry": { "type": "Polygon", "coordinates": [ [ [ -73.727734, 40.731058 ], [ -73.725716, 40.730649 ], [ -73.723306, 40.730348 ], [ -73.723072, 40.731493 ], [ -73.722728, 40.733154 ], [ -73.722675, 40.734247 ], [ -73.722954, 40.735941 ], [ -73.724188, 40.7387 ], [ -73.72489, 40.739566 ], [ -73.726569, 40.740823 ], [ -73.726729, 40.740785 ], [ -73.72751, 40.740688 ], [ -73.726112, 40.736382 ], [ -73.726366, 40.733455 ], [ -73.727734, 40.731058 ] ] ] } },
{ "type": "Feature", "properties": { "NTAName": "Belmont", "total_pop": 8915.0, "chinese_pop": 18.0, "chinese_pct": 0.20190689848569826 }, "geometry": { "type": "Polygon", "coordinates": [ [ [ -73.89112, 40.858659 ], [ -73.891106, 40.857427 ], [ -73.891087, 40.856598 ], [ -73.890389, 40.854689 ], [ -73.89003, 40.854221 ], [ -73.888449, 40.856024 ], [ -73.887568, 40.855556 ], [ -73.886873, 40.855202 ], [ -73.886186, 40.85487 ], [ -73.885421, 40.854498 ], [ -73.884461, 40.854152 ], [ -73.883628, 40.853909 ], [ -73.882519, 40.856112 ], [ -73.881911, 40.857315 ], [ -73.88183, 40.857455 ], [ -73.883522, 40.857999 ], [ -73.884408, 40.85812 ], [ -73.885166, 40.858378 ], [ -73.886785, 40.859197 ], [ -73.890438, 40.861119 ], [ -73.891125, 40.85887 ], [ -73.89112, 40.858659 ] ] ] } },
{ "type": "Feature", "properties": { "NTAName": "Bensonhurst", "total_pop": 36164.0, "chinese_pop": 13295.0, "chinese_pct": 36.763079305386569 }, "geometry": { "type": "Polygon", "coordinates": [ [ [ -73.986129, 40.60933 ], [ -73.984963, 40.610448 ], [ -73.984162, 40.611218 ], [ -73.983351, 40.611992 ], [ -73.983222, 40.612122 ], [ -73.98266, 40.612693 ], [ -73.981748, 40.613554 ], [ -73.981438, 40.613838 ], [ -73.983668, 40.615185 ], [ -73.98586, 40.616522 ], [ -73.988066, 40.617852 ], [ -73.987435, 40.618455 ], [ -73.989566, 40.619738 ], [ -73.99184, 40.621111 ], [ -73.994293, 40.622597 ], [ -73.99492, 40.621994 ], [ -73.996393, 40.620582 ], [ -73.998295, 40.621619 ], [ -73.998595, 40.620502 ], [ -73.999036, 40.618946 ], [ -73.999488, 40.617405 ], [ -73.999944, 40.615782 ], [ -74.000192, 40.614951 ], [ -74.000911, 40.612388 ], [ -74.000739, 40.612555 ], [ -73.99958, 40.613669 ], [ -73.997171, 40.612215 ], [ -73.998313, 40.611084 ], [ -73.996338, 40.609894 ], [ -73.996922, 40.609335 ], [ -73.994719, 40.608005 ], [ -73.994137, 40.608564 ], [ -73.993557, 40.609123 ], [ -73.992975, 40.609683 ], [ -73.992394, 40.610241 ], [ -73.990193, 40.608911 ], [ -73.987965, 40.607566 ], [ -73.987339, 40.608168 ], [ -73.986129, 40.60933 ] ] ] } },
{ "type": "Feature", "properties": { "NTAName": "Borough Park", "total_pop": 32716.0, "chinese_pop": 14.0, "chinese_pct": 0.042792517422667806 }, "geometry": { "type": "Polygon", "coordinates": [ [ [ -73.993866, 40.633347 ], [ -73.995617, 40.631667 ], [ -73.997359, 40.629986 ], [ -73.996115, 40.629232 ], [ -73.990756, 40.625998 ], [ -73.990175, 40.626557 ], [ -73.989009, 40.627676 ], [ -73.988428, 40.628231 ], [ -73.987259, 40.629355 ], [ -73.986675, 40.629916 ], [ -73.985509, 40.631038 ], [ -73.984928, 40.631597 ], [ -73.984344, 40.632157 ], [ -73.983763, 40.632717 ], [ -73.982598, 40.633837 ], [ -73.982015, 40.634395 ], [ -73.981432, 40.634955 ], [ -73.980266, 40.636076 ], [ -73.982466, 40.637406 ], [ -73.984672, 40.638735 ], [ -73.984088, 40.639297 ], [ -73.988494, 40.641956 ], [ -73.989077, 40.641396 ], [ -73.986876, 40.640069 ], [ -73.987455, 40.639505 ], [ -73.988039, 40.638947 ], [ -73.98862, 40.638385 ], [ -73.989206, 40.637824 ], [ -73.989789, 40.637264 ], [ -73.990373, 40.636705 ], [ -73.990956, 40.636145 ], [ -73.991539, 40.635583 ], [ -73.99212, 40.635026 ], [ -73.9927, 40.634467 ], [ -73.993284, 40.633906 ], [ -73.993866, 40.633347 ] ] ] } },
{ "type": "Feature", "properties": { "NTAName": "Brooklyn Heights", "total_pop": 4604.0, "chinese_pop": 262.0, "chinese_pct": 5.6907037358818418 }, "geometry": { "type": "Polygon", "coordinates": [ [ [ -73.996716, 40.693439 ], [ -73.99508, 40.693147 ], [ -73.994298, 40.694792 ], [ -73.993978, 40.695463 ], [ -73.993785, 40.69587 ], [ -73.99302, 40.69746 ], [ -73.99271, 40.698097 ], [ -73.994292, 40.698535 ], [ -73.995326, 40.696378 ], [ -73.995547, 40.695892 ], [ -73.995855, 40.695221 ], [ -73.996197, 40.694507 ], [ -73.996716, 40.693439 ] ] ] } },
{ "type": "Feature", "properties": { "NTAName": "Brownsville", "total_pop": 11225.0, "chinese_pop": 45.0, "chinese_pct": 0.40089086859688194 }, "geometry": { "type": "MultiPolygon", "coordinates": [ [ [ [ -73.911727, 40.662135 ], [ -73.912122, 40.663673 ], [ -73.912516, 40.665209 ], [ -73.913472, 40.665066 ], [ -73.914391, 40.66493 ], [ -73.916267, 40.664654 ], [ -73.915875, 40.663116 ], [ -73.91683, 40.662973 ], [ -73.916434, 40.661432 ], [ -73.914526, 40.661722 ], [ -73.914131, 40.660181 ], [ -73.91321, 40.660319 ], [ -73.912292, 40.660455 ], [ -73.911335, 40.660597 ], [ -73.910943, 40.659061 ], [ -73.910549, 40.657525 ], [ -73.910123, 40.655852 ], [ -73.908245, 40.656133 ], [ -73.907307, 40.656273 ], [ -73.906369, 40.656412 ], [ -73.906795, 40.658084 ], [ -73.907191, 40.659619 ], [ -73.907585, 40.661156 ], [ -73.908524, 40.661014 ], [ -73.90892, 40.662554 ], [ -73.909857, 40.662412 ], [ -73.911727, 40.662135 ] ] ], [ [ [ -73.909699, 40.665628 ], [ -73.909305, 40.664097 ], [ -73.90892, 40.662554 ], [ -73.906138, 40.662967 ], [ -73.905173, 40.663106 ], [ -73.905578, 40.664659 ], [ -73.905971, 40.666181 ], [ -73.906355, 40.667708 ], [ -73.91009, 40.667154 ], [ -73.909699, 40.665628 ] ] ] ] } },
{ "type": "Feature", "properties": { "NTAName": "Bushwick (East)", "total_pop": 27231.0, "chinese_pop": 427.0, "chinese_pct": 1.5680658073519154 }, "geometry": { "type": "Polygon", "coordinates": [ [ [ -73.921154, 40.692796 ], [ -73.92223, 40.691823 ], [ -73.920657, 40.690927 ], [ -73.919906, 40.690499 ], [ -73.919153, 40.690076 ], [ -73.916899, 40.68879 ], [ -73.914642, 40.687507 ], [ -73.913194, 40.68898 ], [ -73.912443, 40.688553 ], [ -73.911692, 40.688125 ], [ -73.91094, 40.687699 ], [ -73.910189, 40.687271 ], [ -73.908742, 40.688745 ], [ -73.907292, 40.690219 ], [ -73.908042, 40.690647 ], [ -73.906599, 40.69212 ], [ -73.905043, 40.693704 ], [ -73.9058, 40.694128 ], [ -73.906545, 40.69456 ], [ -73.908047, 40.695417 ], [ -73.908799, 40.695845 ], [ -73.909551, 40.696271 ], [ -73.911049, 40.697126 ], [ -73.911806, 40.697554 ], [ -73.912556, 40.697982 ], [ -73.914114, 40.696398 ], [ -73.915562, 40.694922 ], [ -73.916313, 40.695351 ], [ -73.917071, 40.695782 ], [ -73.917818, 40.696208 ], [ -73.919271, 40.694731 ], [ -73.921154, 40.692796 ] ] ] } },
{ "type": "Feature", "properties": { "NTAName": "Bushwick (West)", "total_pop": 14053.0, "chinese_pop": 517.0, "chinese_pct": 3.6789297658862878 }, "geometry": { "type": "Polygon", "coordinates": [ [ [ -73.929964, 40.69825 ], [ -73.929316, 40.69764 ], [ -73.928231, 40.696666 ], [ -73.92725, 40.696142 ], [ -73.926499, 40.695712 ], [ -73.92575, 40.695285 ], [ -73.924995, 40.694855 ], [ -73.924249, 40.694429 ], [ -73.922271, 40.696443 ], [ -73.920824, 40.697918 ], [ -73.921574, 40.698345 ], [ -73.922328, 40.698772 ], [ -73.923082, 40.6992 ], [ -73.920075, 40.702259 ], [ -73.920827, 40.702686 ], [ -73.92158, 40.703115 ], [ -73.922331, 40.703543 ], [ -73.923083, 40.703975 ], [ -73.923834, 40.704398 ], [ -73.926838, 40.701334 ], [ -73.927588, 40.701762 ], [ -73.929035, 40.70029 ], [ -73.930521, 40.698772 ], [ -73.929964, 40.69825 ] ] ] } },
{ "type": "Feature", "properties": { "NTAName": "Cambria Heights", "total_pop": 5742.0, "chinese_pop": 73.0, "chinese_pct": 1.2713340299547196 }, "geometry": { "type": "Polygon", "coordinates": [ [ [ -73.73397, 40.699151 ], [ -73.735743, 40.699688 ], [ -73.737489, 40.700214 ], [ -73.740136, 40.695139 ], [ -73.738401, 40.694596 ], [ -73.737517, 40.694318 ], [ -73.738319, 40.692782 ], [ -73.739223, 40.691048 ], [ -73.733107, 40.6892 ], [ -73.732201, 40.690934 ], [ -73.731445, 40.692386 ], [ -73.732297, 40.692683 ], [ -73.730523, 40.694148 ], [ -73.729646, 40.695836 ], [ -73.72874, 40.697569 ], [ -73.727516, 40.697196 ], [ -73.727613, 40.699359 ], [ -73.729791, 40.699425 ], [ -73.730485, 40.700905 ], [ -73.733419, 40.700992 ], [ -73.73397, 40.699151 ] ] ] } },
{ "type": "Feature", "properties": { "NTAName": "Canarsie", "total_pop": 58301.0, "chinese_pop": 1145.0, "chinese_pct": 1.9639457299188694 }, "geometry": { "type": "Polygon", "coordinates": [ [ [ -73.89476, 40.633405 ], [ -73.891557, 40.635475 ], [ -73.889695, 40.633802 ], [ -73.886646, 40.635775 ], [ -73.885944, 40.636227 ], [ -73.883718, 40.63768 ], [ -73.885565, 40.639347 ], [ -73.887386, 40.640981 ], [ -73.885253, 40.642357 ], [ -73.888901, 40.64563 ], [ -73.892551, 40.648911 ], [ -73.894679, 40.64753 ], [ -73.896162, 40.646571 ], [ -73.897619, 40.64563 ], [ -73.899791, 40.644227 ], [ -73.90067, 40.64366 ], [ -73.902345, 40.642576 ], [ -73.903774, 40.641652 ], [ -73.904485, 40.642292 ], [ -73.905417, 40.643129 ], [ -73.907084, 40.644623 ], [ -73.908899, 40.646256 ], [ -73.910716, 40.647888 ], [ -73.912427, 40.646773 ], [ -73.912756, 40.646328 ], [ -73.912915, 40.644177 ], [ -73.913755, 40.643778 ], [ -73.915925, 40.642384 ], [ -73.916621, 40.641948 ], [ -73.917402, 40.641517 ], [ -73.91893, 40.640585 ], [ -73.916809, 40.638682 ], [ -73.914943, 40.637007 ], [ -73.913278, 40.635508 ], [ -73.916224, 40.633606 ], [ -73.913198, 40.631934 ], [ -73.911437, 40.633857 ], [ -73.909597, 40.632205 ], [ -73.908943, 40.631617 ], [ -73.907351, 40.630831 ], [ -73.90652, 40.630458 ], [ -73.902388, 40.628599 ], [ -73.900513, 40.629688 ], [ -73.897629, 40.631553 ], [ -73.89686, 40.63205 ], [ -73.89476, 40.633405 ] ] ] } },
{ "type": "Feature", "properties": { "NTAName": "Carroll Gardens-Cobble Hill-Gowanus-Red Hook", "total_pop": 29118.0, "chinese_pop": 961.0, "chinese_pct": 3.3003640359914828 }, "geometry": { "type": "Polygon", "coordinates": [ [ [ -74.005819, 40.683656 ], [ -74.006623, 40.683658 ], [ -74.006713, 40.683615 ], [ -74.006919, 40.683451 ], [ -74.0092, 40.681496 ], [ -74.010451, 40.680431 ], [ -74.0117, 40.679365 ], [ -74.011055, 40.678926 ], [ -74.009544, 40.677898 ], [ -74.011412, 40.676319 ], [ -74.009611, 40.675121 ], [ -74.007711, 40.674625 ], [ -74.006005, 40.674146 ], [ -74.002608, 40.673182 ], [ -74.002016, 40.674482 ], [ -74.001354, 40.675791 ], [ -74.001213, 40.67587 ], [ -73.999924, 40.674004 ], [ -73.999352, 40.6752 ], [ -73.998728, 40.676489 ], [ -73.998068, 40.677866 ], [ -73.997672, 40.678682 ], [ -73.997283, 40.679502 ], [ -73.996887, 40.680315 ], [ -73.996527, 40.68106 ], [ -73.994654, 40.680541 ], [ -73.994889, 40.6802 ], [ -73.992587, 40.679521 ], [ -73.989388, 40.678285 ], [ -73.98808, 40.680172 ], [ -73.987668, 40.680818 ], [ -73.987279, 40.681467 ], [ -73.990424, 40.682694 ], [ -73.992623, 40.683544 ], [ -73.994901, 40.68443 ], [ -73.994408, 40.685453 ], [ -73.996358, 40.686096 ], [ -73.998189, 40.6867 ], [ -73.999081, 40.684816 ], [ -74.000642, 40.685247 ], [ -74.004504, 40.686301 ], [ -74.004853, 40.685668 ], [ -74.005179, 40.684998 ], [ -74.005819, 40.683656 ] ] ] } },
{ "type": "Feature", "properties": { "NTAName": "Castle Hill-Unionport", "total_pop": 4134.0, "chinese_pop": 0.0, "chinese_pct": 0.0 }, "geometry": { "type": "Polygon", "coordinates": [ [ [ -73.851751, 40.821441 ], [ -73.85158, 40.820711 ], [ -73.85108, 40.818618 ], [ -73.850599, 40.816498 ], [ -73.849574, 40.816634 ], [ -73.848588, 40.816765 ], [ -73.847539, 40.816905 ], [ -73.848008, 40.818932 ], [ -73.848341, 40.820363 ], [ -73.84852, 40.821123 ], [ -73.849018, 40.82326 ], [ -73.852078, 40.822847 ], [ -73.851751, 40.821441 ] ] ] } },
{ "type": "Feature", "properties": { "NTAName": "Chelsea-Hudson Yards", "total_pop": 16042.0, "chinese_pop": 865.0, "chinese_pct": 5.3920957486597683 }, "geometry": { "type": "Polygon", "coordinates": [ [ [ -74.006385, 40.744646 ], [ -74.003542, 40.743448 ], [ -74.000703, 40.742254 ], [ -74.000275, 40.742839 ], [ -73.999848, 40.743425 ], [ -73.999422, 40.744009 ], [ -73.998972, 40.74463 ], [ -73.998486, 40.745294 ], [ -73.998009, 40.745952 ], [ -73.997552, 40.746581 ], [ -73.997099, 40.747205 ], [ -73.997918, 40.747549 ], [ -73.999243, 40.748107 ], [ -73.999938, 40.7484 ], [ -74.002785, 40.749592 ], [ -74.003236, 40.748974 ], [ -74.003684, 40.748355 ], [ -74.003944, 40.747997 ], [ -74.004168, 40.74769 ], [ -74.004653, 40.747023 ], [ -74.005535, 40.745816 ], [ -74.006385, 40.744646 ] ] ] } },
{ "type": "Feature", "properties": { "NTAName": "Co-op City", "total_pop": 10975.0, "chinese_pop": 0.0, "chinese_pct": 0.0 }, "geometry": { "type": "Polygon", "coordinates": [ [ [ -73.830132, 40.87533 ], [ -73.828476, 40.874465 ], [ -73.82821, 40.874928 ], [ -73.827259, 40.874264 ], [ -73.828208, 40.873017 ], [ -73.827459, 40.872753 ], [ -73.828278, 40.871012 ], [ -73.827698, 40.870953 ], [ -73.825886, 40.870396 ], [ -73.825103, 40.871123 ], [ -73.824476, 40.872226 ], [ -73.824346, 40.872938 ], [ -73.824524, 40.874924 ], [ -73.824502, 40.875628 ], [ -73.824844, 40.875702 ], [ -73.825764, 40.876339 ], [ -73.826329, 40.875982 ], [ -73.828367, 40.876687 ], [ -73.828772, 40.876004 ], [ -73.828892, 40.875803 ], [ -73.829785, 40.876119 ], [ -73.830132, 40.87533 ] ] ] } },
{ "type": "Feature", "properties": { "NTAName": "College Point", "total_pop": 5935.0, "chinese_pop": 1175.0, "chinese_pct": 19.79780960404381 }, "geometry": { "type": "Polygon", "coordinates": [ [ [ -73.848754, 40.780146 ], [ -73.841496, 40.780154 ], [ -73.841409, 40.781691 ], [ -73.839604, 40.781693 ], [ -73.838699, 40.781677 ], [ -73.838244, 40.787786 ], [ -73.840083, 40.787849 ], [ -73.841021, 40.787884 ], [ -73.846068, 40.78805 ], [ -73.845909, 40.787728 ], [ -73.845737, 40.786 ], [ -73.84481, 40.785369 ], [ -73.845808, 40.784191 ], [ -73.848535, 40.784105 ], [ -73.84858, 40.783218 ], [ -73.848668, 40.781679 ], [ -73.848754, 40.780146 ] ] ] } },
{ "type": "Feature", "properties": { "NTAName": "Concourse-Concourse Village", "total_pop": 26898.0, "chinese_pop": 44.0, "chinese_pct": 0.16358093538553053 }, "geometry": { "type": "Polygon", "coordinates": [ [ [ -73.914079, 40.833286 ], [ -73.91497, 40.833588 ], [ -73.915857, 40.833839 ], [ -73.916662, 40.834127 ], [ -73.917706, 40.83451 ], [ -73.918389, 40.833809 ], [ -73.919029, 40.83309 ], [ -73.919856, 40.831949 ], [ -73.920461, 40.830915 ], [ -73.921171, 40.829628 ], [ -73.921742, 40.8286 ], [ -73.922669, 40.826854 ], [ -73.923062, 40.826096 ], [ -73.923473, 40.825425 ], [ -73.925153, 40.821904 ], [ -73.925746, 40.821175 ], [ -73.924644, 40.821021 ], [ -73.923073, 40.823624 ], [ -73.922274, 40.82497 ], [ -73.921739, 40.82564 ], [ -73.921152, 40.826398 ], [ -73.920258, 40.826153 ], [ -73.918459, 40.825574 ], [ -73.917533, 40.82725 ], [ -73.916906, 40.828389 ], [ -73.91641, 40.82929 ], [ -73.914722, 40.82873 ], [ -73.912962, 40.82816 ], [ -73.912255, 40.829419 ], [ -73.911384, 40.830988 ], [ -73.912395, 40.830936 ], [ -73.911285, 40.832829 ], [ -73.913844, 40.833694 ], [ -73.914079, 40.833286 ] ] ] } },
{ "type": "Feature", "properties": { "NTAName": "Coney Island-Sea Gate", "total_pop": 22326.0, "chinese_pop": 2028.0, "chinese_pct": 9.0835796828809467 }, "geometry": { "type": "MultiPolygon", "coordinates": [ [ [ [ -73.981256, 40.575563 ], [ -73.976619, 40.575301 ], [ -73.976549, 40.575988 ], [ -73.976271, 40.579821 ], [ -73.977941, 40.579626 ], [ -73.981975, 40.579254 ], [ -73.981256, 40.575563 ] ] ], [ [ [ -74.002548, 40.573327 ], [ -74.002366, 40.572318 ], [ -74.000088, 40.571809 ], [ -73.994726, 40.57152 ], [ -73.991387, 40.571656 ], [ -73.991743, 40.57343 ], [ -73.989686, 40.574004 ], [ -73.985573, 40.57515 ], [ -73.983435, 40.575414 ], [ -73.984149, 40.579053 ], [ -73.986276, 40.578823 ], [ -73.990504, 40.578358 ], [ -73.992638, 40.578118 ], [ -73.995809, 40.577759 ], [ -73.998992, 40.577383 ], [ -74.000034, 40.577245 ], [ -74.001105, 40.577121 ], [ -74.003223, 40.576887 ], [ -74.003093, 40.576196 ], [ -74.002796, 40.574637 ], [ -74.002548, 40.573327 ] ] ] ] } },
{ "type": "Feature", "properties": { "NTAName": "Corona", "total_pop": 15264.0, "chinese_pop": 1400.0, "chinese_pct": 9.1719077568134182 }, "geometry": { "type": "MultiPolygon", "coordinates": [ [ [ [ -73.858059, 40.749353 ], [ -73.857323, 40.747922 ], [ -73.854421, 40.748805 ], [ -73.855139, 40.750226 ], [ -73.855835, 40.751577 ], [ -73.858763, 40.750717 ], [ -73.858059, 40.749353 ] ] ], [ [ [ -73.86241, 40.74289 ], [ -73.861855, 40.741589 ], [ -73.860734, 40.739636 ], [ -73.860072, 40.738373 ], [ -73.858975, 40.738698 ], [ -73.857702, 40.73936 ], [ -73.857309, 40.739681 ], [ -73.856454, 40.740363 ], [ -73.853129, 40.739374 ], [ -73.852878, 40.740038 ], [ -73.85264, 40.74071 ], [ -73.852358, 40.741375 ], [ -73.8534, 40.741846 ], [ -73.854332, 40.742698 ], [ -73.856056, 40.743665 ], [ -73.856548, 40.74381 ], [ -73.858681, 40.744031 ], [ -73.858874, 40.744395 ], [ -73.859081, 40.744783 ], [ -73.85956, 40.745724 ], [ -73.860262, 40.747069 ], [ -73.86032, 40.747196 ], [ -73.862531, 40.746534 ], [ -73.864072, 40.746074 ], [ -73.864371, 40.745082 ], [ -73.863415, 40.744781 ], [ -73.862666, 40.74341 ], [ -73.86241, 40.74289 ] ] ] ] } },
{ "type": "Feature", "properties": { "NTAName": "Crown Heights (North)", "total_pop": 23645.0, "chinese_pop": 258.0, "chinese_pct": 1.0911397758511312 }, "geometry": { "type": "Polygon", "coordinates": [ [ [ -73.94723, 40.675053 ], [ -73.950001, 40.675204 ], [ -73.952768, 40.675355 ], [ -73.952849, 40.674462 ], [ -73.952937, 40.673571 ], [ -73.953019, 40.672681 ], [ -73.950251, 40.67253 ], [ -73.94748, 40.67238 ], [ -73.947642, 40.670664 ], [ -73.944872, 40.670504 ], [ -73.942106, 40.670342 ], [ -73.939337, 40.670192 ], [ -73.936569, 40.670041 ], [ -73.93649, 40.670886 ], [ -73.936406, 40.671774 ], [ -73.933635, 40.671626 ], [ -73.930868, 40.671474 ], [ -73.928098, 40.671321 ], [ -73.925328, 40.671169 ], [ -73.925245, 40.672062 ], [ -73.925161, 40.672954 ], [ -73.925122, 40.673399 ], [ -73.925082, 40.673844 ], [ -73.92784, 40.673996 ], [ -73.930615, 40.674147 ], [ -73.933298, 40.67519 ], [ -73.936078, 40.675335 ], [ -73.938841, 40.675493 ], [ -73.938895, 40.674599 ], [ -73.941694, 40.674748 ], [ -73.944462, 40.674907 ], [ -73.94723, 40.675053 ] ] ] } },
{ "type": "Feature", "properties": { "NTAName": "Crown Heights (South)", "total_pop": 15709.0, "chinese_pop": 25.0, "chinese_pct": 0.15914443949328411 }, "geometry": { "type": "MultiPolygon", "coordinates": [ [ [ [ -73.953849, 40.663728 ], [ -73.950974, 40.663905 ], [ -73.950919, 40.6654 ], [ -73.950835, 40.666289 ], [ -73.950668, 40.668072 ], [ -73.950502, 40.669856 ], [ -73.95327, 40.670007 ], [ -73.953439, 40.668224 ], [ -73.953521, 40.667333 ], [ -73.953606, 40.66644 ], [ -73.95369, 40.665549 ], [ -73.953849, 40.663728 ] ] ], [ [ [ -73.934224, 40.665378 ], [ -73.931455, 40.665234 ], [ -73.931381, 40.666126 ], [ -73.931291, 40.667015 ], [ -73.931119, 40.668798 ], [ -73.933888, 40.66895 ], [ -73.934058, 40.667168 ], [ -73.934224, 40.665378 ] ] ], [ [ [ -73.948151, 40.665248 ], [ -73.945381, 40.665099 ], [ -73.942613, 40.664947 ], [ -73.939845, 40.664794 ], [ -73.937074, 40.664644 ], [ -73.936984, 40.665536 ], [ -73.936907, 40.666426 ], [ -73.936825, 40.667317 ], [ -73.936749, 40.668128 ], [ -73.939515, 40.668296 ], [ -73.942285, 40.668461 ], [ -73.947818, 40.668784 ], [ -73.947899, 40.667922 ], [ -73.947984, 40.667031 ], [ -73.948067, 40.666139 ], [ -73.948151, 40.665248 ] ] ] ] } },
{ "type": "Feature", "properties": { "NTAName": "Douglaston-Little Neck", "total_pop": 3184.0, "chinese_pop": 817.0, "chinese_pct": 25.659547738693465 }, "geometry": { "type": "Polygon", "coordinates": [ [ [ -73.737007, 40.767691 ], [ -73.73542, 40.76485 ], [ -73.731862, 40.760542 ], [ -73.72794, 40.762869 ], [ -73.726643, 40.763445 ], [ -73.724729, 40.764029 ], [ -73.724094, 40.764158 ], [ -73.721059, 40.764499 ], [ -73.721616, 40.764841 ], [ -73.727993, 40.76878 ], [ -73.729524, 40.769734 ], [ -73.733962, 40.772449 ], [ -73.735493, 40.770674 ], [ -73.73695, 40.768906 ], [ -73.737539, 40.768402 ], [ -73.737007, 40.767691 ] ] ] } },
{ "type": "Feature", "properties": { "NTAName": "Dyker Heights", "total_pop": 15477.0, "chinese_pop": 6305.0, "chinese_pct": 40.73786909607805 }, "geometry": { "type": "Polygon", "coordinates": [ [ [ -74.012142, 40.628684 ], [ -74.012858, 40.628207 ], [ -74.013572, 40.627728 ], [ -74.011665, 40.626574 ], [ -74.012245, 40.626016 ], [ -74.013409, 40.624896 ], [ -74.014033, 40.624294 ], [ -74.016406, 40.622014 ], [ -74.018152, 40.620336 ], [ -74.020526, 40.618058 ], [ -74.018316, 40.616722 ], [ -74.016118, 40.615384 ], [ -74.013749, 40.617676 ], [ -74.013164, 40.618236 ], [ -74.012002, 40.619353 ], [ -74.0098, 40.618024 ], [ -74.009217, 40.618582 ], [ -74.007426, 40.620303 ], [ -74.005637, 40.622024 ], [ -74.007839, 40.623355 ], [ -74.00726, 40.623915 ], [ -74.006678, 40.624473 ], [ -74.006095, 40.625033 ], [ -74.005655, 40.625455 ], [ -74.004932, 40.626151 ], [ -74.00435, 40.626711 ], [ -74.006554, 40.62804 ], [ -74.008754, 40.629371 ], [ -74.010004, 40.630113 ], [ -74.011428, 40.629162 ], [ -74.012142, 40.628684 ] ] ] } },
{ "type": "Feature", "properties": { "NTAName": "East Elmhurst", "total_pop": 2157.0, "chinese_pop": 0.0, "chinese_pct": 0.0 }, "geometry": { "type": "Polygon", "coordinates": [ [ [ -73.871355, 40.762332 ], [ -73.868255, 40.761806 ], [ -73.864335, 40.761143 ], [ -73.863496, 40.761558 ], [ -73.866323, 40.76448 ], [ -73.867492, 40.765688 ], [ -73.868982, 40.764913 ], [ -73.869846, 40.764827 ], [ -73.871773, 40.764625 ], [ -73.871355, 40.762332 ] ] ] } },
{ "type": "Feature", "properties": { "NTAName": "East Flatbush-Erasmus", "total_pop": 5116.0, "chinese_pop": 0.0, "chinese_pct": 0.0 }, "geometry": { "type": "Polygon", "coordinates": [ [ [ -73.952363, 40.649669 ], [ -73.952189, 40.648021 ], [ -73.95205, 40.646771 ], [ -73.949152, 40.646886 ], [ -73.947241, 40.646964 ], [ -73.94626, 40.647006 ], [ -73.946674, 40.650948 ], [ -73.947656, 40.650899 ], [ -73.948591, 40.650855 ], [ -73.949571, 40.650807 ], [ -73.952469, 40.65067 ], [ -73.952363, 40.649669 ] ] ] } },
{ "type": "Feature", "properties": { "NTAName": "East Flatbush-Farragut", "total_pop": 6484.0, "chinese_pop": 53.0, "chinese_pct": 0.81739666872301053 }, "geometry": { "type": "Polygon", "coordinates": [ [ [ -73.94372, 40.641242 ], [ -73.942651, 40.640344 ], [ -73.942503, 40.638965 ], [ -73.945373, 40.638787 ], [ -73.945123, 40.636448 ], [ -73.942249, 40.636628 ], [ -73.941283, 40.636687 ], [ -73.937512, 40.636921 ], [ -73.937762, 40.639259 ], [ -73.939664, 40.639142 ], [ -73.939914, 40.641481 ], [ -73.940159, 40.64378 ], [ -73.942029, 40.643664 ], [ -73.943965, 40.643543 ], [ -73.94372, 40.641242 ] ] ] } },
{ "type": "Feature", "properties": { "NTAName": "East Flatbush-Rugby", "total_pop": 10755.0, "chinese_pop": 19.0, "chinese_pct": 0.17666201766620176 }, "geometry": { "type": "Polygon", "coordinates": [ [ [ -73.926547, 40.652392 ], [ -73.927514, 40.652318 ], [ -73.927694, 40.653985 ], [ -73.927856, 40.655516 ], [ -73.927995, 40.656802 ], [ -73.930903, 40.65661 ], [ -73.931907, 40.656537 ], [ -73.931772, 40.655273 ], [ -73.931608, 40.653742 ], [ -73.931392, 40.65169 ], [ -73.930381, 40.651734 ], [ -73.930206, 40.650109 ], [ -73.929999, 40.648181 ], [ -73.929803, 40.64632 ], [ -73.929599, 40.644433 ], [ -73.925721, 40.644674 ], [ -73.925922, 40.64656 ], [ -73.92612, 40.64842 ], [ -73.923249, 40.648599 ], [ -73.922312, 40.648658 ], [ -73.922519, 40.650587 ], [ -73.923585, 40.65052 ], [ -73.922849, 40.652463 ], [ -73.923666, 40.652538 ], [ -73.92561, 40.652446 ], [ -73.926547, 40.652392 ] ] ] } },
{ "type": "Feature", "properties": { "NTAName": "East Flushing", "total_pop": 7835.0, "chinese_pop": 3775.0, "chinese_pct": 48.181238034460755 }, "geometry": { "type": "Polygon", "coordinates": [ [ [ -73.815942, 40.752691 ], [ -73.813334, 40.750372 ], [ -73.811924, 40.751288 ], [ -73.811514, 40.750455 ], [ -73.809135, 40.750269 ], [ -73.808909, 40.751933 ], [ -73.807975, 40.751858 ], [ -73.807685, 40.753987 ], [ -73.805819, 40.753838 ], [ -73.804886, 40.753765 ], [ -73.804445, 40.75373 ], [ -73.803946, 40.753699 ], [ -73.803595, 40.756324 ], [ -73.804528, 40.756399 ], [ -73.804207, 40.758747 ], [ -73.806073, 40.758895 ], [ -73.808867, 40.759115 ], [ -73.809799, 40.759192 ], [ -73.811202, 40.75882 ], [ -73.816215, 40.75747 ], [ -73.815339, 40.755432 ], [ -73.817721, 40.754276 ], [ -73.815942, 40.752691 ] ] ] } },
{ "type": "Feature", "properties": { "NTAName": "East Harlem (North)", "total_pop": 15340.0, "chinese_pop": 117.0, "chinese_pct": 0.76271186440677974 }, "geometry": { "type": "Polygon", "coordinates": [ [ [ -73.941825, 40.80124 ], [ -73.940207, 40.800557 ], [ -73.938603, 40.799883 ], [ -73.939062, 40.799253 ], [ -73.939522, 40.798625 ], [ -73.940519, 40.797261 ], [ -73.938285, 40.796301 ], [ -73.935912, 40.795312 ], [ -73.934913, 40.79668 ], [ -73.934456, 40.79731 ], [ -73.933991, 40.797932 ], [ -73.933516, 40.798594 ], [ -73.931969, 40.800711 ], [ -73.931773, 40.800979 ], [ -73.934062, 40.802077 ], [ -73.93631, 40.803024 ], [ -73.935326, 40.804371 ], [ -73.938544, 40.80573 ], [ -73.939989, 40.803756 ], [ -73.940908, 40.802499 ], [ -73.941825, 40.80124 ] ] ] } },
{ "type": "Feature", "properties": { "NTAName": "East Harlem (South)", "total_pop": 18078.0, "chinese_pop": 1492.0, "chinese_pct": 8.2531253457240847 }, "geometry": { "type": "Polygon", "coordinates": [ [ [ -73.951609, 40.787858 ], [ -73.952058, 40.787222 ], [ -73.952551, 40.786549 ], [ -73.950927, 40.785866 ], [ -73.950174, 40.785549 ], [ -73.949332, 40.785194 ], [ -73.948827, 40.785881 ], [ -73.948378, 40.786497 ], [ -73.947924, 40.787121 ], [ -73.945696, 40.786173 ], [ -73.943319, 40.785174 ], [ -73.941937, 40.787065 ], [ -73.941019, 40.788319 ], [ -73.943396, 40.789309 ], [ -73.945636, 40.790254 ], [ -73.945168, 40.790894 ], [ -73.946772, 40.791569 ], [ -73.948386, 40.792256 ], [ -73.948846, 40.791622 ], [ -73.949303, 40.790999 ], [ -73.949766, 40.790372 ], [ -73.950241, 40.789744 ], [ -73.951609, 40.787858 ] ] ] } },
{ "type": "Feature", "properties": { "NTAName": "East Midtown-Turtle Bay", "total_pop": 10461.0, "chinese_pop": 699.0, "chinese_pct": 6.6819615715514775 }, "geometry": { "type": "Polygon", "coordinates": [ [ [ -73.971217, 40.755193 ], [ -73.968978, 40.754251 ], [ -73.966616, 40.753244 ], [ -73.966157, 40.753878 ], [ -73.965696, 40.754505 ], [ -73.96524, 40.75513 ], [ -73.964786, 40.755756 ], [ -73.964325, 40.756381 ], [ -73.963871, 40.757008 ], [ -73.963412, 40.757637 ], [ -73.965783, 40.758632 ], [ -73.968024, 40.759578 ], [ -73.968936, 40.75833 ], [ -73.969394, 40.7577 ], [ -73.970313, 40.756453 ], [ -73.97076, 40.755825 ], [ -73.971217, 40.755193 ] ] ] } },
{ "type": "Feature", "properties": { "NTAName": "East New York (North)", "total_pop": 7984.0, "chinese_pop": 0.0, "chinese_pct": 0.0 }, "geometry": { "type": "MultiPolygon", "coordinates": [ [ [ [ -73.893352, 40.673582 ], [ -73.893028, 40.672315 ], [ -73.892711, 40.671046 ], [ -73.890878, 40.671318 ], [ -73.889096, 40.671582 ], [ -73.888192, 40.671715 ], [ -73.888515, 40.672983 ], [ -73.888838, 40.674251 ], [ -73.889151, 40.675496 ], [ -73.890959, 40.675224 ], [ -73.892766, 40.674956 ], [ -73.89367, 40.674822 ], [ -73.893352, 40.673582 ] ] ], [ [ [ -73.89802, 40.668958 ], [ -73.897633, 40.667419 ], [ -73.897233, 40.665878 ], [ -73.896316, 40.666019 ], [ -73.894439, 40.666297 ], [ -73.893446, 40.666446 ], [ -73.893839, 40.66798 ], [ -73.894231, 40.669519 ], [ -73.894556, 40.67077 ], [ -73.895544, 40.670626 ], [ -73.898341, 40.670212 ], [ -73.89802, 40.668958 ] ] ] ] } },
{ "type": "Feature", "properties": { "NTAName": "East New York-City Line", "total_pop": 17717.0, "chinese_pop": 16.0, "chinese_pct": 0.090308743015183157 }, "geometry": { "type": "Polygon", "coordinates": [ [ [ -73.870387, 40.676939 ], [ -73.870073, 40.675671 ], [ -73.869752, 40.674404 ], [ -73.869447, 40.673143 ], [ -73.871303, 40.672858 ], [ -73.870943, 40.671335 ], [ -73.870562, 40.669798 ], [ -73.870112, 40.668014 ], [ -73.86833, 40.668728 ], [ -73.86788, 40.666996 ], [ -73.867518, 40.665473 ], [ -73.862042, 40.666253 ], [ -73.86242, 40.667783 ], [ -73.862845, 40.669522 ], [ -73.863207, 40.671019 ], [ -73.863919, 40.673942 ], [ -73.861764, 40.674233 ], [ -73.864554, 40.675151 ], [ -73.867258, 40.676113 ], [ -73.869776, 40.677027 ], [ -73.870439, 40.677218 ], [ -73.870387, 40.676939 ] ] ] } },
{ "type": "Feature", "properties": { "NTAName": "East New York-New Lots", "total_pop": 15084.0, "chinese_pop": 94.0, "chinese_pct": 0.6231768761601697 }, "geometry": { "type": "MultiPolygon", "coordinates": [ [ [ [ -73.882912, 40.659781 ], [ -73.884582, 40.659061 ], [ -73.887786, 40.657683 ], [ -73.886689, 40.656205 ], [ -73.885681, 40.65485 ], [ -73.882511, 40.656213 ], [ -73.880813, 40.656945 ], [ -73.881826, 40.658308 ], [ -73.878592, 40.659701 ], [ -73.879683, 40.66117 ], [ -73.880892, 40.662834 ], [ -73.884131, 40.661433 ], [ -73.882912, 40.659781 ] ] ], [ [ [ -73.889907, 40.663778 ], [ -73.891738, 40.663507 ], [ -73.89365, 40.663223 ], [ -73.895531, 40.662945 ], [ -73.895151, 40.661314 ], [ -73.89469, 40.661126 ], [ -73.893279, 40.65923 ], [ -73.891649, 40.659933 ], [ -73.890015, 40.660636 ], [ -73.888385, 40.661338 ], [ -73.886814, 40.662014 ], [ -73.881856, 40.66415 ], [ -73.883309, 40.666112 ], [ -73.885563, 40.665141 ], [ -73.888108, 40.664047 ], [ -73.889907, 40.663778 ] ] ] ] } },
{ "type": "Feature", "properties": { "NTAName": "East Village", "total_pop": 15854.0, "chinese_pop": 1519.0, "chinese_pct": 9.5811782515453512 }, "geometry": { "type": "Polygon", "coordinates": [ [ [ -73.980333, 40.726281 ], [ -73.979906, 40.726866 ], [ -73.982228, 40.727846 ], [ -73.982657, 40.727261 ], [ -73.984875, 40.728194 ], [ -73.985753, 40.726988 ], [ -73.986176, 40.726409 ], [ -73.987053, 40.725203 ], [ -73.987502, 40.724584 ], [ -73.985286, 40.723649 ], [ -73.982964, 40.722671 ], [ -73.980607, 40.721678 ], [ -73.978231, 40.720674 ], [ -73.977683, 40.72142 ], [ -73.976893, 40.722498 ], [ -73.975598, 40.724283 ], [ -73.977977, 40.725288 ], [ -73.980333, 40.726281 ] ] ] } },
{ "type": "Feature", "properties": { "NTAName": "East Williamsburg", "total_pop": 24190.0, "chinese_pop": 903.0, "chinese_pct": 3.732947498966515 }, "geometry": { "type": "Polygon", "coordinates": [ [ [ -73.940726, 40.702901 ], [ -73.94042, 40.701077 ], [ -73.93763, 40.701739 ], [ -73.936982, 40.70191 ], [ -73.937784, 40.703525 ], [ -73.938599, 40.704066 ], [ -73.939313, 40.704815 ], [ -73.939432, 40.705256 ], [ -73.938705, 40.707015 ], [ -73.938864, 40.708495 ], [ -73.939958, 40.70839 ], [ -73.940076, 40.709102 ], [ -73.940423, 40.711218 ], [ -73.940688, 40.711962 ], [ -73.934802, 40.713373 ], [ -73.934959, 40.713722 ], [ -73.935613, 40.715191 ], [ -73.938696, 40.715323 ], [ -73.941218, 40.714707 ], [ -73.942066, 40.714729 ], [ -73.942687, 40.714692 ], [ -73.94317, 40.717517 ], [ -73.943285, 40.718226 ], [ -73.943427, 40.718934 ], [ -73.946744, 40.718548 ], [ -73.946723, 40.718392 ], [ -73.946533, 40.717198 ], [ -73.946186, 40.715067 ], [ -73.94607, 40.714372 ], [ -73.945949, 40.713638 ], [ -73.945596, 40.711481 ], [ -73.945475, 40.71074 ], [ -73.946973, 40.709894 ], [ -73.946756, 40.708466 ], [ -73.946523, 40.707011 ], [ -73.946265, 40.705604 ], [ -73.944567, 40.705021 ], [ -73.94285, 40.705182 ], [ -73.942734, 40.704473 ], [ -73.94103, 40.704637 ], [ -73.940726, 40.702901 ] ] ] } },
{ "type": "Feature", "properties": { "NTAName": "Eastchester-Edenwald-Baychester", "total_pop": 16079.0, "chinese_pop": 52.0, "chinese_pct": 0.3234031967162137 }, "geometry": { "type": "MultiPolygon", "coordinates": [ [ [ [ -73.84118, 40.886408 ], [ -73.843146, 40.885031 ], [ -73.846067, 40.882901 ], [ -73.846576, 40.882211 ], [ -73.844263, 40.88042 ], [ -73.844773, 40.879756 ], [ -73.843241, 40.879109 ], [ -73.842015, 40.879872 ], [ -73.841277, 40.880317 ], [ -73.838743, 40.881266 ], [ -73.836641, 40.88212 ], [ -73.834346, 40.88385 ], [ -73.834047, 40.88399 ], [ -73.833618, 40.884186 ], [ -73.830654, 40.884853 ], [ -73.827896, 40.885952 ], [ -73.82519, 40.886982 ], [ -73.824492, 40.887378 ], [ -73.82492, 40.88785 ], [ -73.828135, 40.888579 ], [ -73.829473, 40.889083 ], [ -73.834452, 40.889363 ], [ -73.834674, 40.889332 ], [ -73.835549, 40.889133 ], [ -73.836434, 40.888935 ], [ -73.838227, 40.888644 ], [ -73.839773, 40.888738 ], [ -73.841053, 40.888553 ], [ -73.841941, 40.888418 ], [ -73.84118, 40.886408 ] ] ], [ [ [ -73.848166, 40.876452 ], [ -73.846923, 40.874154 ], [ -73.846022, 40.87249 ], [ -73.846891, 40.872218 ], [ -73.84609, 40.87039 ], [ -73.845173, 40.869915 ], [ -73.843586, 40.869088 ], [ -73.842635, 40.869414 ], [ -73.839068, 40.870569 ], [ -73.838235, 40.870839 ], [ -73.837402, 40.871109 ], [ -73.837461, 40.873223 ], [ -73.839248, 40.876619 ], [ -73.838148, 40.876954 ], [ -73.839438, 40.877446 ], [ -73.842395, 40.878751 ], [ -73.843241, 40.879109 ], [ -73.845461, 40.877347 ], [ -73.846368, 40.877035 ], [ -73.847298, 40.876733 ], [ -73.848166, 40.876452 ] ] ] ] } },
{ "type": "Feature", "properties": { "NTAName": "Elmhurst", "total_pop": 30227.0, "chinese_pop": 6355.0, "chinese_pct": 21.024249842855724 }, "geometry": { "type": "Polygon", "coordinates": [ [ [ -73.882873, 40.737611 ], [ -73.880354, 40.737135 ], [ -73.877838, 40.736586 ], [ -73.87477, 40.734628 ], [ -73.874351, 40.734966 ], [ -73.872656, 40.735743 ], [ -73.872772, 40.736046 ], [ -73.873567, 40.738117 ], [ -73.873835, 40.738803 ], [ -73.874103, 40.739488 ], [ -73.874361, 40.74016 ], [ -73.874796, 40.741288 ], [ -73.875019, 40.741494 ], [ -73.873485, 40.742501 ], [ -73.874505, 40.743311 ], [ -73.874658, 40.743268 ], [ -73.875671, 40.74297 ], [ -73.878479, 40.742151 ], [ -73.878242, 40.742397 ], [ -73.877683, 40.743061 ], [ -73.877211, 40.743661 ], [ -73.876746, 40.744265 ], [ -73.876282, 40.744869 ], [ -73.877904, 40.74559 ], [ -73.879818, 40.746442 ], [ -73.880284, 40.745835 ], [ -73.880747, 40.745233 ], [ -73.882105, 40.745836 ], [ -73.883403, 40.746418 ], [ -73.883843, 40.745797 ], [ -73.885095, 40.743974 ], [ -73.886208, 40.743775 ], [ -73.887986, 40.743548 ], [ -73.887511, 40.741083 ], [ -73.885726, 40.741289 ], [ -73.884615, 40.740433 ], [ -73.882829, 40.740992 ], [ -73.882943, 40.74161 ], [ -73.881004, 40.741841 ], [ -73.880278, 40.741297 ], [ -73.880237, 40.741199 ], [ -73.87932, 40.740602 ], [ -73.879107, 40.740445 ], [ -73.878487, 40.739934 ], [ -73.877431, 40.738601 ], [ -73.881785, 40.737807 ], [ -73.882873, 40.737611 ] ] ] } },
{ "type": "Feature", "properties": { "NTAName": "Far Rockaway-Bayswater", "total_pop": 17668.0, "chinese_pop": 488.0, "chinese_pct": 2.7620556939098937 }, "geometry": { "type": "Polygon", "coordinates": [ [ [ -73.763361, 40.599105 ], [ -73.761658, 40.599973 ], [ -73.761288, 40.599549 ], [ -73.763335, 40.597823 ], [ -73.762357, 40.597229 ], [ -73.762156, 40.596085 ], [ -73.760409, 40.596103 ], [ -73.759392, 40.595841 ], [ -73.757962, 40.595365 ], [ -73.757144, 40.595301 ], [ -73.754492, 40.595156 ], [ -73.753986, 40.59514 ], [ -73.753203, 40.595152 ], [ -73.75321, 40.597323 ], [ -73.752478, 40.599245 ], [ -73.750654, 40.598845 ], [ -73.749786, 40.599513 ], [ -73.747637, 40.601039 ], [ -73.745405, 40.601955 ], [ -73.74574, 40.603403 ], [ -73.746453, 40.603291 ], [ -73.747114, 40.603147 ], [ -73.747562, 40.603078 ], [ -73.749705, 40.60259 ], [ -73.75285, 40.60426 ], [ -73.753538, 40.604569 ], [ -73.754419, 40.604978 ], [ -73.755274, 40.605334 ], [ -73.757594, 40.605802 ], [ -73.757784, 40.605832 ], [ -73.760953, 40.606452 ], [ -73.760838, 40.605272 ], [ -73.760401, 40.602433 ], [ -73.760598, 40.60181 ], [ -73.761639, 40.600782 ], [ -73.763868, 40.599727 ], [ -73.763361, 40.599105 ] ] ] } },
{ "type": "Feature", "properties": { "NTAName": "Flatbush", "total_pop": 4491.0, "chinese_pop": 0.0, "chinese_pct": 0.0 }, "geometry": { "type": "Polygon", "coordinates": [ [ [ -73.961214, 40.644723 ], [ -73.960016, 40.644853 ], [ -73.958022, 40.64507 ], [ -73.958107, 40.646518 ], [ -73.958141, 40.647504 ], [ -73.960471, 40.647244 ], [ -73.961672, 40.647115 ], [ -73.961214, 40.644723 ] ] ] } },
{ "type": "Feature", "properties": { "NTAName": "Flatbush (West)-Ditmas Park-Parkville", "total_pop": 3951.0, "chinese_pop": 49.0, "chinese_pct": 1.2401923563654771 }, "geometry": { "type": "Polygon", "coordinates": [ [ [ -73.965792, 40.638441 ], [ -73.965382, 40.636279 ], [ -73.965082, 40.634683 ], [ -73.964805, 40.633249 ], [ -73.963946, 40.633662 ], [ -73.962203, 40.6345 ], [ -73.962781, 40.637513 ], [ -73.963186, 40.639672 ], [ -73.963557, 40.64161 ], [ -73.96443, 40.641214 ], [ -73.966174, 40.640431 ], [ -73.965792, 40.638441 ] ] ] } },
{ "type": "Feature", "properties": { "NTAName": "Flatlands", "total_pop": 28649.0, "chinese_pop": 195.0, "chinese_pct": 0.68065202973925798 }, "geometry": { "type": "Polygon", "coordinates": [ [ [ -73.941229, 40.622517 ], [ -73.940851, 40.620458 ], [ -73.940805, 40.620125 ], [ -73.936336, 40.620611 ], [ -73.93538, 40.621216 ], [ -73.9331, 40.622694 ], [ -73.932195, 40.623269 ], [ -73.93125, 40.623321 ], [ -73.930282, 40.623381 ], [ -73.929311, 40.623441 ], [ -73.927369, 40.623562 ], [ -73.927135, 40.621358 ], [ -73.926879, 40.61895 ], [ -73.923008, 40.619193 ], [ -73.923262, 40.6216 ], [ -73.923497, 40.623802 ], [ -73.920625, 40.623979 ], [ -73.920869, 40.626251 ], [ -73.921119, 40.628586 ], [ -73.924298, 40.628386 ], [ -73.924005, 40.628567 ], [ -73.920418, 40.630904 ], [ -73.924239, 40.630749 ], [ -73.925205, 40.630689 ], [ -73.928114, 40.630506 ], [ -73.930054, 40.630389 ], [ -73.931025, 40.630329 ], [ -73.931983, 40.630269 ], [ -73.932455, 40.63024 ], [ -73.9358, 40.630032 ], [ -73.936767, 40.629973 ], [ -73.939605, 40.629795 ], [ -73.941509, 40.629678 ], [ -73.943409, 40.62956 ], [ -73.943093, 40.62719 ], [ -73.942645, 40.6248 ], [ -73.941681, 40.624907 ], [ -73.941229, 40.622517 ] ] ] } },
{ "type": "Feature", "properties": { "NTAName": "Flushing-Willets Point", "total_pop": 9828.0, "chinese_pop": 7439.0, "chinese_pct": 75.691900691900699 }, "geometry": { "type": "Polygon", "coordinates": [ [ [ -73.82974, 40.758749 ], [ -73.829623, 40.758515 ], [ -73.829469, 40.758194 ], [ -73.833678, 40.756321 ], [ -73.833103, 40.754661 ], [ -73.830748, 40.755744 ], [ -73.829961, 40.754768 ], [ -73.830138, 40.753915 ], [ -73.829867, 40.753495 ], [ -73.827825, 40.754251 ], [ -73.827144, 40.75451 ], [ -73.824718, 40.755488 ], [ -73.825781, 40.756354 ], [ -73.82709, 40.757143 ], [ -73.825185, 40.757649 ], [ -73.826211, 40.759828 ], [ -73.826541, 40.760464 ], [ -73.83014, 40.75957 ], [ -73.82974, 40.758749 ] ] ] } },
{ "type": "Feature", "properties": { "NTAName": "Forest Hills", "total_pop": 30006.0, "chinese_pop": 4465.0, "chinese_pct": 14.880357261880958 }, "geometry": { "type": "Polygon", "coordinates": [ [ [ -73.849247, 40.72845 ], [ -73.851778, 40.727697 ], [ -73.853588, 40.727135 ], [ -73.852448, 40.726705 ], [ -73.853512, 40.72536 ], [ -73.854542, 40.723726 ], [ -73.851354, 40.722575 ], [ -73.849514, 40.722613 ], [ -73.84733, 40.722933 ], [ -73.846257, 40.722453 ], [ -73.843978, 40.721455 ], [ -73.844789, 40.720164 ], [ -73.845254, 40.719441 ], [ -73.849433, 40.720963 ], [ -73.850432, 40.720109 ], [ -73.850605, 40.719381 ], [ -73.851416, 40.718094 ], [ -73.852227, 40.716807 ], [ -73.853033, 40.715519 ], [ -73.853447, 40.714877 ], [ -73.85426, 40.713592 ], [ -73.854662, 40.712947 ], [ -73.855745, 40.71123 ], [ -73.850916, 40.710471 ], [ -73.850334, 40.711371 ], [ -73.849525, 40.712654 ], [ -73.84912, 40.7133 ], [ -73.84476, 40.711706 ], [ -73.842315, 40.715588 ], [ -73.841165, 40.717414 ], [ -73.841016, 40.717643 ], [ -73.840558, 40.718369 ], [ -73.839812, 40.719602 ], [ -73.840852, 40.720065 ], [ -73.840858, 40.720984 ], [ -73.84154, 40.722314 ], [ -73.842225, 40.723642 ], [ -73.842909, 40.724971 ], [ -73.843594, 40.7263 ], [ -73.843934, 40.726965 ], [ -73.844277, 40.72763 ], [ -73.844617, 40.728295 ], [ -73.845158, 40.728901 ], [ -73.845765, 40.730262 ], [ -73.845987, 40.730955 ], [ -73.846325, 40.731616 ], [ -73.846667, 40.732283 ], [ -73.847008, 40.732947 ], [ -73.848047, 40.734967 ], [ -73.850304, 40.734296 ], [ -73.852522, 40.733619 ], [ -73.852164, 40.732947 ], [ -73.851821, 40.732282 ], [ -73.851479, 40.731618 ], [ -73.851137, 40.730953 ], [ -73.850794, 40.730288 ], [ -73.850253, 40.729655 ], [ -73.849448, 40.729154 ], [ -73.849247, 40.72845 ] ] ] } },
{ "type": "Feature", "properties": { "NTAName": "Fort Greene", "total_pop": 4767.0, "chinese_pop": 248.0, "chinese_pct": 5.2024333962659952 }, "geometry": { "type": "Polygon", "coordinates": [ [ [ -73.976188, 40.695098 ], [ -73.975987, 40.694089 ], [ -73.975848, 40.693361 ], [ -73.977827, 40.693438 ], [ -73.97766, 40.691898 ], [ -73.977098, 40.689773 ], [ -73.975106, 40.689698 ], [ -73.974109, 40.689663 ], [ -73.973126, 40.689622 ], [ -73.97354, 40.691707 ], [ -73.973855, 40.693287 ], [ -73.972911, 40.693251 ], [ -73.971872, 40.69321 ], [ -73.972451, 40.696112 ], [ -73.97247, 40.696207 ], [ -73.973485, 40.696246 ], [ -73.975486, 40.696315 ], [ -73.976443, 40.696371 ], [ -73.976188, 40.695098 ] ] ] } },
{ "type": "Feature", "properties": { "NTAName": "Grasmere-Arrochar-South Beach-Dongan Hills", "total_pop": 3480.0, "chinese_pop": 440.0, "chinese_pct": 12.643678160919542 }, "geometry": { "type": "Polygon", "coordinates": [ [ [ -74.085875, 40.59589 ], [ -74.084914, 40.595692 ], [ -74.08407, 40.595496 ], [ -74.083752, 40.595491 ], [ -74.083323, 40.594766 ], [ -74.08241, 40.593207 ], [ -74.081649, 40.59221 ], [ -74.078882, 40.593943 ], [ -74.076263, 40.594823 ], [ -74.074538, 40.595387 ], [ -74.07044, 40.596735 ], [ -74.071999, 40.59806 ], [ -74.072191, 40.598935 ], [ -74.072761, 40.59923 ], [ -74.076448, 40.601005 ], [ -74.077328, 40.60133 ], [ -74.082188, 40.601941 ], [ -74.081203, 40.600446 ], [ -74.082288, 40.598402 ], [ -74.084965, 40.59733 ], [ -74.085875, 40.59589 ] ] ] } },
{ "type": "Feature", "properties": { "NTAName": "Gravesend (East)-Homecrest", "total_pop": 12569.0, "chinese_pop": 54.0, "chinese_pct": 0.42962845095075186 }, "geometry": { "type": "Polygon", "coordinates": [ [ [ -73.966959, 40.605662 ], [ -73.968219, 40.604937 ], [ -73.970021, 40.604444 ], [ -73.969576, 40.602122 ], [ -73.96913, 40.599733 ], [ -73.968201, 40.599835 ], [ -73.967376, 40.595461 ], [ -73.965076, 40.595716 ], [ -73.964638, 40.593328 ], [ -73.960845, 40.593743 ], [ -73.961028, 40.596161 ], [ -73.961185, 40.598312 ], [ -73.961363, 40.600589 ], [ -73.961732, 40.605358 ], [ -73.961886, 40.607336 ], [ -73.963724, 40.606758 ], [ -73.963891, 40.60763 ], [ -73.967261, 40.607259 ], [ -73.966959, 40.605662 ] ] ] } },
{ "type": "Feature", "properties": { "NTAName": "Gravesend (West)", "total_pop": 19219.0, "chinese_pop": 8804.0, "chinese_pct": 45.8088350070243 }, "geometry": { "type": "Polygon", "coordinates": [ [ [ -73.984457, 40.602854 ], [ -73.984925, 40.605313 ], [ -73.985973, 40.605877 ], [ -73.987024, 40.606031 ], [ -73.986847, 40.605097 ], [ -73.988643, 40.603421 ], [ -73.989224, 40.602865 ], [ -73.989808, 40.602303 ], [ -73.99039, 40.601743 ], [ -73.991599, 40.600581 ], [ -73.993363, 40.598889 ], [ -73.991906, 40.598004 ], [ -73.991163, 40.597554 ], [ -73.990421, 40.597104 ], [ -73.988964, 40.596223 ], [ -73.988223, 40.595776 ], [ -73.987505, 40.595342 ], [ -73.986019, 40.594446 ], [ -73.984678, 40.593659 ], [ -73.985015, 40.595413 ], [ -73.985061, 40.595671 ], [ -73.985266, 40.596744 ], [ -73.985491, 40.59793 ], [ -73.984493, 40.598038 ], [ -73.983567, 40.59814 ], [ -73.982639, 40.598243 ], [ -73.981712, 40.598345 ], [ -73.980784, 40.598447 ], [ -73.979858, 40.598548 ], [ -73.979352, 40.598605 ], [ -73.978929, 40.598653 ], [ -73.977933, 40.598762 ], [ -73.976935, 40.59887 ], [ -73.977828, 40.603586 ], [ -73.978828, 40.603475 ], [ -73.979827, 40.60337 ], [ -73.980752, 40.603264 ], [ -73.981679, 40.60316 ], [ -73.982605, 40.603058 ], [ -73.984457, 40.602854 ] ] ] } },
{ "type": "Feature", "properties": { "NTAName": "Great Kills-Eltingville", "total_pop": 13654.0, "chinese_pop": 587.0, "chinese_pct": 4.2991064889409696 }, "geometry": { "type": "Polygon", "coordinates": [ [ [ -74.167572, 40.550575 ], [ -74.166973, 40.54797 ], [ -74.166233, 40.547343 ], [ -74.165743, 40.545398 ], [ -74.165401, 40.544433 ], [ -74.164231, 40.543301 ], [ -74.161024, 40.539898 ], [ -74.15852, 40.537237 ], [ -74.157537, 40.536294 ], [ -74.155933, 40.535354 ], [ -74.153975, 40.534268 ], [ -74.152622, 40.535459 ], [ -74.151585, 40.536351 ], [ -74.151409, 40.536503 ], [ -74.15001, 40.537701 ], [ -74.149591, 40.538067 ], [ -74.147103, 40.541012 ], [ -74.145912, 40.542424 ], [ -74.147465, 40.543497 ], [ -74.148011, 40.544114 ], [ -74.14872, 40.545273 ], [ -74.148937, 40.545673 ], [ -74.150431, 40.548195 ], [ -74.150839, 40.549963 ], [ -74.150106, 40.550818 ], [ -74.150503, 40.551635 ], [ -74.150637, 40.55195 ], [ -74.15122, 40.553312 ], [ -74.152072, 40.555217 ], [ -74.15583, 40.554272 ], [ -74.157672, 40.554058 ], [ -74.160313, 40.553717 ], [ -74.166828, 40.552798 ], [ -74.168052, 40.552718 ], [ -74.167572, 40.550575 ] ] ] } },
{ "type": "Feature", "properties": { "NTAName": "Greenpoint", "total_pop": 17189.0, "chinese_pop": 313.0, "chinese_pct": 1.8209319913898423 }, "geometry": { "type": "Polygon", "coordinates": [ [ [ -73.959712, 40.732558 ], [ -73.959592, 40.731852 ], [ -73.957943, 40.732009 ], [ -73.954609, 40.732324 ], [ -73.954495, 40.731613 ], [ -73.954379, 40.730907 ], [ -73.954245, 40.730197 ], [ -73.953957, 40.729503 ], [ -73.953658, 40.728823 ], [ -73.953273, 40.728133 ], [ -73.952412, 40.728418 ], [ -73.950875, 40.725721 ], [ -73.949924, 40.724056 ], [ -73.949078, 40.72254 ], [ -73.946275, 40.722863 ], [ -73.945015, 40.723004 ], [ -73.94543, 40.725518 ], [ -73.943569, 40.725708 ], [ -73.942636, 40.725793 ], [ -73.941687, 40.725882 ], [ -73.940738, 40.725973 ], [ -73.941043, 40.727841 ], [ -73.941992, 40.72775 ], [ -73.942795, 40.732657 ], [ -73.944612, 40.732071 ], [ -73.944186, 40.729442 ], [ -73.946046, 40.729257 ], [ -73.946245, 40.730487 ], [ -73.949911, 40.729244 ], [ -73.950731, 40.728972 ], [ -73.95159, 40.73045 ], [ -73.951869, 40.731144 ], [ -73.952104, 40.732563 ], [ -73.95234, 40.73398 ], [ -73.952975, 40.736079 ], [ -73.95519, 40.735867 ], [ -73.955307, 40.736577 ], [ -73.958635, 40.736213 ], [ -73.958408, 40.734844 ], [ -73.959945, 40.733979 ], [ -73.959712, 40.732558 ] ] ] } },
{ "type": "Feature", "properties": { "NTAName": "Greenwich Village", "total_pop": 5047.0, "chinese_pop": 275.0, "chinese_pct": 5.4487814543293043 }, "geometry": { "type": "Polygon", "coordinates": [ [ [ -73.996974, 40.731409 ], [ -73.995563, 40.730715 ], [ -73.996572, 40.729552 ], [ -73.995061, 40.72881 ], [ -73.994064, 40.729978 ], [ -73.99325, 40.730945 ], [ -73.992407, 40.730591 ], [ -73.991921, 40.731166 ], [ -73.99146, 40.731738 ], [ -73.993814, 40.732731 ], [ -73.995489, 40.733437 ], [ -73.995914, 40.732847 ], [ -73.996351, 40.732255 ], [ -73.996639, 40.731856 ], [ -73.996974, 40.731409 ] ] ] } },
{ "type": "Feature", "properties": { "NTAName": "Harlem (North)", "total_pop": 34810.0, "chinese_pop": 332.0, "chinese_pct": 0.95374892272335532 }, "geometry": { "type": "Polygon", "coordinates": [ [ [ -73.945141, 40.818424 ], [ -73.946055, 40.817175 ], [ -73.947034, 40.81583 ], [ -73.948419, 40.813938 ], [ -73.945568, 40.812752 ], [ -73.946031, 40.812119 ], [ -73.943172, 40.810942 ], [ -73.942249, 40.812201 ], [ -73.941803, 40.812815 ], [ -73.941347, 40.813438 ], [ -73.940855, 40.814106 ], [ -73.940369, 40.814774 ], [ -73.939909, 40.815404 ], [ -73.939457, 40.816027 ], [ -73.938991, 40.816663 ], [ -73.938539, 40.817282 ], [ -73.938087, 40.8179 ], [ -73.937641, 40.818517 ], [ -73.936721, 40.81977 ], [ -73.936227, 40.820438 ], [ -73.935745, 40.821106 ], [ -73.935335, 40.821749 ], [ -73.938129, 40.822934 ], [ -73.937673, 40.823566 ], [ -73.93722, 40.824188 ], [ -73.936787, 40.824811 ], [ -73.939351, 40.825898 ], [ -73.939602, 40.826002 ], [ -73.940515, 40.824757 ], [ -73.941426, 40.823507 ], [ -73.941917, 40.822837 ], [ -73.942411, 40.822164 ], [ -73.943322, 40.820917 ], [ -73.943778, 40.820294 ], [ -73.944231, 40.819673 ], [ -73.945141, 40.818424 ] ] ] } },
{ "type": "Feature", "properties": { "NTAName": "Harlem (South)", "total_pop": 16175.0, "chinese_pop": 211.0, "chinese_pct": 1.304482225656878 }, "geometry": { "type": "Polygon", "coordinates": [ [ [ -73.956321, 40.803115 ], [ -73.953477, 40.801917 ], [ -73.952508, 40.800686 ], [ -73.951094, 40.800091 ], [ -73.950186, 40.801332 ], [ -73.94968, 40.802024 ], [ -73.949187, 40.8027 ], [ -73.948728, 40.803331 ], [ -73.948273, 40.803957 ], [ -73.947813, 40.804587 ], [ -73.947352, 40.805213 ], [ -73.9469, 40.805839 ], [ -73.944994, 40.808446 ], [ -73.947839, 40.809641 ], [ -73.95068, 40.810843 ], [ -73.952585, 40.808238 ], [ -73.952917, 40.80778 ], [ -73.9535, 40.806981 ], [ -73.954416, 40.805725 ], [ -73.955368, 40.80442 ], [ -73.956321, 40.803115 ] ] ] } },
{ "type": "Feature", "properties": { "NTAName": "Hell's Kitchen", "total_pop": 5053.0, "chinese_pop": 198.0, "chinese_pct": 3.9184642786463488 }, "geometry": { "type": "Polygon", "coordinates": [ [ [ -73.995474, 40.759627 ], [ -73.994878, 40.759376 ], [ -73.992633, 40.75843 ], [ -73.99214, 40.759103 ], [ -73.991685, 40.759729 ], [ -73.99123, 40.760354 ], [ -73.990764, 40.760988 ], [ -73.993609, 40.762184 ], [ -73.99407, 40.761552 ], [ -73.994526, 40.760927 ], [ -73.994983, 40.7603 ], [ -73.995474, 40.759627 ] ] ] } },
{ "type": "Feature", "properties": { "NTAName": "Hollis", "total_pop": 1301.0, "chinese_pop": 0.0, "chinese_pct": 0.0 }, "geometry": { "type": "Polygon", "coordinates": [ [ [ -73.761406, 40.708163 ], [ -73.758718, 40.708811 ], [ -73.756037, 40.709456 ], [ -73.757182, 40.712213 ], [ -73.758102, 40.712005 ], [ -73.762549, 40.710916 ], [ -73.761406, 40.708163 ] ] ] } },
{ "type": "Feature", "properties": { "NTAName": "Howard Beach-Lindenwood", "total_pop": 5920.0, "chinese_pop": 52.0, "chinese_pct": 0.8783783783783784 }, "geometry": { "type": "Polygon", "coordinates": [ [ [ -73.850721, 40.667861 ], [ -73.850338, 40.666323 ], [ -73.849918, 40.664627 ], [ -73.849417, 40.663567 ], [ -73.848813, 40.662804 ], [ -73.841652, 40.66597 ], [ -73.842266, 40.668272 ], [ -73.8481, 40.669831 ], [ -73.851098, 40.669412 ], [ -73.850721, 40.667861 ] ] ] } },
{ "type": "Feature", "properties": { "NTAName": "Hunts Point", "total_pop": 1608.0, "chinese_pop": 0.0, "chinese_pct": 0.0 }, "geometry": { "type": "Polygon", "coordinates": [ [ [ -73.886699, 40.815363 ], [ -73.885894, 40.814593 ], [ -73.884174, 40.81295 ], [ -73.883765, 40.812536 ], [ -73.882025, 40.81083 ], [ -73.880413, 40.809393 ], [ -73.882183, 40.816421 ], [ -73.88338, 40.817351 ], [ -73.885239, 40.81707 ], [ -73.886161, 40.81693 ], [ -73.887996, 40.816664 ], [ -73.886699, 40.815363 ] ] ] } },
{ "type": "Feature", "properties": { "NTAName": "Inwood", "total_pop": 10138.0, "chinese_pop": 22.0, "chinese_pct": 0.21700532649437759 }, "geometry": { "type": "Polygon", "coordinates": [ [ [ -73.922498, 40.866064 ], [ -73.921884, 40.8651 ], [ -73.92125, 40.864112 ], [ -73.920611, 40.863113 ], [ -73.920276, 40.862606 ], [ -73.918943, 40.864463 ], [ -73.917044, 40.867026 ], [ -73.919754, 40.868114 ], [ -73.921214, 40.867693 ], [ -73.92311, 40.867016 ], [ -73.922498, 40.866064 ] ] ] } },
{ "type": "Feature", "properties": { "NTAName": "Jackson Heights", "total_pop": 14251.0, "chinese_pop": 1195.0, "chinese_pct": 8.385376464809486 }, "geometry": { "type": "MultiPolygon", "coordinates": [ [ [ [ -73.879104, 40.752373 ], [ -73.878174, 40.752471 ], [ -73.877247, 40.752568 ], [ -73.876315, 40.752666 ], [ -73.876668, 40.75461 ], [ -73.876998, 40.756439 ], [ -73.87793, 40.756339 ], [ -73.879789, 40.756147 ], [ -73.879104, 40.752373 ] ] ], [ [ [ -73.888401, 40.751396 ], [ -73.888029, 40.749356 ], [ -73.887647, 40.747245 ], [ -73.885787, 40.74744 ], [ -73.886168, 40.749552 ], [ -73.886543, 40.751592 ], [ -73.885613, 40.75169 ], [ -73.885965, 40.753634 ], [ -73.886298, 40.75546 ], [ -73.886685, 40.757586 ], [ -73.886965, 40.759133 ], [ -73.887327, 40.761118 ], [ -73.892899, 40.760533 ], [ -73.893829, 40.760435 ], [ -73.893473, 40.758451 ], [ -73.893188, 40.756898 ], [ -73.892803, 40.754778 ], [ -73.890948, 40.754974 ], [ -73.890013, 40.755071 ], [ -73.889088, 40.75517 ], [ -73.888157, 40.755266 ], [ -73.887824, 40.753438 ], [ -73.888756, 40.75334 ], [ -73.888401, 40.751396 ] ] ] ] } },
{ "type": "Feature", "properties": { "NTAName": "Jamaica", "total_pop": 3835.0, "chinese_pop": 34.0, "chinese_pct": 0.88657105606258158 }, "geometry": { "type": "Polygon", "coordinates": [ [ [ -73.800201, 40.703341 ], [ -73.79992, 40.702474 ], [ -73.797124, 40.703035 ], [ -73.79609, 40.703294 ], [ -73.793792, 40.704032 ], [ -73.794895, 40.705461 ], [ -73.796317, 40.707723 ], [ -73.798258, 40.707016 ], [ -73.799144, 40.706685 ], [ -73.801657, 40.705761 ], [ -73.800201, 40.703341 ] ] ] } },
{ "type": "Feature", "properties": { "NTAName": "Jamaica Hills-Briarwood", "total_pop": 1993.0, "chinese_pop": 116.0, "chinese_pct": 5.8203712995484196 }, "geometry": { "type": "Polygon", "coordinates": [ [ [ -73.810196, 40.714283 ], [ -73.809834, 40.712812 ], [ -73.809508, 40.712141 ], [ -73.80918, 40.71147 ], [ -73.808046, 40.709357 ], [ -73.807179, 40.709603 ], [ -73.805482, 40.710089 ], [ -73.806457, 40.712056 ], [ -73.806654, 40.71295 ], [ -73.806929, 40.713643 ], [ -73.807422, 40.714325 ], [ -73.807774, 40.715716 ], [ -73.810221, 40.715707 ], [ -73.810196, 40.714283 ] ] ] } },
{ "type": "Feature", "properties": { "NTAName": "Kensington", "total_pop": 15365.0, "chinese_pop": 539.0, "chinese_pct": 3.5079726651480638 }, "geometry": { "type": "Polygon", "coordinates": [ [ [ -73.976577, 40.644004 ], [ -73.978327, 40.643268 ], [ -73.977798, 40.640455 ], [ -73.977343, 40.638067 ], [ -73.976415, 40.638168 ], [ -73.975962, 40.635779 ], [ -73.974106, 40.635981 ], [ -73.971361, 40.636286 ], [ -73.970291, 40.636407 ], [ -73.970772, 40.638791 ], [ -73.971222, 40.64118 ], [ -73.971648, 40.643573 ], [ -73.971946, 40.645164 ], [ -73.972086, 40.645863 ], [ -73.973101, 40.645451 ], [ -73.974657, 40.644806 ], [ -73.976577, 40.644004 ] ] ] } },
{ "type": "Feature", "properties": { "NTAName": "Kew Gardens", "total_pop": 8064.0, "chinese_pop": 210.0, "chinese_pct": 2.604166666666667 }, "geometry": { "type": "Polygon", "coordinates": [ [ [ -73.827722, 40.710603 ], [ -73.827785, 40.71066 ], [ -73.82836, 40.711129 ], [ -73.82913, 40.712154 ], [ -73.829314, 40.712423 ], [ -73.831372, 40.711109 ], [ -73.832041, 40.710678 ], [ -73.832626, 40.710333 ], [ -73.834051, 40.710028 ], [ -73.836747, 40.708498 ], [ -73.837147, 40.707957 ], [ -73.836185, 40.707573 ], [ -73.834982, 40.707098 ], [ -73.831764, 40.706142 ], [ -73.829652, 40.705544 ], [ -73.825758, 40.704428 ], [ -73.824809, 40.70416 ], [ -73.824441, 40.704062 ], [ -73.822459, 40.703656 ], [ -73.819377, 40.703871 ], [ -73.822256, 40.705456 ], [ -73.822979, 40.706192 ], [ -73.826532, 40.708145 ], [ -73.827215, 40.709995 ], [ -73.827722, 40.710603 ] ] ] } },
{ "type": "Feature", "properties": { "NTAName": "Kew Gardens Hills", "total_pop": 3521.0, "chinese_pop": 37.0, "chinese_pct": 1.0508378301618859 }, "geometry": { "type": "Polygon", "coordinates": [ [ [ -73.820433, 40.723979 ], [ -73.819425, 40.721997 ], [ -73.81512, 40.72328 ], [ -73.815807, 40.724606 ], [ -73.816146, 40.725271 ], [ -73.817171, 40.72727 ], [ -73.817492, 40.727879 ], [ -73.821853, 40.726675 ], [ -73.820433, 40.723979 ] ] ] } },
{ "type": "Feature", "properties": { "NTAName": "Kingsbridge-Marble Hill", "total_pop": 3565.0, "chinese_pop": 58.0, "chinese_pct": 1.6269284712482468 }, "geometry": { "type": "Polygon", "coordinates": [ [ [ -73.907259, 40.88197 ], [ -73.906495, 40.881549 ], [ -73.90545, 40.880967 ], [ -73.90471, 40.880554 ], [ -73.903937, 40.880134 ], [ -73.902822, 40.881687 ], [ -73.901587, 40.883482 ], [ -73.902568, 40.883839 ], [ -73.904017, 40.884772 ], [ -73.904721, 40.885242 ], [ -73.908012, 40.8824 ], [ -73.907259, 40.88197 ] ] ] } },
{ "type": "Feature", "properties": { "NTAName": "Laurelton", "total_pop": 3236.0, "chinese_pop": 25.0, "chinese_pct": 0.77255871446229918 }, "geometry": { "type": "Polygon", "coordinates": [ [ [ -73.746473, 40.676298 ], [ -73.744884, 40.675756 ], [ -73.743245, 40.678504 ], [ -73.741991, 40.680751 ], [ -73.738546, 40.679627 ], [ -73.735853, 40.678771 ], [ -73.734992, 40.678506 ], [ -73.734033, 40.680365 ], [ -73.73377, 40.68103 ], [ -73.735822, 40.682255 ], [ -73.739737, 40.683531 ], [ -73.740381, 40.684123 ], [ -73.740948, 40.683232 ], [ -73.743268, 40.68392 ], [ -73.74458, 40.681591 ], [ -73.745831, 40.679341 ], [ -73.745608, 40.677886 ], [ -73.746473, 40.676298 ] ] ] } },
{ "type": "Feature", "properties": { "NTAName": "Long Island City-Hunters Point", "total_pop": 6704.0, "chinese_pop": 799.0, "chinese_pct": 11.918257756563246 }, "geometry": { "type": "Polygon", "coordinates": [ [ [ -73.9569, 40.74179 ], [ -73.954584, 40.741345 ], [ -73.949928, 40.740443 ], [ -73.94923, 40.742523 ], [ -73.948761, 40.743903 ], [ -73.948523, 40.744659 ], [ -73.94565, 40.745818 ], [ -73.945056, 40.747664 ], [ -73.947355, 40.748107 ], [ -73.949628, 40.748546 ], [ -73.952213, 40.749056 ], [ -73.952712, 40.746876 ], [ -73.95505, 40.747334 ], [ -73.955514, 40.745945 ], [ -73.955741, 40.745251 ], [ -73.955992, 40.744495 ], [ -73.95644, 40.74318 ], [ -73.9569, 40.74179 ] ] ] } },
{ "type": "Feature", "properties": { "NTAName": "Lower East Side", "total_pop": 7505.0, "chinese_pop": 1613.0, "chinese_pct": 21.492338441039308 }, "geometry": { "type": "Polygon", "coordinates": [ [ [ -73.988367, 40.716446 ], [ -73.986721, 40.715952 ], [ -73.985013, 40.715438 ], [ -73.984258, 40.71521 ], [ -73.983338, 40.714933 ], [ -73.982453, 40.714699 ], [ -73.98165, 40.714461 ], [ -73.979962, 40.713973 ], [ -73.97902, 40.715748 ], [ -73.978909, 40.715951 ], [ -73.980577, 40.716455 ], [ -73.982289, 40.716976 ], [ -73.983104, 40.717181 ], [ -73.982477, 40.71829 ], [ -73.983395, 40.718571 ], [ -73.985074, 40.719083 ], [ -73.986752, 40.719593 ], [ -73.98736, 40.71837 ], [ -73.987879, 40.717409 ], [ -73.988367, 40.716446 ] ] ] } },
{ "type": "Feature", "properties": { "NTAName": "Madison", "total_pop": 5587.0, "chinese_pop": 367.0, "chinese_pct": 6.5688204761052447 }, "geometry": { "type": "Polygon", "coordinates": [ [ [ -73.953037, 40.601506 ], [ -73.951834, 40.601637 ], [ -73.949874, 40.601853 ], [ -73.94895, 40.601954 ], [ -73.948023, 40.602056 ], [ -73.947059, 40.602162 ], [ -73.946096, 40.60227 ], [ -73.945169, 40.602369 ], [ -73.94562, 40.604759 ], [ -73.946059, 40.607082 ], [ -73.947948, 40.606876 ], [ -73.949837, 40.606667 ], [ -73.950764, 40.606565 ], [ -73.952724, 40.606349 ], [ -73.953922, 40.606217 ], [ -73.953037, 40.601506 ] ] ] } },
{ "type": "Feature", "properties": { "NTAName": "Mapleton-Midwood (West)", "total_pop": 9566.0, "chinese_pop": 252.0, "chinese_pct": 2.6343299184612166 }, "geometry": { "type": "Polygon", "coordinates": [ [ [ -73.972903, 40.614153 ], [ -73.971881, 40.614266 ], [ -73.970955, 40.614369 ], [ -73.97003, 40.614469 ], [ -73.968657, 40.614622 ], [ -73.967286, 40.614773 ], [ -73.966215, 40.614892 ], [ -73.965287, 40.614992 ], [ -73.965739, 40.61738 ], [ -73.966189, 40.619773 ], [ -73.966645, 40.622163 ], [ -73.968645, 40.621942 ], [ -73.969098, 40.624333 ], [ -73.970474, 40.624182 ], [ -73.973696, 40.623827 ], [ -73.975802, 40.623594 ], [ -73.975296, 40.620913 ], [ -73.975378, 40.620793 ], [ -73.977379, 40.617883 ], [ -73.97785, 40.617287 ], [ -73.97563, 40.615946 ], [ -73.973358, 40.616541 ], [ -73.972903, 40.614153 ] ] ] } },
{ "type": "Feature", "properties": { "NTAName": "Marine Park-Mill Basin-Bergen Beach", "total_pop": 4836.0, "chinese_pop": 680.0, "chinese_pct": 14.061207609594707 }, "geometry": { "type": "MultiPolygon", "coordinates": [ [ [ [ -73.935348, 40.615584 ], [ -73.936057, 40.615123 ], [ -73.937542, 40.614165 ], [ -73.938254, 40.613702 ], [ -73.936438, 40.612069 ], [ -73.934622, 40.610442 ], [ -73.93316, 40.611381 ], [ -73.931345, 40.609747 ], [ -73.92846, 40.611613 ], [ -73.93028, 40.613245 ], [ -73.933917, 40.616508 ], [ -73.935348, 40.615584 ] ] ], [ [ [ -73.910167, 40.619987 ], [ -73.908928, 40.618877 ], [ -73.907072, 40.617265 ], [ -73.904915, 40.618664 ], [ -73.904201, 40.619127 ], [ -73.902744, 40.620068 ], [ -73.90456, 40.621702 ], [ -73.905303, 40.62122 ], [ -73.906958, 40.622709 ], [ -73.908393, 40.621778 ], [ -73.909106, 40.621324 ], [ -73.910554, 40.620403 ], [ -73.910167, 40.619987 ] ] ] ] } },
{ "type": "Feature", "properties": { "NTAName": "Mariner's Harbor-Arlington-Graniteville", "total_pop": 15344.0, "chinese_pop": 567.0, "chinese_pct": 3.695255474452555 }, "geometry": { "type": "Polygon", "coordinates": [ [ [ -74.168141, 40.622078 ], [ -74.155425, 40.620069 ], [ -74.154291, 40.6193 ], [ -74.153177, 40.620162 ], [ -74.151541, 40.621202 ], [ -74.149503, 40.622923 ], [ -74.149241, 40.623329 ], [ -74.148768, 40.625104 ], [ -74.153134, 40.625597 ], [ -74.152612, 40.629135 ], [ -74.15186, 40.634179 ], [ -74.153268, 40.634173 ], [ -74.155036, 40.634084 ], [ -74.156117, 40.63412 ], [ -74.160311, 40.633788 ], [ -74.161628, 40.633871 ], [ -74.166275, 40.63365 ], [ -74.16633, 40.632166 ], [ -74.166559, 40.627367 ], [ -74.167404, 40.623909 ], [ -74.168141, 40.622078 ] ] ] } },
{ "type": "Feature", "properties": { "NTAName": "Maspeth", "total_pop": 6285.0, "chinese_pop": 110.0, "chinese_pct": 1.7501988862370723 }, "geometry": { "type": "Polygon", "coordinates": [ [ [ -73.912984, 40.721601 ], [ -73.911321, 40.719624 ], [ -73.90966, 40.717793 ], [ -73.90639, 40.717364 ], [ -73.903972, 40.717721 ], [ -73.902101, 40.717996 ], [ -73.902617, 40.718618 ], [ -73.904096, 40.721031 ], [ -73.904563, 40.7226 ], [ -73.904571, 40.723009 ], [ -73.904288, 40.725072 ], [ -73.904206, 40.725763 ], [ -73.906028, 40.726413 ], [ -73.90741, 40.727209 ], [ -73.911345, 40.724182 ], [ -73.912563, 40.723239 ], [ -73.913845, 40.722898 ], [ -73.912984, 40.721601 ] ] ] } },
{ "type": "Feature", "properties": { "NTAName": "Melrose", "total_pop": 6993.0, "chinese_pop": 0.0, "chinese_pct": 0.0 }, "geometry": { "type": "Polygon", "coordinates": [ [ [ -73.922118, 40.818796 ], [ -73.918899, 40.817967 ], [ -73.917119, 40.817512 ], [ -73.915991, 40.817211 ], [ -73.914472, 40.818507 ], [ -73.914031, 40.818956 ], [ -73.91352, 40.819542 ], [ -73.914264, 40.819747 ], [ -73.915902, 40.820175 ], [ -73.917713, 40.820647 ], [ -73.917417, 40.821277 ], [ -73.919178, 40.82177 ], [ -73.92034, 40.822095 ], [ -73.920665, 40.821837 ], [ -73.921478, 40.8202 ], [ -73.921784, 40.819527 ], [ -73.922118, 40.818796 ] ] ] } },
{ "type": "Feature", "properties": { "NTAName": "Middle Village", "total_pop": 6563.0, "chinese_pop": 655.0, "chinese_pct": 9.9801919853725423 }, "geometry": { "type": "Polygon", "coordinates": [ [ [ -73.885318, 40.718909 ], [ -73.884229, 40.717524 ], [ -73.886662, 40.716396 ], [ -73.886351, 40.716017 ], [ -73.88505, 40.71618 ], [ -73.882381, 40.716172 ], [ -73.881642, 40.716183 ], [ -73.879557, 40.71715 ], [ -73.877941, 40.717898 ], [ -73.877385, 40.717205 ], [ -73.87722, 40.717226 ], [ -73.874402, 40.717575 ], [ -73.872392, 40.717831 ], [ -73.870531, 40.718161 ], [ -73.867969, 40.719268 ], [ -73.869869, 40.721638 ], [ -73.871353, 40.723493 ], [ -73.872802, 40.725304 ], [ -73.873168, 40.72519 ], [ -73.877674, 40.723101 ], [ -73.88092, 40.721603 ], [ -73.881307, 40.721416 ], [ -73.882888, 40.721319 ], [ -73.885159, 40.72048 ], [ -73.885473, 40.719384 ], [ -73.885318, 40.718909 ] ] ] } },
{ "type": "Feature", "properties": { "NTAName": "Midtown-Times Square", "total_pop": 1050.0, "chinese_pop": 78.0, "chinese_pct": 7.4285714285714288 }, "geometry": { "type": "Polygon", "coordinates": [ [ [ -73.980886, 40.75927 ], [ -73.982256, 40.757387 ], [ -73.984118, 40.754842 ], [ -73.980888, 40.753481 ], [ -73.979024, 40.756032 ], [ -73.978565, 40.756655 ], [ -73.977655, 40.757912 ], [ -73.975831, 40.760418 ], [ -73.974915, 40.761667 ], [ -73.974457, 40.762293 ], [ -73.977686, 40.763645 ], [ -73.978601, 40.762396 ], [ -73.979057, 40.761771 ], [ -73.980426, 40.759899 ], [ -73.980886, 40.75927 ] ] ] } },
{ "type": "Feature", "properties": { "NTAName": "Midwood", "total_pop": 9956.0, "chinese_pop": 234.0, "chinese_pct": 2.3503415026114904 }, "geometry": { "type": "Polygon", "coordinates": [ [ [ -73.957632, 40.620714 ], [ -73.958597, 40.620608 ], [ -73.958147, 40.618217 ], [ -73.959107, 40.618113 ], [ -73.958655, 40.615721 ], [ -73.956729, 40.615932 ], [ -73.955786, 40.616036 ], [ -73.954587, 40.616169 ], [ -73.955037, 40.618558 ], [ -73.954003, 40.618672 ], [ -73.953078, 40.618775 ], [ -73.952148, 40.618875 ], [ -73.951221, 40.618978 ], [ -73.950256, 40.619083 ], [ -73.948369, 40.619291 ], [ -73.94882, 40.621682 ], [ -73.949274, 40.624072 ], [ -73.950202, 40.623971 ], [ -73.952126, 40.623759 ], [ -73.953052, 40.623658 ], [ -73.953983, 40.623555 ], [ -73.954908, 40.623454 ], [ -73.955941, 40.62334 ], [ -73.958088, 40.623105 ], [ -73.957632, 40.620714 ] ] ] } },
{ "type": "Feature", "properties": { "NTAName": "Morningside Heights", "total_pop": 8765.0, "chinese_pop": 1157.0, "chinese_pct": 13.200228180262407 }, "geometry": { "type": "Polygon", "coordinates": [ [ [ -73.958407, 40.807419 ], [ -73.957617, 40.808671 ], [ -73.957245, 40.809404 ], [ -73.958272, 40.810629 ], [ -73.961111, 40.81183 ], [ -73.962058, 40.810535 ], [ -73.963903, 40.808004 ], [ -73.96439, 40.807338 ], [ -73.964848, 40.806707 ], [ -73.962008, 40.805509 ], [ -73.960074, 40.804706 ], [ -73.959826, 40.805435 ], [ -73.958407, 40.807419 ] ] ] } },
{ "type": "Feature", "properties": { "NTAName": "Morris Park", "total_pop": 10489.0, "chinese_pop": 230.0, "chinese_pct": 2.1927733816379065 }, "geometry": { "type": "Polygon", "coordinates": [ [ [ -73.857086, 40.847729 ], [ -73.856064, 40.84642 ], [ -73.854014, 40.843639 ], [ -73.85221, 40.844264 ], [ -73.851152, 40.844322 ], [ -73.852191, 40.845656 ], [ -73.849073, 40.847062 ], [ -73.850345, 40.848993 ], [ -73.851368, 40.850304 ], [ -73.850499, 40.850696 ], [ -73.848613, 40.85108 ], [ -73.848214, 40.851091 ], [ -73.848003, 40.854291 ], [ -73.848288, 40.854731 ], [ -73.850096, 40.856347 ], [ -73.849359, 40.857497 ], [ -73.854697, 40.857065 ], [ -73.856097, 40.856941 ], [ -73.855351, 40.855433 ], [ -73.854408, 40.8542 ], [ -73.856895, 40.85308 ], [ -73.860121, 40.851627 ], [ -73.858617, 40.849687 ], [ -73.857086, 40.847729 ] ] ] } },
{ "type": "Feature", "properties": { "NTAName": "Mott Haven-Port Morris", "total_pop": 34724.0, "chinese_pop": 0.0, "chinese_pct": 0.0 }, "geometry": { "type": "Polygon", "coordinates": [ [ [ -73.925765, 40.805223 ], [ -73.913242, 40.799937 ], [ -73.908338, 40.804661 ], [ -73.906052, 40.803367 ], [ -73.90547, 40.803931 ], [ -73.909127, 40.806166 ], [ -73.908443, 40.806477 ], [ -73.907839, 40.808206 ], [ -73.910693, 40.808809 ], [ -73.91157, 40.80907 ], [ -73.913302, 40.809656 ], [ -73.915178, 40.810427 ], [ -73.914847, 40.810994 ], [ -73.916838, 40.811656 ], [ -73.920119, 40.812894 ], [ -73.922088, 40.813731 ], [ -73.922875, 40.813315 ], [ -73.924683, 40.812384 ], [ -73.926443, 40.811507 ], [ -73.927121, 40.810949 ], [ -73.928135, 40.809622 ], [ -73.929219, 40.809564 ], [ -73.928556, 40.809046 ], [ -73.926524, 40.808162 ], [ -73.924265, 40.807175 ], [ -73.925765, 40.805223 ] ] ] } },
{ "type": "Feature", "properties": { "NTAName": "Mount Eden-Claremont (West)", "total_pop": 13992.0, "chinese_pop": 14.0, "chinese_pct": 0.10005717552887365 }, "geometry": { "type": "Polygon", "coordinates": [ [ [ -73.911143, 40.845063 ], [ -73.912001, 40.845087 ], [ -73.913192, 40.845116 ], [ -73.914199, 40.845115 ], [ -73.916726, 40.84505 ], [ -73.917402, 40.845036 ], [ -73.917564, 40.843587 ], [ -73.917955, 40.843102 ], [ -73.916184, 40.842335 ], [ -73.917683, 40.840225 ], [ -73.916783, 40.839881 ], [ -73.91594, 40.839552 ], [ -73.915088, 40.839225 ], [ -73.913755, 40.838743 ], [ -73.913137, 40.839814 ], [ -73.912698, 40.84093 ], [ -73.911927, 40.843267 ], [ -73.910968, 40.843136 ], [ -73.910454, 40.843117 ], [ -73.909547, 40.843045 ], [ -73.909463, 40.843779 ], [ -73.909361, 40.845006 ], [ -73.911143, 40.845063 ] ] ] } },
{ "type": "Feature", "properties": { "NTAName": "Mount Hope", "total_pop": 7307.0, "chinese_pop": 21.0, "chinese_pct": 0.28739564800875872 }, "geometry": { "type": "MultiPolygon", "coordinates": [ [ [ [ -73.907487, 40.847804 ], [ -73.906323, 40.847579 ], [ -73.905522, 40.847488 ], [ -73.904621, 40.847392 ], [ -73.903739, 40.847328 ], [ -73.901955, 40.848059 ], [ -73.902102, 40.848319 ], [ -73.903281, 40.848692 ], [ -73.906059, 40.849321 ], [ -73.906767, 40.848541 ], [ -73.907487, 40.847804 ] ] ], [ [ [ -73.906993, 40.850371 ], [ -73.905999, 40.849392 ], [ -73.905133, 40.85053 ], [ -73.904674, 40.851101 ], [ -73.903681, 40.852389 ], [ -73.902718, 40.853522 ], [ -73.90186, 40.854586 ], [ -73.902988, 40.854773 ], [ -73.903768, 40.853913 ], [ -73.904752, 40.852826 ], [ -73.90605, 40.851401 ], [ -73.906993, 40.850371 ] ] ] ] } },
{ "type": "Feature", "properties": { "NTAName": "Murray Hill-Broadway Flushing", "total_pop": 12390.0, "chinese_pop": 3606.0, "chinese_pct": 29.10411622276029 }, "geometry": { "type": "Polygon", "coordinates": [ [ [ -73.810061, 40.771589 ], [ -73.813227, 40.771573 ], [ -73.817293, 40.771478 ], [ -73.817317, 40.770289 ], [ -73.817368, 40.767672 ], [ -73.817388, 40.766572 ], [ -73.817325, 40.765354 ], [ -73.819435, 40.765138 ], [ -73.819099, 40.763696 ], [ -73.818293, 40.761936 ], [ -73.818078, 40.761473 ], [ -73.817288, 40.759776 ], [ -73.815087, 40.760372 ], [ -73.816093, 40.762524 ], [ -73.816387, 40.76316 ], [ -73.812764, 40.764125 ], [ -73.811227, 40.763041 ], [ -73.810993, 40.764705 ], [ -73.810817, 40.766027 ], [ -73.807029, 40.765728 ], [ -73.805161, 40.765581 ], [ -73.804227, 40.765507 ], [ -73.803295, 40.765433 ], [ -73.801428, 40.765286 ], [ -73.799559, 40.765138 ], [ -73.799026, 40.769042 ], [ -73.798777, 40.770907 ], [ -73.800641, 40.771054 ], [ -73.801484, 40.771811 ], [ -73.802825, 40.771237 ], [ -73.804418, 40.771086 ], [ -73.809061, 40.771599 ], [ -73.810061, 40.771589 ] ] ] } },
{ "type": "Feature", "properties": { "NTAName": "Murray Hill-Kips Bay", "total_pop": 17358.0, "chinese_pop": 1064.0, "chinese_pct": 6.1297384491300839 }, "geometry": { "type": "Polygon", "coordinates": [ [ [ -73.978121, 40.745726 ], [ -73.978607, 40.745058 ], [ -73.979058, 40.744444 ], [ -73.979508, 40.743825 ], [ -73.979959, 40.743205 ], [ -73.98041, 40.742587 ], [ -73.978168, 40.741643 ], [ -73.9758, 40.740644 ], [ -73.975343, 40.741274 ], [ -73.974924, 40.741847 ], [ -73.974015, 40.743095 ], [ -73.973512, 40.743782 ], [ -73.972576, 40.745068 ], [ -73.97213, 40.745681 ], [ -73.971657, 40.746304 ], [ -73.971228, 40.746919 ], [ -73.973592, 40.747919 ], [ -73.97497, 40.748502 ], [ -73.975835, 40.748863 ], [ -73.976288, 40.748245 ], [ -73.977188, 40.74701 ], [ -73.977636, 40.746392 ], [ -73.978121, 40.745726 ] ] ] } },
{ "type": "Feature", "properties": { "NTAName": "New Springville-Willowbrook-Bulls Head-Travis", "total_pop": 6401.0, "chinese_pop": 1025.0, "chinese_pct": 16.013122949539135 }, "geometry": { "type": "Polygon", "coordinates": [ [ [ -74.16299, 40.5863 ], [ -74.160334, 40.584795 ], [ -74.157666, 40.583375 ], [ -74.155931, 40.585087 ], [ -74.153895, 40.58715 ], [ -74.15097, 40.590176 ], [ -74.156366, 40.593197 ], [ -74.159194, 40.590152 ], [ -74.161265, 40.588077 ], [ -74.16299, 40.5863 ] ] ] } },
{ "type": "Feature", "properties": { "NTAName": "North Corona", "total_pop": 2301.0, "chinese_pop": 196.0, "chinese_pct": 8.5180356366797056 }, "geometry": { "type": "Polygon", "coordinates": [ [ [ -73.863986, 40.750408 ], [ -73.863097, 40.750672 ], [ -73.862726, 40.749868 ], [ -73.861751, 40.749968 ], [ -73.862241, 40.75092 ], [ -73.862514, 40.751448 ], [ -73.863582, 40.753491 ], [ -73.865401, 40.75301 ], [ -73.863986, 40.750408 ] ] ] } },
{ "type": "Feature", "properties": { "NTAName": "Norwood", "total_pop": 4395.0, "chinese_pop": 0.0, "chinese_pct": 0.0 }, "geometry": { "type": "Polygon", "coordinates": [ [ [ -73.87973, 40.876865 ], [ -73.87956, 40.87573 ], [ -73.879455, 40.874976 ], [ -73.87923, 40.873672 ], [ -73.877514, 40.874139 ], [ -73.876491, 40.875499 ], [ -73.875268, 40.87714 ], [ -73.874387, 40.879055 ], [ -73.875956, 40.879865 ], [ -73.876781, 40.880259 ], [ -73.877146, 40.879164 ], [ -73.877686, 40.878994 ], [ -73.879579, 40.877827 ], [ -73.87973, 40.876865 ] ] ] } },
{ "type": "Feature", "properties": { "NTAName": "Ocean Hill", "total_pop": 3299.0, "chinese_pop": 32.0, "chinese_pct": 0.96999090633525309 }, "geometry": { "type": "Polygon", "coordinates": [ [ [ -73.914004, 40.67324 ], [ -73.911224, 40.673152 ], [ -73.911152, 40.673979 ], [ -73.911075, 40.674757 ], [ -73.909157, 40.674653 ], [ -73.90831, 40.674605 ], [ -73.908195, 40.675379 ], [ -73.908088, 40.67619 ], [ -73.910926, 40.676345 ], [ -73.913696, 40.676495 ], [ -73.913846, 40.674908 ], [ -73.91392, 40.67413 ], [ -73.914004, 40.67324 ] ] ] } },
{ "type": "Feature", "properties": { "NTAName": "Ozone Park", "total_pop": 0.0, "chinese_pop": 0.0, "chinese_pct": null }, "geometry": { "type": "Polygon", "coordinates": [ [ [ -73.856871, 40.676455 ], [ -73.854596, 40.675753 ], [ -73.852482, 40.675287 ], [ -73.852466, 40.675584 ], [ -73.853257, 40.679728 ], [ -73.853924, 40.679686 ], [ -73.854393, 40.67966 ], [ -73.856801, 40.67951 ], [ -73.857669, 40.678739 ], [ -73.856871, 40.676455 ] ] ] } },
{ "type": "Feature", "properties": { "NTAName": "Park Slope", "total_pop": 15716.0, "chinese_pop": 520.0, "chinese_pct": 3.3087299567319928 }, "geometry": { "type": "Polygon", "coordinates": [ [ [ -73.983943, 40.66803 ], [ -73.984438, 40.667437 ], [ -73.984943, 40.666834 ], [ -73.985445, 40.666233 ], [ -73.985948, 40.66563 ], [ -73.983586, 40.664489 ], [ -73.981225, 40.663347 ], [ -73.980724, 40.66395 ], [ -73.980222, 40.664552 ], [ -73.97972, 40.665155 ], [ -73.979224, 40.665749 ], [ -73.978715, 40.666361 ], [ -73.978212, 40.666963 ], [ -73.977717, 40.66757 ], [ -73.977208, 40.668169 ], [ -73.976705, 40.66877 ], [ -73.976201, 40.669372 ], [ -73.975696, 40.669973 ], [ -73.975196, 40.670576 ], [ -73.974698, 40.671175 ], [ -73.97382, 40.672222 ], [ -73.973385, 40.672854 ], [ -73.972955, 40.673488 ], [ -73.975467, 40.674467 ], [ -73.97796, 40.675438 ], [ -73.97839, 40.674805 ], [ -73.978822, 40.674171 ], [ -73.979415, 40.67346 ], [ -73.979917, 40.672858 ], [ -73.980418, 40.672256 ], [ -73.980923, 40.671655 ], [ -73.981425, 40.671052 ], [ -73.981927, 40.670448 ], [ -73.982428, 40.669847 ], [ -73.982932, 40.669245 ], [ -73.983943, 40.66803 ] ] ] } },
{ "type": "Feature", "properties": { "NTAName": "Parkchester", "total_pop": 13349.0, "chinese_pop": 28.0, "chinese_pct": 0.20975353959098059 }, "geometry": { "type": "Polygon", "coordinates": [ [ [ -73.861012, 40.834597 ], [ -73.85813, 40.835002 ], [ -73.857531, 40.835175 ], [ -73.855858, 40.835897 ], [ -73.855125, 40.836049 ], [ -73.855447, 40.837463 ], [ -73.854458, 40.83757 ], [ -73.853488, 40.837676 ], [ -73.853877, 40.839741 ], [ -73.854151, 40.840617 ], [ -73.855144, 40.840507 ], [ -73.856325, 40.840315 ], [ -73.857664, 40.839883 ], [ -73.857752, 40.839838 ], [ -73.858957, 40.839149 ], [ -73.859831, 40.838817 ], [ -73.86069, 40.83851 ], [ -73.859966, 40.837779 ], [ -73.860525, 40.837424 ], [ -73.861115, 40.83552 ], [ -73.861012, 40.834597 ] ] ] } },
{ "type": "Feature", "properties": { "NTAName": "Pelham Parkway-Van Nest", "total_pop": 4736.0, "chinese_pop": 0.0, "chinese_pct": 0.0 }, "geometry": { "type": "Polygon", "coordinates": [ [ [ -73.867801, 40.851589 ], [ -73.866142, 40.850536 ], [ -73.864893, 40.851531 ], [ -73.86488, 40.852358 ], [ -73.864814, 40.854443 ], [ -73.865753, 40.85446 ], [ -73.866694, 40.854477 ], [ -73.867703, 40.854493 ], [ -73.86777, 40.852414 ], [ -73.867801, 40.851589 ] ] ] } },
{ "type": "Feature", "properties": { "NTAName": "Pomonok-Electchester-Hillcrest", "total_pop": 4590.0, "chinese_pop": 789.0, "chinese_pct": 17.18954248366013 }, "geometry": { "type": "Polygon", "coordinates": [ [ [ -73.811124, 40.727833 ], [ -73.808958, 40.728073 ], [ -73.80717, 40.728269 ], [ -73.805222, 40.728484 ], [ -73.803216, 40.728713 ], [ -73.803235, 40.730484 ], [ -73.803163, 40.7316 ], [ -73.804063, 40.731638 ], [ -73.805081, 40.73169 ], [ -73.807962, 40.731931 ], [ -73.810772, 40.732326 ], [ -73.8109, 40.730311 ], [ -73.811124, 40.727833 ] ] ] } },
{ "type": "Feature", "properties": { "NTAName": "Prospect Heights", "total_pop": 3407.0, "chinese_pop": 138.0, "chinese_pct": 4.0504842970355153 }, "geometry": { "type": "Polygon", "coordinates": [ [ [ -73.969178, 40.676785 ], [ -73.966296, 40.67618 ], [ -73.963331, 40.675561 ], [ -73.963183, 40.675529 ], [ -73.962865, 40.676406 ], [ -73.962547, 40.677287 ], [ -73.962229, 40.678166 ], [ -73.965341, 40.678818 ], [ -73.968227, 40.679422 ], [ -73.968542, 40.678543 ], [ -73.96886, 40.677665 ], [ -73.969178, 40.676785 ] ] ] } },
{ "type": "Feature", "properties": { "NTAName": "Prospect Lefferts Gardens-Wingate", "total_pop": 9425.0, "chinese_pop": 150.0, "chinese_pct": 1.5915119363395225 }, "geometry": { "type": "MultiPolygon", "coordinates": [ [ [ [ -73.957044, 40.661965 ], [ -73.96077, 40.661734 ], [ -73.960662, 40.660947 ], [ -73.960622, 40.660205 ], [ -73.960484, 40.65841 ], [ -73.960426, 40.658072 ], [ -73.956649, 40.658306 ], [ -73.956725, 40.659017 ], [ -73.950493, 40.659405 ], [ -73.950569, 40.660117 ], [ -73.950644, 40.660827 ], [ -73.950724, 40.661569 ], [ -73.95081, 40.662354 ], [ -73.9537, 40.662174 ], [ -73.957044, 40.661965 ] ] ], [ [ [ -73.947601, 40.659586 ], [ -73.947522, 40.658876 ], [ -73.947354, 40.65728 ], [ -73.942314, 40.657609 ], [ -73.94255, 40.659892 ], [ -73.939734, 40.660074 ], [ -73.939813, 40.660785 ], [ -73.945413, 40.660437 ], [ -73.947676, 40.660297 ], [ -73.947601, 40.659586 ] ] ] ] } },
{ "type": "Feature", "properties": { "NTAName": "Queens Village", "total_pop": 16246.0, "chinese_pop": 628.0, "chinese_pct": 3.8655669087775451 }, "geometry": { "type": "Polygon", "coordinates": [ [ [ -73.741047, 40.725257 ], [ -73.740312, 40.725705 ], [ -73.741491, 40.726812 ], [ -73.742225, 40.726366 ], [ -73.744588, 40.728586 ], [ -73.748917, 40.725764 ], [ -73.746662, 40.723639 ], [ -73.749579, 40.722014 ], [ -73.750259, 40.72159 ], [ -73.751814, 40.720498 ], [ -73.752334, 40.720262 ], [ -73.751383, 40.718988 ], [ -73.750255, 40.717479 ], [ -73.749831, 40.716613 ], [ -73.749345, 40.715145 ], [ -73.747778, 40.711437 ], [ -73.746818, 40.709132 ], [ -73.744858, 40.70967 ], [ -73.743345, 40.709986 ], [ -73.742141, 40.710248 ], [ -73.740847, 40.710632 ], [ -73.736455, 40.712042 ], [ -73.735539, 40.71186 ], [ -73.735856, 40.713305 ], [ -73.741073, 40.714852 ], [ -73.743948, 40.715675 ], [ -73.745646, 40.715956 ], [ -73.73984, 40.717309 ], [ -73.736958, 40.717931 ], [ -73.735304, 40.718498 ], [ -73.735722, 40.719852 ], [ -73.736917, 40.722467 ], [ -73.737763, 40.722166 ], [ -73.739864, 40.724146 ], [ -73.741047, 40.725257 ] ] ] } },
{ "type": "Feature", "properties": { "NTAName": "Queensbridge-Ravenswood-Dutch Kills", "total_pop": 5582.0, "chinese_pop": 246.0, "chinese_pct": 4.4070225725546397 }, "geometry": { "type": "Polygon", "coordinates": [ [ [ -73.944167, 40.759308 ], [ -73.945814, 40.757799 ], [ -73.94435, 40.756875 ], [ -73.942822, 40.756059 ], [ -73.941239, 40.755234 ], [ -73.94243, 40.753998 ], [ -73.938333, 40.75182 ], [ -73.93717, 40.753079 ], [ -73.936009, 40.754341 ], [ -73.936779, 40.75475 ], [ -73.935798, 40.755796 ], [ -73.934632, 40.75694 ], [ -73.933345, 40.756239 ], [ -73.932152, 40.75771 ], [ -73.933353, 40.758274 ], [ -73.93425, 40.758695 ], [ -73.936791, 40.759883 ], [ -73.933981, 40.762826 ], [ -73.935414, 40.763497 ], [ -73.937005, 40.76424 ], [ -73.936005, 40.765885 ], [ -73.937635, 40.766475 ], [ -73.93859, 40.766817 ], [ -73.9397, 40.766411 ], [ -73.944167, 40.759308 ] ] ] } },
{ "type": "Feature", "properties": { "NTAName": "Rego Park", "total_pop": 3119.0, "chinese_pop": 195.0, "chinese_pct": 6.252003847386983 }, "geometry": { "type": "Polygon", "coordinates": [ [ [ -73.8663, 40.728186 ], [ -73.8641, 40.727382 ], [ -73.861763, 40.726922 ], [ -73.861161, 40.727893 ], [ -73.860115, 40.729522 ], [ -73.862188, 40.730276 ], [ -73.8626, 40.73042 ], [ -73.864479, 40.731089 ], [ -73.865081, 40.730113 ], [ -73.865487, 40.729472 ], [ -73.865893, 40.72883 ], [ -73.8663, 40.728186 ] ] ] } },
{ "type": "Feature", "properties": { "NTAName": "Richmond Hill", "total_pop": 6162.0, "chinese_pop": 70.0, "chinese_pct": 1.1359948068808827 }, "geometry": { "type": "MultiPolygon", "coordinates": [ [ [ [ -73.837167, 40.696866 ], [ -73.834806, 40.692071 ], [ -73.832148, 40.692831 ], [ -73.8313, 40.693058 ], [ -73.834066, 40.698695 ], [ -73.834844, 40.698269 ], [ -73.835641, 40.697829 ], [ -73.837167, 40.696866 ] ] ], [ [ [ -73.843442, 40.695187 ], [ -73.842661, 40.693573 ], [ -73.842342, 40.69293 ], [ -73.841046, 40.690284 ], [ -73.838679, 40.690961 ], [ -73.839415, 40.69275 ], [ -73.838385, 40.693048 ], [ -73.839634, 40.695535 ], [ -73.840351, 40.695383 ], [ -73.841135, 40.695284 ], [ -73.842946, 40.695193 ], [ -73.843442, 40.695187 ] ] ] ] } },
{ "type": "Feature", "properties": { "NTAName": "Ridgewood", "total_pop": 27411.0, "chinese_pop": 726.0, "chinese_pct": 2.6485717412717524 }, "geometry": { "type": "Polygon", "coordinates": [ [ [ -73.912694, 40.707223 ], [ -73.911952, 40.706784 ], [ -73.910471, 40.705908 ], [ -73.90973, 40.705471 ], [ -73.908989, 40.705032 ], [ -73.907836, 40.70616 ], [ -73.907093, 40.705722 ], [ -73.906352, 40.705285 ], [ -73.904865, 40.704409 ], [ -73.904124, 40.703974 ], [ -73.905284, 40.702838 ], [ -73.906208, 40.701931 ], [ -73.90736, 40.700804 ], [ -73.908299, 40.699882 ], [ -73.905605, 40.700192 ], [ -73.90488, 40.700271 ], [ -73.90249, 40.700484 ], [ -73.901327, 40.700492 ], [ -73.9002, 40.700501 ], [ -73.899116, 40.700511 ], [ -73.898369, 40.700518 ], [ -73.896721, 40.700617 ], [ -73.896271, 40.700653 ], [ -73.896096, 40.700667 ], [ -73.894388, 40.700784 ], [ -73.894956, 40.701897 ], [ -73.895692, 40.70396 ], [ -73.896331, 40.705274 ], [ -73.89694, 40.706499 ], [ -73.897231, 40.707091 ], [ -73.897563, 40.707759 ], [ -73.898003, 40.708401 ], [ -73.898453, 40.70904 ], [ -73.903652, 40.707853 ], [ -73.904033, 40.707551 ], [ -73.904777, 40.70799 ], [ -73.906257, 40.708867 ], [ -73.907, 40.709306 ], [ -73.907741, 40.709744 ], [ -73.908481, 40.710183 ], [ -73.909222, 40.710621 ], [ -73.909963, 40.711057 ], [ -73.910413, 40.711778 ], [ -73.913038, 40.713332 ], [ -73.91467, 40.713437 ], [ -73.916748, 40.711402 ], [ -73.915264, 40.710529 ], [ -73.912291, 40.708782 ], [ -73.913435, 40.70766 ], [ -73.912694, 40.707223 ] ] ] } },
{ "type": "Feature", "properties": { "NTAName": "Riverdale-Spuyten Duyvil", "total_pop": 16207.0, "chinese_pop": 179.0, "chinese_pct": 1.1044610353550934 }, "geometry": { "type": "Polygon", "coordinates": [ [ [ -73.919967, 40.882399 ], [ -73.919221, 40.880768 ], [ -73.918253, 40.880728 ], [ -73.914892, 40.884625 ], [ -73.914527, 40.88453 ], [ -73.915166, 40.883473 ], [ -73.913102, 40.882811 ], [ -73.913758, 40.881556 ], [ -73.912018, 40.880824 ], [ -73.911725, 40.880739 ], [ -73.910426, 40.88347 ], [ -73.909982, 40.885658 ], [ -73.909297, 40.88847 ], [ -73.908418, 40.889122 ], [ -73.909064, 40.889508 ], [ -73.908531, 40.890909 ], [ -73.9085, 40.893586 ], [ -73.908101, 40.898092 ], [ -73.907463, 40.899394 ], [ -73.905007, 40.90414 ], [ -73.9041, 40.906862 ], [ -73.903673, 40.908437 ], [ -73.903215, 40.910129 ], [ -73.906559, 40.911327 ], [ -73.908638, 40.90857 ], [ -73.90899, 40.908207 ], [ -73.910596, 40.906774 ], [ -73.912603, 40.903578 ], [ -73.9102, 40.903063 ], [ -73.910839, 40.900031 ], [ -73.911871, 40.896009 ], [ -73.911116, 40.894905 ], [ -73.911997, 40.892239 ], [ -73.912697, 40.890569 ], [ -73.912904, 40.889749 ], [ -73.913106, 40.888314 ], [ -73.913465, 40.886799 ], [ -73.913978, 40.886374 ], [ -73.916037, 40.884867 ], [ -73.918761, 40.88557 ], [ -73.919807, 40.883939 ], [ -73.92023, 40.88271 ], [ -73.919967, 40.882399 ] ] ] } },
{ "type": "Feature", "properties": { "NTAName": "Rosedale", "total_pop": 3365.0, "chinese_pop": 14.0, "chinese_pct": 0.4160475482912333 }, "geometry": { "type": "Polygon", "coordinates": [ [ [ -73.738142, 40.658154 ], [ -73.736591, 40.657272 ], [ -73.736679, 40.65587 ], [ -73.73191, 40.655753 ], [ -73.729604, 40.65569 ], [ -73.728387, 40.657411 ], [ -73.730466, 40.659819 ], [ -73.732996, 40.662657 ], [ -73.734645, 40.661795 ], [ -73.736266, 40.660626 ], [ -73.737203, 40.659389 ], [ -73.737672, 40.658771 ], [ -73.738142, 40.658154 ] ] ] } },
{ "type": "Feature", "properties": { "NTAName": "Sheepshead Bay-Manhattan Beach-Gerritsen Beach", "total_pop": 25313.0, "chinese_pop": 3238.0, "chinese_pct": 12.791846086990875 }, "geometry": { "type": "Polygon", "coordinates": [ [ [ -73.944012, 40.591265 ], [ -73.944972, 40.59116 ], [ -73.945374, 40.59328 ], [ -73.947264, 40.593072 ], [ -73.949116, 40.592868 ], [ -73.950152, 40.592754 ], [ -73.94975, 40.590634 ], [ -73.949345, 40.588514 ], [ -73.950539, 40.588383 ], [ -73.952454, 40.588173 ], [ -73.952276, 40.587272 ], [ -73.952783, 40.587072 ], [ -73.951889, 40.585936 ], [ -73.951238, 40.584925 ], [ -73.94987, 40.584856 ], [ -73.947636, 40.584999 ], [ -73.946692, 40.585073 ], [ -73.943866, 40.585298 ], [ -73.94106, 40.585661 ], [ -73.939139, 40.585983 ], [ -73.937247, 40.586311 ], [ -73.934448, 40.586652 ], [ -73.932109, 40.586286 ], [ -73.932522, 40.588061 ], [ -73.931784, 40.588141 ], [ -73.932614, 40.592517 ], [ -73.933011, 40.594639 ], [ -73.933056, 40.594887 ], [ -73.932054, 40.59547 ], [ -73.932576, 40.597719 ], [ -73.933483, 40.597141 ], [ -73.933412, 40.596757 ], [ -73.935369, 40.596542 ], [ -73.935804, 40.598924 ], [ -73.938637, 40.598609 ], [ -73.94148, 40.598304 ], [ -73.940611, 40.593808 ], [ -73.939641, 40.593922 ], [ -73.939238, 40.591789 ], [ -73.941233, 40.591572 ], [ -73.942154, 40.591469 ], [ -73.944012, 40.591265 ] ] ] } },
{ "type": "Feature", "properties": { "NTAName": "Soundview-Bruckner-Bronx River", "total_pop": 17523.0, "chinese_pop": 17.0, "chinese_pct": 0.097015351252639395 }, "geometry": { "type": "MultiPolygon", "coordinates": [ [ [ [ -73.87993, 40.823641 ], [ -73.878064, 40.823834 ], [ -73.877136, 40.823958 ], [ -73.876213, 40.824084 ], [ -73.875285, 40.824208 ], [ -73.875802, 40.826402 ], [ -73.876402, 40.828977 ], [ -73.877299, 40.828742 ], [ -73.878235, 40.82866 ], [ -73.880112, 40.828511 ], [ -73.881046, 40.828432 ], [ -73.880427, 40.82578 ], [ -73.87993, 40.823641 ] ] ], [ [ [ -73.87302, 40.829366 ], [ -73.872723, 40.826819 ], [ -73.871037, 40.827053 ], [ -73.870115, 40.827171 ], [ -73.868223, 40.827426 ], [ -73.86872, 40.829558 ], [ -73.867762, 40.829687 ], [ -73.86815, 40.83136 ], [ -73.870007, 40.83082 ], [ -73.870375, 40.832405 ], [ -73.8709, 40.834645 ], [ -73.871102, 40.835755 ], [ -73.873799, 40.835968 ], [ -73.873954, 40.834237 ], [ -73.873841, 40.832549 ], [ -73.873694, 40.831964 ], [ -73.873193, 40.829905 ], [ -73.87302, 40.829366 ] ] ] ] } },
{ "type": "Feature", "properties": { "NTAName": "Soundview-Clason Point", "total_pop": 5587.0, "chinese_pop": 0.0, "chinese_pct": 0.0 }, "geometry": { "type": "Polygon", "coordinates": [ [ [ -73.867164, 40.818616 ], [ -73.866198, 40.818745 ], [ -73.865705, 40.816623 ], [ -73.865218, 40.814529 ], [ -73.864255, 40.814658 ], [ -73.863329, 40.814782 ], [ -73.861482, 40.815029 ], [ -73.861982, 40.817135 ], [ -73.862464, 40.819247 ], [ -73.861531, 40.819379 ], [ -73.862029, 40.821509 ], [ -73.86298, 40.821384 ], [ -73.865746, 40.821012 ], [ -73.867656, 40.820751 ], [ -73.867164, 40.818616 ] ] ] } },
{ "type": "Feature", "properties": { "NTAName": "South Jamaica", "total_pop": 6701.0, "chinese_pop": 99.0, "chinese_pct": 1.4773914341143113 }, "geometry": { "type": "Polygon", "coordinates": [ [ [ -73.791247, 40.696565 ], [ -73.792163, 40.69618 ], [ -73.791005, 40.694595 ], [ -73.79213, 40.694116 ], [ -73.793635, 40.693471 ], [ -73.798031, 40.691621 ], [ -73.796647, 40.68985 ], [ -73.795615, 40.688657 ], [ -73.789796, 40.69096 ], [ -73.787783, 40.691819 ], [ -73.788931, 40.693398 ], [ -73.787312, 40.69406 ], [ -73.783933, 40.695494 ], [ -73.782771, 40.695995 ], [ -73.784554, 40.697329 ], [ -73.784762, 40.697473 ], [ -73.786901, 40.698386 ], [ -73.78964, 40.697246 ], [ -73.791247, 40.696565 ] ] ] } },
{ "type": "Feature", "properties": { "NTAName": "South Ozone Park", "total_pop": 60664.0, "chinese_pop": 1008.0, "chinese_pct": 1.6616114994065674 }, "geometry": { "type": "Polygon", "coordinates": [ [ [ -73.828079, 40.66609 ], [ -73.822278, 40.66612 ], [ -73.819526, 40.66549 ], [ -73.816614, 40.665944 ], [ -73.814295, 40.666805 ], [ -73.813198, 40.667253 ], [ -73.812417, 40.667111 ], [ -73.805452, 40.666896 ], [ -73.807143, 40.667669 ], [ -73.806789, 40.669244 ], [ -73.806453, 40.670729 ], [ -73.806197, 40.674784 ], [ -73.808536, 40.674996 ], [ -73.809782, 40.675108 ], [ -73.81353, 40.675447 ], [ -73.813869, 40.675478 ], [ -73.814362, 40.67651 ], [ -73.808954, 40.678041 ], [ -73.804235, 40.679416 ], [ -73.805031, 40.681146 ], [ -73.805891, 40.682897 ], [ -73.806748, 40.684683 ], [ -73.808017, 40.68706 ], [ -73.810025, 40.68636 ], [ -73.811645, 40.685656 ], [ -73.812488, 40.687441 ], [ -73.813315, 40.687199 ], [ -73.813452, 40.687155 ], [ -73.814974, 40.686695 ], [ -73.816926, 40.69025 ], [ -73.819061, 40.689642 ], [ -73.825011, 40.687952 ], [ -73.824173, 40.686234 ], [ -73.823261, 40.684382 ], [ -73.821357, 40.680497 ], [ -73.822219, 40.680251 ], [ -73.823901, 40.68176 ], [ -73.824953, 40.683902 ], [ -73.825937, 40.685937 ], [ -73.828627, 40.685655 ], [ -73.82946, 40.6854 ], [ -73.831121, 40.68475 ], [ -73.832112, 40.684358 ], [ -73.83379, 40.683693 ], [ -73.835056, 40.683015 ], [ -73.835369, 40.682843 ], [ -73.834545, 40.681176 ], [ -73.833325, 40.678657 ], [ -73.831083, 40.678151 ], [ -73.828837, 40.677692 ], [ -73.827595, 40.677501 ], [ -73.825406, 40.677147 ], [ -73.824673, 40.677031 ], [ -73.825252, 40.675168 ], [ -73.825818, 40.673353 ], [ -73.826385, 40.671533 ], [ -73.826953, 40.669718 ], [ -73.828079, 40.66609 ] ] ] } },
{ "type": "Feature", "properties": { "NTAName": "South Richmond Hill", "total_pop": 4396.0, "chinese_pop": 38.0, "chinese_pct": 0.86442220200181985 }, "geometry": { "type": "Polygon", "coordinates": [ [ [ -73.825988, 40.689946 ], [ -73.820041, 40.691644 ], [ -73.817233, 40.692457 ], [ -73.817069, 40.692502 ], [ -73.81621, 40.692732 ], [ -73.81452, 40.693215 ], [ -73.815121, 40.69444 ], [ -73.815709, 40.695638 ], [ -73.818413, 40.694863 ], [ -73.82123, 40.694068 ], [ -73.827181, 40.692378 ], [ -73.826594, 40.691179 ], [ -73.825988, 40.689946 ] ] ] } },
{ "type": "Feature", "properties": { "NTAName": "South Williamsburg", "total_pop": 12037.0, "chinese_pop": 17.0, "chinese_pct": 0.14123120378831935 }, "geometry": { "type": "MultiPolygon", "coordinates": [ [ [ [ -73.965204, 40.702623 ], [ -73.962179, 40.700221 ], [ -73.961452, 40.701663 ], [ -73.960341, 40.703437 ], [ -73.961854, 40.704786 ], [ -73.964426, 40.703122 ], [ -73.965204, 40.702623 ] ] ], [ [ [ -73.957226, 40.7 ], [ -73.957167, 40.699708 ], [ -73.95702, 40.698974 ], [ -73.956075, 40.69909 ], [ -73.95337, 40.699405 ], [ -73.950091, 40.699791 ], [ -73.950756, 40.700445 ], [ -73.951288, 40.700922 ], [ -73.952551, 40.702051 ], [ -73.953812, 40.703181 ], [ -73.955724, 40.701946 ], [ -73.957457, 40.700822 ], [ -73.957226, 40.7 ] ] ] ] } },
{ "type": "Feature", "properties": { "NTAName": "Springfield Gardens (North)-Rochdale Village", "total_pop": 8202.0, "chinese_pop": 0.0, "chinese_pct": 0.0 }, "geometry": { "type": "Polygon", "coordinates": [ [ [ -73.770997, 40.67091 ], [ -73.76466, 40.671318 ], [ -73.764546, 40.671512 ], [ -73.763805, 40.67377 ], [ -73.765616, 40.674779 ], [ -73.769241, 40.677089 ], [ -73.771988, 40.678798 ], [ -73.773571, 40.676449 ], [ -73.775672, 40.673387 ], [ -73.774496, 40.671828 ], [ -73.773717, 40.672145 ], [ -73.771178, 40.672531 ], [ -73.770997, 40.67091 ] ] ] } },
{ "type": "Feature", "properties": { "NTAName": "Springfield Gardens (South)-Brookville", "total_pop": 4213.0, "chinese_pop": 0.0, "chinese_pct": 0.0 }, "geometry": { "type": "Polygon", "coordinates": [ [ [ -73.759821, 40.659349 ], [ -73.759336, 40.659322 ], [ -73.753963, 40.658206 ], [ -73.748581, 40.657587 ], [ -73.747824, 40.658641 ], [ -73.748325, 40.658717 ], [ -73.751753, 40.660003 ], [ -73.7526, 40.660325 ], [ -73.752115, 40.661075 ], [ -73.755404, 40.662313 ], [ -73.759106, 40.663674 ], [ -73.759328, 40.66357 ], [ -73.760868, 40.66146 ], [ -73.759821, 40.659349 ] ] ] } },
{ "type": "Feature", "properties": { "NTAName": "St. Albans", "total_pop": 13274.0, "chinese_pop": 36.0, "chinese_pct": 0.27120687057405457 }, "geometry": { "type": "Polygon", "coordinates": [ [ [ -73.769294, 40.69665 ], [ -73.765214, 40.692789 ], [ -73.765394, 40.692065 ], [ -73.762385, 40.691668 ], [ -73.762203, 40.690226 ], [ -73.761954, 40.688235 ], [ -73.761174, 40.686451 ], [ -73.76073, 40.685098 ], [ -73.756106, 40.686762 ], [ -73.756887, 40.688005 ], [ -73.758124, 40.689537 ], [ -73.758788, 40.691179 ], [ -73.757097, 40.691649 ], [ -73.756413, 40.69012 ], [ -73.75381, 40.690975 ], [ -73.755082, 40.69366 ], [ -73.75484, 40.693728 ], [ -73.75423, 40.693897 ], [ -73.753958, 40.693971 ], [ -73.751703, 40.694597 ], [ -73.751299, 40.69471 ], [ -73.749144, 40.695301 ], [ -73.748633, 40.695445 ], [ -73.750193, 40.698912 ], [ -73.751968, 40.698449 ], [ -73.752876, 40.698212 ], [ -73.754669, 40.697747 ], [ -73.756442, 40.697286 ], [ -73.75733, 40.697053 ], [ -73.757633, 40.697729 ], [ -73.758548, 40.699758 ], [ -73.762615, 40.698697 ], [ -73.763192, 40.6996 ], [ -73.764101, 40.700568 ], [ -73.765083, 40.701428 ], [ -73.766982, 40.699065 ], [ -73.768576, 40.697031 ], [ -73.768834, 40.696904 ], [ -73.769294, 40.69665 ] ] ] } },
{ "type": "Feature", "properties": { "NTAName": "St. George-New Brighton", "total_pop": 1924.0, "chinese_pop": 33.0, "chinese_pct": 1.7151767151767152 }, "geometry": { "type": "Polygon", "coordinates": [ [ [ -74.087206, 40.639896 ], [ -74.082282, 40.640601 ], [ -74.081927, 40.639871 ], [ -74.081101, 40.639922 ], [ -74.081473, 40.641512 ], [ -74.078846, 40.641995 ], [ -74.078198, 40.642115 ], [ -74.079206, 40.643431 ], [ -74.080282, 40.644793 ], [ -74.082372, 40.644645 ], [ -74.084144, 40.643431 ], [ -74.086524, 40.642564 ], [ -74.087091, 40.640334 ], [ -74.087206, 40.639896 ] ] ] } },
{ "type": "Feature", "properties": { "NTAName": "Sunnyside", "total_pop": 17834.0, "chinese_pop": 934.0, "chinese_pct": 5.2371873948637431 }, "geometry": { "type": "MultiPolygon", "coordinates": [ [ [ [ -73.919466, 40.739312 ], [ -73.919099, 40.741155 ], [ -73.920956, 40.741362 ], [ -73.921883, 40.741478 ], [ -73.923739, 40.741692 ], [ -73.924664, 40.7418 ], [ -73.925588, 40.741908 ], [ -73.92655, 40.74202 ], [ -73.927444, 40.742123 ], [ -73.930227, 40.742446 ], [ -73.934868, 40.742983 ], [ -73.934307, 40.741029 ], [ -73.935079, 40.737494 ], [ -73.936758, 40.735724 ], [ -73.938793, 40.735343 ], [ -73.93742, 40.733762 ], [ -73.935394, 40.731768 ], [ -73.931639, 40.729223 ], [ -73.928765, 40.729332 ], [ -73.927512, 40.729122 ], [ -73.924676, 40.732981 ], [ -73.922573, 40.734286 ], [ -73.922248, 40.734415 ], [ -73.921268, 40.734724 ], [ -73.920256, 40.735194 ], [ -73.919836, 40.737464 ], [ -73.919466, 40.739312 ] ] ], [ [ [ -73.91873, 40.742991 ], [ -73.917786, 40.742893 ], [ -73.916887, 40.742787 ], [ -73.915944, 40.742686 ], [ -73.915021, 40.742553 ], [ -73.914637, 40.744472 ], [ -73.914303, 40.746138 ], [ -73.915232, 40.746246 ], [ -73.916158, 40.746355 ], [ -73.918014, 40.746568 ], [ -73.918349, 40.744901 ], [ -73.91873, 40.742991 ] ] ] ] } },
{ "type": "Feature", "properties": { "NTAName": "Sunset Park (Central)", "total_pop": 1895.0, "chinese_pop": 1251.0, "chinese_pct": 66.015831134564635 }, "geometry": { "type": "Polygon", "coordinates": [ [ [ -74.007079, 40.641325 ], [ -74.004877, 40.639995 ], [ -74.003713, 40.641116 ], [ -74.002545, 40.642236 ], [ -74.004747, 40.643567 ], [ -74.00533, 40.643006 ], [ -74.005913, 40.642445 ], [ -74.007079, 40.641325 ] ] ] } },
{ "type": "Feature", "properties": { "NTAName": "Sunset Park (East)-Borough Park (West)", "total_pop": 3653.0, "chinese_pop": 619.0, "chinese_pct": 16.9449767314536 }, "geometry": { "type": "Polygon", "coordinates": [ [ [ -74.000213, 40.644477 ], [ -73.998011, 40.643147 ], [ -73.997426, 40.643706 ], [ -73.996844, 40.644266 ], [ -73.996266, 40.644827 ], [ -73.998466, 40.646159 ], [ -73.999048, 40.645597 ], [ -73.99963, 40.645037 ], [ -74.000213, 40.644477 ] ] ] } },
{ "type": "Feature", "properties": { "NTAName": "Sunset Park (West)", "total_pop": 6785.0, "chinese_pop": 358.0, "chinese_pct": 5.2763448784082536 }, "geometry": { "type": "Polygon", "coordinates": [ [ [ -74.019256, 40.646853 ], [ -74.016651, 40.645331 ], [ -74.016086, 40.645882 ], [ -74.015533, 40.646418 ], [ -74.014932, 40.646982 ], [ -74.014377, 40.647554 ], [ -74.013733, 40.648079 ], [ -74.013172, 40.648652 ], [ -74.012629, 40.649235 ], [ -74.011477, 40.650363 ], [ -74.010915, 40.650938 ], [ -74.009082, 40.649829 ], [ -74.006824, 40.648465 ], [ -74.005659, 40.649584 ], [ -74.005074, 40.650147 ], [ -74.00449, 40.650706 ], [ -74.00675, 40.652071 ], [ -74.008545, 40.6532 ], [ -74.007977, 40.653727 ], [ -74.006231, 40.6554 ], [ -74.00879, 40.656963 ], [ -74.010493, 40.655276 ], [ -74.011103, 40.654695 ], [ -74.011684, 40.654135 ], [ -74.013895, 40.655466 ], [ -74.015048, 40.654362 ], [ -74.012844, 40.653016 ], [ -74.015184, 40.650773 ], [ -74.016343, 40.649656 ], [ -74.017509, 40.648533 ], [ -74.019256, 40.646853 ] ] ] } },
{ "type": "Feature", "properties": { "NTAName": "Throgs Neck-Schuylerville", "total_pop": 4432.0, "chinese_pop": 113.0, "chinese_pct": 2.5496389891696754 }, "geometry": { "type": "MultiPolygon", "coordinates": [ [ [ [ -73.818085, 40.820482 ], [ -73.815972, 40.819492 ], [ -73.81545, 40.817703 ], [ -73.810976, 40.818287 ], [ -73.810022, 40.818637 ], [ -73.816593, 40.820747 ], [ -73.818889, 40.821855 ], [ -73.818085, 40.820482 ] ] ], [ [ [ -73.820689, 40.825305 ], [ -73.81914, 40.822347 ], [ -73.816148, 40.821809 ], [ -73.817045, 40.825957 ], [ -73.818322, 40.827835 ], [ -73.819884, 40.829688 ], [ -73.821482, 40.831573 ], [ -73.825294, 40.829689 ], [ -73.823579, 40.827867 ], [ -73.821676, 40.826202 ], [ -73.820689, 40.825305 ] ] ] ] } },
{ "type": "Feature", "properties": { "NTAName": "Todt Hill-Emerson Hill-Lighthouse Hill-Manor Heights", "total_pop": 2372.0, "chinese_pop": 161.0, "chinese_pct": 6.7875210792580107 }, "geometry": { "type": "Polygon", "coordinates": [ [ [ -74.12092, 40.606359 ], [ -74.120686, 40.603084 ], [ -74.120596, 40.60181 ], [ -74.116844, 40.601895 ], [ -74.114871, 40.602137 ], [ -74.11596, 40.607452 ], [ -74.117426, 40.60929 ], [ -74.118345, 40.609144 ], [ -74.12117, 40.608834 ], [ -74.12092, 40.606359 ] ] ] } },
{ "type": "Feature", "properties": { "NTAName": "Tremont", "total_pop": 6327.0, "chinese_pop": 0.0, "chinese_pct": 0.0 }, "geometry": { "type": "Polygon", "coordinates": [ [ [ -73.891125, 40.84541 ], [ -73.892901, 40.846269 ], [ -73.893985, 40.844704 ], [ -73.894809, 40.843761 ], [ -73.892907, 40.843416 ], [ -73.890554, 40.842678 ], [ -73.889017, 40.84437 ], [ -73.888319, 40.845179 ], [ -73.887233, 40.844636 ], [ -73.885603, 40.846543 ], [ -73.883778, 40.848682 ], [ -73.884802, 40.849309 ], [ -73.885815, 40.849931 ], [ -73.886436, 40.850309 ], [ -73.888155, 40.848929 ], [ -73.888837, 40.848134 ], [ -73.889965, 40.846793 ], [ -73.891125, 40.84541 ] ] ] } },
{ "type": "Feature", "properties": { "NTAName": "University Heights (South)-Morris Heights", "total_pop": 22055.0, "chinese_pop": 0.0, "chinese_pct": 0.0 }, "geometry": { "type": "Polygon", "coordinates": [ [ [ -73.920542, 40.846894 ], [ -73.921044, 40.84652 ], [ -73.919705, 40.846112 ], [ -73.919184, 40.846098 ], [ -73.917421, 40.846344 ], [ -73.917028, 40.846398 ], [ -73.915267, 40.846812 ], [ -73.914426, 40.847964 ], [ -73.913968, 40.848609 ], [ -73.912875, 40.850125 ], [ -73.914156, 40.849968 ], [ -73.915452, 40.850494 ], [ -73.914873, 40.851047 ], [ -73.912488, 40.853387 ], [ -73.912273, 40.853759 ], [ -73.911196, 40.854822 ], [ -73.910413, 40.855729 ], [ -73.915448, 40.856498 ], [ -73.91619, 40.854582 ], [ -73.916935, 40.854609 ], [ -73.918167, 40.852983 ], [ -73.918615, 40.852844 ], [ -73.919595, 40.853339 ], [ -73.920717, 40.852124 ], [ -73.922288, 40.850277 ], [ -73.921282, 40.849992 ], [ -73.920319, 40.849804 ], [ -73.919371, 40.849621 ], [ -73.921345, 40.84718 ], [ -73.920542, 40.846894 ] ] ] } },
{ "type": "Feature", "properties": { "NTAName": "Upper East Side-Lenox Hill-Roosevelt Island", "total_pop": 11558.0, "chinese_pop": 383.0, "chinese_pct": 3.3137220972486587 }, "geometry": { "type": "MultiPolygon", "coordinates": [ [ [ [ -73.954112, 40.770389 ], [ -73.951858, 40.769441 ], [ -73.951398, 40.770073 ], [ -73.950932, 40.770709 ], [ -73.950435, 40.771391 ], [ -73.952686, 40.77234 ], [ -73.953188, 40.771657 ], [ -73.953649, 40.771024 ], [ -73.954112, 40.770389 ] ] ], [ [ [ -73.959777, 40.766868 ], [ -73.957412, 40.765868 ], [ -73.956956, 40.766493 ], [ -73.956496, 40.767119 ], [ -73.955999, 40.767804 ], [ -73.955502, 40.768485 ], [ -73.955037, 40.76912 ], [ -73.957404, 40.77012 ], [ -73.957866, 40.769484 ], [ -73.958362, 40.768803 ], [ -73.958861, 40.76812 ], [ -73.959318, 40.767494 ], [ -73.959777, 40.766868 ] ] ] ] } },
{ "type": "Feature", "properties": { "NTAName": "Upper East Side-Yorkville", "total_pop": 12265.0, "chinese_pop": 329.0, "chinese_pct": 2.6824296779453731 }, "geometry": { "type": "MultiPolygon", "coordinates": [ [ [ [ -73.949419, 40.781062 ], [ -73.947049, 40.780064 ], [ -73.946591, 40.780692 ], [ -73.946131, 40.781316 ], [ -73.94567, 40.781947 ], [ -73.948039, 40.782942 ], [ -73.948501, 40.782317 ], [ -73.948961, 40.781689 ], [ -73.949419, 40.781062 ] ] ], [ [ [ -73.950339, 40.775564 ], [ -73.950798, 40.774927 ], [ -73.951261, 40.774292 ], [ -73.94901, 40.773342 ], [ -73.946656, 40.772351 ], [ -73.946195, 40.772985 ], [ -73.945728, 40.773622 ], [ -73.945267, 40.774252 ], [ -73.944765, 40.774936 ], [ -73.947122, 40.775929 ], [ -73.949374, 40.776876 ], [ -73.949872, 40.776196 ], [ -73.950339, 40.775564 ] ] ] ] } },
{ "type": "Feature", "properties": { "NTAName": "Upper West Side-Lincoln Square", "total_pop": 22828.0, "chinese_pop": 1174.0, "chinese_pct": 5.1428070790257578 }, "geometry": { "type": "Polygon", "coordinates": [ [ [ -73.981573, 40.773602 ], [ -73.98066, 40.774852 ], [ -73.980203, 40.775479 ], [ -73.979746, 40.776106 ], [ -73.982583, 40.777303 ], [ -73.985448, 40.778476 ], [ -73.985713, 40.778112 ], [ -73.986815, 40.776599 ], [ -73.987241, 40.776017 ], [ -73.987711, 40.775373 ], [ -73.988177, 40.774735 ], [ -73.988626, 40.774116 ], [ -73.98954, 40.772866 ], [ -73.989994, 40.772242 ], [ -73.990454, 40.771612 ], [ -73.990913, 40.770988 ], [ -73.988063, 40.769791 ], [ -73.987615, 40.770415 ], [ -73.987146, 40.771054 ], [ -73.986695, 40.771668 ], [ -73.986238, 40.772299 ], [ -73.983468, 40.771136 ], [ -73.982147, 40.770574 ], [ -73.980564, 40.769905 ], [ -73.980112, 40.770529 ], [ -73.979652, 40.771156 ], [ -73.979193, 40.771782 ], [ -73.978728, 40.772417 ], [ -73.981573, 40.773602 ] ] ] } },
{ "type": "Feature", "properties": { "NTAName": "Wakefield-Woodlawn", "total_pop": 9844.0, "chinese_pop": 0.0, "chinese_pct": 0.0 }, "geometry": { "type": "Polygon", "coordinates": [ [ [ -73.857368, 40.893394 ], [ -73.855664, 40.892853 ], [ -73.854492, 40.892479 ], [ -73.853262, 40.894699 ], [ -73.853136, 40.894922 ], [ -73.852155, 40.895137 ], [ -73.848629, 40.895914 ], [ -73.846875, 40.8963 ], [ -73.848219, 40.899828 ], [ -73.846936, 40.90152 ], [ -73.847473, 40.902096 ], [ -73.850375, 40.903428 ], [ -73.851551, 40.902045 ], [ -73.854299, 40.89845 ], [ -73.856997, 40.899504 ], [ -73.858626, 40.900136 ], [ -73.859258, 40.900338 ], [ -73.861113, 40.897589 ], [ -73.862875, 40.895154 ], [ -73.86136, 40.894663 ], [ -73.860711, 40.895371 ], [ -73.859834, 40.895085 ], [ -73.856956, 40.894168 ], [ -73.857368, 40.893394 ] ] ] } },
{ "type": "Feature", "properties": { "NTAName": "Washington Heights (North)", "total_pop": 22391.0, "chinese_pop": 441.0, "chinese_pct": 1.9695413335715242 }, "geometry": { "type": "Polygon", "coordinates": [ [ [ -73.934088, 40.859382 ], [ -73.935606, 40.858863 ], [ -73.937953, 40.85557 ], [ -73.938652, 40.854677 ], [ -73.93954, 40.853486 ], [ -73.940285, 40.851322 ], [ -73.939236, 40.851179 ], [ -73.938284, 40.850909 ], [ -73.937365, 40.850645 ], [ -73.936661, 40.850448 ], [ -73.935716, 40.852339 ], [ -73.936545, 40.852611 ], [ -73.936355, 40.853821 ], [ -73.936038, 40.854915 ], [ -73.934627, 40.854501 ], [ -73.933705, 40.854169 ], [ -73.932228, 40.853582 ], [ -73.930996, 40.853062 ], [ -73.930539, 40.853685 ], [ -73.929644, 40.854908 ], [ -73.928716, 40.856182 ], [ -73.928411, 40.856606 ], [ -73.928266, 40.856808 ], [ -73.928233, 40.857168 ], [ -73.929726, 40.857379 ], [ -73.931475, 40.856851 ], [ -73.932631, 40.856716 ], [ -73.931818, 40.858271 ], [ -73.931313, 40.859328 ], [ -73.93215, 40.859527 ], [ -73.934088, 40.859382 ] ] ] } },
{ "type": "Feature", "properties": { "NTAName": "Washington Heights (South)", "total_pop": 17765.0, "chinese_pop": 233.0, "chinese_pct": 1.3115676892766677 }, "geometry": { "type": "Polygon", "coordinates": [ [ [ -73.944574, 40.836382 ], [ -73.943967, 40.835309 ], [ -73.944426, 40.834681 ], [ -73.941577, 40.833487 ], [ -73.941118, 40.834114 ], [ -73.94036, 40.833786 ], [ -73.940049, 40.834491 ], [ -73.939775, 40.835183 ], [ -73.939888, 40.835794 ], [ -73.940102, 40.836945 ], [ -73.939827, 40.838498 ], [ -73.938343, 40.837909 ], [ -73.937332, 40.839294 ], [ -73.936464, 40.840482 ], [ -73.937929, 40.841087 ], [ -73.939334, 40.841681 ], [ -73.942013, 40.84281 ], [ -73.942279, 40.842154 ], [ -73.943066, 40.840193 ], [ -73.943741, 40.838477 ], [ -73.944022, 40.83778 ], [ -73.944297, 40.837078 ], [ -73.944574, 40.836382 ] ] ] } },
{ "type": "Feature", "properties": { "NTAName": "West New Brighton-Silver Lake-Grymes Hill", "total_pop": 2319.0, "chinese_pop": 0.0, "chinese_pct": 0.0 }, "geometry": { "type": "Polygon", "coordinates": [ [ [ -74.098934, 40.626158 ], [ -74.0964, 40.622329 ], [ -74.099685, 40.619653 ], [ -74.097702, 40.618809 ], [ -74.097147, 40.615285 ], [ -74.094303, 40.616655 ], [ -74.094071, 40.617704 ], [ -74.093218, 40.618773 ], [ -74.090224, 40.619409 ], [ -74.088675, 40.621031 ], [ -74.088545, 40.622619 ], [ -74.088719, 40.625899 ], [ -74.091581, 40.626546 ], [ -74.088904, 40.630292 ], [ -74.090416, 40.630675 ], [ -74.092966, 40.631184 ], [ -74.095921, 40.631723 ], [ -74.095537, 40.630611 ], [ -74.098777, 40.626598 ], [ -74.098934, 40.626158 ] ] ] } },
{ "type": "Feature", "properties": { "NTAName": "West Village", "total_pop": 5428.0, "chinese_pop": 122.0, "chinese_pct": 2.2476050110537953 }, "geometry": { "type": "Polygon", "coordinates": [ [ [ -74.006624, 40.731669 ], [ -74.005706, 40.731627 ], [ -74.003612, 40.732324 ], [ -74.003471, 40.732373 ], [ -74.002124, 40.732841 ], [ -74.002789, 40.733617 ], [ -74.001205, 40.733843 ], [ -74.001948, 40.736414 ], [ -74.003527, 40.736178 ], [ -74.005126, 40.735961 ], [ -74.00596, 40.735845 ], [ -74.006294, 40.733742 ], [ -74.006407, 40.733054 ], [ -74.006624, 40.731669 ] ] ] } },
{ "type": "Feature", "properties": { "NTAName": "Westchester Square", "total_pop": 2372.0, "chinese_pop": 50.0, "chinese_pct": 2.1079258010118047 }, "geometry": { "type": "Polygon", "coordinates": [ [ [ -73.850678, 40.838575 ], [ -73.850011, 40.838115 ], [ -73.848781, 40.837271 ], [ -73.847316, 40.836264 ], [ -73.844581, 40.838536 ], [ -73.846479, 40.839809 ], [ -73.847798, 40.840697 ], [ -73.84984, 40.838958 ], [ -73.850041, 40.839094 ], [ -73.850678, 40.838575 ] ] ] } },
{ "type": "Feature", "properties": { "NTAName": "Westerleigh-Castleton Corners", "total_pop": 1840.0, "chinese_pop": 114.0, "chinese_pct": 6.1956521739130439 }, "geometry": { "type": "Polygon", "coordinates": [ [ [ -74.139822, 40.6163 ], [ -74.138974, 40.616192 ], [ -74.136216, 40.615787 ], [ -74.134185, 40.615363 ], [ -74.130736, 40.612797 ], [ -74.130992, 40.615362 ], [ -74.131224, 40.617265 ], [ -74.134258, 40.617738 ], [ -74.134021, 40.61861 ], [ -74.135395, 40.618827 ], [ -74.135131, 40.619806 ], [ -74.137171, 40.620129 ], [ -74.138737, 40.620374 ], [ -74.139238, 40.61852 ], [ -74.139822, 40.6163 ] ] ] } },
{ "type": "Feature", "properties": { "NTAName": "Williamsbridge-Olinville", "total_pop": 23604.0, "chinese_pop": 29.0, "chinese_pct": 0.12286053211320117 }, "geometry": { "type": "Polygon", "coordinates": [ [ [ -73.867053, 40.882255 ], [ -73.865347, 40.881784 ], [ -73.86395, 40.881434 ], [ -73.864466, 40.880545 ], [ -73.865176, 40.879277 ], [ -73.865237, 40.879148 ], [ -73.866271, 40.877327 ], [ -73.86805, 40.877799 ], [ -73.86813, 40.875305 ], [ -73.868208, 40.873235 ], [ -73.868258, 40.871462 ], [ -73.867159, 40.871442 ], [ -73.865209, 40.871407 ], [ -73.866297, 40.873212 ], [ -73.865294, 40.873335 ], [ -73.864975, 40.87493 ], [ -73.86462, 40.876804 ], [ -73.86213, 40.876011 ], [ -73.860512, 40.875494 ], [ -73.859752, 40.876861 ], [ -73.859278, 40.877728 ], [ -73.8586, 40.878954 ], [ -73.857056, 40.881745 ], [ -73.855884, 40.883861 ], [ -73.855104, 40.885271 ], [ -73.857986, 40.886191 ], [ -73.860862, 40.887097 ], [ -73.860452, 40.887804 ], [ -73.863336, 40.88872 ], [ -73.863728, 40.888017 ], [ -73.8646, 40.8883 ], [ -73.86538, 40.886884 ], [ -73.866248, 40.884931 ], [ -73.865982, 40.884391 ], [ -73.867053, 40.882255 ] ] ] } },
{ "type": "Feature", "properties": { "NTAName": "Williamsburg", "total_pop": 8441.0, "chinese_pop": 143.0, "chinese_pct": 1.6941120720293805 }, "geometry": { "type": "MultiPolygon", "coordinates": [ [ [ [ -73.962035, 40.710362 ], [ -73.960381, 40.710004 ], [ -73.958425, 40.710192 ], [ -73.956624, 40.710384 ], [ -73.955476, 40.712266 ], [ -73.95681, 40.712756 ], [ -73.958342, 40.713306 ], [ -73.959797, 40.713887 ], [ -73.960561, 40.712713 ], [ -73.961029, 40.711969 ], [ -73.961421, 40.711349 ], [ -73.962035, 40.710362 ] ] ], [ [ [ -73.962777, 40.715106 ], [ -73.961287, 40.714502 ], [ -73.959797, 40.713887 ], [ -73.958811, 40.714824 ], [ -73.958223, 40.715374 ], [ -73.956439, 40.717032 ], [ -73.955844, 40.717589 ], [ -73.957131, 40.718388 ], [ -73.958416, 40.719189 ], [ -73.959009, 40.718636 ], [ -73.960196, 40.717528 ], [ -73.961423, 40.716384 ], [ -73.961912, 40.71593 ], [ -73.962289, 40.71558 ], [ -73.962777, 40.715106 ] ] ] ] } },
{ "type": "Feature", "properties": { "NTAName": "Woodhaven", "total_pop": 6591.0, "chinese_pop": 398.0, "chinese_pct": 6.0385373994841451 }, "geometry": { "type": "MultiPolygon", "coordinates": [ [ [ [ -73.861811, 40.690724 ], [ -73.861657, 40.690047 ], [ -73.861349, 40.688695 ], [ -73.858737, 40.689041 ], [ -73.85619, 40.689759 ], [ -73.856645, 40.691015 ], [ -73.85732, 40.692623 ], [ -73.859097, 40.692519 ], [ -73.860896, 40.692318 ], [ -73.862148, 40.69215 ], [ -73.861811, 40.690724 ] ] ], [ [ [ -73.852165, 40.693661 ], [ -73.85007, 40.689841 ], [ -73.848985, 40.688038 ], [ -73.848844, 40.688079 ], [ -73.847051, 40.688586 ], [ -73.849562, 40.694422 ], [ -73.851048, 40.694067 ], [ -73.852165, 40.693661 ] ] ] ] } },
{ "type": "Feature", "properties": { "NTAName": "Woodside", "total_pop": 18646.0, "chinese_pop": 1533.0, "chinese_pct": 8.2216024884693759 }, "geometry": { "type": "MultiPolygon", "coordinates": [ [ [ [ -73.900029, 40.743762 ], [ -73.898942, 40.746237 ], [ -73.898616, 40.746937 ], [ -73.897917, 40.748494 ], [ -73.897577, 40.7493 ], [ -73.898391, 40.749643 ], [ -73.901063, 40.750783 ], [ -73.900871, 40.752062 ], [ -73.902158, 40.751932 ], [ -73.903571, 40.75184 ], [ -73.904334, 40.750162 ], [ -73.905349, 40.747893 ], [ -73.906419, 40.745635 ], [ -73.906613, 40.745393 ], [ -73.907159, 40.743218 ], [ -73.907556, 40.741659 ], [ -73.906339, 40.741529 ], [ -73.904619, 40.741332 ], [ -73.902697, 40.741105 ], [ -73.901679, 40.74097 ], [ -73.900602, 40.740858 ], [ -73.899146, 40.740668 ], [ -73.898985, 40.740646 ], [ -73.897277, 40.742046 ], [ -73.896453, 40.742861 ], [ -73.896586, 40.742903 ], [ -73.897536, 40.743122 ], [ -73.900029, 40.743762 ] ] ], [ [ [ -73.895653, 40.742684 ], [ -73.894692, 40.742574 ], [ -73.893766, 40.742609 ], [ -73.892179, 40.742873 ], [ -73.893445, 40.744958 ], [ -73.894447, 40.746535 ], [ -73.895025, 40.74647 ], [ -73.894765, 40.744739 ], [ -73.89501, 40.744239 ], [ -73.895653, 40.742684 ] ] ] ] } },
{ "type": "Feature", "properties": { "NTAName": null, "total_pop": 6947790.0, "chinese_pop": 517328.0, "chinese_pct": 7.4459360458505515 }, "geometry": { "type": "MultiPolygon", "coordinates": [ [ [ [ -74.160242435191606, 40.640285917373106 ], [ -74.161040760904896, 40.640439655594307 ], [ -74.164564139908094, 40.64111817316109 ], [ -74.167587280852501, 40.641700356978404 ], [ -74.170187, 40.642201 ], [ -74.171091907432597, 40.642876082302209 ], [ -74.173989374267705, 40.645037660946798 ], [ -74.174085, 40.645109 ], [ -74.178690407758907, 40.645419748116105 ], [ -74.180191, 40.645521 ], [ -74.1824082385683, 40.644702386563999 ], [ -74.1868204209173, 40.643073391017602 ], [ -74.189116628558494, 40.642225621880897 ], [ -74.1894, 40.642121 ], [ -74.191802543462501, 40.639827409089897 ], [ -74.1964546854975, 40.635386236286699 ], [ -74.198847308337704, 40.633102116110102 ], [ -74.20058, 40.631448 ], [ -74.201495790244493, 40.622571821989602 ], [ -74.201812, 40.619507 ], [ -74.200994, 40.616906 ], [ -74.200523505646402, 40.616835204912498 ], [ -74.196096, 40.616169 ], [ -74.195407, 40.601806 ], [ -74.19682, 40.597037 ], [ -74.204054, 40.589336 ], [ -74.2043390375147, 40.588149880185405 ], [ -74.204944586023103, 40.585630025613597 ], [ -74.206323347433596, 40.579892618626097 ], [ -74.206413122211501, 40.579519040983094 ], [ -74.2074652824152, 40.5751407118114 ], [ -74.208703704504401, 40.569987295495608 ], [ -74.210887, 40.560902 ], [ -74.211221167830502, 40.56057871586809 ], [ -74.213171900843804, 40.558691517366903 ], [ -74.213752921523195, 40.558129420274291 ], [ -74.215603623409706, 40.5563389949304 ], [ -74.216495746340897, 40.555475928048899 ], [ -74.216997, 40.554991 ], [ -74.217207846821495, 40.554991878162497 ], [ -74.217383172566699, 40.5549926083822 ], [ -74.229002, 40.555041 ], [ -74.235335453956097, 40.5511192159247 ], [ -74.247808, 40.543396 ], [ -74.247647324792993, 40.543075416468902 ], [ -74.245226767323402, 40.538245854552599 ], [ -74.2441961785606, 40.536189595900197 ], [ -74.241732, 40.531273 ], [ -74.241846579993094, 40.530245150061901 ], [ -74.242427680318798, 40.525032338316898 ], [ -74.242859764405608, 40.521156289890897 ], [ -74.242888, 40.520903 ], [ -74.247485856540905, 40.517619753756009 ], [ -74.247584242534401, 40.517549498096507 ], [ -74.248511002776098, 40.516887715360191 ], [ -74.252702, 40.513895 ], [ -74.253560265743602, 40.512376178873104 ], [ -74.256088, 40.507903 ], [ -74.256044250758805, 40.5077396694995 ], [ -74.256018386789606, 40.507643110681308 ], [ -74.255447037963705, 40.505510075064691 ], [ -74.254588, 40.502303 ], [ -74.250188, 40.496703 ], [ -74.246688, 40.496103 ], [ -74.239539177843099, 40.498865141576999 ], [ -74.236363409215599, 40.500092186028802 ], [ -74.23324, 40.501299 ], [ -74.232474895920006, 40.501373161578904 ], [ -74.226294434104105, 40.501972234068795 ], [ -74.221909068509802, 40.502397307787298 ], [ -74.219787, 40.502603 ], [ -74.210760565608695, 40.509237375970002 ], [ -74.210474, 40.509448 ], [ -74.199971648495406, 40.511718482777205 ], [ -74.199923, 40.511729 ], [ -74.196819297486897, 40.513284694634699 ], [ -74.182157, 40.520634 ], [ -74.177986, 40.519603 ], [ -74.177975167512997, 40.519607545634599 ], [ -74.176586956968805, 40.520190080181301 ], [ -74.168272105095099, 40.52367924001171 ], [ -74.160859, 40.52679 ], [ -74.159960361335607, 40.527358871820205 ], [ -74.159902464311301, 40.527395522797811 ], [ -74.149788648682105, 40.533797945633701 ], [ -74.149184929903498, 40.534180122157004 ], [ -74.148697, 40.534489 ], [ -74.145999741911595, 40.534912954129197 ], [ -74.144845387591701, 40.535094395157209 ], [ -74.144428, 40.53516 ], [ -74.142425090829605, 40.53448154910901 ], [ -74.14023, 40.533738 ], [ -74.140162703241202, 40.533655550775904 ], [ -74.137241, 40.530076 ], [ -74.129336299842606, 40.536480893858702 ], [ -74.121672, 40.542691 ], [ -74.112901977236803, 40.54743165718201 ], [ -74.112828868387396, 40.547471176348708 ], [ -74.112585, 40.547603 ], [ -74.112545084307698, 40.547578097481093 ], [ -74.111471, 40.546908 ], [ -74.107061113490317, 40.551079197189601 ], [ -74.105272695198209, 40.552770815633103 ], [ -74.103896294559505, 40.554072717272298 ], [ -74.099517949213904, 40.5582140804934 ], [ -74.099217663786305, 40.558498112685399 ], [ -74.098421395487406, 40.559251282201998 ], [ -74.094636082533697, 40.562831711476001 ], [ -74.093740116148993, 40.56367918282411 ], [ -74.090863397634806, 40.566400196200597 ], [ -74.090797, 40.566463 ], [ -74.084629420136906, 40.571273946853808 ], [ -74.084394609739903, 40.5714571078936 ], [ -74.075790912859503, 40.578168318669398 ], [ -74.068184, 40.584102 ], [ -74.064109082388299, 40.588358025061098 ], [ -74.059184, 40.593502 ], [ -74.059062528811097, 40.593706009047402 ], [ -74.057891087587194, 40.595673427085799 ], [ -74.053125, 40.603678 ], [ -74.056887905417, 40.608014722434199 ], [ -74.060345, 40.611999 ], [ -74.062251270586501, 40.615117682859399 ], [ -74.062700985079601, 40.615853421474604 ], [ -74.063144755188304, 40.616579435001292 ], [ -74.067598, 40.623865 ], [ -74.067741922666997, 40.625053012461798 ], [ -74.068168165998998, 40.628571446359899 ], [ -74.068198070458706, 40.628818293305898 ], [ -74.069314700050299, 40.638035534050303 ], [ -74.0697, 40.641216 ], [ -74.070403740214914, 40.641999514129999 ], [ -74.0714969563533, 40.643216654025302 ], [ -74.073565767298305, 40.645519979276997 ], [ -74.075884, 40.648101 ], [ -74.079374456361904, 40.648265628636999 ], [ -74.080636403131194, 40.648325148812901 ], [ -74.086485, 40.648601 ], [ -74.087304522415096, 40.648445368313801 ], [ -74.089930770163406, 40.647946629831601 ], [ -74.100071853117598, 40.646020783984099 ], [ -74.100134772489199, 40.646008835259202 ], [ -74.101469556071706, 40.64575535272369 ], [ -74.107421808649406, 40.644624988149999 ], [ -74.110690550933697, 40.644004236521901 ], [ -74.112294089414206, 40.643699715994998 ], [ -74.120186, 40.642201 ], [ -74.120568259557203, 40.6421623508271 ], [ -74.120959324146796, 40.642122811402501 ], [ -74.121039198432399, 40.642114735541391 ], [ -74.129277009453205, 40.641281833978802 ], [ -74.133704604229095, 40.6408341725068 ], [ -74.136417325226901, 40.640559897028496 ], [ -74.142319524240406, 40.639963142530391 ], [ -74.143047902137994, 40.639889498319803 ], [ -74.148861213446693, 40.639301731003897 ], [ -74.152973, 40.638886 ], [ -74.154499431152303, 40.639179953716102 ], [ -74.160242435191606, 40.640285917373106 ] ], [ [ -74.079206, 40.643431 ], [ -74.078198, 40.642115 ], [ -74.078846, 40.641995 ], [ -74.081473, 40.641512 ], [ -74.081101, 40.639922 ], [ -74.081927, 40.639871 ], [ -74.082282, 40.640601 ], [ -74.087206, 40.639896 ], [ -74.087091, 40.640334 ], [ -74.086524, 40.642564 ], [ -74.084144, 40.643431 ], [ -74.082372, 40.644645 ], [ -74.080282, 40.644793 ], [ -74.079206, 40.643431 ] ], [ [ -74.153975, 40.534268 ], [ -74.155933, 40.535354 ], [ -74.157537, 40.536294 ], [ -74.15852, 40.537237 ], [ -74.161024, 40.539898 ], [ -74.164231, 40.543301 ], [ -74.165401, 40.544433 ], [ -74.165743, 40.545398 ], [ -74.166233, 40.547343 ], [ -74.166973, 40.54797 ], [ -74.167572, 40.550575 ], [ -74.168052, 40.552718 ], [ -74.166828, 40.552798 ], [ -74.160313, 40.553717 ], [ -74.157672, 40.554058 ], [ -74.15583, 40.554272 ], [ -74.152072, 40.555217 ], [ -74.15122, 40.553312 ], [ -74.150637, 40.55195 ], [ -74.150503, 40.551635 ], [ -74.150106, 40.550818 ], [ -74.150839, 40.549963 ], [ -74.150431, 40.548195 ], [ -74.148937, 40.545673 ], [ -74.14872, 40.545273 ], [ -74.148011, 40.544114 ], [ -74.147465, 40.543497 ], [ -74.145912, 40.542424 ], [ -74.147103, 40.541012 ], [ -74.149591, 40.538067 ], [ -74.15001, 40.537701 ], [ -74.151409, 40.536503 ], [ -74.151585, 40.536351 ], [ -74.152622, 40.535459 ], [ -74.153975, 40.534268 ] ], [ [ -74.138737, 40.620374 ], [ -74.137171, 40.620129 ], [ -74.135131, 40.619806 ], [ -74.135395, 40.618827 ], [ -74.134021, 40.61861 ], [ -74.134258, 40.617738 ], [ -74.131224, 40.617265 ], [ -74.130992, 40.615362 ], [ -74.130736, 40.612797 ], [ -74.134185, 40.615363 ], [ -74.136216, 40.615787 ], [ -74.138974, 40.616192 ], [ -74.139822, 40.6163 ], [ -74.139238, 40.61852 ], [ -74.138737, 40.620374 ] ], [ [ -74.099685, 40.619653 ], [ -74.0964, 40.622329 ], [ -74.098934, 40.626158 ], [ -74.098777, 40.626598 ], [ -74.095537, 40.630611 ], [ -74.095921, 40.631723 ], [ -74.092966, 40.631184 ], [ -74.090416, 40.630675 ], [ -74.088904, 40.630292 ], [ -74.091581, 40.626546 ], [ -74.088719, 40.625899 ], [ -74.088545, 40.622619 ], [ -74.088675, 40.621031 ], [ -74.090224, 40.619409 ], [ -74.093218, 40.618773 ], [ -74.094071, 40.617704 ], [ -74.094303, 40.616655 ], [ -74.097147, 40.615285 ], [ -74.097702, 40.618809 ], [ -74.099685, 40.619653 ] ], [ [ -74.15186, 40.634179 ], [ -74.152612, 40.629135 ], [ -74.153134, 40.625597 ], [ -74.148768, 40.625104 ], [ -74.149241, 40.623329 ], [ -74.149503, 40.622923 ], [ -74.151541, 40.621202 ], [ -74.153177, 40.620162 ], [ -74.154291, 40.6193 ], [ -74.155425, 40.620069 ], [ -74.168141, 40.622078 ], [ -74.167404, 40.623909 ], [ -74.166559, 40.627367 ], [ -74.16633, 40.632166 ], [ -74.166275, 40.63365 ], [ -74.161628, 40.633871 ], [ -74.160311, 40.633788 ], [ -74.156117, 40.63412 ], [ -74.155036, 40.634084 ], [ -74.153268, 40.634173 ], [ -74.15186, 40.634179 ] ], [ [ -74.16299, 40.5863 ], [ -74.161265, 40.588077 ], [ -74.159194, 40.590152 ], [ -74.156366, 40.593197 ], [ -74.15097, 40.590176 ], [ -74.153895, 40.58715 ], [ -74.155931, 40.585087 ], [ -74.157666, 40.583375 ], [ -74.160334, 40.584795 ], [ -74.16299, 40.5863 ] ], [ [ -74.082188, 40.601941 ], [ -74.077328, 40.60133 ], [ -74.076448, 40.601005 ], [ -74.072761, 40.59923 ], [ -74.072191, 40.598935 ], [ -74.071999, 40.59806 ], [ -74.07044, 40.596735 ], [ -74.074538, 40.595387 ], [ -74.076263, 40.594823 ], [ -74.078882, 40.593943 ], [ -74.081649, 40.59221 ], [ -74.08241, 40.593207 ], [ -74.083323, 40.594766 ], [ -74.083752, 40.595491 ], [ -74.08407, 40.595496 ], [ -74.084914, 40.595692 ], [ -74.085875, 40.59589 ], [ -74.084965, 40.59733 ], [ -74.082288, 40.598402 ], [ -74.081203, 40.600446 ], [ -74.082188, 40.601941 ] ], [ [ -74.12117, 40.608834 ], [ -74.118345, 40.609144 ], [ -74.117426, 40.60929 ], [ -74.11596, 40.607452 ], [ -74.114871, 40.602137 ], [ -74.116844, 40.601895 ], [ -74.120596, 40.60181 ], [ -74.120686, 40.603084 ], [ -74.12092, 40.606359 ], [ -74.12117, 40.608834 ] ] ], [ [ [ -73.773434, 40.852032 ], [ -73.772349, 40.847421 ], [ -73.771969925614897, 40.847033504858501 ], [ -73.769648, 40.84466 ], [ -73.767179, 40.844866 ], [ -73.769414, 40.848149 ], [ -73.769236584406002, 40.848884155353403 ], [ -73.7687303070946, 40.8509820119586 ], [ -73.768043, 40.85383 ], [ -73.7662834427055, 40.854797282663505 ], [ -73.765258, 40.855361 ], [ -73.768867, 40.858341 ], [ -73.770552, 40.86033 ], [ -73.772442895165398, 40.859736949576096 ], [ -73.773361, 40.859449 ], [ -73.773434, 40.852032 ] ] ], [ [ [ -73.991405036777493, 40.788603005923306 ], [ -73.991727131765998, 40.7881597411359 ], [ -73.9930299710349, 40.786366783182196 ], [ -73.994866853107595, 40.783838879394601 ], [ -73.995787713489506, 40.782571598014997 ], [ -73.997423558559305, 40.780320359892897 ], [ -73.997819207596507, 40.779775870557202 ], [ -74.000450576936601, 40.776154599153799 ], [ -74.001618, 40.774548 ], [ -74.002953334774105, 40.772719244448005 ], [ -74.004653254495906, 40.770391185829801 ], [ -74.00658318016562, 40.767748131554704 ], [ -74.008603460180197, 40.764981336017897 ], [ -74.010234957836204, 40.762746982165702 ], [ -74.014029, 40.757551 ], [ -74.014246861069495, 40.756655747008203 ], [ -74.015013336488707, 40.753506081885 ], [ -74.016013512363401, 40.749396075236 ], [ -74.017282858539019, 40.744179971394701 ], [ -74.018137761896099, 40.740666930767702 ], [ -74.019184377091207, 40.736366091765703 ], [ -74.020062158536106, 40.732759038579999 ], [ -74.020638456242594, 40.730390867675901 ], [ -74.020967923496897, 40.72903699318239 ], [ -74.021311745288401, 40.727624131819695 ], [ -74.02135124500461, 40.727461816270804 ], [ -74.021831824578598, 40.725486978350105 ], [ -74.021889292158903, 40.725250827745903 ], [ -74.022288612818002, 40.723609905778709 ], [ -74.023066321902505, 40.720414078335402 ], [ -74.023637, 40.718069 ], [ -74.023978245398197, 40.71583857855709 ], [ -74.024395587666106, 40.713110778714899 ], [ -74.024952, 40.709474 ], [ -74.019526, 40.706985 ], [ -74.019251044629996, 40.706461414774097 ], [ -74.018073039368005, 40.704218191987898 ], [ -74.017985616018805, 40.704051715610198 ], [ -74.0168, 40.701794 ], [ -74.014062229115098, 40.700204561776502 ], [ -74.013796, 40.70005 ], [ -74.013613721022907, 40.700070709162098 ], [ -74.010996308351494, 40.7003680798422 ], [ -74.009043, 40.70059 ], [ -74.008804770044307, 40.700736173548499 ], [ -74.007608627933195, 40.7014701044953 ], [ -74.007100917401701, 40.70178162640201 ], [ -74.006784742137199, 40.701975625768 ], [ -74.004051, 40.703653 ], [ -74.003776809385897, 40.703554339596408 ], [ -73.998137, 40.701525 ], [ -73.996698, 40.700877 ], [ -73.9975, 40.699653 ], [ -73.999496, 40.700329 ], [ -74.0000444533093, 40.699465266013306 ], [ -74.000206380656095, 40.6992102540543 ], [ -74.0004938144981, 40.698757587666599 ], [ -74.001039, 40.697899 ], [ -73.998763, 40.69711 ], [ -73.999368058491697, 40.696252664262303 ], [ -74.00025, 40.695003 ], [ -74.000477565563699, 40.695076816447909 ], [ -74.000617379114303, 40.6951221683874 ], [ -74.002408, 40.695703 ], [ -74.002963386008304, 40.69475914544401 ], [ -74.003392228350506, 40.694030346387898 ], [ -74.003890244212997, 40.693183989919198 ], [ -74.004320454192893, 40.692452866622098 ], [ -74.004744196431304, 40.691732734972497 ], [ -74.005167870788398, 40.691012718684298 ], [ -74.0060272619275, 40.689552220526302 ], [ -74.006512105830794, 40.688728249233797 ], [ -74.007379, 40.687255 ], [ -74.008220139261496, 40.686709686229101 ], [ -74.008473726657101, 40.6865452845595 ], [ -74.012113182521006, 40.684185811530405 ], [ -74.015145297025498, 40.6822200802062 ], [ -74.015271133147905, 40.682138500171099 ], [ -74.018873464039402, 40.679803095402299 ], [ -74.019431583534796, 40.679441264418301 ], [ -74.020467, 40.67877 ], [ -74.019674159100504, 40.671635876716707 ], [ -74.019664338181002, 40.671547506338506 ], [ -74.01900209432452, 40.665588518452608 ], [ -74.018660957516701, 40.662518908844199 ], [ -74.018272, 40.659019 ], [ -74.018282011576019, 40.659009898567298 ], [ -74.026207327244407, 40.651805066141407 ], [ -74.029217631833006, 40.649068425606401 ], [ -74.032066, 40.646479 ], [ -74.033516831552902, 40.644302752670498 ], [ -74.035859107913694, 40.640789338129501 ], [ -74.037407692307696, 40.638466461538499 ], [ -74.038336, 40.637074 ], [ -74.038704022081504, 40.635970024045498 ], [ -74.038780708605699, 40.635739983287202 ], [ -74.039385174798596, 40.6339267330072 ], [ -74.03942056116, 40.633820582604805 ], [ -74.039575585777499, 40.633355546785701 ], [ -74.040291508662094, 40.631207953775203 ], [ -74.041042772195397, 40.628954347489298 ], [ -74.041216001651193, 40.628434701621899 ], [ -74.041584335279396, 40.627329791103797 ], [ -74.041986163986394, 40.6261244035665 ], [ -74.041986966214395, 40.626121997079402 ], [ -74.042011626525607, 40.626048022196002 ], [ -74.042412, 40.624847 ], [ -74.041864982830802, 40.622537781170799 ], [ -74.041861242582598, 40.622521991809904 ], [ -74.041819213299405, 40.622344566277995 ], [ -74.041628797717905, 40.621540731826002 ], [ -74.041421328896206, 40.620664907562301 ], [ -74.041399105960295, 40.620571094013201 ], [ -74.040475, 40.62079 ], [ -74.038095, 40.620585 ], [ -74.035437, 40.619956 ], [ -74.034886, 40.62132 ], [ -74.034601, 40.622001 ], [ -74.034323, 40.622683 ], [ -74.034043, 40.623363 ], [ -74.033742, 40.624099 ], [ -74.033389, 40.624968 ], [ -74.033108, 40.625647 ], [ -74.032555, 40.62701 ], [ -74.029871, 40.626374 ], [ -74.027153, 40.625727 ], [ -74.027139, 40.625762 ], [ -74.026856, 40.626459 ], [ -74.032256, 40.627741 ], [ -74.031957, 40.628471 ], [ -74.03136, 40.629931 ], [ -74.030764, 40.631392 ], [ -74.030473, 40.632099 ], [ -74.033155, 40.632735 ], [ -74.032593, 40.63411 ], [ -74.032317, 40.634791 ], [ -74.032037, 40.635475 ], [ -74.031826, 40.635993 ], [ -74.031268, 40.637357 ], [ -74.028658, 40.636546 ], [ -74.028279, 40.637468 ], [ -74.025666, 40.636667 ], [ -74.025472, 40.63714 ], [ -74.02291, 40.636108 ], [ -74.023235, 40.635318 ], [ -74.020722, 40.634169 ], [ -74.018245, 40.633034 ], [ -74.01853, 40.632334 ], [ -74.018895, 40.631444 ], [ -74.019259, 40.63056 ], [ -74.01955, 40.629855 ], [ -74.022024, 40.630988 ], [ -74.02452, 40.632167 ], [ -74.025071, 40.630814 ], [ -74.025361, 40.630109 ], [ -74.022959, 40.628701 ], [ -74.018961, 40.626296 ], [ -74.018639, 40.627071 ], [ -74.017842, 40.626591 ], [ -74.018879, 40.624303 ], [ -74.020064, 40.624285 ], [ -74.019632, 40.624879 ], [ -74.021194, 40.625816 ], [ -74.021495, 40.625084 ], [ -74.021794, 40.624355 ], [ -74.022389, 40.622896 ], [ -74.02475, 40.624321 ], [ -74.025345, 40.622859 ], [ -74.026214, 40.621491 ], [ -74.02835, 40.622799 ], [ -74.028924, 40.621404 ], [ -74.029564, 40.619833 ], [ -74.028205, 40.619173 ], [ -74.029302, 40.617896 ], [ -74.030485, 40.616518 ], [ -74.031515, 40.61533 ], [ -74.033866, 40.616594 ], [ -74.035925, 40.617055 ], [ -74.035682, 40.616671 ], [ -74.037975, 40.615859 ], [ -74.038364, 40.616513 ], [ -74.040247207531905, 40.6157083845955 ], [ -74.039935059592395, 40.614390660143101 ], [ -74.039619480335503, 40.613058450473702 ], [ -74.039610500232797, 40.61302054120231 ], [ -74.039598987354793, 40.612971939885803 ], [ -74.03959, 40.612934 ], [ -74.039265579014497, 40.612628278883605 ], [ -74.036388448941494, 40.609916988747699 ], [ -74.036384368162899, 40.609913143188301 ], [ -74.035805815735401, 40.609367938957099 ], [ -74.035494962847494, 40.609075003862998 ], [ -74.031384, 40.605201 ], [ -74.027879005580203, 40.6044455581482 ], [ -74.027547, 40.604374 ], [ -74.026775139974404, 40.6042371612374 ], [ -74.021331, 40.603272 ], [ -74.019571304051098, 40.602715096646598 ], [ -74.019493521809693, 40.602690480353594 ], [ -74.019151091727693, 40.602582109097099 ], [ -74.018958, 40.602521 ], [ -74.0187555455107, 40.602516475289498 ], [ -74.017034, 40.602478 ], [ -74.014705092762199, 40.602084344158001 ], [ -74.014503302844702, 40.602050235551808 ], [ -74.014425, 40.602037 ], [ -74.013833682018102, 40.601826092643201 ], [ -74.012934549140894, 40.601505395921102 ], [ -74.0115370547867, 40.601006946948807 ], [ -74.011369807314793, 40.600947294235198 ], [ -74.011149198113301, 40.600868608815496 ], [ -74.010926, 40.600789 ], [ -74.010567179546598, 40.600552680708503 ], [ -74.010532782198695, 40.600530026601703 ], [ -74.00932714037782, 40.599735990425401 ], [ -74.009305871437604, 40.599721982692998 ], [ -74.009184756704997, 40.5996422164826 ], [ -74.008438494916305, 40.599150728175708 ], [ -74.007906761123607, 40.598800528091196 ], [ -74.007710044828698, 40.598670970662198 ], [ -74.005779459869402, 40.59739948665041 ], [ -74.005722291001803, 40.5973618352118 ], [ -74.004216820804103, 40.596370331948798 ], [ -74.003281, 40.595754 ], [ -74.003204389439205, 40.595615280056002 ], [ -74.002273834004299, 40.593930308736702 ], [ -74.002242290534696, 40.593873192481603 ], [ -74.001365059290706, 40.592284776111001 ], [ -74.001302417585606, 40.592171349793198 ], [ -74.000724, 40.591124 ], [ -74.000586991196997, 40.587071878301103 ], [ -74.000493745627097, 40.584314081802511 ], [ -74.000486, 40.584085 ], [ -74.001336186714894, 40.582534912100598 ], [ -74.001649144444997, 40.581964317451295 ], [ -74.001674, 40.581919 ], [ -74.003974745258901, 40.582168570023498 ], [ -74.004045408948201, 40.582176235165299 ], [ -74.005002, 40.58228 ], [ -74.009608, 40.581395 ], [ -74.012018801317197, 40.579099473126 ], [ -74.012996, 40.578169 ], [ -74.012322861625194, 40.575652678826998 ], [ -74.012022, 40.574528 ], [ -74.010712180617304, 40.574100539650203 ], [ -74.008757139776904, 40.573462510886401 ], [ -74.005673, 40.572456 ], [ -74.002283647787394, 40.570738365881802 ], [ -74.002056, 40.570623 ], [ -74.002052002597296, 40.570622898105398 ], [ -73.991346, 40.57035 ], [ -73.990753599392605, 40.570418045004502 ], [ -73.982084456370401, 40.5714138101483 ], [ -73.959422235942895, 40.574016864351506 ], [ -73.955721, 40.574442 ], [ -73.952480218128599, 40.574840135519501 ], [ -73.946295, 40.5756 ], [ -73.937665, 40.575434 ], [ -73.931559, 40.575962 ], [ -73.931643983318494, 40.575673652171105 ], [ -73.932645801992393, 40.572274488138902 ], [ -73.934269543237093, 40.566765145001298 ], [ -73.935412546179606, 40.562886943694203 ], [ -73.936954809589395, 40.557654054302802 ], [ -73.937068, 40.55727 ], [ -73.940247, 40.554582 ], [ -73.940573712483996, 40.543483273001101 ], [ -73.940591, 40.542896 ], [ -73.917774, 40.55285 ], [ -73.905141, 40.556401 ], [ -73.901016066057394, 40.556853256813099 ], [ -73.89623, 40.557378 ], [ -73.882370720573903, 40.560844991662201 ], [ -73.879321648447601, 40.561607737495798 ], [ -73.879202815844806, 40.561637464268109 ], [ -73.878681, 40.561768 ], [ -73.872586517435295, 40.563892458460508 ], [ -73.862972095360902, 40.567243922690899 ], [ -73.857042828710206, 40.569310789002699 ], [ -73.847049767419094, 40.572794242008008 ], [ -73.843804160675504, 40.573925618894002 ], [ -73.8414012986091, 40.574763225793703 ], [ -73.838919016482606, 40.575628517507802 ], [ -73.837040319494406, 40.576283407183702 ], [ -73.835531295468797, 40.57680943360581 ], [ -73.834408, 40.577201 ], [ -73.829496661288402, 40.578522255913605 ], [ -73.8210851044268, 40.580785145911399 ], [ -73.815495604296999, 40.582288841855501 ], [ -73.809865933052606, 40.5838033446948 ], [ -73.806834, 40.584619 ], [ -73.801434586431796, 40.585658064730993 ], [ -73.795594402719402, 40.586781951397903 ], [ -73.790890761849198, 40.587687121426896 ], [ -73.788487069208202, 40.588149688743897 ], [ -73.788440118385296, 40.58815872397399 ], [ -73.7857591786223, 40.588674644808499 ], [ -73.785302347374895, 40.58876255754781 ], [ -73.774928, 40.590759 ], [ -73.769643677806698, 40.590795556682295 ], [ -73.767535621142699, 40.590810140115202 ], [ -73.763757823458107, 40.590836274734691 ], [ -73.763622288472007, 40.590837212359098 ], [ -73.756028216284506, 40.590889747778903 ], [ -73.755269, 40.590895 ], [ -73.755266524050398, 40.590862400834602 ], [ -73.7548889533319, 40.585891180683994 ], [ -73.752371, 40.587965 ], [ -73.747749, 40.591503 ], [ -73.744469, 40.592904 ], [ -73.74338, 40.592847 ], [ -73.743237, 40.592839 ], [ -73.737185, 40.592965 ], [ -73.737421, 40.593458 ], [ -73.737977, 40.594543 ], [ -73.738463, 40.595866 ], [ -73.738405, 40.598187 ], [ -73.738358, 40.60266 ], [ -73.740571, 40.60488 ], [ -73.743551, 40.607452 ], [ -73.744451, 40.610169 ], [ -73.745492, 40.611805 ], [ -73.746942, 40.611775 ], [ -73.747495, 40.611888 ], [ -73.74912, 40.611794 ], [ -73.750088, 40.611641 ], [ -73.753458, 40.61052 ], [ -73.754732, 40.610405 ], [ -73.757235, 40.610993 ], [ -73.75891, 40.611206 ], [ -73.760021, 40.611349 ], [ -73.763454, 40.61369 ], [ -73.765244, 40.614942 ], [ -73.766719, 40.615004 ], [ -73.767459, 40.620511 ], [ -73.767571, 40.621477 ], [ -73.768553, 40.623155 ], [ -73.768761, 40.624352 ], [ -73.768709, 40.624386 ], [ -73.767425, 40.626606 ], [ -73.748001, 40.634631 ], [ -73.746022, 40.635212 ], [ -73.744177, 40.637356 ], [ -73.742361, 40.638093 ], [ -73.74127, 40.637257 ], [ -73.74265, 40.635045 ], [ -73.73996, 40.635144 ], [ -73.739471, 40.635706 ], [ -73.742283, 40.640121 ], [ -73.741428, 40.640502 ], [ -73.741437, 40.646889 ], [ -73.739045, 40.648201 ], [ -73.736735, 40.6491 ], [ -73.735135, 40.649732 ], [ -73.734388, 40.649821 ], [ -73.732208, 40.650091 ], [ -73.729739, 40.650558 ], [ -73.72853, 40.650973 ], [ -73.725248, 40.652193 ], [ -73.724874, 40.653447 ], [ -73.724787, 40.654001 ], [ -73.726444, 40.659162 ], [ -73.727592, 40.661094 ], [ -73.727814, 40.663224 ], [ -73.727763, 40.663985 ], [ -73.727954, 40.665344 ], [ -73.728272, 40.66644 ], [ -73.728222, 40.667314 ], [ -73.728264, 40.668073 ], [ -73.728, 40.670112 ], [ -73.727542, 40.67416 ], [ -73.726543, 40.676487 ], [ -73.726198, 40.677381 ], [ -73.725841, 40.678753 ], [ -73.72563, 40.679588 ], [ -73.725861, 40.683223 ], [ -73.725821, 40.68395 ], [ -73.725926, 40.686225 ], [ -73.725996, 40.686932 ], [ -73.726258, 40.690611 ], [ -73.726503, 40.696886 ], [ -73.726762, 40.702768 ], [ -73.726781, 40.703145 ], [ -73.726895, 40.7058 ], [ -73.727047, 40.709497 ], [ -73.726971, 40.710715 ], [ -73.728501, 40.716706 ], [ -73.729176, 40.719167 ], [ -73.730326, 40.722157 ], [ -73.729503, 40.722595 ], [ -73.728175, 40.723092 ], [ -73.725526, 40.724076 ], [ -73.72472, 40.724298 ], [ -73.724141, 40.724469 ], [ -73.721196, 40.725265 ], [ -73.720919, 40.725341 ], [ -73.716494, 40.726454 ], [ -73.712403, 40.726978 ], [ -73.710485, 40.72723 ], [ -73.70976, 40.727382 ], [ -73.707939, 40.727771 ], [ -73.705179, 40.73193 ], [ -73.704674, 40.732714 ], [ -73.702699, 40.735723 ], [ -73.701487, 40.737555 ], [ -73.700506, 40.739061 ], [ -73.700384, 40.73919 ], [ -73.70036, 40.741031 ], [ -73.700582, 40.743184 ], [ -73.700768, 40.745014 ], [ -73.700988, 40.746878 ], [ -73.701205, 40.748861 ], [ -73.701633, 40.752493 ], [ -73.707825, 40.756216 ], [ -73.713325, 40.75973 ], [ -73.721059, 40.764499 ], [ -73.724094, 40.764158 ], [ -73.724729, 40.764029 ], [ -73.726643, 40.763445 ], [ -73.72794, 40.762869 ], [ -73.731862, 40.760542 ], [ -73.73542, 40.76485 ], [ -73.737007, 40.767691 ], [ -73.737539, 40.768402 ], [ -73.73695, 40.768906 ], [ -73.735493, 40.770674 ], [ -73.733962, 40.772449 ], [ -73.739428, 40.775817 ], [ -73.739376, 40.776014 ], [ -73.74008, 40.776209 ], [ -73.749664, 40.782106 ], [ -73.751451010087393, 40.782468100375198 ], [ -73.753001862574493, 40.781125613100507 ], [ -73.754340260325804, 40.779967036147205 ], [ -73.754606, 40.779737 ], [ -73.755426369416796, 40.777701196992297 ], [ -73.755473596396996, 40.777584 ], [ -73.755881, 40.776573 ], [ -73.754259858241696, 40.774288829477598 ], [ -73.753656, 40.773438 ], [ -73.755557, 40.771998 ], [ -73.755879347219306, 40.771719045675603 ], [ -73.758379384667506, 40.769555551730008 ], [ -73.758885, 40.769118 ], [ -73.761360381472201, 40.771126573996909 ], [ -73.761588597699898, 40.771311753204998 ], [ -73.763502104127298, 40.772864410561603 ], [ -73.763586586147298, 40.772932960961008 ], [ -73.76554, 40.774518 ], [ -73.766115405830703, 40.776043234077299 ], [ -73.767034859614597, 40.7784804395572 ], [ -73.767441, 40.779557 ], [ -73.767545145468404, 40.779657609991901 ], [ -73.77033879341991, 40.782356420627202 ], [ -73.774078759154705, 40.785969423938894 ], [ -73.774334, 40.786216 ], [ -73.774138909725394, 40.786320279879497 ], [ -73.770293, 40.788376 ], [ -73.775558, 40.795613 ], [ -73.77885, 40.797193 ], [ -73.781369, 40.794907 ], [ -73.781738032220701, 40.795385340308499 ], [ -73.786422499002299, 40.801457355595105 ], [ -73.790871249173705, 40.807223834536401 ], [ -73.790915194144901, 40.807280796096606 ], [ -73.79119, 40.807637 ], [ -73.797239566859702, 40.809116686204398 ], [ -73.800716, 40.809967 ], [ -73.800792249458794, 40.810060728304201 ], [ -73.802618, 40.812305 ], [ -73.797332, 40.815597 ], [ -73.797600061769202, 40.815806883762107 ], [ -73.797714564623206, 40.815896535821899 ], [ -73.798094634623496, 40.816194118434204 ], [ -73.800479, 40.818061 ], [ -73.804518, 40.818546 ], [ -73.806058859529401, 40.821911607087699 ], [ -73.807760836619295, 40.825629133602703 ], [ -73.808084, 40.826335 ], [ -73.811889, 40.825363 ], [ -73.812088926404101, 40.82570738468651 ], [ -73.813123260354601, 40.827489084181302 ], [ -73.814431817837502, 40.829743149423308 ], [ -73.815205, 40.831075 ], [ -73.815574, 40.835129 ], [ -73.815305102924697, 40.836258289887702 ], [ -73.814636535800105, 40.839066078303908 ], [ -73.813516780201297, 40.843768727721901 ], [ -73.813468933358607, 40.843969670612495 ], [ -73.81281, 40.846737 ], [ -73.815169054516304, 40.849123291835909 ], [ -73.815928, 40.849891 ], [ -73.816641, 40.853487 ], [ -73.8126, 40.854386 ], [ -73.8126, 40.8587 ], [ -73.812461244326698, 40.858705838247097 ], [ -73.811518518196294, 40.858745504143208 ], [ -73.808322, 40.85888 ], [ -73.807720435035705, 40.858819421648697 ], [ -73.807589085284405, 40.858806194563002 ], [ -73.805005557520602, 40.858546030056097 ], [ -73.804757, 40.858521 ], [ -73.80547, 40.855105 ], [ -73.803701863279102, 40.851968729710599 ], [ -73.801726, 40.848464 ], [ -73.800407294490896, 40.8482000172664 ], [ -73.800110788222995, 40.848140661682692 ], [ -73.799543, 40.848027 ], [ -73.797252, 40.852196 ], [ -73.794116240958303, 40.855259402328905 ], [ -73.793785, 40.855583 ], [ -73.792471062793993, 40.855790554049499 ], [ -73.792253, 40.855825 ], [ -73.791880957051006, 40.855223026093107 ], [ -73.789512, 40.85139 ], [ -73.791020545536099, 40.846626068339702 ], [ -73.791044, 40.846552 ], [ -73.789569982484295, 40.844193989691504 ], [ -73.788221, 40.842036 ], [ -73.785399, 40.838004 ], [ -73.783867, 40.836795 ], [ -73.783556588449301, 40.836988947061897 ], [ -73.782577, 40.837601 ], [ -73.781206, 40.838891 ], [ -73.782254, 40.842359 ], [ -73.782227181923403, 40.842734952788199 ], [ -73.782093, 40.844616 ], [ -73.782154117968503, 40.846684956414599 ], [ -73.782174, 40.847358 ], [ -73.783799669158498, 40.850152512681298 ], [ -73.784550322497395, 40.851442879952003 ], [ -73.784754, 40.851793 ], [ -73.787601033097602, 40.853806419050898 ], [ -73.788026429028506, 40.854107258641399 ], [ -73.78806, 40.854131 ], [ -73.788786, 40.858485 ], [ -73.790397934925295, 40.860374225002602 ], [ -73.791662117867403, 40.861855876640497 ], [ -73.793111, 40.863554 ], [ -73.791209, 40.868946 ], [ -73.78598, 40.869485 ], [ -73.783366, 40.871822 ], [ -73.783777544597996, 40.873742541457304 ], [ -73.784803, 40.878528 ], [ -73.783545225362104, 40.88103955634049 ], [ -73.783702, 40.881078 ], [ -73.793016, 40.883361 ], [ -73.819719, 40.890206 ], [ -73.823244, 40.891199 ], [ -73.822363, 40.88964 ], [ -73.824047, 40.889866 ], [ -73.827224, 40.890785 ], [ -73.827943, 40.890928 ], [ -73.833595, 40.892706 ], [ -73.837337, 40.893814 ], [ -73.838407, 40.894061 ], [ -73.838985, 40.895602 ], [ -73.839655, 40.897249 ], [ -73.839649, 40.897891 ], [ -73.839149, 40.899061 ], [ -73.840999, 40.902812 ], [ -73.841386, 40.904174 ], [ -73.842374, 40.904166 ], [ -73.844702, 40.904183 ], [ -73.84532, 40.905582 ], [ -73.847071, 40.906173 ], [ -73.848683, 40.906743 ], [ -73.850225, 40.907368 ], [ -73.851506, 40.906645 ], [ -73.85279, 40.907073 ], [ -73.851123, 40.910009 ], [ -73.852678, 40.909899 ], [ -73.854881, 40.908217 ], [ -73.854104, 40.906679 ], [ -73.856324, 40.906166 ], [ -73.857199, 40.902878 ], [ -73.859604, 40.902178 ], [ -73.859393, 40.900381 ], [ -73.862643, 40.901474 ], [ -73.864669, 40.901793 ], [ -73.865635, 40.902086 ], [ -73.867876, 40.902983 ], [ -73.872913, 40.904467 ], [ -73.877855, 40.905922 ], [ -73.878189, 40.905983 ], [ -73.87835, 40.905983 ], [ -73.880929, 40.90683 ], [ -73.882993, 40.907423 ], [ -73.885401, 40.907977 ], [ -73.886237, 40.908052 ], [ -73.891928, 40.909809 ], [ -73.896634, 40.911324 ], [ -73.897253, 40.911655 ], [ -73.899505, 40.911978 ], [ -73.900697, 40.912381 ], [ -73.902454, 40.912979 ], [ -73.910516, 40.915282 ], [ -73.918317529127094, 40.917705209721703 ], [ -73.919432345260603, 40.914892533199698 ], [ -73.919935267617007, 40.913623662162003 ], [ -73.927120027462706, 40.895496542607802 ], [ -73.929421422075905, 40.889690133459702 ], [ -73.929821, 40.888682 ], [ -73.933786895522204, 40.882206616177001 ], [ -73.938354266404104, 40.874749163161106 ], [ -73.938946, 40.873783 ], [ -73.945840929906296, 40.862520569294396 ], [ -73.948335568293302, 40.858445735706511 ], [ -73.952565101198815, 40.851537061954502 ], [ -73.952829, 40.851106 ], [ -73.954162015980401, 40.847989320310901 ], [ -73.955660940789798, 40.844484734786199 ], [ -73.957715721336299, 40.839680521716801 ], [ -73.9586862157485, 40.837411441475197 ], [ -73.959971121733801, 40.834407246142398 ], [ -73.961479276070904, 40.830881081370407 ], [ -73.962363690283397, 40.828813262339509 ], [ -73.963182, 40.8269 ], [ -73.963657546337004, 40.826298288308308 ], [ -73.965091811046506, 40.824483504390209 ], [ -73.965709717373898, 40.823701663731001 ], [ -73.965985090312202, 40.8233532326662 ], [ -73.967964031224994, 40.820849266613308 ], [ -73.968082, 40.8207 ], [ -73.971250004954697, 40.81634021455541 ], [ -73.975170847045803, 40.810944380103308 ], [ -73.977250659480305, 40.808082157313493 ], [ -73.9789376576, 40.805760522735092 ], [ -73.980702017041693, 40.803332424066397 ], [ -73.982577837407604, 40.800750933682203 ], [ -73.984417440418696, 40.798219285358897 ], [ -73.984801788299507, 40.797690348592603 ], [ -73.986305491752205, 40.7956209628056 ], [ -73.988193543085799, 40.793022640252303 ], [ -73.990046673715298, 40.790472375318799 ], [ -73.991405036777493, 40.788603005923306 ] ], [ [ -73.978231, 40.720674 ], [ -73.980607, 40.721678 ], [ -73.982964, 40.722671 ], [ -73.985286, 40.723649 ], [ -73.987502, 40.724584 ], [ -73.987053, 40.725203 ], [ -73.986176, 40.726409 ], [ -73.985753, 40.726988 ], [ -73.984875, 40.728194 ], [ -73.982657, 40.727261 ], [ -73.982228, 40.727846 ], [ -73.979906, 40.726866 ], [ -73.980333, 40.726281 ], [ -73.977977, 40.725288 ], [ -73.975598, 40.724283 ], [ -73.976893, 40.722498 ], [ -73.977683, 40.72142 ], [ -73.978231, 40.720674 ] ], [ [ -73.982453, 40.714699 ], [ -73.983338, 40.714933 ], [ -73.984258, 40.71521 ], [ -73.985013, 40.715438 ], [ -73.986721, 40.715952 ], [ -73.988367, 40.716446 ], [ -73.987879, 40.717409 ], [ -73.98736, 40.71837 ], [ -73.986752, 40.719593 ], [ -73.985074, 40.719083 ], [ -73.983395, 40.718571 ], [ -73.982477, 40.71829 ], [ -73.983104, 40.717181 ], [ -73.982289, 40.716976 ], [ -73.980577, 40.716455 ], [ -73.978909, 40.715951 ], [ -73.97902, 40.715748 ], [ -73.979962, 40.713973 ], [ -73.98165, 40.714461 ], [ -73.982453, 40.714699 ] ], [ [ -73.996572, 40.729552 ], [ -73.995563, 40.730715 ], [ -73.996974, 40.731409 ], [ -73.996639, 40.731856 ], [ -73.996351, 40.732255 ], [ -73.995914, 40.732847 ], [ -73.995489, 40.733437 ], [ -73.993814, 40.732731 ], [ -73.99146, 40.731738 ], [ -73.991921, 40.731166 ], [ -73.992407, 40.730591 ], [ -73.99325, 40.730945 ], [ -73.994064, 40.729978 ], [ -73.995061, 40.72881 ], [ -73.996572, 40.729552 ] ], [ [ -74.002124, 40.732841 ], [ -74.003471, 40.732373 ], [ -74.003612, 40.732324 ], [ -74.005706, 40.731627 ], [ -74.006624, 40.731669 ], [ -74.006407, 40.733054 ], [ -74.006294, 40.733742 ], [ -74.00596, 40.735845 ], [ -74.005126, 40.735961 ], [ -74.003527, 40.736178 ], [ -74.001948, 40.736414 ], [ -74.001205, 40.733843 ], [ -74.002789, 40.733617 ], [ -74.002124, 40.732841 ] ], [ [ -73.99302, 40.69746 ], [ -73.993785, 40.69587 ], [ -73.993978, 40.695463 ], [ -73.994298, 40.694792 ], [ -73.99508, 40.693147 ], [ -73.996716, 40.693439 ], [ -73.996197, 40.694507 ], [ -73.995855, 40.695221 ], [ -73.995547, 40.695892 ], [ -73.995326, 40.696378 ], [ -73.994292, 40.698535 ], [ -73.99271, 40.698097 ], [ -73.99302, 40.69746 ] ], [ [ -74.004853, 40.685668 ], [ -74.004504, 40.686301 ], [ -74.000642, 40.685247 ], [ -73.999081, 40.684816 ], [ -73.998189, 40.6867 ], [ -73.996358, 40.686096 ], [ -73.994408, 40.685453 ], [ -73.994901, 40.68443 ], [ -73.992623, 40.683544 ], [ -73.990424, 40.682694 ], [ -73.987279, 40.681467 ], [ -73.987668, 40.680818 ], [ -73.98808, 40.680172 ], [ -73.989388, 40.678285 ], [ -73.992587, 40.679521 ], [ -73.994889, 40.6802 ], [ -73.994654, 40.680541 ], [ -73.996527, 40.68106 ], [ -73.996887, 40.680315 ], [ -73.997283, 40.679502 ], [ -73.997672, 40.678682 ], [ -73.998068, 40.677866 ], [ -73.998728, 40.676489 ], [ -73.999352, 40.6752 ], [ -73.999924, 40.674004 ], [ -74.001213, 40.67587 ], [ -74.001354, 40.675791 ], [ -74.002016, 40.674482 ], [ -74.002608, 40.673182 ], [ -74.006005, 40.674146 ], [ -74.007711, 40.674625 ], [ -74.009611, 40.675121 ], [ -74.011412, 40.676319 ], [ -74.009544, 40.677898 ], [ -74.011055, 40.678926 ], [ -74.0117, 40.679365 ], [ -74.010451, 40.680431 ], [ -74.0092, 40.681496 ], [ -74.006919, 40.683451 ], [ -74.006713, 40.683615 ], [ -74.006623, 40.683658 ], [ -74.005819, 40.683656 ], [ -74.005179, 40.684998 ], [ -74.004853, 40.685668 ] ], [ [ -73.962008, 40.805509 ], [ -73.964848, 40.806707 ], [ -73.96439, 40.807338 ], [ -73.963903, 40.808004 ], [ -73.962058, 40.810535 ], [ -73.961111, 40.81183 ], [ -73.958272, 40.810629 ], [ -73.957245, 40.809404 ], [ -73.957617, 40.808671 ], [ -73.958407, 40.807419 ], [ -73.959826, 40.805435 ], [ -73.960074, 40.804706 ], [ -73.962008, 40.805509 ] ], [ [ -73.990764, 40.760988 ], [ -73.99123, 40.760354 ], [ -73.991685, 40.759729 ], [ -73.99214, 40.759103 ], [ -73.992633, 40.75843 ], [ -73.994878, 40.759376 ], [ -73.995474, 40.759627 ], [ -73.994983, 40.7603 ], [ -73.994526, 40.760927 ], [ -73.99407, 40.761552 ], [ -73.993609, 40.762184 ], [ -73.990764, 40.760988 ] ], [ [ -74.019256, 40.646853 ], [ -74.017509, 40.648533 ], [ -74.016343, 40.649656 ], [ -74.015184, 40.650773 ], [ -74.012844, 40.653016 ], [ -74.015048, 40.654362 ], [ -74.013895, 40.655466 ], [ -74.011684, 40.654135 ], [ -74.011103, 40.654695 ], [ -74.010493, 40.655276 ], [ -74.00879, 40.656963 ], [ -74.006231, 40.6554 ], [ -74.007977, 40.653727 ], [ -74.008545, 40.6532 ], [ -74.00675, 40.652071 ], [ -74.00449, 40.650706 ], [ -74.005074, 40.650147 ], [ -74.005659, 40.649584 ], [ -74.006824, 40.648465 ], [ -74.009082, 40.649829 ], [ -74.010915, 40.650938 ], [ -74.011477, 40.650363 ], [ -74.012629, 40.649235 ], [ -74.013172, 40.648652 ], [ -74.013733, 40.648079 ], [ -74.014377, 40.647554 ], [ -74.014932, 40.646982 ], [ -74.015533, 40.646418 ], [ -74.016086, 40.645882 ], [ -74.016651, 40.645331 ], [ -74.019256, 40.646853 ] ], [ [ -73.912875, 40.850125 ], [ -73.913968, 40.848609 ], [ -73.914426, 40.847964 ], [ -73.915267, 40.846812 ], [ -73.917028, 40.846398 ], [ -73.917421, 40.846344 ], [ -73.919184, 40.846098 ], [ -73.919705, 40.846112 ], [ -73.921044, 40.84652 ], [ -73.920542, 40.846894 ], [ -73.921345, 40.84718 ], [ -73.919371, 40.849621 ], [ -73.920319, 40.849804 ], [ -73.921282, 40.849992 ], [ -73.922288, 40.850277 ], [ -73.920717, 40.852124 ], [ -73.919595, 40.853339 ], [ -73.918615, 40.852844 ], [ -73.918167, 40.852983 ], [ -73.916935, 40.854609 ], [ -73.91619, 40.854582 ], [ -73.915448, 40.856498 ], [ -73.910413, 40.855729 ], [ -73.911196, 40.854822 ], [ -73.912273, 40.853759 ], [ -73.912488, 40.853387 ], [ -73.914873, 40.851047 ], [ -73.915452, 40.850494 ], [ -73.914156, 40.849968 ], [ -73.912875, 40.850125 ] ], [ [ -74.003223, 40.576887 ], [ -74.001105, 40.577121 ], [ -74.000034, 40.577245 ], [ -73.998992, 40.577383 ], [ -73.995809, 40.577759 ], [ -73.992638, 40.578118 ], [ -73.990504, 40.578358 ], [ -73.986276, 40.578823 ], [ -73.984149, 40.579053 ], [ -73.983435, 40.575414 ], [ -73.985573, 40.57515 ], [ -73.989686, 40.574004 ], [ -73.991743, 40.57343 ], [ -73.991387, 40.571656 ], [ -73.994726, 40.57152 ], [ -74.000088, 40.571809 ], [ -74.002366, 40.572318 ], [ -74.002548, 40.573327 ], [ -74.002796, 40.574637 ], [ -74.003093, 40.576196 ], [ -74.003223, 40.576887 ] ], [ [ -73.85619, 40.689759 ], [ -73.858737, 40.689041 ], [ -73.861349, 40.688695 ], [ -73.861657, 40.690047 ], [ -73.861811, 40.690724 ], [ -73.862148, 40.69215 ], [ -73.860896, 40.692318 ], [ -73.859097, 40.692519 ], [ -73.85732, 40.692623 ], [ -73.856645, 40.691015 ], [ -73.85619, 40.689759 ] ], [ [ -73.889151, 40.675496 ], [ -73.888838, 40.674251 ], [ -73.888515, 40.672983 ], [ -73.888192, 40.671715 ], [ -73.889096, 40.671582 ], [ -73.890878, 40.671318 ], [ -73.892711, 40.671046 ], [ -73.893028, 40.672315 ], [ -73.893352, 40.673582 ], [ -73.89367, 40.674822 ], [ -73.892766, 40.674956 ], [ -73.890959, 40.675224 ], [ -73.889151, 40.675496 ] ], [ [ -73.894556, 40.67077 ], [ -73.894231, 40.669519 ], [ -73.893839, 40.66798 ], [ -73.893446, 40.666446 ], [ -73.894439, 40.666297 ], [ -73.896316, 40.666019 ], [ -73.897233, 40.665878 ], [ -73.897633, 40.667419 ], [ -73.89802, 40.668958 ], [ -73.898341, 40.670212 ], [ -73.895544, 40.670626 ], [ -73.894556, 40.67077 ] ], [ [ -73.871303, 40.672858 ], [ -73.869447, 40.673143 ], [ -73.869752, 40.674404 ], [ -73.870073, 40.675671 ], [ -73.870387, 40.676939 ], [ -73.870439, 40.677218 ], [ -73.869776, 40.677027 ], [ -73.867258, 40.676113 ], [ -73.864554, 40.675151 ], [ -73.861764, 40.674233 ], [ -73.863919, 40.673942 ], [ -73.863207, 40.671019 ], [ -73.862845, 40.669522 ], [ -73.86242, 40.667783 ], [ -73.862042, 40.666253 ], [ -73.867518, 40.665473 ], [ -73.86788, 40.666996 ], [ -73.86833, 40.668728 ], [ -73.870112, 40.668014 ], [ -73.870562, 40.669798 ], [ -73.870943, 40.671335 ], [ -73.871303, 40.672858 ] ], [ [ -73.854492, 40.892479 ], [ -73.855664, 40.892853 ], [ -73.857368, 40.893394 ], [ -73.856956, 40.894168 ], [ -73.859834, 40.895085 ], [ -73.860711, 40.895371 ], [ -73.86136, 40.894663 ], [ -73.862875, 40.895154 ], [ -73.861113, 40.897589 ], [ -73.859258, 40.900338 ], [ -73.858626, 40.900136 ], [ -73.856997, 40.899504 ], [ -73.854299, 40.89845 ], [ -73.851551, 40.902045 ], [ -73.850375, 40.903428 ], [ -73.847473, 40.902096 ], [ -73.846936, 40.90152 ], [ -73.848219, 40.899828 ], [ -73.846875, 40.8963 ], [ -73.848629, 40.895914 ], [ -73.852155, 40.895137 ], [ -73.853136, 40.894922 ], [ -73.853262, 40.894699 ], [ -73.854492, 40.892479 ] ], [ [ -73.853129, 40.739374 ], [ -73.856454, 40.740363 ], [ -73.857309, 40.739681 ], [ -73.857702, 40.73936 ], [ -73.858975, 40.738698 ], [ -73.860072, 40.738373 ], [ -73.860734, 40.739636 ], [ -73.861855, 40.741589 ], [ -73.86241, 40.74289 ], [ -73.862666, 40.74341 ], [ -73.863415, 40.744781 ], [ -73.864371, 40.745082 ], [ -73.864072, 40.746074 ], [ -73.862531, 40.746534 ], [ -73.86032, 40.747196 ], [ -73.860262, 40.747069 ], [ -73.85956, 40.745724 ], [ -73.859081, 40.744783 ], [ -73.858874, 40.744395 ], [ -73.858681, 40.744031 ], [ -73.856548, 40.74381 ], [ -73.856056, 40.743665 ], [ -73.854332, 40.742698 ], [ -73.8534, 40.741846 ], [ -73.852358, 40.741375 ], [ -73.85264, 40.74071 ], [ -73.852878, 40.740038 ], [ -73.853129, 40.739374 ] ], [ [ -73.9537, 40.662174 ], [ -73.95081, 40.662354 ], [ -73.950724, 40.661569 ], [ -73.950644, 40.660827 ], [ -73.950569, 40.660117 ], [ -73.950493, 40.659405 ], [ -73.956725, 40.659017 ], [ -73.956649, 40.658306 ], [ -73.960426, 40.658072 ], [ -73.960484, 40.65841 ], [ -73.960622, 40.660205 ], [ -73.960662, 40.660947 ], [ -73.96077, 40.661734 ], [ -73.957044, 40.661965 ], [ -73.9537, 40.662174 ] ], [ [ -73.947676, 40.660297 ], [ -73.945413, 40.660437 ], [ -73.939813, 40.660785 ], [ -73.939734, 40.660074 ], [ -73.94255, 40.659892 ], [ -73.942314, 40.657609 ], [ -73.947354, 40.65728 ], [ -73.947522, 40.658876 ], [ -73.947601, 40.659586 ], [ -73.947676, 40.660297 ] ], [ [ -73.930903, 40.65661 ], [ -73.927995, 40.656802 ], [ -73.927856, 40.655516 ], [ -73.927694, 40.653985 ], [ -73.927514, 40.652318 ], [ -73.926547, 40.652392 ], [ -73.92561, 40.652446 ], [ -73.923666, 40.652538 ], [ -73.922849, 40.652463 ], [ -73.923585, 40.65052 ], [ -73.922519, 40.650587 ], [ -73.922312, 40.648658 ], [ -73.923249, 40.648599 ], [ -73.92612, 40.64842 ], [ -73.925922, 40.64656 ], [ -73.925721, 40.644674 ], [ -73.929599, 40.644433 ], [ -73.929803, 40.64632 ], [ -73.929999, 40.648181 ], [ -73.930206, 40.650109 ], [ -73.930381, 40.651734 ], [ -73.931392, 40.65169 ], [ -73.931608, 40.653742 ], [ -73.931772, 40.655273 ], [ -73.931907, 40.656537 ], [ -73.930903, 40.65661 ] ], [ [ -73.936984, 40.665536 ], [ -73.937074, 40.664644 ], [ -73.939845, 40.664794 ], [ -73.942613, 40.664947 ], [ -73.945381, 40.665099 ], [ -73.948151, 40.665248 ], [ -73.948067, 40.666139 ], [ -73.947984, 40.667031 ], [ -73.947899, 40.667922 ], [ -73.947818, 40.668784 ], [ -73.942285, 40.668461 ], [ -73.939515, 40.668296 ], [ -73.936749, 40.668128 ], [ -73.936825, 40.667317 ], [ -73.936907, 40.666426 ], [ -73.936984, 40.665536 ] ], [ [ -73.933888, 40.66895 ], [ -73.931119, 40.668798 ], [ -73.931291, 40.667015 ], [ -73.931381, 40.666126 ], [ -73.931455, 40.665234 ], [ -73.934224, 40.665378 ], [ -73.934058, 40.667168 ], [ -73.933888, 40.66895 ] ], [ [ -73.948185, 40.690242 ], [ -73.947893, 40.688776 ], [ -73.947748, 40.688044 ], [ -73.947602, 40.687311 ], [ -73.947456, 40.686578 ], [ -73.94731, 40.685846 ], [ -73.947165, 40.685113 ], [ -73.947017, 40.68438 ], [ -73.946873, 40.683646 ], [ -73.946727, 40.682914 ], [ -73.94658, 40.682181 ], [ -73.946437, 40.681449 ], [ -73.946274, 40.680213 ], [ -73.949557, 40.68039 ], [ -73.953371, 40.680641 ], [ -73.953516, 40.681383 ], [ -73.953662, 40.682115 ], [ -73.953954, 40.683581 ], [ -73.954246, 40.685047 ], [ -73.954393, 40.68578 ], [ -73.954538, 40.686512 ], [ -73.954684, 40.687245 ], [ -73.954829, 40.687977 ], [ -73.955122, 40.689444 ], [ -73.95541, 40.690908 ], [ -73.955826, 40.692993 ], [ -73.956143, 40.694579 ], [ -73.955197, 40.694688 ], [ -73.953414, 40.694893 ], [ -73.952489, 40.695004 ], [ -73.949207, 40.695378 ], [ -73.94906, 40.694637 ], [ -73.948914, 40.693905 ], [ -73.948622, 40.69244 ], [ -73.948331, 40.690974 ], [ -73.948185, 40.690242 ] ], [ [ -73.848985, 40.688038 ], [ -73.85007, 40.689841 ], [ -73.852165, 40.693661 ], [ -73.851048, 40.694067 ], [ -73.849562, 40.694422 ], [ -73.847051, 40.688586 ], [ -73.848844, 40.688079 ], [ -73.848985, 40.688038 ] ], [ [ -73.921154, 40.692796 ], [ -73.919271, 40.694731 ], [ -73.917818, 40.696208 ], [ -73.917071, 40.695782 ], [ -73.916313, 40.695351 ], [ -73.915562, 40.694922 ], [ -73.914114, 40.696398 ], [ -73.912556, 40.697982 ], [ -73.911806, 40.697554 ], [ -73.911049, 40.697126 ], [ -73.909551, 40.696271 ], [ -73.908799, 40.695845 ], [ -73.908047, 40.695417 ], [ -73.906545, 40.69456 ], [ -73.9058, 40.694128 ], [ -73.905043, 40.693704 ], [ -73.906599, 40.69212 ], [ -73.908042, 40.690647 ], [ -73.907292, 40.690219 ], [ -73.908742, 40.688745 ], [ -73.910189, 40.687271 ], [ -73.91094, 40.687699 ], [ -73.911692, 40.688125 ], [ -73.912443, 40.688553 ], [ -73.913194, 40.68898 ], [ -73.914642, 40.687507 ], [ -73.916899, 40.68879 ], [ -73.919153, 40.690076 ], [ -73.919906, 40.690499 ], [ -73.920657, 40.690927 ], [ -73.92223, 40.691823 ], [ -73.921154, 40.692796 ] ], [ [ -73.946059, 40.607082 ], [ -73.94562, 40.604759 ], [ -73.945169, 40.602369 ], [ -73.946096, 40.60227 ], [ -73.947059, 40.602162 ], [ -73.948023, 40.602056 ], [ -73.94895, 40.601954 ], [ -73.949874, 40.601853 ], [ -73.951834, 40.601637 ], [ -73.953037, 40.601506 ], [ -73.953922, 40.606217 ], [ -73.952724, 40.606349 ], [ -73.950764, 40.606565 ], [ -73.949837, 40.606667 ], [ -73.947948, 40.606876 ], [ -73.946059, 40.607082 ] ], [ [ -73.933917, 40.616508 ], [ -73.93028, 40.613245 ], [ -73.92846, 40.611613 ], [ -73.931345, 40.609747 ], [ -73.93316, 40.611381 ], [ -73.934622, 40.610442 ], [ -73.936438, 40.612069 ], [ -73.938254, 40.613702 ], [ -73.937542, 40.614165 ], [ -73.936057, 40.615123 ], [ -73.935348, 40.615584 ], [ -73.933917, 40.616508 ] ], [ [ -73.954587, 40.616169 ], [ -73.955786, 40.616036 ], [ -73.956729, 40.615932 ], [ -73.958655, 40.615721 ], [ -73.959107, 40.618113 ], [ -73.958147, 40.618217 ], [ -73.958597, 40.620608 ], [ -73.957632, 40.620714 ], [ -73.958088, 40.623105 ], [ -73.955941, 40.62334 ], [ -73.954908, 40.623454 ], [ -73.953983, 40.623555 ], [ -73.953052, 40.623658 ], [ -73.952126, 40.623759 ], [ -73.950202, 40.623971 ], [ -73.949274, 40.624072 ], [ -73.94882, 40.621682 ], [ -73.948369, 40.619291 ], [ -73.950256, 40.619083 ], [ -73.951221, 40.618978 ], [ -73.952148, 40.618875 ], [ -73.953078, 40.618775 ], [ -73.954003, 40.618672 ], [ -73.955037, 40.618558 ], [ -73.954587, 40.616169 ] ], [ [ -73.961732, 40.605358 ], [ -73.961363, 40.600589 ], [ -73.961185, 40.598312 ], [ -73.961028, 40.596161 ], [ -73.960845, 40.593743 ], [ -73.964638, 40.593328 ], [ -73.965076, 40.595716 ], [ -73.967376, 40.595461 ], [ -73.968201, 40.599835 ], [ -73.96913, 40.599733 ], [ -73.969576, 40.602122 ], [ -73.970021, 40.604444 ], [ -73.968219, 40.604937 ], [ -73.966959, 40.605662 ], [ -73.967261, 40.607259 ], [ -73.963891, 40.60763 ], [ -73.963724, 40.606758 ], [ -73.961886, 40.607336 ], [ -73.961732, 40.605358 ] ], [ [ -73.892996, 40.867882 ], [ -73.894153, 40.868386 ], [ -73.894963, 40.868749 ], [ -73.896037, 40.86923 ], [ -73.89485, 40.870451 ], [ -73.893914, 40.870969 ], [ -73.893071, 40.871396 ], [ -73.890987, 40.871764 ], [ -73.889804, 40.872401 ], [ -73.889372, 40.873382 ], [ -73.887851, 40.872121 ], [ -73.888673, 40.871497 ], [ -73.890422, 40.870491 ], [ -73.890976, 40.870159 ], [ -73.891737, 40.869511 ], [ -73.892421, 40.868624 ], [ -73.892996, 40.867882 ] ], [ [ -73.8641, 40.727382 ], [ -73.8663, 40.728186 ], [ -73.865893, 40.72883 ], [ -73.865487, 40.729472 ], [ -73.865081, 40.730113 ], [ -73.864479, 40.731089 ], [ -73.8626, 40.73042 ], [ -73.862188, 40.730276 ], [ -73.860115, 40.729522 ], [ -73.861161, 40.727893 ], [ -73.861763, 40.726922 ], [ -73.8641, 40.727382 ] ], [ [ -73.977379, 40.617883 ], [ -73.975378, 40.620793 ], [ -73.975296, 40.620913 ], [ -73.975802, 40.623594 ], [ -73.973696, 40.623827 ], [ -73.970474, 40.624182 ], [ -73.969098, 40.624333 ], [ -73.968645, 40.621942 ], [ -73.966645, 40.622163 ], [ -73.966189, 40.619773 ], [ -73.965739, 40.61738 ], [ -73.965287, 40.614992 ], [ -73.966215, 40.614892 ], [ -73.967286, 40.614773 ], [ -73.968657, 40.614622 ], [ -73.97003, 40.614469 ], [ -73.970955, 40.614369 ], [ -73.971881, 40.614266 ], [ -73.972903, 40.614153 ], [ -73.973358, 40.616541 ], [ -73.97563, 40.615946 ], [ -73.97785, 40.617287 ], [ -73.977379, 40.617883 ] ], [ [ -73.839812, 40.719602 ], [ -73.840558, 40.718369 ], [ -73.841016, 40.717643 ], [ -73.841165, 40.717414 ], [ -73.842315, 40.715588 ], [ -73.84476, 40.711706 ], [ -73.84912, 40.7133 ], [ -73.849525, 40.712654 ], [ -73.850334, 40.711371 ], [ -73.850916, 40.710471 ], [ -73.855745, 40.71123 ], [ -73.854662, 40.712947 ], [ -73.85426, 40.713592 ], [ -73.853447, 40.714877 ], [ -73.853033, 40.715519 ], [ -73.852227, 40.716807 ], [ -73.851416, 40.718094 ], [ -73.850605, 40.719381 ], [ -73.850432, 40.720109 ], [ -73.849433, 40.720963 ], [ -73.845254, 40.719441 ], [ -73.844789, 40.720164 ], [ -73.843978, 40.721455 ], [ -73.846257, 40.722453 ], [ -73.84733, 40.722933 ], [ -73.849514, 40.722613 ], [ -73.851354, 40.722575 ], [ -73.854542, 40.723726 ], [ -73.853512, 40.72536 ], [ -73.852448, 40.726705 ], [ -73.853588, 40.727135 ], [ -73.851778, 40.727697 ], [ -73.849247, 40.72845 ], [ -73.849448, 40.729154 ], [ -73.850253, 40.729655 ], [ -73.850794, 40.730288 ], [ -73.851137, 40.730953 ], [ -73.851479, 40.731618 ], [ -73.851821, 40.732282 ], [ -73.852164, 40.732947 ], [ -73.852522, 40.733619 ], [ -73.850304, 40.734296 ], [ -73.848047, 40.734967 ], [ -73.847008, 40.732947 ], [ -73.846667, 40.732283 ], [ -73.846325, 40.731616 ], [ -73.845987, 40.730955 ], [ -73.845765, 40.730262 ], [ -73.845158, 40.728901 ], [ -73.844617, 40.728295 ], [ -73.844277, 40.72763 ], [ -73.843934, 40.726965 ], [ -73.843594, 40.7263 ], [ -73.842909, 40.724971 ], [ -73.842225, 40.723642 ], [ -73.84154, 40.722314 ], [ -73.840858, 40.720984 ], [ -73.840852, 40.720065 ], [ -73.839812, 40.719602 ] ], [ [ -73.818085, 40.820482 ], [ -73.818889, 40.821855 ], [ -73.816593, 40.820747 ], [ -73.810022, 40.818637 ], [ -73.810976, 40.818287 ], [ -73.81545, 40.817703 ], [ -73.815972, 40.819492 ], [ -73.818085, 40.820482 ] ], [ [ -73.81914, 40.822347 ], [ -73.820689, 40.825305 ], [ -73.821676, 40.826202 ], [ -73.823579, 40.827867 ], [ -73.825294, 40.829689 ], [ -73.821482, 40.831573 ], [ -73.819884, 40.829688 ], [ -73.818322, 40.827835 ], [ -73.817045, 40.825957 ], [ -73.816148, 40.821809 ], [ -73.81914, 40.822347 ] ], [ [ -74.007079, 40.641325 ], [ -74.005913, 40.642445 ], [ -74.00533, 40.643006 ], [ -74.004747, 40.643567 ], [ -74.002545, 40.642236 ], [ -74.003713, 40.641116 ], [ -74.004877, 40.639995 ], [ -74.007079, 40.641325 ] ], [ [ -74.000213, 40.644477 ], [ -73.99963, 40.645037 ], [ -73.999048, 40.645597 ], [ -73.998466, 40.646159 ], [ -73.996266, 40.644827 ], [ -73.996844, 40.644266 ], [ -73.997426, 40.643706 ], [ -73.998011, 40.643147 ], [ -74.000213, 40.644477 ] ], [ [ -73.906993, 40.850371 ], [ -73.90605, 40.851401 ], [ -73.904752, 40.852826 ], [ -73.903768, 40.853913 ], [ -73.902988, 40.854773 ], [ -73.90186, 40.854586 ], [ -73.902718, 40.853522 ], [ -73.903681, 40.852389 ], [ -73.904674, 40.851101 ], [ -73.905133, 40.85053 ], [ -73.905999, 40.849392 ], [ -73.906993, 40.850371 ] ], [ [ -73.902744, 40.620068 ], [ -73.904201, 40.619127 ], [ -73.904915, 40.618664 ], [ -73.907072, 40.617265 ], [ -73.908928, 40.618877 ], [ -73.910167, 40.619987 ], [ -73.910554, 40.620403 ], [ -73.909106, 40.621324 ], [ -73.908393, 40.621778 ], [ -73.906958, 40.622709 ], [ -73.905303, 40.62122 ], [ -73.90456, 40.621702 ], [ -73.902744, 40.620068 ] ], [ [ -73.856801, 40.67951 ], [ -73.854393, 40.67966 ], [ -73.853924, 40.679686 ], [ -73.853257, 40.679728 ], [ -73.852466, 40.675584 ], [ -73.852482, 40.675287 ], [ -73.854596, 40.675753 ], [ -73.856871, 40.676455 ], [ -73.857669, 40.678739 ], [ -73.856801, 40.67951 ] ], [ [ -73.864326, 40.869656 ], [ -73.864266, 40.871389 ], [ -73.863332, 40.871375 ], [ -73.861379, 40.871336 ], [ -73.861433, 40.869603 ], [ -73.861498, 40.867782 ], [ -73.861562, 40.86555 ], [ -73.861645, 40.863106 ], [ -73.861707, 40.861242 ], [ -73.861756, 40.859645 ], [ -73.861791, 40.857983 ], [ -73.864671, 40.857906 ], [ -73.864631, 40.859609 ], [ -73.864594, 40.861294 ], [ -73.864533, 40.863162 ], [ -73.864461, 40.865489 ], [ -73.864385, 40.867839 ], [ -73.864326, 40.869656 ] ], [ [ -73.98266, 40.612693 ], [ -73.983222, 40.612122 ], [ -73.983351, 40.611992 ], [ -73.984162, 40.611218 ], [ -73.984963, 40.610448 ], [ -73.986129, 40.60933 ], [ -73.987339, 40.608168 ], [ -73.987965, 40.607566 ], [ -73.990193, 40.608911 ], [ -73.992394, 40.610241 ], [ -73.992975, 40.609683 ], [ -73.993557, 40.609123 ], [ -73.994137, 40.608564 ], [ -73.994719, 40.608005 ], [ -73.996922, 40.609335 ], [ -73.996338, 40.609894 ], [ -73.998313, 40.611084 ], [ -73.997171, 40.612215 ], [ -73.99958, 40.613669 ], [ -74.000739, 40.612555 ], [ -74.000911, 40.612388 ], [ -74.000192, 40.614951 ], [ -73.999944, 40.615782 ], [ -73.999488, 40.617405 ], [ -73.999036, 40.618946 ], [ -73.998595, 40.620502 ], [ -73.998295, 40.621619 ], [ -73.996393, 40.620582 ], [ -73.99492, 40.621994 ], [ -73.994293, 40.622597 ], [ -73.99184, 40.621111 ], [ -73.989566, 40.619738 ], [ -73.987435, 40.618455 ], [ -73.988066, 40.617852 ], [ -73.98586, 40.616522 ], [ -73.983668, 40.615185 ], [ -73.981438, 40.613838 ], [ -73.981748, 40.613554 ], [ -73.98266, 40.612693 ] ], [ [ -74.005637, 40.622024 ], [ -74.007426, 40.620303 ], [ -74.009217, 40.618582 ], [ -74.0098, 40.618024 ], [ -74.012002, 40.619353 ], [ -74.013164, 40.618236 ], [ -74.013749, 40.617676 ], [ -74.016118, 40.615384 ], [ -74.018316, 40.616722 ], [ -74.020526, 40.618058 ], [ -74.018152, 40.620336 ], [ -74.016406, 40.622014 ], [ -74.014033, 40.624294 ], [ -74.013409, 40.624896 ], [ -74.012245, 40.626016 ], [ -74.011665, 40.626574 ], [ -74.013572, 40.627728 ], [ -74.012858, 40.628207 ], [ -74.012142, 40.628684 ], [ -74.011428, 40.629162 ], [ -74.010004, 40.630113 ], [ -74.008754, 40.629371 ], [ -74.006554, 40.62804 ], [ -74.00435, 40.626711 ], [ -74.004932, 40.626151 ], [ -74.005655, 40.625455 ], [ -74.006095, 40.625033 ], [ -74.006678, 40.624473 ], [ -74.00726, 40.623915 ], [ -74.007839, 40.623355 ], [ -74.005637, 40.622024 ] ], [ [ -73.981679, 40.60316 ], [ -73.980752, 40.603264 ], [ -73.979827, 40.60337 ], [ -73.978828, 40.603475 ], [ -73.977828, 40.603586 ], [ -73.976935, 40.59887 ], [ -73.977933, 40.598762 ], [ -73.978929, 40.598653 ], [ -73.979352, 40.598605 ], [ -73.979858, 40.598548 ], [ -73.980784, 40.598447 ], [ -73.981712, 40.598345 ], [ -73.982639, 40.598243 ], [ -73.983567, 40.59814 ], [ -73.984493, 40.598038 ], [ -73.985491, 40.59793 ], [ -73.985266, 40.596744 ], [ -73.985061, 40.595671 ], [ -73.985015, 40.595413 ], [ -73.984678, 40.593659 ], [ -73.986019, 40.594446 ], [ -73.987505, 40.595342 ], [ -73.988223, 40.595776 ], [ -73.988964, 40.596223 ], [ -73.990421, 40.597104 ], [ -73.991163, 40.597554 ], [ -73.991906, 40.598004 ], [ -73.993363, 40.598889 ], [ -73.991599, 40.600581 ], [ -73.99039, 40.601743 ], [ -73.989808, 40.602303 ], [ -73.989224, 40.602865 ], [ -73.988643, 40.603421 ], [ -73.986847, 40.605097 ], [ -73.987024, 40.606031 ], [ -73.985973, 40.605877 ], [ -73.984925, 40.605313 ], [ -73.984457, 40.602854 ], [ -73.982605, 40.603058 ], [ -73.981679, 40.60316 ] ], [ [ -73.940285, 40.851322 ], [ -73.93954, 40.853486 ], [ -73.938652, 40.854677 ], [ -73.937953, 40.85557 ], [ -73.935606, 40.858863 ], [ -73.934088, 40.859382 ], [ -73.93215, 40.859527 ], [ -73.931313, 40.859328 ], [ -73.931818, 40.858271 ], [ -73.932631, 40.856716 ], [ -73.931475, 40.856851 ], [ -73.929726, 40.857379 ], [ -73.928233, 40.857168 ], [ -73.928266, 40.856808 ], [ -73.928411, 40.856606 ], [ -73.928716, 40.856182 ], [ -73.929644, 40.854908 ], [ -73.930539, 40.853685 ], [ -73.930996, 40.853062 ], [ -73.932228, 40.853582 ], [ -73.933705, 40.854169 ], [ -73.934627, 40.854501 ], [ -73.936038, 40.854915 ], [ -73.936355, 40.853821 ], [ -73.936545, 40.852611 ], [ -73.935716, 40.852339 ], [ -73.936661, 40.850448 ], [ -73.937365, 40.850645 ], [ -73.938284, 40.850909 ], [ -73.939236, 40.851179 ], [ -73.940285, 40.851322 ] ], [ [ -73.920611, 40.863113 ], [ -73.92125, 40.864112 ], [ -73.921884, 40.8651 ], [ -73.922498, 40.866064 ], [ -73.92311, 40.867016 ], [ -73.921214, 40.867693 ], [ -73.919754, 40.868114 ], [ -73.917044, 40.867026 ], [ -73.918943, 40.864463 ], [ -73.920276, 40.862606 ], [ -73.920611, 40.863113 ] ], [ [ -73.91873, 40.742991 ], [ -73.918349, 40.744901 ], [ -73.918014, 40.746568 ], [ -73.916158, 40.746355 ], [ -73.915232, 40.746246 ], [ -73.914303, 40.746138 ], [ -73.914637, 40.744472 ], [ -73.915021, 40.742553 ], [ -73.915944, 40.742686 ], [ -73.916887, 40.742787 ], [ -73.917786, 40.742893 ], [ -73.91873, 40.742991 ] ], [ [ -73.957404, 40.77012 ], [ -73.955037, 40.76912 ], [ -73.955502, 40.768485 ], [ -73.955999, 40.767804 ], [ -73.956496, 40.767119 ], [ -73.956956, 40.766493 ], [ -73.957412, 40.765868 ], [ -73.959777, 40.766868 ], [ -73.959318, 40.767494 ], [ -73.958861, 40.76812 ], [ -73.958362, 40.768803 ], [ -73.957866, 40.769484 ], [ -73.957404, 40.77012 ] ], [ [ -73.954112, 40.770389 ], [ -73.953649, 40.771024 ], [ -73.953188, 40.771657 ], [ -73.952686, 40.77234 ], [ -73.950435, 40.771391 ], [ -73.950932, 40.770709 ], [ -73.951398, 40.770073 ], [ -73.951858, 40.769441 ], [ -73.954112, 40.770389 ] ], [ [ -73.940519, 40.797261 ], [ -73.939522, 40.798625 ], [ -73.939062, 40.799253 ], [ -73.938603, 40.799883 ], [ -73.940207, 40.800557 ], [ -73.941825, 40.80124 ], [ -73.940908, 40.802499 ], [ -73.939989, 40.803756 ], [ -73.938544, 40.80573 ], [ -73.935326, 40.804371 ], [ -73.93631, 40.803024 ], [ -73.934062, 40.802077 ], [ -73.931773, 40.800979 ], [ -73.931969, 40.800711 ], [ -73.933516, 40.798594 ], [ -73.933991, 40.797932 ], [ -73.934456, 40.79731 ], [ -73.934913, 40.79668 ], [ -73.935912, 40.795312 ], [ -73.938285, 40.796301 ], [ -73.940519, 40.797261 ] ], [ [ -73.846067, 40.882901 ], [ -73.843146, 40.885031 ], [ -73.84118, 40.886408 ], [ -73.841941, 40.888418 ], [ -73.841053, 40.888553 ], [ -73.839773, 40.888738 ], [ -73.838227, 40.888644 ], [ -73.836434, 40.888935 ], [ -73.835549, 40.889133 ], [ -73.834674, 40.889332 ], [ -73.834452, 40.889363 ], [ -73.829473, 40.889083 ], [ -73.828135, 40.888579 ], [ -73.82492, 40.88785 ], [ -73.824492, 40.887378 ], [ -73.82519, 40.886982 ], [ -73.827896, 40.885952 ], [ -73.830654, 40.884853 ], [ -73.833618, 40.884186 ], [ -73.834047, 40.88399 ], [ -73.834346, 40.88385 ], [ -73.836641, 40.88212 ], [ -73.838743, 40.881266 ], [ -73.841277, 40.880317 ], [ -73.842015, 40.879872 ], [ -73.843241, 40.879109 ], [ -73.844773, 40.879756 ], [ -73.844263, 40.88042 ], [ -73.846576, 40.882211 ], [ -73.846067, 40.882901 ] ], [ [ -73.923083, 40.703975 ], [ -73.922331, 40.703543 ], [ -73.92158, 40.703115 ], [ -73.920827, 40.702686 ], [ -73.920075, 40.702259 ], [ -73.923082, 40.6992 ], [ -73.922328, 40.698772 ], [ -73.921574, 40.698345 ], [ -73.920824, 40.697918 ], [ -73.922271, 40.696443 ], [ -73.924249, 40.694429 ], [ -73.924995, 40.694855 ], [ -73.92575, 40.695285 ], [ -73.926499, 40.695712 ], [ -73.92725, 40.696142 ], [ -73.928231, 40.696666 ], [ -73.929316, 40.69764 ], [ -73.929964, 40.69825 ], [ -73.930521, 40.698772 ], [ -73.929035, 40.70029 ], [ -73.927588, 40.701762 ], [ -73.926838, 40.701334 ], [ -73.923834, 40.704398 ], [ -73.923083, 40.703975 ] ], [ [ -73.813334, 40.750372 ], [ -73.815942, 40.752691 ], [ -73.817721, 40.754276 ], [ -73.815339, 40.755432 ], [ -73.816215, 40.75747 ], [ -73.811202, 40.75882 ], [ -73.809799, 40.759192 ], [ -73.808867, 40.759115 ], [ -73.806073, 40.758895 ], [ -73.804207, 40.758747 ], [ -73.804528, 40.756399 ], [ -73.803595, 40.756324 ], [ -73.803946, 40.753699 ], [ -73.804445, 40.75373 ], [ -73.804886, 40.753765 ], [ -73.805819, 40.753838 ], [ -73.807685, 40.753987 ], [ -73.807975, 40.751858 ], [ -73.808909, 40.751933 ], [ -73.809135, 40.750269 ], [ -73.811514, 40.750455 ], [ -73.811924, 40.751288 ], [ -73.813334, 40.750372 ] ], [ [ -73.788671, 40.75139 ], [ -73.788887, 40.752034 ], [ -73.789002, 40.753609 ], [ -73.789218, 40.755716 ], [ -73.789428, 40.757848 ], [ -73.790315, 40.757823 ], [ -73.79076, 40.760986 ], [ -73.788068, 40.761205 ], [ -73.785168, 40.761433 ], [ -73.783392, 40.757758 ], [ -73.782481, 40.755997 ], [ -73.782125, 40.755339 ], [ -73.780532, 40.753329 ], [ -73.779806, 40.751895 ], [ -73.778312, 40.748745 ], [ -73.7828, 40.747507 ], [ -73.783674, 40.747274 ], [ -73.786354, 40.746537 ], [ -73.787003, 40.747908 ], [ -73.787844, 40.749691 ], [ -73.788671, 40.75139 ] ], [ [ -73.929219, 40.809564 ], [ -73.928135, 40.809622 ], [ -73.927121, 40.810949 ], [ -73.926443, 40.811507 ], [ -73.924683, 40.812384 ], [ -73.922875, 40.813315 ], [ -73.922088, 40.813731 ], [ -73.920119, 40.812894 ], [ -73.916838, 40.811656 ], [ -73.914847, 40.810994 ], [ -73.915178, 40.810427 ], [ -73.913302, 40.809656 ], [ -73.91157, 40.80907 ], [ -73.910693, 40.808809 ], [ -73.907839, 40.808206 ], [ -73.908443, 40.806477 ], [ -73.909127, 40.806166 ], [ -73.90547, 40.803931 ], [ -73.906052, 40.803367 ], [ -73.908338, 40.804661 ], [ -73.913242, 40.799937 ], [ -73.925765, 40.805223 ], [ -73.924265, 40.807175 ], [ -73.926524, 40.808162 ], [ -73.928556, 40.809046 ], [ -73.929219, 40.809564 ] ], [ [ -73.91352, 40.819542 ], [ -73.914031, 40.818956 ], [ -73.914472, 40.818507 ], [ -73.915991, 40.817211 ], [ -73.917119, 40.817512 ], [ -73.918899, 40.817967 ], [ -73.922118, 40.818796 ], [ -73.921784, 40.819527 ], [ -73.921478, 40.8202 ], [ -73.920665, 40.821837 ], [ -73.92034, 40.822095 ], [ -73.919178, 40.82177 ], [ -73.917417, 40.821277 ], [ -73.917713, 40.820647 ], [ -73.915902, 40.820175 ], [ -73.914264, 40.819747 ], [ -73.91352, 40.819542 ] ], [ [ -73.94036, 40.833786 ], [ -73.941118, 40.834114 ], [ -73.941577, 40.833487 ], [ -73.944426, 40.834681 ], [ -73.943967, 40.835309 ], [ -73.944574, 40.836382 ], [ -73.944297, 40.837078 ], [ -73.944022, 40.83778 ], [ -73.943741, 40.838477 ], [ -73.943066, 40.840193 ], [ -73.942279, 40.842154 ], [ -73.942013, 40.84281 ], [ -73.939334, 40.841681 ], [ -73.937929, 40.841087 ], [ -73.936464, 40.840482 ], [ -73.937332, 40.839294 ], [ -73.938343, 40.837909 ], [ -73.939827, 40.838498 ], [ -73.940102, 40.836945 ], [ -73.939888, 40.835794 ], [ -73.939775, 40.835183 ], [ -73.940049, 40.834491 ], [ -73.94036, 40.833786 ] ], [ [ -73.939602, 40.826002 ], [ -73.939351, 40.825898 ], [ -73.936787, 40.824811 ], [ -73.93722, 40.824188 ], [ -73.937673, 40.823566 ], [ -73.938129, 40.822934 ], [ -73.935335, 40.821749 ], [ -73.935745, 40.821106 ], [ -73.936227, 40.820438 ], [ -73.936721, 40.81977 ], [ -73.937641, 40.818517 ], [ -73.938087, 40.8179 ], [ -73.938539, 40.817282 ], [ -73.938991, 40.816663 ], [ -73.939457, 40.816027 ], [ -73.939909, 40.815404 ], [ -73.940369, 40.814774 ], [ -73.940855, 40.814106 ], [ -73.941347, 40.813438 ], [ -73.941803, 40.812815 ], [ -73.942249, 40.812201 ], [ -73.943172, 40.810942 ], [ -73.946031, 40.812119 ], [ -73.945568, 40.812752 ], [ -73.948419, 40.813938 ], [ -73.947034, 40.81583 ], [ -73.946055, 40.817175 ], [ -73.945141, 40.818424 ], [ -73.944231, 40.819673 ], [ -73.943778, 40.820294 ], [ -73.943322, 40.820917 ], [ -73.942411, 40.822164 ], [ -73.941917, 40.822837 ], [ -73.941426, 40.823507 ], [ -73.940515, 40.824757 ], [ -73.939602, 40.826002 ] ], [ [ -73.916267, 40.664654 ], [ -73.914391, 40.66493 ], [ -73.913472, 40.665066 ], [ -73.912516, 40.665209 ], [ -73.912122, 40.663673 ], [ -73.911727, 40.662135 ], [ -73.909857, 40.662412 ], [ -73.90892, 40.662554 ], [ -73.908524, 40.661014 ], [ -73.907585, 40.661156 ], [ -73.907191, 40.659619 ], [ -73.906795, 40.658084 ], [ -73.906369, 40.656412 ], [ -73.907307, 40.656273 ], [ -73.908245, 40.656133 ], [ -73.910123, 40.655852 ], [ -73.910549, 40.657525 ], [ -73.910943, 40.659061 ], [ -73.911335, 40.660597 ], [ -73.912292, 40.660455 ], [ -73.91321, 40.660319 ], [ -73.914131, 40.660181 ], [ -73.914526, 40.661722 ], [ -73.916434, 40.661432 ], [ -73.91683, 40.662973 ], [ -73.915875, 40.663116 ], [ -73.916267, 40.664654 ] ], [ [ -73.908088, 40.67619 ], [ -73.908195, 40.675379 ], [ -73.90831, 40.674605 ], [ -73.909157, 40.674653 ], [ -73.911075, 40.674757 ], [ -73.911152, 40.673979 ], [ -73.911224, 40.673152 ], [ -73.914004, 40.67324 ], [ -73.91392, 40.67413 ], [ -73.913846, 40.674908 ], [ -73.913696, 40.676495 ], [ -73.910926, 40.676345 ], [ -73.908088, 40.67619 ] ], [ [ -73.923979, 40.689275 ], [ -73.923834, 40.688541 ], [ -73.923689, 40.687811 ], [ -73.923542, 40.687076 ], [ -73.923396, 40.686345 ], [ -73.923252, 40.685612 ], [ -73.923104, 40.68488 ], [ -73.922959, 40.684148 ], [ -73.922814, 40.683415 ], [ -73.926095, 40.683038 ], [ -73.929009, 40.682703 ], [ -73.928727, 40.681237 ], [ -73.928555, 40.68005 ], [ -73.929058, 40.679277 ], [ -73.934351, 40.679564 ], [ -73.934571, 40.680565 ], [ -73.934715, 40.681298 ], [ -73.934862, 40.682031 ], [ -73.935008, 40.682764 ], [ -73.935155, 40.683497 ], [ -73.9353, 40.684229 ], [ -73.935444, 40.684963 ], [ -73.93559, 40.685695 ], [ -73.935736, 40.686428 ], [ -73.935879, 40.68716 ], [ -73.936027, 40.687892 ], [ -73.936172, 40.688627 ], [ -73.936321, 40.689354 ], [ -73.936467, 40.69009 ], [ -73.936612, 40.690822 ], [ -73.936758, 40.691556 ], [ -73.930907, 40.692228 ], [ -73.93076, 40.691495 ], [ -73.930616, 40.690762 ], [ -73.93047, 40.690031 ], [ -73.930325, 40.689298 ], [ -73.93018, 40.688565 ], [ -73.923979, 40.689275 ] ], [ [ -73.930615, 40.674147 ], [ -73.92784, 40.673996 ], [ -73.925082, 40.673844 ], [ -73.925122, 40.673399 ], [ -73.925161, 40.672954 ], [ -73.925245, 40.672062 ], [ -73.925328, 40.671169 ], [ -73.928098, 40.671321 ], [ -73.930868, 40.671474 ], [ -73.933635, 40.671626 ], [ -73.936406, 40.671774 ], [ -73.93649, 40.670886 ], [ -73.936569, 40.670041 ], [ -73.939337, 40.670192 ], [ -73.942106, 40.670342 ], [ -73.944872, 40.670504 ], [ -73.947642, 40.670664 ], [ -73.94748, 40.67238 ], [ -73.950251, 40.67253 ], [ -73.953019, 40.672681 ], [ -73.952937, 40.673571 ], [ -73.952849, 40.674462 ], [ -73.952768, 40.675355 ], [ -73.950001, 40.675204 ], [ -73.94723, 40.675053 ], [ -73.944462, 40.674907 ], [ -73.941694, 40.674748 ], [ -73.938895, 40.674599 ], [ -73.938841, 40.675493 ], [ -73.936078, 40.675335 ], [ -73.933298, 40.67519 ], [ -73.930615, 40.674147 ] ], [ [ -73.948273, 40.803957 ], [ -73.948728, 40.803331 ], [ -73.949187, 40.8027 ], [ -73.94968, 40.802024 ], [ -73.950186, 40.801332 ], [ -73.951094, 40.800091 ], [ -73.952508, 40.800686 ], [ -73.953477, 40.801917 ], [ -73.956321, 40.803115 ], [ -73.955368, 40.80442 ], [ -73.954416, 40.805725 ], [ -73.9535, 40.806981 ], [ -73.952917, 40.80778 ], [ -73.952585, 40.808238 ], [ -73.95068, 40.810843 ], [ -73.947839, 40.809641 ], [ -73.944994, 40.808446 ], [ -73.9469, 40.805839 ], [ -73.947352, 40.805213 ], [ -73.947813, 40.804587 ], [ -73.948273, 40.803957 ] ], [ [ -73.993866, 40.633347 ], [ -73.993284, 40.633906 ], [ -73.9927, 40.634467 ], [ -73.99212, 40.635026 ], [ -73.991539, 40.635583 ], [ -73.990956, 40.636145 ], [ -73.990373, 40.636705 ], [ -73.989789, 40.637264 ], [ -73.989206, 40.637824 ], [ -73.98862, 40.638385 ], [ -73.988039, 40.638947 ], [ -73.987455, 40.639505 ], [ -73.986876, 40.640069 ], [ -73.989077, 40.641396 ], [ -73.988494, 40.641956 ], [ -73.984088, 40.639297 ], [ -73.984672, 40.638735 ], [ -73.982466, 40.637406 ], [ -73.980266, 40.636076 ], [ -73.981432, 40.634955 ], [ -73.982015, 40.634395 ], [ -73.982598, 40.633837 ], [ -73.983763, 40.632717 ], [ -73.984344, 40.632157 ], [ -73.984928, 40.631597 ], [ -73.985509, 40.631038 ], [ -73.986675, 40.629916 ], [ -73.987259, 40.629355 ], [ -73.988428, 40.628231 ], [ -73.989009, 40.627676 ], [ -73.990175, 40.626557 ], [ -73.990756, 40.625998 ], [ -73.996115, 40.629232 ], [ -73.997359, 40.629986 ], [ -73.995617, 40.631667 ], [ -73.993866, 40.633347 ] ], [ [ -73.912962, 40.82816 ], [ -73.914722, 40.82873 ], [ -73.91641, 40.82929 ], [ -73.916906, 40.828389 ], [ -73.917533, 40.82725 ], [ -73.918459, 40.825574 ], [ -73.920258, 40.826153 ], [ -73.921152, 40.826398 ], [ -73.921739, 40.82564 ], [ -73.922274, 40.82497 ], [ -73.923073, 40.823624 ], [ -73.924644, 40.821021 ], [ -73.925746, 40.821175 ], [ -73.925153, 40.821904 ], [ -73.923473, 40.825425 ], [ -73.923062, 40.826096 ], [ -73.922669, 40.826854 ], [ -73.921742, 40.8286 ], [ -73.921171, 40.829628 ], [ -73.920461, 40.830915 ], [ -73.919856, 40.831949 ], [ -73.919029, 40.83309 ], [ -73.918389, 40.833809 ], [ -73.917706, 40.83451 ], [ -73.916662, 40.834127 ], [ -73.915857, 40.833839 ], [ -73.91497, 40.833588 ], [ -73.914079, 40.833286 ], [ -73.913844, 40.833694 ], [ -73.911285, 40.832829 ], [ -73.912395, 40.830936 ], [ -73.911384, 40.830988 ], [ -73.912255, 40.829419 ], [ -73.912962, 40.82816 ] ], [ [ -73.932109, 40.586286 ], [ -73.934448, 40.586652 ], [ -73.937247, 40.586311 ], [ -73.939139, 40.585983 ], [ -73.94106, 40.585661 ], [ -73.943866, 40.585298 ], [ -73.946692, 40.585073 ], [ -73.947636, 40.584999 ], [ -73.94987, 40.584856 ], [ -73.951238, 40.584925 ], [ -73.951889, 40.585936 ], [ -73.952783, 40.587072 ], [ -73.952276, 40.587272 ], [ -73.952454, 40.588173 ], [ -73.950539, 40.588383 ], [ -73.949345, 40.588514 ], [ -73.94975, 40.590634 ], [ -73.950152, 40.592754 ], [ -73.949116, 40.592868 ], [ -73.947264, 40.593072 ], [ -73.945374, 40.59328 ], [ -73.944972, 40.59116 ], [ -73.944012, 40.591265 ], [ -73.942154, 40.591469 ], [ -73.941233, 40.591572 ], [ -73.939238, 40.591789 ], [ -73.939641, 40.593922 ], [ -73.940611, 40.593808 ], [ -73.94148, 40.598304 ], [ -73.938637, 40.598609 ], [ -73.935804, 40.598924 ], [ -73.935369, 40.596542 ], [ -73.933412, 40.596757 ], [ -73.933483, 40.597141 ], [ -73.932576, 40.597719 ], [ -73.932054, 40.59547 ], [ -73.933056, 40.594887 ], [ -73.933011, 40.594639 ], [ -73.932614, 40.592517 ], [ -73.931784, 40.588141 ], [ -73.932522, 40.588061 ], [ -73.932109, 40.586286 ] ], [ [ -73.913755, 40.838743 ], [ -73.915088, 40.839225 ], [ -73.91594, 40.839552 ], [ -73.916783, 40.839881 ], [ -73.917683, 40.840225 ], [ -73.916184, 40.842335 ], [ -73.917955, 40.843102 ], [ -73.917564, 40.843587 ], [ -73.917402, 40.845036 ], [ -73.916726, 40.84505 ], [ -73.914199, 40.845115 ], [ -73.913192, 40.845116 ], [ -73.912001, 40.845087 ], [ -73.911143, 40.845063 ], [ -73.909361, 40.845006 ], [ -73.909463, 40.843779 ], [ -73.909547, 40.843045 ], [ -73.910454, 40.843117 ], [ -73.910968, 40.843136 ], [ -73.911927, 40.843267 ], [ -73.912698, 40.84093 ], [ -73.913137, 40.839814 ], [ -73.913755, 40.838743 ] ], [ [ -73.919221, 40.880768 ], [ -73.919967, 40.882399 ], [ -73.92023, 40.88271 ], [ -73.919807, 40.883939 ], [ -73.918761, 40.88557 ], [ -73.916037, 40.884867 ], [ -73.913978, 40.886374 ], [ -73.913465, 40.886799 ], [ -73.913106, 40.888314 ], [ -73.912904, 40.889749 ], [ -73.912697, 40.890569 ], [ -73.911997, 40.892239 ], [ -73.911116, 40.894905 ], [ -73.911871, 40.896009 ], [ -73.910839, 40.900031 ], [ -73.9102, 40.903063 ], [ -73.912603, 40.903578 ], [ -73.910596, 40.906774 ], [ -73.90899, 40.908207 ], [ -73.908638, 40.90857 ], [ -73.906559, 40.911327 ], [ -73.903215, 40.910129 ], [ -73.903673, 40.908437 ], [ -73.9041, 40.906862 ], [ -73.905007, 40.90414 ], [ -73.907463, 40.899394 ], [ -73.908101, 40.898092 ], [ -73.9085, 40.893586 ], [ -73.908531, 40.890909 ], [ -73.909064, 40.889508 ], [ -73.908418, 40.889122 ], [ -73.909297, 40.88847 ], [ -73.909982, 40.885658 ], [ -73.910426, 40.88347 ], [ -73.911725, 40.880739 ], [ -73.912018, 40.880824 ], [ -73.913758, 40.881556 ], [ -73.913102, 40.882811 ], [ -73.915166, 40.883473 ], [ -73.914527, 40.88453 ], [ -73.914892, 40.884625 ], [ -73.918253, 40.880728 ], [ -73.919221, 40.880768 ] ], [ [ -73.885681, 40.65485 ], [ -73.886689, 40.656205 ], [ -73.887786, 40.657683 ], [ -73.884582, 40.659061 ], [ -73.882912, 40.659781 ], [ -73.884131, 40.661433 ], [ -73.880892, 40.662834 ], [ -73.879683, 40.66117 ], [ -73.878592, 40.659701 ], [ -73.881826, 40.658308 ], [ -73.880813, 40.656945 ], [ -73.882511, 40.656213 ], [ -73.885681, 40.65485 ] ], [ [ -73.881856, 40.66415 ], [ -73.886814, 40.662014 ], [ -73.888385, 40.661338 ], [ -73.890015, 40.660636 ], [ -73.891649, 40.659933 ], [ -73.893279, 40.65923 ], [ -73.89469, 40.661126 ], [ -73.895151, 40.661314 ], [ -73.895531, 40.662945 ], [ -73.89365, 40.663223 ], [ -73.891738, 40.663507 ], [ -73.889907, 40.663778 ], [ -73.888108, 40.664047 ], [ -73.885563, 40.665141 ], [ -73.883309, 40.666112 ], [ -73.881856, 40.66415 ] ], [ [ -73.902388, 40.628599 ], [ -73.90652, 40.630458 ], [ -73.907351, 40.630831 ], [ -73.908943, 40.631617 ], [ -73.909597, 40.632205 ], [ -73.911437, 40.633857 ], [ -73.913198, 40.631934 ], [ -73.916224, 40.633606 ], [ -73.913278, 40.635508 ], [ -73.914943, 40.637007 ], [ -73.916809, 40.638682 ], [ -73.91893, 40.640585 ], [ -73.917402, 40.641517 ], [ -73.916621, 40.641948 ], [ -73.915925, 40.642384 ], [ -73.913755, 40.643778 ], [ -73.912915, 40.644177 ], [ -73.912756, 40.646328 ], [ -73.912427, 40.646773 ], [ -73.910716, 40.647888 ], [ -73.908899, 40.646256 ], [ -73.907084, 40.644623 ], [ -73.905417, 40.643129 ], [ -73.904485, 40.642292 ], [ -73.903774, 40.641652 ], [ -73.902345, 40.642576 ], [ -73.90067, 40.64366 ], [ -73.899791, 40.644227 ], [ -73.897619, 40.64563 ], [ -73.896162, 40.646571 ], [ -73.894679, 40.64753 ], [ -73.892551, 40.648911 ], [ -73.888901, 40.64563 ], [ -73.885253, 40.642357 ], [ -73.887386, 40.640981 ], [ -73.885565, 40.639347 ], [ -73.883718, 40.63768 ], [ -73.885944, 40.636227 ], [ -73.886646, 40.635775 ], [ -73.889695, 40.633802 ], [ -73.891557, 40.635475 ], [ -73.89476, 40.633405 ], [ -73.89686, 40.63205 ], [ -73.897629, 40.631553 ], [ -73.900513, 40.629688 ], [ -73.902388, 40.628599 ] ], [ [ -73.930054, 40.630389 ], [ -73.928114, 40.630506 ], [ -73.925205, 40.630689 ], [ -73.924239, 40.630749 ], [ -73.920418, 40.630904 ], [ -73.924005, 40.628567 ], [ -73.924298, 40.628386 ], [ -73.921119, 40.628586 ], [ -73.920869, 40.626251 ], [ -73.920625, 40.623979 ], [ -73.923497, 40.623802 ], [ -73.923262, 40.6216 ], [ -73.923008, 40.619193 ], [ -73.926879, 40.61895 ], [ -73.927135, 40.621358 ], [ -73.927369, 40.623562 ], [ -73.929311, 40.623441 ], [ -73.930282, 40.623381 ], [ -73.93125, 40.623321 ], [ -73.932195, 40.623269 ], [ -73.9331, 40.622694 ], [ -73.93538, 40.621216 ], [ -73.936336, 40.620611 ], [ -73.940805, 40.620125 ], [ -73.940851, 40.620458 ], [ -73.941229, 40.622517 ], [ -73.941681, 40.624907 ], [ -73.942645, 40.6248 ], [ -73.943093, 40.62719 ], [ -73.943409, 40.62956 ], [ -73.941509, 40.629678 ], [ -73.939605, 40.629795 ], [ -73.936767, 40.629973 ], [ -73.9358, 40.630032 ], [ -73.932455, 40.63024 ], [ -73.931983, 40.630269 ], [ -73.931025, 40.630329 ], [ -73.930054, 40.630389 ] ], [ [ -73.97247, 40.696207 ], [ -73.972451, 40.696112 ], [ -73.971872, 40.69321 ], [ -73.972911, 40.693251 ], [ -73.973855, 40.693287 ], [ -73.97354, 40.691707 ], [ -73.973126, 40.689622 ], [ -73.974109, 40.689663 ], [ -73.975106, 40.689698 ], [ -73.977098, 40.689773 ], [ -73.97766, 40.691898 ], [ -73.977827, 40.693438 ], [ -73.975848, 40.693361 ], [ -73.975987, 40.694089 ], [ -73.976188, 40.695098 ], [ -73.976443, 40.696371 ], [ -73.975486, 40.696315 ], [ -73.973485, 40.696246 ], [ -73.97247, 40.696207 ] ], [ [ -73.968227, 40.679422 ], [ -73.965341, 40.678818 ], [ -73.962229, 40.678166 ], [ -73.962547, 40.677287 ], [ -73.962865, 40.676406 ], [ -73.963183, 40.675529 ], [ -73.963331, 40.675561 ], [ -73.966296, 40.67618 ], [ -73.969178, 40.676785 ], [ -73.96886, 40.677665 ], [ -73.968542, 40.678543 ], [ -73.968227, 40.679422 ] ], [ [ -73.901587, 40.883482 ], [ -73.902822, 40.881687 ], [ -73.903937, 40.880134 ], [ -73.90471, 40.880554 ], [ -73.90545, 40.880967 ], [ -73.906495, 40.881549 ], [ -73.907259, 40.88197 ], [ -73.908012, 40.8824 ], [ -73.904721, 40.885242 ], [ -73.904017, 40.884772 ], [ -73.902568, 40.883839 ], [ -73.901587, 40.883482 ] ], [ [ -73.908492, 40.766452 ], [ -73.906911, 40.765711 ], [ -73.905312, 40.764965 ], [ -73.904512, 40.764589 ], [ -73.905245, 40.763687 ], [ -73.90651, 40.762109 ], [ -73.908908, 40.763229 ], [ -73.910505, 40.763979 ], [ -73.908492, 40.766452 ] ], [ [ -73.879789, 40.756147 ], [ -73.87793, 40.756339 ], [ -73.876998, 40.756439 ], [ -73.876668, 40.75461 ], [ -73.876315, 40.752666 ], [ -73.877247, 40.752568 ], [ -73.878174, 40.752471 ], [ -73.879104, 40.752373 ], [ -73.879789, 40.756147 ] ], [ [ -73.879818, 40.746442 ], [ -73.877904, 40.74559 ], [ -73.876282, 40.744869 ], [ -73.876746, 40.744265 ], [ -73.877211, 40.743661 ], [ -73.877683, 40.743061 ], [ -73.878242, 40.742397 ], [ -73.878479, 40.742151 ], [ -73.875671, 40.74297 ], [ -73.874658, 40.743268 ], [ -73.874505, 40.743311 ], [ -73.873485, 40.742501 ], [ -73.875019, 40.741494 ], [ -73.874796, 40.741288 ], [ -73.874361, 40.74016 ], [ -73.874103, 40.739488 ], [ -73.873835, 40.738803 ], [ -73.873567, 40.738117 ], [ -73.872772, 40.736046 ], [ -73.872656, 40.735743 ], [ -73.874351, 40.734966 ], [ -73.87477, 40.734628 ], [ -73.877838, 40.736586 ], [ -73.880354, 40.737135 ], [ -73.882873, 40.737611 ], [ -73.881785, 40.737807 ], [ -73.877431, 40.738601 ], [ -73.878487, 40.739934 ], [ -73.879107, 40.740445 ], [ -73.87932, 40.740602 ], [ -73.880237, 40.741199 ], [ -73.880278, 40.741297 ], [ -73.881004, 40.741841 ], [ -73.882943, 40.74161 ], [ -73.882829, 40.740992 ], [ -73.884615, 40.740433 ], [ -73.885726, 40.741289 ], [ -73.887511, 40.741083 ], [ -73.887986, 40.743548 ], [ -73.886208, 40.743775 ], [ -73.885095, 40.743974 ], [ -73.883843, 40.745797 ], [ -73.883403, 40.746418 ], [ -73.882105, 40.745836 ], [ -73.880747, 40.745233 ], [ -73.880284, 40.745835 ], [ -73.879818, 40.746442 ] ], [ [ -73.854421, 40.748805 ], [ -73.857323, 40.747922 ], [ -73.858059, 40.749353 ], [ -73.858763, 40.750717 ], [ -73.855835, 40.751577 ], [ -73.855139, 40.750226 ], [ -73.854421, 40.748805 ] ], [ [ -73.868255, 40.761806 ], [ -73.871355, 40.762332 ], [ -73.871773, 40.764625 ], [ -73.869846, 40.764827 ], [ -73.868982, 40.764913 ], [ -73.867492, 40.765688 ], [ -73.866323, 40.76448 ], [ -73.863496, 40.761558 ], [ -73.864335, 40.761143 ], [ -73.868255, 40.761806 ] ], [ [ -73.899616, 40.768304 ], [ -73.902476, 40.77032 ], [ -73.903191, 40.770825 ], [ -73.90533, 40.769038 ], [ -73.907494, 40.770572 ], [ -73.908217, 40.771085 ], [ -73.910241, 40.769427 ], [ -73.911673, 40.769645 ], [ -73.912893, 40.770521 ], [ -73.91431, 40.771523 ], [ -73.915395, 40.77229 ], [ -73.917077, 40.773475 ], [ -73.914548, 40.775548 ], [ -73.912383, 40.77731 ], [ -73.910147, 40.77915 ], [ -73.910835, 40.779635 ], [ -73.912211, 40.780606 ], [ -73.913588, 40.781578 ], [ -73.914595, 40.782283 ], [ -73.915734, 40.783088 ], [ -73.915974, 40.783262 ], [ -73.917107, 40.784057 ], [ -73.916565, 40.784493 ], [ -73.915236, 40.786041 ], [ -73.913807, 40.785026 ], [ -73.912428, 40.784053 ], [ -73.910043, 40.78237 ], [ -73.908671, 40.781401 ], [ -73.906304, 40.779729 ], [ -73.903793, 40.777957 ], [ -73.900167, 40.778779 ], [ -73.89779, 40.780728 ], [ -73.89637, 40.779668 ], [ -73.894232, 40.778154 ], [ -73.896565, 40.776247 ], [ -73.893407, 40.774028 ], [ -73.89289, 40.773808 ], [ -73.895008, 40.772078 ], [ -73.89522, 40.771904 ], [ -73.899616, 40.768304 ] ], [ [ -73.861751, 40.749968 ], [ -73.862726, 40.749868 ], [ -73.863097, 40.750672 ], [ -73.863986, 40.750408 ], [ -73.865401, 40.75301 ], [ -73.863582, 40.753491 ], [ -73.862514, 40.751448 ], [ -73.862241, 40.75092 ], [ -73.861751, 40.749968 ] ], [ [ -73.774687, 40.768792 ], [ -73.773761, 40.768975 ], [ -73.770639, 40.769645 ], [ -73.770169, 40.769738 ], [ -73.769849, 40.768602 ], [ -73.769406, 40.767079 ], [ -73.76813, 40.765966 ], [ -73.767807, 40.764847 ], [ -73.768347, 40.76343 ], [ -73.770769, 40.763193 ], [ -73.772882, 40.763412 ], [ -73.773606, 40.76478 ], [ -73.773402, 40.766312 ], [ -73.774687, 40.768792 ] ], [ [ -73.825886, 40.870396 ], [ -73.827698, 40.870953 ], [ -73.828278, 40.871012 ], [ -73.827459, 40.872753 ], [ -73.828208, 40.873017 ], [ -73.827259, 40.874264 ], [ -73.82821, 40.874928 ], [ -73.828476, 40.874465 ], [ -73.830132, 40.87533 ], [ -73.829785, 40.876119 ], [ -73.828892, 40.875803 ], [ -73.828772, 40.876004 ], [ -73.828367, 40.876687 ], [ -73.826329, 40.875982 ], [ -73.825764, 40.876339 ], [ -73.824844, 40.875702 ], [ -73.824502, 40.875628 ], [ -73.824524, 40.874924 ], [ -73.824346, 40.872938 ], [ -73.824476, 40.872226 ], [ -73.825103, 40.871123 ], [ -73.825886, 40.870396 ] ], [ [ -73.859752, 40.876861 ], [ -73.860512, 40.875494 ], [ -73.86213, 40.876011 ], [ -73.86462, 40.876804 ], [ -73.864975, 40.87493 ], [ -73.865294, 40.873335 ], [ -73.866297, 40.873212 ], [ -73.865209, 40.871407 ], [ -73.867159, 40.871442 ], [ -73.868258, 40.871462 ], [ -73.868208, 40.873235 ], [ -73.86813, 40.875305 ], [ -73.86805, 40.877799 ], [ -73.866271, 40.877327 ], [ -73.865237, 40.879148 ], [ -73.865176, 40.879277 ], [ -73.864466, 40.880545 ], [ -73.86395, 40.881434 ], [ -73.865347, 40.881784 ], [ -73.867053, 40.882255 ], [ -73.865982, 40.884391 ], [ -73.866248, 40.884931 ], [ -73.86538, 40.886884 ], [ -73.8646, 40.8883 ], [ -73.863728, 40.888017 ], [ -73.863336, 40.88872 ], [ -73.860452, 40.887804 ], [ -73.860862, 40.887097 ], [ -73.857986, 40.886191 ], [ -73.855104, 40.885271 ], [ -73.855884, 40.883861 ], [ -73.857056, 40.881745 ], [ -73.8586, 40.878954 ], [ -73.859278, 40.877728 ], [ -73.859752, 40.876861 ] ], [ [ -73.861482, 40.815029 ], [ -73.863329, 40.814782 ], [ -73.864255, 40.814658 ], [ -73.865218, 40.814529 ], [ -73.865705, 40.816623 ], [ -73.866198, 40.818745 ], [ -73.867164, 40.818616 ], [ -73.867656, 40.820751 ], [ -73.865746, 40.821012 ], [ -73.86298, 40.821384 ], [ -73.862029, 40.821509 ], [ -73.861531, 40.819379 ], [ -73.862464, 40.819247 ], [ -73.861982, 40.817135 ], [ -73.861482, 40.815029 ] ], [ [ -73.846068, 40.78805 ], [ -73.841021, 40.787884 ], [ -73.840083, 40.787849 ], [ -73.838244, 40.787786 ], [ -73.838699, 40.781677 ], [ -73.839604, 40.781693 ], [ -73.841409, 40.781691 ], [ -73.841496, 40.780154 ], [ -73.848754, 40.780146 ], [ -73.848668, 40.781679 ], [ -73.84858, 40.783218 ], [ -73.848535, 40.784105 ], [ -73.845808, 40.784191 ], [ -73.84481, 40.785369 ], [ -73.845737, 40.786 ], [ -73.845909, 40.787728 ], [ -73.846068, 40.78805 ] ], [ [ -73.844581, 40.838536 ], [ -73.847316, 40.836264 ], [ -73.848781, 40.837271 ], [ -73.850011, 40.838115 ], [ -73.850678, 40.838575 ], [ -73.850041, 40.839094 ], [ -73.84984, 40.838958 ], [ -73.847798, 40.840697 ], [ -73.846479, 40.839809 ], [ -73.844581, 40.838536 ] ], [ [ -73.854151, 40.840617 ], [ -73.853877, 40.839741 ], [ -73.853488, 40.837676 ], [ -73.854458, 40.83757 ], [ -73.855447, 40.837463 ], [ -73.855125, 40.836049 ], [ -73.855858, 40.835897 ], [ -73.857531, 40.835175 ], [ -73.85813, 40.835002 ], [ -73.861012, 40.834597 ], [ -73.861115, 40.83552 ], [ -73.860525, 40.837424 ], [ -73.859966, 40.837779 ], [ -73.86069, 40.83851 ], [ -73.859831, 40.838817 ], [ -73.858957, 40.839149 ], [ -73.857752, 40.839838 ], [ -73.857664, 40.839883 ], [ -73.856325, 40.840315 ], [ -73.855144, 40.840507 ], [ -73.854151, 40.840617 ] ], [ [ -73.858617, 40.849687 ], [ -73.860121, 40.851627 ], [ -73.856895, 40.85308 ], [ -73.854408, 40.8542 ], [ -73.855351, 40.855433 ], [ -73.856097, 40.856941 ], [ -73.854697, 40.857065 ], [ -73.849359, 40.857497 ], [ -73.850096, 40.856347 ], [ -73.848288, 40.854731 ], [ -73.848003, 40.854291 ], [ -73.848214, 40.851091 ], [ -73.848613, 40.85108 ], [ -73.850499, 40.850696 ], [ -73.851368, 40.850304 ], [ -73.850345, 40.848993 ], [ -73.849073, 40.847062 ], [ -73.852191, 40.845656 ], [ -73.851152, 40.844322 ], [ -73.85221, 40.844264 ], [ -73.854014, 40.843639 ], [ -73.856064, 40.84642 ], [ -73.857086, 40.847729 ], [ -73.858617, 40.849687 ] ], [ [ -73.867703, 40.854493 ], [ -73.866694, 40.854477 ], [ -73.865753, 40.85446 ], [ -73.864814, 40.854443 ], [ -73.86488, 40.852358 ], [ -73.864893, 40.851531 ], [ -73.866142, 40.850536 ], [ -73.867801, 40.851589 ], [ -73.86777, 40.852414 ], [ -73.867703, 40.854493 ] ], [ [ -73.850599, 40.816498 ], [ -73.85108, 40.818618 ], [ -73.85158, 40.820711 ], [ -73.851751, 40.821441 ], [ -73.852078, 40.822847 ], [ -73.849018, 40.82326 ], [ -73.84852, 40.821123 ], [ -73.848341, 40.820363 ], [ -73.848008, 40.818932 ], [ -73.847539, 40.816905 ], [ -73.848588, 40.816765 ], [ -73.849574, 40.816634 ], [ -73.850599, 40.816498 ] ], [ [ -73.877686, 40.878994 ], [ -73.877146, 40.879164 ], [ -73.876781, 40.880259 ], [ -73.875956, 40.879865 ], [ -73.874387, 40.879055 ], [ -73.875268, 40.87714 ], [ -73.876491, 40.875499 ], [ -73.877514, 40.874139 ], [ -73.87923, 40.873672 ], [ -73.879455, 40.874976 ], [ -73.87956, 40.87573 ], [ -73.87973, 40.876865 ], [ -73.879579, 40.877827 ], [ -73.877686, 40.878994 ] ], [ [ -73.882025, 40.81083 ], [ -73.883765, 40.812536 ], [ -73.884174, 40.81295 ], [ -73.885894, 40.814593 ], [ -73.886699, 40.815363 ], [ -73.887996, 40.816664 ], [ -73.886161, 40.81693 ], [ -73.885239, 40.81707 ], [ -73.88338, 40.817351 ], [ -73.882183, 40.816421 ], [ -73.880413, 40.809393 ], [ -73.882025, 40.81083 ] ], [ [ -73.87993, 40.823641 ], [ -73.880427, 40.82578 ], [ -73.881046, 40.828432 ], [ -73.880112, 40.828511 ], [ -73.878235, 40.82866 ], [ -73.877299, 40.828742 ], [ -73.876402, 40.828977 ], [ -73.875802, 40.826402 ], [ -73.875285, 40.824208 ], [ -73.876213, 40.824084 ], [ -73.877136, 40.823958 ], [ -73.878064, 40.823834 ], [ -73.87993, 40.823641 ] ], [ [ -73.873193, 40.829905 ], [ -73.873694, 40.831964 ], [ -73.873841, 40.832549 ], [ -73.873954, 40.834237 ], [ -73.873799, 40.835968 ], [ -73.871102, 40.835755 ], [ -73.8709, 40.834645 ], [ -73.870375, 40.832405 ], [ -73.870007, 40.83082 ], [ -73.86815, 40.83136 ], [ -73.867762, 40.829687 ], [ -73.86872, 40.829558 ], [ -73.868223, 40.827426 ], [ -73.870115, 40.827171 ], [ -73.871037, 40.827053 ], [ -73.872723, 40.826819 ], [ -73.87302, 40.829366 ], [ -73.873193, 40.829905 ] ], [ [ -73.889017, 40.84437 ], [ -73.890554, 40.842678 ], [ -73.892907, 40.843416 ], [ -73.894809, 40.843761 ], [ -73.893985, 40.844704 ], [ -73.892901, 40.846269 ], [ -73.891125, 40.84541 ], [ -73.889965, 40.846793 ], [ -73.888837, 40.848134 ], [ -73.888155, 40.848929 ], [ -73.886436, 40.850309 ], [ -73.885815, 40.849931 ], [ -73.884802, 40.849309 ], [ -73.883778, 40.848682 ], [ -73.885603, 40.846543 ], [ -73.887233, 40.844636 ], [ -73.888319, 40.845179 ], [ -73.889017, 40.84437 ] ], [ [ -73.89003, 40.854221 ], [ -73.890389, 40.854689 ], [ -73.891087, 40.856598 ], [ -73.891106, 40.857427 ], [ -73.89112, 40.858659 ], [ -73.891125, 40.85887 ], [ -73.890438, 40.861119 ], [ -73.886785, 40.859197 ], [ -73.885166, 40.858378 ], [ -73.884408, 40.85812 ], [ -73.883522, 40.857999 ], [ -73.88183, 40.857455 ], [ -73.881911, 40.857315 ], [ -73.882519, 40.856112 ], [ -73.883628, 40.853909 ], [ -73.884461, 40.854152 ], [ -73.885421, 40.854498 ], [ -73.886186, 40.85487 ], [ -73.886873, 40.855202 ], [ -73.887568, 40.855556 ], [ -73.888449, 40.856024 ], [ -73.89003, 40.854221 ] ], [ [ -73.903281, 40.848692 ], [ -73.902102, 40.848319 ], [ -73.901955, 40.848059 ], [ -73.903739, 40.847328 ], [ -73.904621, 40.847392 ], [ -73.905522, 40.847488 ], [ -73.906323, 40.847579 ], [ -73.907487, 40.847804 ], [ -73.906767, 40.848541 ], [ -73.906059, 40.849321 ], [ -73.903281, 40.848692 ] ], [ [ -73.796317, 40.707723 ], [ -73.794895, 40.705461 ], [ -73.793792, 40.704032 ], [ -73.79609, 40.703294 ], [ -73.797124, 40.703035 ], [ -73.79992, 40.702474 ], [ -73.800201, 40.703341 ], [ -73.801657, 40.705761 ], [ -73.799144, 40.706685 ], [ -73.798258, 40.707016 ], [ -73.796317, 40.707723 ] ], [ [ -73.805482, 40.710089 ], [ -73.807179, 40.709603 ], [ -73.808046, 40.709357 ], [ -73.80918, 40.71147 ], [ -73.809508, 40.712141 ], [ -73.809834, 40.712812 ], [ -73.810196, 40.714283 ], [ -73.810221, 40.715707 ], [ -73.807774, 40.715716 ], [ -73.807422, 40.714325 ], [ -73.806929, 40.713643 ], [ -73.806654, 40.71295 ], [ -73.806457, 40.712056 ], [ -73.805482, 40.710089 ] ], [ [ -73.80717, 40.728269 ], [ -73.808958, 40.728073 ], [ -73.811124, 40.727833 ], [ -73.8109, 40.730311 ], [ -73.810772, 40.732326 ], [ -73.807962, 40.731931 ], [ -73.805081, 40.73169 ], [ -73.804063, 40.731638 ], [ -73.803163, 40.7316 ], [ -73.803235, 40.730484 ], [ -73.803216, 40.728713 ], [ -73.805222, 40.728484 ], [ -73.80717, 40.728269 ] ], [ [ -73.827144, 40.75451 ], [ -73.827825, 40.754251 ], [ -73.829867, 40.753495 ], [ -73.830138, 40.753915 ], [ -73.829961, 40.754768 ], [ -73.830748, 40.755744 ], [ -73.833103, 40.754661 ], [ -73.833678, 40.756321 ], [ -73.829469, 40.758194 ], [ -73.829623, 40.758515 ], [ -73.82974, 40.758749 ], [ -73.83014, 40.75957 ], [ -73.826541, 40.760464 ], [ -73.826211, 40.759828 ], [ -73.825185, 40.757649 ], [ -73.82709, 40.757143 ], [ -73.825781, 40.756354 ], [ -73.824718, 40.755488 ], [ -73.827144, 40.75451 ] ], [ [ -73.827785, 40.71066 ], [ -73.827722, 40.710603 ], [ -73.827215, 40.709995 ], [ -73.826532, 40.708145 ], [ -73.822979, 40.706192 ], [ -73.822256, 40.705456 ], [ -73.819377, 40.703871 ], [ -73.822459, 40.703656 ], [ -73.824441, 40.704062 ], [ -73.824809, 40.70416 ], [ -73.825758, 40.704428 ], [ -73.829652, 40.705544 ], [ -73.831764, 40.706142 ], [ -73.834982, 40.707098 ], [ -73.836185, 40.707573 ], [ -73.837147, 40.707957 ], [ -73.836747, 40.708498 ], [ -73.834051, 40.710028 ], [ -73.832626, 40.710333 ], [ -73.832041, 40.710678 ], [ -73.831372, 40.711109 ], [ -73.829314, 40.712423 ], [ -73.82913, 40.712154 ], [ -73.82836, 40.711129 ], [ -73.827785, 40.71066 ] ], [ [ -73.834806, 40.692071 ], [ -73.837167, 40.696866 ], [ -73.835641, 40.697829 ], [ -73.834844, 40.698269 ], [ -73.834066, 40.698695 ], [ -73.8313, 40.693058 ], [ -73.832148, 40.692831 ], [ -73.834806, 40.692071 ] ], [ [ -73.840351, 40.695383 ], [ -73.839634, 40.695535 ], [ -73.838385, 40.693048 ], [ -73.839415, 40.69275 ], [ -73.838679, 40.690961 ], [ -73.841046, 40.690284 ], [ -73.842342, 40.69293 ], [ -73.842661, 40.693573 ], [ -73.843442, 40.695187 ], [ -73.842946, 40.695193 ], [ -73.841135, 40.695284 ], [ -73.840351, 40.695383 ] ], [ [ -73.833325, 40.678657 ], [ -73.834545, 40.681176 ], [ -73.835369, 40.682843 ], [ -73.835056, 40.683015 ], [ -73.83379, 40.683693 ], [ -73.832112, 40.684358 ], [ -73.831121, 40.68475 ], [ -73.82946, 40.6854 ], [ -73.828627, 40.685655 ], [ -73.825937, 40.685937 ], [ -73.824953, 40.683902 ], [ -73.823901, 40.68176 ], [ -73.822219, 40.680251 ], [ -73.821357, 40.680497 ], [ -73.823261, 40.684382 ], [ -73.824173, 40.686234 ], [ -73.825011, 40.687952 ], [ -73.819061, 40.689642 ], [ -73.816926, 40.69025 ], [ -73.814974, 40.686695 ], [ -73.813452, 40.687155 ], [ -73.813315, 40.687199 ], [ -73.812488, 40.687441 ], [ -73.811645, 40.685656 ], [ -73.810025, 40.68636 ], [ -73.808017, 40.68706 ], [ -73.806748, 40.684683 ], [ -73.805891, 40.682897 ], [ -73.805031, 40.681146 ], [ -73.804235, 40.679416 ], [ -73.808954, 40.678041 ], [ -73.814362, 40.67651 ], [ -73.813869, 40.675478 ], [ -73.81353, 40.675447 ], [ -73.809782, 40.675108 ], [ -73.808536, 40.674996 ], [ -73.806197, 40.674784 ], [ -73.806453, 40.670729 ], [ -73.806789, 40.669244 ], [ -73.807143, 40.667669 ], [ -73.805452, 40.666896 ], [ -73.812417, 40.667111 ], [ -73.813198, 40.667253 ], [ -73.814295, 40.666805 ], [ -73.816614, 40.665944 ], [ -73.819526, 40.66549 ], [ -73.822278, 40.66612 ], [ -73.828079, 40.66609 ], [ -73.826953, 40.669718 ], [ -73.826385, 40.671533 ], [ -73.825818, 40.673353 ], [ -73.825252, 40.675168 ], [ -73.824673, 40.677031 ], [ -73.825406, 40.677147 ], [ -73.827595, 40.677501 ], [ -73.828837, 40.677692 ], [ -73.831083, 40.678151 ], [ -73.833325, 40.678657 ] ], [ [ -73.825988, 40.689946 ], [ -73.826594, 40.691179 ], [ -73.827181, 40.692378 ], [ -73.82123, 40.694068 ], [ -73.818413, 40.694863 ], [ -73.815709, 40.695638 ], [ -73.815121, 40.69444 ], [ -73.81452, 40.693215 ], [ -73.81621, 40.692732 ], [ -73.817069, 40.692502 ], [ -73.817233, 40.692457 ], [ -73.820041, 40.691644 ], [ -73.825988, 40.689946 ] ], [ [ -73.759821, 40.659349 ], [ -73.760868, 40.66146 ], [ -73.759328, 40.66357 ], [ -73.759106, 40.663674 ], [ -73.755404, 40.662313 ], [ -73.752115, 40.661075 ], [ -73.7526, 40.660325 ], [ -73.751753, 40.660003 ], [ -73.748325, 40.658717 ], [ -73.747824, 40.658641 ], [ -73.748581, 40.657587 ], [ -73.753963, 40.658206 ], [ -73.759336, 40.659322 ], [ -73.759821, 40.659349 ] ], [ [ -73.738142, 40.658154 ], [ -73.737672, 40.658771 ], [ -73.737203, 40.659389 ], [ -73.736266, 40.660626 ], [ -73.734645, 40.661795 ], [ -73.732996, 40.662657 ], [ -73.730466, 40.659819 ], [ -73.728387, 40.657411 ], [ -73.729604, 40.65569 ], [ -73.73191, 40.655753 ], [ -73.736679, 40.65587 ], [ -73.736591, 40.657272 ], [ -73.738142, 40.658154 ] ], [ [ -73.735822, 40.682255 ], [ -73.73377, 40.68103 ], [ -73.734033, 40.680365 ], [ -73.734992, 40.678506 ], [ -73.735853, 40.678771 ], [ -73.738546, 40.679627 ], [ -73.741991, 40.680751 ], [ -73.743245, 40.678504 ], [ -73.744884, 40.675756 ], [ -73.746473, 40.676298 ], [ -73.745608, 40.677886 ], [ -73.745831, 40.679341 ], [ -73.74458, 40.681591 ], [ -73.743268, 40.68392 ], [ -73.740948, 40.683232 ], [ -73.740381, 40.684123 ], [ -73.739737, 40.683531 ], [ -73.735822, 40.682255 ] ], [ [ -73.774496, 40.671828 ], [ -73.775672, 40.673387 ], [ -73.773571, 40.676449 ], [ -73.771988, 40.678798 ], [ -73.769241, 40.677089 ], [ -73.765616, 40.674779 ], [ -73.763805, 40.67377 ], [ -73.764546, 40.671512 ], [ -73.76466, 40.671318 ], [ -73.770997, 40.67091 ], [ -73.771178, 40.672531 ], [ -73.773717, 40.672145 ], [ -73.774496, 40.671828 ] ], [ [ -73.761406, 40.708163 ], [ -73.762549, 40.710916 ], [ -73.758102, 40.712005 ], [ -73.757182, 40.712213 ], [ -73.756037, 40.709456 ], [ -73.758718, 40.708811 ], [ -73.761406, 40.708163 ] ], [ [ -73.750193, 40.698912 ], [ -73.748633, 40.695445 ], [ -73.749144, 40.695301 ], [ -73.751299, 40.69471 ], [ -73.751703, 40.694597 ], [ -73.753958, 40.693971 ], [ -73.75423, 40.693897 ], [ -73.75484, 40.693728 ], [ -73.755082, 40.69366 ], [ -73.75381, 40.690975 ], [ -73.756413, 40.69012 ], [ -73.757097, 40.691649 ], [ -73.758788, 40.691179 ], [ -73.758124, 40.689537 ], [ -73.756887, 40.688005 ], [ -73.756106, 40.686762 ], [ -73.76073, 40.685098 ], [ -73.761174, 40.686451 ], [ -73.761954, 40.688235 ], [ -73.762203, 40.690226 ], [ -73.762385, 40.691668 ], [ -73.765394, 40.692065 ], [ -73.765214, 40.692789 ], [ -73.769294, 40.69665 ], [ -73.768834, 40.696904 ], [ -73.768576, 40.697031 ], [ -73.766982, 40.699065 ], [ -73.765083, 40.701428 ], [ -73.764101, 40.700568 ], [ -73.763192, 40.6996 ], [ -73.762615, 40.698697 ], [ -73.758548, 40.699758 ], [ -73.757633, 40.697729 ], [ -73.75733, 40.697053 ], [ -73.756442, 40.697286 ], [ -73.754669, 40.697747 ], [ -73.752876, 40.698212 ], [ -73.751968, 40.698449 ], [ -73.750193, 40.698912 ] ], [ [ -73.739223, 40.691048 ], [ -73.738319, 40.692782 ], [ -73.737517, 40.694318 ], [ -73.738401, 40.694596 ], [ -73.740136, 40.695139 ], [ -73.737489, 40.700214 ], [ -73.735743, 40.699688 ], [ -73.73397, 40.699151 ], [ -73.733419, 40.700992 ], [ -73.730485, 40.700905 ], [ -73.729791, 40.699425 ], [ -73.727613, 40.699359 ], [ -73.727516, 40.697196 ], [ -73.72874, 40.697569 ], [ -73.729646, 40.695836 ], [ -73.730523, 40.694148 ], [ -73.732297, 40.692683 ], [ -73.731445, 40.692386 ], [ -73.732201, 40.690934 ], [ -73.733107, 40.6892 ], [ -73.739223, 40.691048 ] ], [ [ -73.798031, 40.691621 ], [ -73.793635, 40.693471 ], [ -73.79213, 40.694116 ], [ -73.791005, 40.694595 ], [ -73.792163, 40.69618 ], [ -73.791247, 40.696565 ], [ -73.78964, 40.697246 ], [ -73.786901, 40.698386 ], [ -73.784762, 40.697473 ], [ -73.784554, 40.697329 ], [ -73.782771, 40.695995 ], [ -73.783933, 40.695494 ], [ -73.787312, 40.69406 ], [ -73.788931, 40.693398 ], [ -73.787783, 40.691819 ], [ -73.789796, 40.69096 ], [ -73.795615, 40.688657 ], [ -73.796647, 40.68985 ], [ -73.798031, 40.691621 ] ], [ [ -73.79266, 40.682569 ], [ -73.792093, 40.680476 ], [ -73.788408, 40.681992 ], [ -73.787455, 40.680683 ], [ -73.787288, 40.679317 ], [ -73.786833, 40.677287 ], [ -73.786981, 40.675122 ], [ -73.787709, 40.674946 ], [ -73.78989, 40.675202 ], [ -73.788864, 40.673913 ], [ -73.786868, 40.672824 ], [ -73.788085, 40.67301 ], [ -73.790474, 40.673391 ], [ -73.791652, 40.67349 ], [ -73.794726, 40.673761 ], [ -73.795935, 40.676597 ], [ -73.79727, 40.677195 ], [ -73.797535, 40.677739 ], [ -73.798215, 40.679097 ], [ -73.793695, 40.680187 ], [ -73.794635, 40.68211 ], [ -73.793755, 40.68236 ], [ -73.79266, 40.682569 ] ], [ [ -73.784676, 40.68372 ], [ -73.784977, 40.684152 ], [ -73.786529, 40.685111 ], [ -73.784485, 40.68676 ], [ -73.784676, 40.687085 ], [ -73.784939, 40.687532 ], [ -73.782345, 40.688407 ], [ -73.781487, 40.688697 ], [ -73.779668, 40.685377 ], [ -73.780957, 40.684941 ], [ -73.783016, 40.684277 ], [ -73.784676, 40.68372 ] ], [ [ -73.81512, 40.72328 ], [ -73.819425, 40.721997 ], [ -73.820433, 40.723979 ], [ -73.821853, 40.726675 ], [ -73.817492, 40.727879 ], [ -73.817171, 40.72727 ], [ -73.816146, 40.725271 ], [ -73.815807, 40.724606 ], [ -73.81512, 40.72328 ] ], [ [ -73.98041, 40.742587 ], [ -73.979959, 40.743205 ], [ -73.979508, 40.743825 ], [ -73.979058, 40.744444 ], [ -73.978607, 40.745058 ], [ -73.978121, 40.745726 ], [ -73.977636, 40.746392 ], [ -73.977188, 40.74701 ], [ -73.976288, 40.748245 ], [ -73.975835, 40.748863 ], [ -73.97497, 40.748502 ], [ -73.973592, 40.747919 ], [ -73.971228, 40.746919 ], [ -73.971657, 40.746304 ], [ -73.97213, 40.745681 ], [ -73.972576, 40.745068 ], [ -73.973512, 40.743782 ], [ -73.974015, 40.743095 ], [ -73.974924, 40.741847 ], [ -73.975343, 40.741274 ], [ -73.9758, 40.740644 ], [ -73.978168, 40.741643 ], [ -73.98041, 40.742587 ] ], [ [ -73.945056, 40.747664 ], [ -73.94565, 40.745818 ], [ -73.948523, 40.744659 ], [ -73.948761, 40.743903 ], [ -73.94923, 40.742523 ], [ -73.949928, 40.740443 ], [ -73.954584, 40.741345 ], [ -73.9569, 40.74179 ], [ -73.95644, 40.74318 ], [ -73.955992, 40.744495 ], [ -73.955741, 40.745251 ], [ -73.955514, 40.745945 ], [ -73.95505, 40.747334 ], [ -73.952712, 40.746876 ], [ -73.952213, 40.749056 ], [ -73.949628, 40.748546 ], [ -73.947355, 40.748107 ], [ -73.945056, 40.747664 ] ], [ [ -73.964325, 40.756381 ], [ -73.964786, 40.755756 ], [ -73.96524, 40.75513 ], [ -73.965696, 40.754505 ], [ -73.966157, 40.753878 ], [ -73.966616, 40.753244 ], [ -73.968978, 40.754251 ], [ -73.971217, 40.755193 ], [ -73.97076, 40.755825 ], [ -73.970313, 40.756453 ], [ -73.969394, 40.7577 ], [ -73.968936, 40.75833 ], [ -73.968024, 40.759578 ], [ -73.965783, 40.758632 ], [ -73.963412, 40.757637 ], [ -73.963871, 40.757008 ], [ -73.964325, 40.756381 ] ], [ [ -73.980564, 40.769905 ], [ -73.982147, 40.770574 ], [ -73.983468, 40.771136 ], [ -73.986238, 40.772299 ], [ -73.986695, 40.771668 ], [ -73.987146, 40.771054 ], [ -73.987615, 40.770415 ], [ -73.988063, 40.769791 ], [ -73.990913, 40.770988 ], [ -73.990454, 40.771612 ], [ -73.989994, 40.772242 ], [ -73.98954, 40.772866 ], [ -73.988626, 40.774116 ], [ -73.988177, 40.774735 ], [ -73.987711, 40.775373 ], [ -73.987241, 40.776017 ], [ -73.986815, 40.776599 ], [ -73.985713, 40.778112 ], [ -73.985448, 40.778476 ], [ -73.982583, 40.777303 ], [ -73.979746, 40.776106 ], [ -73.980203, 40.775479 ], [ -73.98066, 40.774852 ], [ -73.981573, 40.773602 ], [ -73.978728, 40.772417 ], [ -73.979193, 40.771782 ], [ -73.979652, 40.771156 ], [ -73.980112, 40.770529 ], [ -73.980564, 40.769905 ] ], [ [ -73.982256, 40.757387 ], [ -73.980886, 40.75927 ], [ -73.980426, 40.759899 ], [ -73.979057, 40.761771 ], [ -73.978601, 40.762396 ], [ -73.977686, 40.763645 ], [ -73.974457, 40.762293 ], [ -73.974915, 40.761667 ], [ -73.975831, 40.760418 ], [ -73.977655, 40.757912 ], [ -73.978565, 40.756655 ], [ -73.979024, 40.756032 ], [ -73.980888, 40.753481 ], [ -73.984118, 40.754842 ], [ -73.982256, 40.757387 ] ], [ [ -73.75944, 40.752403 ], [ -73.761485, 40.75174 ], [ -73.763869, 40.752222 ], [ -73.764598, 40.752596 ], [ -73.765596, 40.753216 ], [ -73.764569, 40.753508 ], [ -73.76615, 40.755746 ], [ -73.767148, 40.75565 ], [ -73.76767, 40.756907 ], [ -73.768276, 40.758261 ], [ -73.764242, 40.759104 ], [ -73.763337, 40.759294 ], [ -73.762395, 40.759497 ], [ -73.761997, 40.758102 ], [ -73.761927, 40.755773 ], [ -73.760802, 40.754548 ], [ -73.759931, 40.752745 ], [ -73.75944, 40.752403 ] ], [ [ -73.819099, 40.763696 ], [ -73.819435, 40.765138 ], [ -73.817325, 40.765354 ], [ -73.817388, 40.766572 ], [ -73.817368, 40.767672 ], [ -73.817317, 40.770289 ], [ -73.817293, 40.771478 ], [ -73.813227, 40.771573 ], [ -73.810061, 40.771589 ], [ -73.809061, 40.771599 ], [ -73.804418, 40.771086 ], [ -73.802825, 40.771237 ], [ -73.801484, 40.771811 ], [ -73.800641, 40.771054 ], [ -73.798777, 40.770907 ], [ -73.799026, 40.769042 ], [ -73.799559, 40.765138 ], [ -73.801428, 40.765286 ], [ -73.803295, 40.765433 ], [ -73.804227, 40.765507 ], [ -73.805161, 40.765581 ], [ -73.807029, 40.765728 ], [ -73.810817, 40.766027 ], [ -73.810993, 40.764705 ], [ -73.811227, 40.763041 ], [ -73.812764, 40.764125 ], [ -73.816387, 40.76316 ], [ -73.816093, 40.762524 ], [ -73.815087, 40.760372 ], [ -73.817288, 40.759776 ], [ -73.818078, 40.761473 ], [ -73.818293, 40.761936 ], [ -73.819099, 40.763696 ] ], [ [ -73.920256, 40.735194 ], [ -73.921268, 40.734724 ], [ -73.922248, 40.734415 ], [ -73.922573, 40.734286 ], [ -73.924676, 40.732981 ], [ -73.927512, 40.729122 ], [ -73.928765, 40.729332 ], [ -73.931639, 40.729223 ], [ -73.935394, 40.731768 ], [ -73.93742, 40.733762 ], [ -73.938793, 40.735343 ], [ -73.936758, 40.735724 ], [ -73.935079, 40.737494 ], [ -73.934307, 40.741029 ], [ -73.934868, 40.742983 ], [ -73.930227, 40.742446 ], [ -73.927444, 40.742123 ], [ -73.92655, 40.74202 ], [ -73.925588, 40.741908 ], [ -73.924664, 40.7418 ], [ -73.923739, 40.741692 ], [ -73.921883, 40.741478 ], [ -73.920956, 40.741362 ], [ -73.919099, 40.741155 ], [ -73.919466, 40.739312 ], [ -73.919836, 40.737464 ], [ -73.920256, 40.735194 ] ], [ [ -73.91467, 40.713437 ], [ -73.913038, 40.713332 ], [ -73.910413, 40.711778 ], [ -73.909963, 40.711057 ], [ -73.909222, 40.710621 ], [ -73.908481, 40.710183 ], [ -73.907741, 40.709744 ], [ -73.907, 40.709306 ], [ -73.906257, 40.708867 ], [ -73.904777, 40.70799 ], [ -73.904033, 40.707551 ], [ -73.903652, 40.707853 ], [ -73.898453, 40.70904 ], [ -73.898003, 40.708401 ], [ -73.897563, 40.707759 ], [ -73.897231, 40.707091 ], [ -73.89694, 40.706499 ], [ -73.896331, 40.705274 ], [ -73.895692, 40.70396 ], [ -73.894956, 40.701897 ], [ -73.894388, 40.700784 ], [ -73.896096, 40.700667 ], [ -73.896271, 40.700653 ], [ -73.896721, 40.700617 ], [ -73.898369, 40.700518 ], [ -73.899116, 40.700511 ], [ -73.9002, 40.700501 ], [ -73.901327, 40.700492 ], [ -73.90249, 40.700484 ], [ -73.90488, 40.700271 ], [ -73.905605, 40.700192 ], [ -73.908299, 40.699882 ], [ -73.90736, 40.700804 ], [ -73.906208, 40.701931 ], [ -73.905284, 40.702838 ], [ -73.904124, 40.703974 ], [ -73.904865, 40.704409 ], [ -73.906352, 40.705285 ], [ -73.907093, 40.705722 ], [ -73.907836, 40.70616 ], [ -73.908989, 40.705032 ], [ -73.90973, 40.705471 ], [ -73.910471, 40.705908 ], [ -73.911952, 40.706784 ], [ -73.912694, 40.707223 ], [ -73.913435, 40.70766 ], [ -73.912291, 40.708782 ], [ -73.915264, 40.710529 ], [ -73.916748, 40.711402 ], [ -73.91467, 40.713437 ] ], [ [ -73.90639, 40.717364 ], [ -73.90966, 40.717793 ], [ -73.911321, 40.719624 ], [ -73.912984, 40.721601 ], [ -73.913845, 40.722898 ], [ -73.912563, 40.723239 ], [ -73.911345, 40.724182 ], [ -73.90741, 40.727209 ], [ -73.906028, 40.726413 ], [ -73.904206, 40.725763 ], [ -73.904288, 40.725072 ], [ -73.904571, 40.723009 ], [ -73.904563, 40.7226 ], [ -73.904096, 40.721031 ], [ -73.902617, 40.718618 ], [ -73.902101, 40.717996 ], [ -73.903972, 40.717721 ], [ -73.90639, 40.717364 ] ], [ [ -73.886662, 40.716396 ], [ -73.884229, 40.717524 ], [ -73.885318, 40.718909 ], [ -73.885473, 40.719384 ], [ -73.885159, 40.72048 ], [ -73.882888, 40.721319 ], [ -73.881307, 40.721416 ], [ -73.88092, 40.721603 ], [ -73.877674, 40.723101 ], [ -73.873168, 40.72519 ], [ -73.872802, 40.725304 ], [ -73.871353, 40.723493 ], [ -73.869869, 40.721638 ], [ -73.867969, 40.719268 ], [ -73.870531, 40.718161 ], [ -73.872392, 40.717831 ], [ -73.874402, 40.717575 ], [ -73.87722, 40.717226 ], [ -73.877385, 40.717205 ], [ -73.877941, 40.717898 ], [ -73.879557, 40.71715 ], [ -73.881642, 40.716183 ], [ -73.882381, 40.716172 ], [ -73.88505, 40.71618 ], [ -73.886351, 40.716017 ], [ -73.886662, 40.716396 ] ], [ [ -73.892179, 40.742873 ], [ -73.893766, 40.742609 ], [ -73.894692, 40.742574 ], [ -73.895653, 40.742684 ], [ -73.89501, 40.744239 ], [ -73.894765, 40.744739 ], [ -73.895025, 40.74647 ], [ -73.894447, 40.746535 ], [ -73.893445, 40.744958 ], [ -73.892179, 40.742873 ] ], [ [ -73.896453, 40.742861 ], [ -73.897277, 40.742046 ], [ -73.898985, 40.740646 ], [ -73.899146, 40.740668 ], [ -73.900602, 40.740858 ], [ -73.901679, 40.74097 ], [ -73.902697, 40.741105 ], [ -73.904619, 40.741332 ], [ -73.906339, 40.741529 ], [ -73.907556, 40.741659 ], [ -73.907159, 40.743218 ], [ -73.906613, 40.745393 ], [ -73.906419, 40.745635 ], [ -73.905349, 40.747893 ], [ -73.904334, 40.750162 ], [ -73.903571, 40.75184 ], [ -73.902158, 40.751932 ], [ -73.900871, 40.752062 ], [ -73.901063, 40.750783 ], [ -73.898391, 40.749643 ], [ -73.897577, 40.7493 ], [ -73.897917, 40.748494 ], [ -73.898616, 40.746937 ], [ -73.898942, 40.746237 ], [ -73.900029, 40.743762 ], [ -73.897536, 40.743122 ], [ -73.896586, 40.742903 ], [ -73.896453, 40.742861 ] ], [ [ -73.890948, 40.754974 ], [ -73.892803, 40.754778 ], [ -73.893188, 40.756898 ], [ -73.893473, 40.758451 ], [ -73.893829, 40.760435 ], [ -73.892899, 40.760533 ], [ -73.887327, 40.761118 ], [ -73.886965, 40.759133 ], [ -73.886685, 40.757586 ], [ -73.886298, 40.75546 ], [ -73.885965, 40.753634 ], [ -73.885613, 40.75169 ], [ -73.886543, 40.751592 ], [ -73.886168, 40.749552 ], [ -73.885787, 40.74744 ], [ -73.887647, 40.747245 ], [ -73.888029, 40.749356 ], [ -73.888401, 40.751396 ], [ -73.888756, 40.75334 ], [ -73.887824, 40.753438 ], [ -73.888157, 40.755266 ], [ -73.889088, 40.75517 ], [ -73.890013, 40.755071 ], [ -73.890948, 40.754974 ] ], [ [ -73.93717, 40.753079 ], [ -73.938333, 40.75182 ], [ -73.94243, 40.753998 ], [ -73.941239, 40.755234 ], [ -73.942822, 40.756059 ], [ -73.94435, 40.756875 ], [ -73.945814, 40.757799 ], [ -73.944167, 40.759308 ], [ -73.9397, 40.766411 ], [ -73.93859, 40.766817 ], [ -73.937635, 40.766475 ], [ -73.936005, 40.765885 ], [ -73.937005, 40.76424 ], [ -73.935414, 40.763497 ], [ -73.933981, 40.762826 ], [ -73.936791, 40.759883 ], [ -73.93425, 40.758695 ], [ -73.933353, 40.758274 ], [ -73.932152, 40.75771 ], [ -73.933345, 40.756239 ], [ -73.934632, 40.75694 ], [ -73.935798, 40.755796 ], [ -73.936779, 40.75475 ], [ -73.936009, 40.754341 ], [ -73.93717, 40.753079 ] ], [ [ -73.916604, 40.757848 ], [ -73.914696, 40.760188 ], [ -73.915493, 40.760568 ], [ -73.916294, 40.760945 ], [ -73.917089, 40.76132 ], [ -73.914992, 40.763892 ], [ -73.913397, 40.76314 ], [ -73.912599, 40.762766 ], [ -73.911799, 40.76239 ], [ -73.910192, 40.761638 ], [ -73.909391, 40.761264 ], [ -73.907794, 40.760518 ], [ -73.909885, 40.757946 ], [ -73.910684, 40.758319 ], [ -73.912397, 40.756236 ], [ -73.912611, 40.755971 ], [ -73.913411, 40.756348 ], [ -73.915007, 40.757098 ], [ -73.915806, 40.757473 ], [ -73.916604, 40.757848 ] ], [ [ -73.943319, 40.785174 ], [ -73.945696, 40.786173 ], [ -73.947924, 40.787121 ], [ -73.948378, 40.786497 ], [ -73.948827, 40.785881 ], [ -73.949332, 40.785194 ], [ -73.950174, 40.785549 ], [ -73.950927, 40.785866 ], [ -73.952551, 40.786549 ], [ -73.952058, 40.787222 ], [ -73.951609, 40.787858 ], [ -73.950241, 40.789744 ], [ -73.949766, 40.790372 ], [ -73.949303, 40.790999 ], [ -73.948846, 40.791622 ], [ -73.948386, 40.792256 ], [ -73.946772, 40.791569 ], [ -73.945168, 40.790894 ], [ -73.945636, 40.790254 ], [ -73.943396, 40.789309 ], [ -73.941019, 40.788319 ], [ -73.941937, 40.787065 ], [ -73.943319, 40.785174 ] ], [ [ -73.950339, 40.775564 ], [ -73.949872, 40.776196 ], [ -73.949374, 40.776876 ], [ -73.947122, 40.775929 ], [ -73.944765, 40.774936 ], [ -73.945267, 40.774252 ], [ -73.945728, 40.773622 ], [ -73.946195, 40.772985 ], [ -73.946656, 40.772351 ], [ -73.94901, 40.773342 ], [ -73.951261, 40.774292 ], [ -73.950798, 40.774927 ], [ -73.950339, 40.775564 ] ], [ [ -73.924253, 40.764725 ], [ -73.925061, 40.765097 ], [ -73.926438, 40.765733 ], [ -73.928556, 40.766714 ], [ -73.927821, 40.767616 ], [ -73.92715, 40.768442 ], [ -73.926473, 40.769271 ], [ -73.925076, 40.768619 ], [ -73.923525, 40.767893 ], [ -73.922189, 40.767267 ], [ -73.923539, 40.765604 ], [ -73.924253, 40.764725 ] ], [ [ -73.948039, 40.782942 ], [ -73.94567, 40.781947 ], [ -73.946131, 40.781316 ], [ -73.946591, 40.780692 ], [ -73.947049, 40.780064 ], [ -73.949419, 40.781062 ], [ -73.948961, 40.781689 ], [ -73.948501, 40.782317 ], [ -73.948039, 40.782942 ] ], [ [ -73.940738, 40.725973 ], [ -73.941687, 40.725882 ], [ -73.942636, 40.725793 ], [ -73.943569, 40.725708 ], [ -73.94543, 40.725518 ], [ -73.945015, 40.723004 ], [ -73.946275, 40.722863 ], [ -73.949078, 40.72254 ], [ -73.949924, 40.724056 ], [ -73.950875, 40.725721 ], [ -73.952412, 40.728418 ], [ -73.953273, 40.728133 ], [ -73.953658, 40.728823 ], [ -73.953957, 40.729503 ], [ -73.954245, 40.730197 ], [ -73.954379, 40.730907 ], [ -73.954495, 40.731613 ], [ -73.954609, 40.732324 ], [ -73.957943, 40.732009 ], [ -73.959592, 40.731852 ], [ -73.959712, 40.732558 ], [ -73.959945, 40.733979 ], [ -73.958408, 40.734844 ], [ -73.958635, 40.736213 ], [ -73.955307, 40.736577 ], [ -73.95519, 40.735867 ], [ -73.952975, 40.736079 ], [ -73.95234, 40.73398 ], [ -73.952104, 40.732563 ], [ -73.951869, 40.731144 ], [ -73.95159, 40.73045 ], [ -73.950731, 40.728972 ], [ -73.949911, 40.729244 ], [ -73.946245, 40.730487 ], [ -73.946046, 40.729257 ], [ -73.944186, 40.729442 ], [ -73.944612, 40.732071 ], [ -73.942795, 40.732657 ], [ -73.941992, 40.72775 ], [ -73.941043, 40.727841 ], [ -73.940738, 40.725973 ] ], [ [ -73.965204, 40.702623 ], [ -73.964426, 40.703122 ], [ -73.961854, 40.704786 ], [ -73.960341, 40.703437 ], [ -73.961452, 40.701663 ], [ -73.962179, 40.700221 ], [ -73.965204, 40.702623 ] ], [ [ -73.957457, 40.700822 ], [ -73.955724, 40.701946 ], [ -73.953812, 40.703181 ], [ -73.952551, 40.702051 ], [ -73.951288, 40.700922 ], [ -73.950756, 40.700445 ], [ -73.950091, 40.699791 ], [ -73.95337, 40.699405 ], [ -73.956075, 40.69909 ], [ -73.95702, 40.698974 ], [ -73.957167, 40.699708 ], [ -73.957226, 40.7 ], [ -73.957457, 40.700822 ] ], [ [ -73.956624, 40.710384 ], [ -73.958425, 40.710192 ], [ -73.960381, 40.710004 ], [ -73.962035, 40.710362 ], [ -73.961421, 40.711349 ], [ -73.961029, 40.711969 ], [ -73.960561, 40.712713 ], [ -73.959797, 40.713887 ], [ -73.958342, 40.713306 ], [ -73.95681, 40.712756 ], [ -73.955476, 40.712266 ], [ -73.956624, 40.710384 ] ], [ [ -73.957131, 40.718388 ], [ -73.955844, 40.717589 ], [ -73.956439, 40.717032 ], [ -73.958223, 40.715374 ], [ -73.958811, 40.714824 ], [ -73.959797, 40.713887 ], [ -73.961287, 40.714502 ], [ -73.962777, 40.715106 ], [ -73.962289, 40.71558 ], [ -73.961912, 40.71593 ], [ -73.961423, 40.716384 ], [ -73.960196, 40.717528 ], [ -73.959009, 40.718636 ], [ -73.958416, 40.719189 ], [ -73.957131, 40.718388 ] ], [ [ -73.964805, 40.633249 ], [ -73.965082, 40.634683 ], [ -73.965382, 40.636279 ], [ -73.965792, 40.638441 ], [ -73.966174, 40.640431 ], [ -73.96443, 40.641214 ], [ -73.963557, 40.64161 ], [ -73.963186, 40.639672 ], [ -73.962781, 40.637513 ], [ -73.962203, 40.6345 ], [ -73.963946, 40.633662 ], [ -73.964805, 40.633249 ] ], [ [ -73.937762, 40.639259 ], [ -73.937512, 40.636921 ], [ -73.941283, 40.636687 ], [ -73.942249, 40.636628 ], [ -73.945123, 40.636448 ], [ -73.945373, 40.638787 ], [ -73.942503, 40.638965 ], [ -73.942651, 40.640344 ], [ -73.94372, 40.641242 ], [ -73.943965, 40.643543 ], [ -73.942029, 40.643664 ], [ -73.940159, 40.64378 ], [ -73.939914, 40.641481 ], [ -73.939664, 40.639142 ], [ -73.937762, 40.639259 ] ], [ [ -73.958107, 40.646518 ], [ -73.958022, 40.64507 ], [ -73.960016, 40.644853 ], [ -73.961214, 40.644723 ], [ -73.961672, 40.647115 ], [ -73.960471, 40.647244 ], [ -73.958141, 40.647504 ], [ -73.958107, 40.646518 ] ], [ [ -73.978327, 40.643268 ], [ -73.976577, 40.644004 ], [ -73.974657, 40.644806 ], [ -73.973101, 40.645451 ], [ -73.972086, 40.645863 ], [ -73.971946, 40.645164 ], [ -73.971648, 40.643573 ], [ -73.971222, 40.64118 ], [ -73.970772, 40.638791 ], [ -73.970291, 40.636407 ], [ -73.971361, 40.636286 ], [ -73.974106, 40.635981 ], [ -73.975962, 40.635779 ], [ -73.976415, 40.638168 ], [ -73.977343, 40.638067 ], [ -73.977798, 40.640455 ], [ -73.978327, 40.643268 ] ], [ [ -73.981927, 40.670448 ], [ -73.981425, 40.671052 ], [ -73.980923, 40.671655 ], [ -73.980418, 40.672256 ], [ -73.979917, 40.672858 ], [ -73.979415, 40.67346 ], [ -73.978822, 40.674171 ], [ -73.97839, 40.674805 ], [ -73.97796, 40.675438 ], [ -73.975467, 40.674467 ], [ -73.972955, 40.673488 ], [ -73.973385, 40.672854 ], [ -73.97382, 40.672222 ], [ -73.974698, 40.671175 ], [ -73.975196, 40.670576 ], [ -73.975696, 40.669973 ], [ -73.976201, 40.669372 ], [ -73.976705, 40.66877 ], [ -73.977208, 40.668169 ], [ -73.977717, 40.66757 ], [ -73.978212, 40.666963 ], [ -73.978715, 40.666361 ], [ -73.979224, 40.665749 ], [ -73.97972, 40.665155 ], [ -73.980222, 40.664552 ], [ -73.980724, 40.66395 ], [ -73.981225, 40.663347 ], [ -73.983586, 40.664489 ], [ -73.985948, 40.66563 ], [ -73.985445, 40.666233 ], [ -73.984943, 40.666834 ], [ -73.984438, 40.667437 ], [ -73.983943, 40.66803 ], [ -73.982932, 40.669245 ], [ -73.982428, 40.669847 ], [ -73.981927, 40.670448 ] ], [ [ -74.000703, 40.742254 ], [ -74.003542, 40.743448 ], [ -74.006385, 40.744646 ], [ -74.005535, 40.745816 ], [ -74.004653, 40.747023 ], [ -74.004168, 40.74769 ], [ -74.003944, 40.747997 ], [ -74.003684, 40.748355 ], [ -74.003236, 40.748974 ], [ -74.002785, 40.749592 ], [ -73.999938, 40.7484 ], [ -73.999243, 40.748107 ], [ -73.997918, 40.747549 ], [ -73.997099, 40.747205 ], [ -73.997552, 40.746581 ], [ -73.998009, 40.745952 ], [ -73.998486, 40.745294 ], [ -73.998972, 40.74463 ], [ -73.999422, 40.744009 ], [ -73.999848, 40.743425 ], [ -74.000275, 40.742839 ], [ -74.000703, 40.742254 ] ], [ [ -73.90892, 40.662554 ], [ -73.909305, 40.664097 ], [ -73.909699, 40.665628 ], [ -73.91009, 40.667154 ], [ -73.906355, 40.667708 ], [ -73.905971, 40.666181 ], [ -73.905578, 40.664659 ], [ -73.905173, 40.663106 ], [ -73.906138, 40.662967 ], [ -73.90892, 40.662554 ] ], [ [ -73.95327, 40.670007 ], [ -73.950502, 40.669856 ], [ -73.950668, 40.668072 ], [ -73.950835, 40.666289 ], [ -73.950919, 40.6654 ], [ -73.950974, 40.663905 ], [ -73.953849, 40.663728 ], [ -73.95369, 40.665549 ], [ -73.953606, 40.66644 ], [ -73.953521, 40.667333 ], [ -73.953439, 40.668224 ], [ -73.95327, 40.670007 ] ], [ [ -73.95205, 40.646771 ], [ -73.952189, 40.648021 ], [ -73.952363, 40.649669 ], [ -73.952469, 40.65067 ], [ -73.949571, 40.650807 ], [ -73.948591, 40.650855 ], [ -73.947656, 40.650899 ], [ -73.946674, 40.650948 ], [ -73.94626, 40.647006 ], [ -73.947241, 40.646964 ], [ -73.949152, 40.646886 ], [ -73.95205, 40.646771 ] ], [ [ -73.760953, 40.606452 ], [ -73.757784, 40.605832 ], [ -73.757594, 40.605802 ], [ -73.755274, 40.605334 ], [ -73.754419, 40.604978 ], [ -73.753538, 40.604569 ], [ -73.75285, 40.60426 ], [ -73.749705, 40.60259 ], [ -73.747562, 40.603078 ], [ -73.747114, 40.603147 ], [ -73.746453, 40.603291 ], [ -73.74574, 40.603403 ], [ -73.745405, 40.601955 ], [ -73.747637, 40.601039 ], [ -73.749786, 40.599513 ], [ -73.750654, 40.598845 ], [ -73.752478, 40.599245 ], [ -73.75321, 40.597323 ], [ -73.753203, 40.595152 ], [ -73.753986, 40.59514 ], [ -73.754492, 40.595156 ], [ -73.757144, 40.595301 ], [ -73.757962, 40.595365 ], [ -73.759392, 40.595841 ], [ -73.760409, 40.596103 ], [ -73.762156, 40.596085 ], [ -73.762357, 40.597229 ], [ -73.763335, 40.597823 ], [ -73.761288, 40.599549 ], [ -73.761658, 40.599973 ], [ -73.763361, 40.599105 ], [ -73.763868, 40.599727 ], [ -73.761639, 40.600782 ], [ -73.760598, 40.60181 ], [ -73.760401, 40.602433 ], [ -73.760838, 40.605272 ], [ -73.760953, 40.606452 ] ], [ [ -73.981256, 40.575563 ], [ -73.981975, 40.579254 ], [ -73.977941, 40.579626 ], [ -73.976271, 40.579821 ], [ -73.976549, 40.575988 ], [ -73.976619, 40.575301 ], [ -73.981256, 40.575563 ] ], [ [ -73.735539, 40.71186 ], [ -73.736455, 40.712042 ], [ -73.740847, 40.710632 ], [ -73.742141, 40.710248 ], [ -73.743345, 40.709986 ], [ -73.744858, 40.70967 ], [ -73.746818, 40.709132 ], [ -73.747778, 40.711437 ], [ -73.749345, 40.715145 ], [ -73.749831, 40.716613 ], [ -73.750255, 40.717479 ], [ -73.751383, 40.718988 ], [ -73.752334, 40.720262 ], [ -73.751814, 40.720498 ], [ -73.750259, 40.72159 ], [ -73.749579, 40.722014 ], [ -73.746662, 40.723639 ], [ -73.748917, 40.725764 ], [ -73.744588, 40.728586 ], [ -73.742225, 40.726366 ], [ -73.741491, 40.726812 ], [ -73.740312, 40.725705 ], [ -73.741047, 40.725257 ], [ -73.739864, 40.724146 ], [ -73.737763, 40.722166 ], [ -73.736917, 40.722467 ], [ -73.735722, 40.719852 ], [ -73.735304, 40.718498 ], [ -73.736958, 40.717931 ], [ -73.73984, 40.717309 ], [ -73.745646, 40.715956 ], [ -73.743948, 40.715675 ], [ -73.741073, 40.714852 ], [ -73.735856, 40.713305 ], [ -73.735539, 40.71186 ] ], [ [ -73.72489, 40.739566 ], [ -73.724188, 40.7387 ], [ -73.722954, 40.735941 ], [ -73.722675, 40.734247 ], [ -73.722728, 40.733154 ], [ -73.723072, 40.731493 ], [ -73.723306, 40.730348 ], [ -73.725716, 40.730649 ], [ -73.727734, 40.731058 ], [ -73.726366, 40.733455 ], [ -73.726112, 40.736382 ], [ -73.72751, 40.740688 ], [ -73.726729, 40.740785 ], [ -73.726569, 40.740823 ], [ -73.72489, 40.739566 ] ], [ [ -73.843241, 40.879109 ], [ -73.842395, 40.878751 ], [ -73.839438, 40.877446 ], [ -73.838148, 40.876954 ], [ -73.839248, 40.876619 ], [ -73.837461, 40.873223 ], [ -73.837402, 40.871109 ], [ -73.838235, 40.870839 ], [ -73.839068, 40.870569 ], [ -73.842635, 40.869414 ], [ -73.843586, 40.869088 ], [ -73.845173, 40.869915 ], [ -73.84609, 40.87039 ], [ -73.846891, 40.872218 ], [ -73.846022, 40.87249 ], [ -73.846923, 40.874154 ], [ -73.848166, 40.876452 ], [ -73.847298, 40.876733 ], [ -73.846368, 40.877035 ], [ -73.845461, 40.877347 ], [ -73.843241, 40.879109 ] ], [ [ -73.848813, 40.662804 ], [ -73.849417, 40.663567 ], [ -73.849918, 40.664627 ], [ -73.850338, 40.666323 ], [ -73.850721, 40.667861 ], [ -73.851098, 40.669412 ], [ -73.8481, 40.669831 ], [ -73.842266, 40.668272 ], [ -73.841652, 40.66597 ], [ -73.848813, 40.662804 ] ], [ [ -73.936982, 40.70191 ], [ -73.93763, 40.701739 ], [ -73.94042, 40.701077 ], [ -73.940726, 40.702901 ], [ -73.94103, 40.704637 ], [ -73.942734, 40.704473 ], [ -73.94285, 40.705182 ], [ -73.944567, 40.705021 ], [ -73.946265, 40.705604 ], [ -73.946523, 40.707011 ], [ -73.946756, 40.708466 ], [ -73.946973, 40.709894 ], [ -73.945475, 40.71074 ], [ -73.945596, 40.711481 ], [ -73.945949, 40.713638 ], [ -73.94607, 40.714372 ], [ -73.946186, 40.715067 ], [ -73.946533, 40.717198 ], [ -73.946723, 40.718392 ], [ -73.946744, 40.718548 ], [ -73.943427, 40.718934 ], [ -73.943285, 40.718226 ], [ -73.94317, 40.717517 ], [ -73.942687, 40.714692 ], [ -73.942066, 40.714729 ], [ -73.941218, 40.714707 ], [ -73.938696, 40.715323 ], [ -73.935613, 40.715191 ], [ -73.934959, 40.713722 ], [ -73.934802, 40.713373 ], [ -73.940688, 40.711962 ], [ -73.940423, 40.711218 ], [ -73.940076, 40.709102 ], [ -73.939958, 40.70839 ], [ -73.938864, 40.708495 ], [ -73.938705, 40.707015 ], [ -73.939432, 40.705256 ], [ -73.939313, 40.704815 ], [ -73.938599, 40.704066 ], [ -73.937784, 40.703525 ], [ -73.936982, 40.70191 ] ] ], [ [ [ -74.042196, 40.699966 ], [ -74.038997, 40.697619 ], [ -74.037615, 40.69921 ], [ -74.039944, 40.70082 ], [ -74.042196, 40.699966 ] ] ], [ [ [ -74.04741, 40.690232 ], [ -74.045733, 40.688605 ], [ -74.044451, 40.688445 ], [ -74.043247, 40.689338 ], [ -74.043577, 40.690305 ], [ -74.04583, 40.691291 ], [ -74.047083, 40.691062 ], [ -74.04741, 40.690232 ] ] ], [ [ [ -74.026302, 40.684844 ], [ -74.024638, 40.683943 ], [ -74.019858, 40.685579 ], [ -74.016173, 40.687075 ], [ -74.013429, 40.687953 ], [ -74.012132, 40.690679 ], [ -74.01546, 40.693382 ], [ -74.0195, 40.693382 ], [ -74.019838722150496, 40.693029455510597 ], [ -74.025916817874403, 40.6867033290685 ], [ -74.026288, 40.686317 ], [ -74.026302, 40.684844 ] ] ], [ [ [ -74.161255, 40.64179 ], [ -74.159192, 40.641448 ], [ -74.157552, 40.643239 ], [ -74.157993789266598, 40.643840193347195 ], [ -74.158583, 40.644642 ], [ -74.1606047857872, 40.645431021175497 ], [ -74.161704, 40.64586 ], [ -74.161255, 40.64179 ] ] ] ] } }
]
}
